gstin,month,outward_taxable,b2c_taxable,output_tax,itc_available_2b,itc_claimed_3b,tax_paid_cash,filing_delay_days
24TTSPU5184N1Z3,2025-04,1339276.2,1339276.2,241069.72,159189.52,166753.45,74316.26,0
24TTSPU5184N1Z3,2025-05,1244151.32,1244151.32,223947.24,118498.08,117561.97,106385.27,0
24TTSPU5184N1Z3,2025-06,1671951.1,1671951.1,300951.2,129546.08,127215.24,173735.96,0
24TTSPU5184N1Z3,2025-07,1422846.37,1422846.37,256112.35,162151.29,161031.28,95081.07,0
24TTSPU5184N1Z3,2025-08,1677014.01,1677014.01,301862.52,175684.45,173274.69,128587.83,9
24TTSPU5184N1Z3,2025-09,1668239.96,1668239.96,300283.19,179545.84,178183.32,122099.88,0
24TTSPU5184N1Z3,2025-10,2538864.63,2538864.63,456995.63,241837.03,248482.76,208512.87,0
24TTSPU5184N1Z3,2025-11,2006859.63,2006859.63,361234.73,238218.04,234348.09,126886.64,0
24TTSPU5184N1Z3,2025-12,1799891.9,1799891.9,323980.54,194966.18,193640.88,130339.66,0
24TTSPU5184N1Z3,2026-01,1608380.26,1608380.26,289508.45,146852.2,144003.31,145505.14,0
24TTSPU5184N1Z3,2026-02,1990484.18,1990484.18,358287.15,262232.95,259476.04,98811.11,0
24TTSPU5184N1Z3,2026-03,1888030.63,1888030.63,339845.51,143693.31,153091.76,186753.76,1
29ZLXPR7713M1Z8,2025-04,5653320.26,31334.1,282666.02,77968.27,77702.75,204963.28,25
29ZLXPR7713M1Z8,2025-05,5497490.02,23625.24,274874.5,70150.36,69962.95,204911.55,1
29ZLXPR7713M1Z8,2025-06,6731612.94,23794.02,336580.64,72684.88,72141.45,264439.19,0
29ZLXPR7713M1Z8,2025-07,5901150.61,25705.51,295057.54,89103.67,105463.13,189594.41,0
29ZLXPR7713M1Z8,2025-08,6025032.53,32045.68,301251.64,55293.09,54526.16,246725.49,0
29ZLXPR7713M1Z8,2025-09,5084525.55,30393.98,254226.29,53371.46,53022.76,201203.52,7
29ZLXPR7713M1Z8,2025-10,7381344.25,35590.55,369067.2,65967.26,65865.95,303201.24,0
29ZLXPR7713M1Z8,2025-11,5343400.92,26489.14,267170.04,97455.71,97320.47,169849.57,0
29ZLXPR7713M1Z8,2025-12,5589059.86,33146.38,279452.98,69670.05,77073.42,202379.56,9
29ZLXPR7713M1Z8,2026-01,5038791.53,29893.85,251939.55,81459.41,80456.09,171483.46,0
29ZLXPR7713M1Z8,2026-02,4603900.52,26397.69,230195.02,65374.34,64547.99,165647.04,0
29ZLXPR7713M1Z8,2026-03,5608432.04,32218.13,280421.62,59378.72,58410.33,222011.28,0
36FORCY4186S1Z0,2025-04,754376.79,111952.98,135787.82,115472.88,114476.35,21311.47,5
36FORCY4186S1Z0,2025-05,811795.74,180764.32,146123.24,87775.58,86053.18,60070.06,9
36FORCY4186S1Z0,2025-06,922014.34,121084.3,165962.58,106652.43,106519.4,59443.19,0
36FORCY4186S1Z0,2025-07,719286.44,129707.01,129471.56,91167.95,89874.01,39597.55,5
36FORCY4186S1Z0,2025-08,639765.07,148479.88,115157.71,90765.45,89333.87,25823.84,8
36FORCY4186S1Z0,2025-09,762923.57,222095.61,137326.25,93231.58,92704.36,44621.89,0
36FORCY4186S1Z0,2025-10,1413469.16,319723.69,254424.46,214763.36,211448.9,42975.56,0
36FORCY4186S1Z0,2025-11,1359547.63,240727.86,244718.57,156932.54,155613.95,89104.61,0
36FORCY4186S1Z0,2025-12,943658.03,169198.18,169858.45,91150.09,89380.31,80478.14,0
36FORCY4186S1Z0,2026-01,782329.14,121297.69,140819.24,90412.57,89248.61,51570.64,0
36FORCY4186S1Z0,2026-02,713775.31,164202.93,128479.57,98969.03,98516.18,29963.39,0
36FORCY4186S1Z0,2026-03,1019666.21,169858.89,183539.91,125716.92,124882.81,58657.1,0
36SHUFO4550D1Z6,2025-04,2541467.6,30831.95,304976.09,252742.29,273316.87,31659.22,0
36SHUFO4550D1Z6,2025-05,3684123.35,25858.76,442094.81,337412.54,332115.34,109979.47,0
36SHUFO4550D1Z6,2025-06,3176773.13,28251.79,381212.77,480933.99,476705.54,0.0,0
36SHUFO4550D1Z6,2025-07,4026885.94,28750.66,483226.32,390826.28,388166.07,0.0,3
36SHUFO4550D1Z6,2025-08,2618060.15,25019.45,314167.21,214185.23,211290.36,102444.33,0
36SHUFO4550D1Z6,2025-09,2391892.37,31969.28,287027.06,240383.74,238596.39,48430.67,0
36SHUFO4550D1Z6,2025-10,4454661.91,27961.55,534559.42,443180.84,441178.64,93380.78,16
36SHUFO4550D1Z6,2025-11,3242138.29,28598.45,389056.61,328581.89,330861.62,58194.99,8
36SHUFO4550D1Z6,2025-12,3023629.5,27698.12,362835.54,223141.75,218928.14,143907.41,0
36SHUFO4550D1Z6,2026-01,3000666.57,47018.26,360080.0,302621.18,299511.74,60568.26,3
36SHUFO4550D1Z6,2026-02,3282032.83,27310.74,393843.96,249515.1,272741.68,121102.28,0
36SHUFO4550D1Z6,2026-03,3335592.63,22117.54,400271.11,276259.88,270910.22,129360.9,0
36FHKCZ8028B1ZN,2025-04,1944348.51,1944348.51,233321.82,132015.85,131596.15,101725.67,0
36FHKCZ8028B1ZN,2025-05,1868148.59,1868148.59,224177.83,142980.28,142604.53,81573.3,0
36FHKCZ8028B1ZN,2025-06,1822572.66,1822572.66,218708.72,112307.42,112261.8,106446.91,0
36FHKCZ8028B1ZN,2025-07,2051462.21,2051462.21,246175.47,149836.47,149246.34,96929.12,0
36FHKCZ8028B1ZN,2025-08,1997188.72,1997188.72,239662.65,175960.08,174649.13,65013.52,0
36FHKCZ8028B1ZN,2025-09,1865498.37,1865498.37,223859.8,146833.34,173625.16,50234.64,0
36FHKCZ8028B1ZN,2025-10,2504614.35,2504614.35,300553.72,249931.12,247415.19,53138.53,0
36FHKCZ8028B1ZN,2025-11,2564805.46,2564805.46,307776.66,223870.64,219619.19,88157.46,0
36FHKCZ8028B1ZN,2025-12,1775164.38,1775164.38,213019.73,120766.1,119901.55,93118.18,0
36FHKCZ8028B1ZN,2026-01,1712074.57,1712074.57,205448.95,153270.93,151459.22,53989.73,0
36FHKCZ8028B1ZN,2026-02,2679849.44,2679849.44,321581.93,179499.9,177527.24,144054.69,0
36FHKCZ8028B1ZN,2026-03,1636972.44,1636972.44,196436.69,132849.39,142110.77,54325.93,0
33SMSCE9591M1ZH,2025-04,1559199.06,121174.51,187103.89,239856.34,250343.81,0.0,0
33SMSCE9591M1ZH,2025-05,1452944.46,136734.09,174353.33,286579.46,281092.59,0.0,0
33SMSCE9591M1ZH,2025-06,1083846.1,136469.06,130061.53,172102.24,175998.04,0.0,0
33SMSCE9591M1ZH,2025-07,920167.69,156651.43,110420.13,202153.11,198482.25,0.0,0
33SMSCE9591M1ZH,2025-08,1268908.19,150932.04,152268.98,253006.19,250124.85,0.0,0
33SMSCE9591M1ZH,2025-09,1120660.24,124394.34,134479.23,220855.61,217081.83,0.0,0
33SMSCE9591M1ZH,2025-10,3207987.59,207858.52,384958.51,561847.68,558167.4,0.0,0
33SMSCE9591M1ZH,2025-11,1756865.71,183743.92,210823.9,246705.15,245134.46,0.0,0
33SMSCE9591M1ZH,2025-12,2235030.52,157562.27,268203.65,339696.18,333880.48,0.0,0
33SMSCE9591M1ZH,2026-01,994418.26,118182.32,119330.19,184791.07,181371.53,0.0,10
33SMSCE9591M1ZH,2026-02,899892.39,190603.12,107987.09,203652.18,202010.7,0.0,0
33SMSCE9591M1ZH,2026-03,1034979.6,144511.81,124197.56,213713.84,212587.0,0.0,0
33ZGUFG7747H1ZU,2025-04,2653960.97,51623.47,743109.07,230487.51,236493.3,506615.77,17
33ZGUFG7747H1ZU,2025-05,2603265.97,45937.51,728914.46,137708.31,137192.08,591722.38,0
33ZGUFG7747H1ZU,2025-06,12583207.89,43820.3,3523298.21,2754895.75,2706114.91,817183.31,22
33ZGUFG7747H1ZU,2025-07,12833957.66,35876.91,3593508.14,173484.74,3055256.99,538251.16,0
33ZGUFG7747H1ZU,2025-08,12257847.85,37473.89,3432197.38,2854066.84,2810029.18,622168.2,0
33ZGUFG7747H1ZU,2025-09,12827246.54,36718.81,3591629.01,2859571.94,2805588.79,786040.22,0
33ZGUFG7747H1ZU,2025-10,13752104.44,54113.21,3850589.25,1717306.76,2867976.55,982612.7,0
33ZGUFG7747H1ZU,2025-11,12176001.43,48165.12,3409280.39,2721296.51,2673402.4,735877.99,0
33ZGUFG7747H1ZU,2025-12,11891398.9,39087.69,3329591.7,2821078.03,2802735.09,526856.62,9
33ZGUFG7747H1ZU,2026-01,12546593.22,40869.94,3513046.08,2915710.48,2879792.73,633253.35,0
33ZGUFG7747H1ZU,2026-02,14243706.73,39301.28,3988237.88,3073839.35,3041630.09,946607.79,0
33ZGUFG7747H1ZU,2026-03,3717876.33,38945.82,1041005.38,212371.41,321216.81,719788.57,0
27DPCFQ6074U1ZD,2025-04,3890650.8,28168.09,700317.16,248163.07,248075.87,452241.29,0
27DPCFQ6074U1ZD,2025-05,5050086.67,39799.7,909015.58,338797.18,334306.52,574709.06,0
27DPCFQ6074U1ZD,2025-06,4874898.14,30878.71,877481.71,394894.6,391748.96,485732.74,0
27DPCFQ6074U1ZD,2025-07,4553965.77,37007.15,819713.84,273734.58,316162.22,503551.62,0
27DPCFQ6074U1ZD,2025-08,4714540.15,42774.56,848617.2,414676.52,407617.03,441000.17,0
27DPCFQ6074U1ZD,2025-09,4255553.09,32622.7,765999.57,281509.08,279938.58,486060.99,0
27DPCFQ6074U1ZD,2025-10,7582020.64,34660.31,1364763.73,570346.23,569294.39,795469.33,5
27DPCFQ6074U1ZD,2025-11,6892737.17,29675.03,1240692.68,650393.39,649306.73,591385.95,2
27DPCFQ6074U1ZD,2025-12,5370146.75,34040.71,966626.43,394987.65,390521.25,576105.18,0
27DPCFQ6074U1ZD,2026-01,5030448.04,53086.06,905480.65,339219.27,332969.99,572510.66,0
27DPCFQ6074U1ZD,2026-02,4704883.62,40548.58,846879.06,318167.47,316366.65,530512.4,0
27DPCFQ6074U1ZD,2026-03,6622206.6,34677.86,1191997.18,515534.5,512977.35,679019.83,9
07DYKCM4700H1Z5,2025-04,1789760.53,505003.81,322156.9,141683.63,139907.99,182248.9,0
07DYKCM4700H1Z5,2025-05,2086101.71,366781.08,375498.32,98951.1,97339.73,278158.6,4
07DYKCM4700H1Z5,2025-06,1556297.48,317588.99,280133.55,132028.03,131629.4,148504.15,6
07DYKCM4700H1Z5,2025-07,1553447.02,383985.14,279620.45,105538.72,104681.23,174939.23,7
07DYKCM4700H1Z5,2025-08,1611012.11,358052.72,289982.17,94994.96,93648.07,196334.1,9
07DYKCM4700H1Z5,2025-09,1705753.48,565511.0,307035.65,116350.26,115779.15,191256.5,0
07DYKCM4700H1Z5,2025-10,2027873.27,429371.21,365017.18,85950.4,85789.28,279227.9,0
07DYKCM4700H1Z5,2025-11,2112540.21,494665.54,380257.26,102597.81,100968.55,279288.7,0
07DYKCM4700H1Z5,2025-12,1776698.38,412037.52,319805.71,114730.12,112703.31,207102.4,0
07DYKCM4700H1Z5,2026-01,1663459.58,418601.3,299422.73,121311.92,119937.13,179485.6,0
07DYKCM4700H1Z5,2026-02,1588402.71,427936.57,285912.48,85106.66,88729.0,197183.49,3
07DYKCM4700H1Z5,2026-03,1878703.96,507679.29,338166.72,99923.53,98200.55,239966.17,0
36XODCH5316R1ZP,2025-04,5448860.77,998056.1,653863.25,585614.19,582502.3,71360.95,0
36XODCH5316R1ZP,2025-05,4367729.0,1029321.47,524127.48,449567.77,440688.3,83439.18,0
36XODCH5316R1ZP,2025-06,4973221.31,1166270.46,596786.57,454765.01,447672.19,149114.38,8
36XODCH5316R1ZP,2025-07,4035805.23,1197462.28,484296.63,513150.93,509585.0,0.0,0
36XODCH5316R1ZP,2025-08,4246233.14,1050937.0,509547.97,644505.55,665777.11,0.0,7
36XODCH5316R1ZP,2025-09,4263355.68,1254425.26,511602.66,618379.6,616597.71,0.0,0
36XODCH5316R1ZP,2025-10,6684551.35,1666533.45,802146.15,879923.25,878782.16,0.0,28
36XODCH5316R1ZP,2025-11,5925043.05,1361800.22,711005.18,787119.39,777802.37,0.0,0
36XODCH5316R1ZP,2025-12,4123126.89,1120863.33,494775.22,508275.08,506404.27,0.0,0
36XODCH5316R1ZP,2026-01,3794389.68,887300.94,455326.75,397003.12,395077.11,0.0,10
36XODCH5316R1ZP,2026-02,4958353.62,1126645.5,595002.44,635890.35,634917.2,0.0,0
36XODCH5316R1ZP,2026-03,4337245.81,992797.58,520469.5,463559.22,457392.39,0.0,0
07IFYFQ2659G1Z3,2025-04,2704358.47,2395.13,486784.52,56541.62,55602.51,431182.01,0
07IFYFQ2659G1Z3,2025-05,2910946.01,1603.97,523970.27,58236.13,57936.49,466033.78,0
07IFYFQ2659G1Z3,2025-06,3443419.8,1816.27,619815.56,74983.35,74847.29,544968.27,0
07IFYFQ2659G1Z3,2025-07,2722523.76,1915.37,490054.27,63262.87,63137.66,426916.61,0
07IFYFQ2659G1Z3,2025-08,2954391.6,2246.51,531790.47,48791.42,48343.21,483447.26,0
07IFYFQ2659G1Z3,2025-09,2866696.3,2437.5,516005.33,41660.2,41650.06,474355.27,0
07IFYFQ2659G1Z3,2025-10,4287874.02,3079.63,771817.33,64856.24,64382.75,707434.58,0
07IFYFQ2659G1Z3,2025-11,3571200.49,1914.89,642816.06,67803.14,67304.77,575511.29,0
07IFYFQ2659G1Z3,2025-12,3301116.42,1929.29,594200.95,58539.03,63798.88,530402.08,0
07IFYFQ2659G1Z3,2026-01,2555646.85,2242.96,460016.43,70074.62,69650.81,390365.63,5
07IFYFQ2659G1Z3,2026-02,2854302.72,1853.69,513774.48,62023.52,61099.09,452675.39,0
07IFYFQ2659G1Z3,2026-03,3367693.93,2010.47,606184.91,53182.84,53128.47,553056.45,0
29IRKPJ8077J1ZT,2025-04,455365.27,455365.27,81965.75,51495.64,50722.16,31243.58,0
29IRKPJ8077J1ZT,2025-05,599528.51,599528.51,107915.13,44064.01,43694.65,64220.48,4
29IRKPJ8077J1ZT,2025-06,427314.57,427314.57,76916.62,33947.44,33410.26,43506.36,5
29IRKPJ8077J1ZT,2025-07,583559.49,583559.49,105040.71,101135.46,99927.51,5113.2,0
29IRKPJ8077J1ZT,2025-08,543716.8,543716.8,97869.02,56935.89,56749.41,41119.62,0
29IRKPJ8077J1ZT,2025-09,628923.39,628923.39,113206.21,78382.51,76916.55,36289.66,0
29IRKPJ8077J1ZT,2025-10,822682.12,822682.12,148082.78,72668.89,71909.33,76173.45,0
29IRKPJ8077J1ZT,2025-11,729050.85,729050.85,131229.15,70902.51,70528.44,60700.71,0
29IRKPJ8077J1ZT,2025-12,578027.41,578027.41,104044.93,59768.4,59115.39,44929.55,0
29IRKPJ8077J1ZT,2026-01,484847.36,484847.36,87272.52,53491.32,52756.4,34516.13,0
29IRKPJ8077J1ZT,2026-02,481689.93,481689.93,86704.19,58398.02,57242.3,29461.88,0
29IRKPJ8077J1ZT,2026-03,661267.14,661267.14,119028.09,28099.99,61247.61,57780.48,0
29ZMNCL1901F1Z6,2025-04,3104336.68,3104336.68,558780.6,311479.48,364315.68,194464.92,0
29ZMNCL1901F1Z6,2025-05,3389394.84,3389394.84,610091.07,299746.75,295764.18,314326.89,0
29ZMNCL1901F1Z6,2025-06,2610914.88,2610914.88,469964.68,251057.89,249484.86,220479.82,0
29ZMNCL1901F1Z6,2025-07,2194811.04,2194811.04,395065.99,179255.86,178498.22,216567.77,0
29ZMNCL1901F1Z6,2025-08,2958589.03,2958589.03,532546.03,269725.08,297895.23,234650.8,0
29ZMNCL1901F1Z6,2025-09,3010895.8,3010895.8,541961.24,264490.93,263281.72,278679.52,0
29ZMNCL1901F1Z6,2025-10,5253575.56,5253575.56,945643.6,627524.5,623482.7,322160.9,0
29ZMNCL1901F1Z6,2025-11,4381770.25,4381770.25,788718.65,358547.75,355585.29,433133.36,0
29ZMNCL1901F1Z6,2025-12,3585778.24,3585778.24,645440.08,412600.16,409907.7,235532.38,0
29ZMNCL1901F1Z6,2026-01,2939186.26,2939186.26,529053.53,222449.06,220886.88,308166.65,0
29ZMNCL1901F1Z6,2026-02,2771742.69,2771742.69,498913.68,185881.11,185469.37,313444.32,0
29ZMNCL1901F1Z6,2026-03,2502196.98,2502196.98,450395.46,217659.93,217460.63,232934.82,16
27OYCFK9314N1Z7,2025-04,1276524.56,113240.47,357426.88,93083.73,92203.29,265223.59,0
27OYCFK9314N1Z7,2025-05,1178063.31,104790.78,329857.73,68963.35,67976.1,261881.63,0
27OYCFK9314N1Z7,2025-06,1364970.13,99108.39,382191.64,66025.2,65469.69,316721.95,0
27OYCFK9314N1Z7,2025-07,1473030.48,96087.04,412448.54,70516.81,70199.27,342249.27,0
27OYCFK9314N1Z7,2025-08,1453533.73,112845.04,406989.44,113965.26,113476.95,293512.49,0
27OYCFK9314N1Z7,2025-09,1169091.37,117604.14,327345.57,78933.97,78591.42,248754.16,0
27OYCFK9314N1Z7,2025-10,2017783.95,88294.69,564979.51,149149.29,146758.55,418220.96,0
27OYCFK9314N1Z7,2025-11,1522921.49,86237.43,426418.02,76505.67,76175.84,350242.18,0
27OYCFK9314N1Z7,2025-12,1470811.8,120715.14,411827.3,85670.36,85046.62,326780.68,0
27OYCFK9314N1Z7,2026-01,1250771.62,85113.62,350216.06,76996.59,76977.51,273238.55,9
27OYCFK9314N1Z7,2026-02,1447225.42,113565.54,405223.12,80602.27,79617.64,325605.48,20
27OYCFK9314N1Z7,2026-03,1456749.22,133325.49,407889.79,104151.57,103401.23,304488.56,0
07EYTPU4467W1ZL,2025-04,76233.68,44111.11,9148.04,5515.27,5499.35,3648.7,6
07EYTPU4467W1ZL,2025-05,84531.29,56883.49,10143.76,6152.99,6135.1,4008.65,0
07EYTPU4467W1ZL,2025-06,104075.08,87922.27,12489.01,11350.22,11264.44,1224.58,0
07EYTPU4467W1ZL,2025-07,122079.77,68824.82,14649.57,9669.59,9646.14,5003.43,8
07EYTPU4467W1ZL,2025-08,90981.04,52376.92,10917.72,8313.11,8173.04,2744.68,0
07EYTPU4467W1ZL,2025-09,98385.05,60661.54,11806.2,5113.2,6684.58,5121.63,0
07EYTPU4467W1ZL,2025-10,134711.33,63482.93,16165.36,12925.02,12792.71,3372.65,9
07EYTPU4467W1ZL,2025-11,81881.09,46357.12,9825.73,5721.01,5704.26,4121.47,9
07EYTPU4467W1ZL,2025-12,2446584.4,69900.79,293590.13,7192.19,7167.25,286422.89,0
07EYTPU4467W1ZL,2026-01,92420.55,55507.57,11090.47,6975.51,6839.12,4251.35,0
07EYTPU4467W1ZL,2026-02,91282.88,56150.24,10953.95,9836.74,9722.62,1231.33,0
07EYTPU4467W1ZL,2026-03,110586.29,57122.65,13270.36,9421.11,9372.43,3897.93,0
07CQZPW2452G1Z3,2025-04,3632436.12,612766.15,653838.54,192448.42,188617.23,465221.3,0
07CQZPW2452G1Z3,2025-05,4143607.82,525960.94,745849.41,324277.42,318504.69,427344.72,0
07CQZPW2452G1Z3,2025-06,4124819.3,686969.52,742467.47,257325.72,253706.86,488760.62,0
07CQZPW2452G1Z3,2025-07,3661219.3,490213.39,659019.46,277204.08,276014.99,383004.47,0
07CQZPW2452G1Z3,2025-08,4623162.43,655587.75,832169.23,173758.46,171732.2,660437.03,1
07CQZPW2452G1Z3,2025-09,3452732.4,580235.54,621491.81,231562.98,230997.76,390494.05,0
07CQZPW2452G1Z3,2025-10,4487060.38,528262.87,807670.9,202126.73,199630.53,608040.37,0
07CQZPW2452G1Z3,2025-11,3648883.16,575839.82,656798.99,269092.03,274431.37,382367.62,0
07CQZPW2452G1Z3,2025-12,3654090.29,552057.85,657736.25,229328.52,228687.68,429048.57,17
07CQZPW2452G1Z3,2026-01,3791316.69,559954.98,682437.02,256491.31,253941.23,428495.79,0
07CQZPW2452G1Z3,2026-02,3158941.0,514621.94,568609.38,236339.62,233188.41,335420.97,0
07CQZPW2452G1Z3,2026-03,3341477.8,477815.61,601466.0,195121.55,194723.58,406742.42,0
33EHPCD4150S1ZL,2025-04,1272324.39,35684.5,152678.93,147592.32,147221.15,5457.78,0
33EHPCD4150S1ZL,2025-05,1263949.06,54796.23,151673.88,119128.47,117989.33,33684.54,2
33EHPCD4150S1ZL,2025-06,1168853.72,44768.72,140262.45,151680.13,151537.9,0.0,0
33EHPCD4150S1ZL,2025-07,1291754.63,37273.83,155010.56,123438.45,122035.92,21699.19,0
33EHPCD4150S1ZL,2025-08,1040777.95,47384.52,124893.34,91148.75,89937.84,34955.51,0
33EHPCD4150S1ZL,2025-09,1287877.06,58361.49,154545.26,107083.68,106935.05,47610.21,0
33EHPCD4150S1ZL,2025-10,1701962.44,40148.48,204235.49,170750.28,167448.49,36787.0,0
33EHPCD4150S1ZL,2025-11,1580527.96,68887.31,189663.36,176864.04,174952.02,14711.33,0
33EHPCD4150S1ZL,2025-12,1112684.85,42793.67,133522.19,188536.4,185895.1,0.0,0
33EHPCD4150S1ZL,2026-01,1531800.97,49162.16,183816.13,214319.89,211148.44,0.0,0
33EHPCD4150S1ZL,2026-02,1076481.42,40415.07,129177.78,84402.71,85529.67,0.0,5
33EHPCD4150S1ZL,2026-03,1297313.22,48828.5,155677.58,89474.88,88295.64,31324.83,0
24GFGFQ5942B1Z1,2025-04,1389764.85,81022.75,69488.25,246805.86,241908.2,0.0,8
24GFGFQ5942B1Z1,2025-05,905252.97,124950.48,45262.65,155082.37,153051.73,0.0,7
24GFGFQ5942B1Z1,2025-06,1353531.0,151789.2,67676.56,239037.87,236491.47,0.0,0
24GFGFQ5942B1Z1,2025-07,1123135.63,147797.7,56156.76,155914.44,154391.11,0.0,0
24GFGFQ5942B1Z1,2025-08,1446798.67,107147.82,72339.93,185711.56,184012.78,0.0,0
24GFGFQ5942B1Z1,2025-09,1466798.77,123113.86,73339.92,162378.39,161025.17,0.0,0
24GFGFQ5942B1Z1,2025-10,1783005.04,136314.95,89150.25,350498.62,350434.94,0.0,0
24GFGFQ5942B1Z1,2025-11,1589569.22,184790.25,79478.47,268904.3,267750.85,0.0,5
24GFGFQ5942B1Z1,2025-12,1174474.83,96995.89,58723.73,245040.05,242262.49,0.0,0
24GFGFQ5942B1Z1,2026-01,1289645.48,152435.2,64482.28,244045.63,241173.44,0.0,4
24GFGFQ5942B1Z1,2026-02,1142328.61,153634.53,57116.44,189302.04,185760.74,0.0,17
24GFGFQ5942B1Z1,2026-03,1473198.37,137796.07,73659.91,328472.91,325376.6,0.0,0
36UQQFQ7718N1ZU,2025-04,3030417.38,36553.45,545475.13,155120.66,153948.57,391526.56,0
36UQQFQ7718N1ZU,2025-05,3497325.86,36761.12,629518.66,150819.84,149944.31,479574.35,2
36UQQFQ7718N1ZU,2025-06,2857744.4,47515.64,514394.01,132600.84,131576.58,382817.43,7
36UQQFQ7718N1ZU,2025-07,2147069.21,46656.71,386472.48,177889.35,176198.65,210273.83,0
36UQQFQ7718N1ZU,2025-08,3230076.67,52427.92,581413.83,127256.3,126548.31,454865.51,0
36UQQFQ7718N1ZU,2025-09,2712640.06,48205.37,488275.21,108501.88,106340.76,381934.45,0
36UQQFQ7718N1ZU,2025-10,5026123.86,52444.09,904702.31,96302.35,94513.09,810189.22,0
36UQQFQ7718N1ZU,2025-11,4064490.44,39870.17,731608.27,132149.01,130549.49,601058.78,0
36UQQFQ7718N1ZU,2025-12,3365066.48,47983.45,605711.97,130294.1,128504.43,477207.54,0
36UQQFQ7718N1ZU,2026-01,3653042.36,39303.33,657547.63,114987.96,154762.35,502785.28,0
36UQQFQ7718N1ZU,2026-02,3121523.4,50932.26,561874.21,120237.73,118039.48,443834.73,10
36UQQFQ7718N1ZU,2026-03,2835068.92,36260.36,510312.4,115621.71,114188.15,396124.26,0
29TILCJ1622U1ZR,2025-04,2884544.27,137832.1,807672.42,186493.46,184587.08,623085.33,2
29TILCJ1622U1ZR,2025-05,2557968.17,148037.21,716231.11,146498.14,145555.41,570675.7,1
29TILCJ1622U1ZR,2025-06,2987224.69,170302.72,836422.92,299295.27,296065.63,540357.29,0
29TILCJ1622U1ZR,2025-07,3217295.49,165102.68,900842.74,183832.23,181412.08,719430.66,11
29TILCJ1622U1ZR,2025-08,3413098.28,266120.1,955667.53,315934.12,312996.57,642670.96,19
29TILCJ1622U1ZR,2025-09,3758463.37,137327.58,1052369.74,225236.25,222565.98,829803.76,0
29TILCJ1622U1ZR,2025-10,5677121.7,164922.18,1589594.07,390460.13,385900.02,1203694.05,10
29TILCJ1622U1ZR,2025-11,4025378.73,135731.5,1127106.06,222758.58,218935.1,908170.96,0
29TILCJ1622U1ZR,2025-12,3954975.7,158550.1,1107393.22,303309.63,298345.99,809047.22,0
29TILCJ1622U1ZR,2026-01,3509942.37,159520.83,982783.86,233041.74,229448.44,753335.42,20
29TILCJ1622U1ZR,2026-02,3116887.17,190751.3,872728.43,196961.55,196095.87,676632.56,0
29TILCJ1622U1ZR,2026-03,3730655.56,157085.23,1044583.54,268286.43,263649.76,780933.78,0
36AFPPS5891Y1ZN,2025-04,6674760.35,6674760.35,333738.02,830049.28,820158.06,0.0,0
36AFPPS5891Y1ZN,2025-05,5888632.89,5888632.89,294431.64,679675.01,669448.44,0.0,0
36AFPPS5891Y1ZN,2025-06,6848404.9,6848404.9,342420.24,660968.89,679252.85,0.0,0
36AFPPS5891Y1ZN,2025-07,7234243.95,7234243.95,361712.2,713017.85,708945.57,0.0,9
36AFPPS5891Y1ZN,2025-08,6548215.4,6548215.4,327410.77,644987.13,652006.79,0.0,0
36AFPPS5891Y1ZN,2025-09,6308606.38,6308606.38,315430.32,626945.33,621790.06,0.0,0
36AFPPS5891Y1ZN,2025-10,11580299.3,11580299.3,579014.96,1446572.38,1455889.88,0.0,0
36AFPPS5891Y1ZN,2025-11,9986776.71,9986776.71,499338.84,1088753.0,1075766.0,0.0,0
36AFPPS5891Y1ZN,2025-12,6518062.11,6518062.11,325903.11,946989.79,928431.95,0.0,0
36AFPPS5891Y1ZN,2026-01,5357034.89,5357034.89,267851.74,603010.27,592480.35,0.0,0
36AFPPS5891Y1ZN,2026-02,7352036.01,7352036.01,367601.8,723340.35,718085.79,0.0,0
36AFPPS5891Y1ZN,2026-03,7037010.38,7037010.38,351850.52,668983.93,706419.98,0.0,0
29GSPFB0561E1ZB,2025-04,2795507.85,2795507.85,503191.41,416168.82,413886.16,89305.25,6
29GSPFB0561E1ZB,2025-05,2059711.0,2059711.0,370747.98,227293.9,225900.6,144847.38,11
29GSPFB0561E1ZB,2025-06,2389628.54,2389628.54,430133.14,272332.84,268762.05,161371.09,3
29GSPFB0561E1ZB,2025-07,3229239.85,3229239.85,581263.17,394105.8,412586.12,168677.06,0
29GSPFB0561E1ZB,2025-08,2225888.8,2225888.8,400659.98,355100.92,349598.35,51061.63,0
29GSPFB0561E1ZB,2025-09,2327184.28,2327184.28,418893.17,334550.69,329091.79,89801.38,0
29GSPFB0561E1ZB,2025-10,4044050.49,4044050.49,727929.09,469063.86,462353.08,265576.01,0
29GSPFB0561E1ZB,2025-11,3667787.94,3667787.94,660201.83,448285.5,441499.11,218702.72,0
29GSPFB0561E1ZB,2025-12,2370882.38,2370882.38,426758.83,230434.84,229611.64,197147.19,22
29GSPFB0561E1ZB,2026-01,2634141.87,2634141.87,474145.54,290431.53,314951.49,159194.05,3
29GSPFB0561E1ZB,2026-02,2852522.63,2852522.63,513454.07,443583.02,450709.0,62745.07,1
29GSPFB0561E1ZB,2026-03,4018836.86,4018836.86,723390.64,519407.98,515238.52,208152.12,0
29MRSCK9726S1ZR,2025-04,1609152.05,168518.98,289647.36,236527.48,234351.64,55295.71,0
29MRSCK9726S1ZR,2025-05,2406865.4,164949.23,433235.76,438486.43,437156.81,0.0,0
29MRSCK9726S1ZR,2025-06,1633287.91,157449.5,293991.83,319835.64,318589.0,0.0,0
29MRSCK9726S1ZR,2025-07,1924379.55,181444.33,346388.32,330397.05,329294.36,0.0,0
29MRSCK9726S1ZR,2025-08,1488158.08,186840.67,267868.46,281554.89,281386.3,0.0,0
29MRSCK9726S1ZR,2025-09,1763847.57,186547.24,317492.56,315710.78,312819.74,0.0,7
29MRSCK9726S1ZR,2025-10,4971893.08,234040.44,894940.74,842727.33,934624.81,0.0,0
29MRSCK9726S1ZR,2025-11,3049986.64,184374.22,548997.6,482660.65,479911.14,9133.11,0
29MRSCK9726S1ZR,2025-12,3739673.15,181838.46,673141.2,605032.78,600737.99,72403.22,10
29MRSCK9726S1ZR,2026-01,2443199.01,162044.76,439775.82,438716.85,434280.21,5495.61,0
29MRSCK9726S1ZR,2026-02,2086788.0,230328.67,375621.84,349733.88,347814.46,27807.38,0
29MRSCK9726S1ZR,2026-03,3152803.22,266719.85,567504.56,464652.86,460203.39,107301.17,1
33OYYPJ7641J1ZE,2025-04,5073126.88,266172.25,608775.23,715544.11,705456.63,0.0,0
33OYYPJ7641J1ZE,2025-05,4727768.28,232378.42,567332.18,332313.41,327419.77,143231.01,0
33OYYPJ7641J1ZE,2025-06,4392623.17,259082.29,527114.78,250449.17,245638.82,281475.97,5
33OYYPJ7641J1ZE,2025-07,4087043.37,250308.95,490445.2,341556.22,338720.04,151725.17,0
33OYYPJ7641J1ZE,2025-08,4323259.97,248283.04,518791.18,407641.21,405519.04,113272.15,0
33OYYPJ7641J1ZE,2025-09,4183864.64,239983.91,502063.78,354002.66,351170.74,150893.04,0
33OYYPJ7641J1ZE,2025-10,7459675.47,271895.79,895161.06,587395.48,577153.27,318007.79,0
33OYYPJ7641J1ZE,2025-11,5081318.63,234532.7,609758.21,571908.35,564471.3,45286.91,0
33OYYPJ7641J1ZE,2025-12,3726054.23,194250.64,447126.51,294634.94,292608.03,154518.47,0
33OYYPJ7641J1ZE,2026-01,4043354.29,263162.64,485202.51,383024.01,389061.82,96140.68,0
33OYYPJ7641J1ZE,2026-02,4205581.48,214021.84,504669.76,411793.31,408130.17,96539.59,0
33OYYPJ7641J1ZE,2026-03,4693328.88,198103.5,563199.45,443924.93,435368.7,127830.75,0
27LHZCL3403N1Z5,2025-04,906375.73,45462.94,253785.19,78860.71,78027.45,175757.74,0
27LHZCL3403N1Z5,2025-05,717496.73,48428.43,200899.08,68507.42,67583.16,133315.92,5
27LHZCL3403N1Z5,2025-06,834593.88,40680.7,233686.27,94605.4,93358.75,140327.53,0
27LHZCL3403N1Z5,2025-07,741595.11,39755.24,207646.64,71408.23,71024.01,136622.63,5
27LHZCL3403N1Z5,2025-08,737980.51,44578.68,206634.53,89455.49,88128.7,118505.83,0
27LHZCL3403N1Z5,2025-09,722254.92,39662.2,202231.39,67328.83,66410.94,135820.45,2
27LHZCL3403N1Z5,2025-10,922132.81,39167.62,258197.19,90255.74,88787.7,169409.5,0
27LHZCL3403N1Z5,2025-11,972181.98,48154.67,272210.96,107322.68,106520.05,165690.91,0
27LHZCL3403N1Z5,2025-12,917701.71,49790.02,256956.48,103290.89,114511.06,142445.42,10
27LHZCL3403N1Z5,2026-01,727049.4,48494.13,203573.84,69812.57,69153.06,134420.78,0
27LHZCL3403N1Z5,2026-02,834688.67,40189.8,233712.82,101869.67,100236.62,133476.19,0
27LHZCL3403N1Z5,2026-03,757078.57,29900.63,211981.99,104566.22,103906.92,108075.07,0
33XWAPG2418U1ZP,2025-04,661581.58,62093.43,79389.79,21704.38,38268.93,41120.86,22
33XWAPG2418U1ZP,2025-05,595721.3,72570.94,71486.56,29770.36,29567.16,41919.4,42
33XWAPG2418U1ZP,2025-06,687044.65,59645.9,82445.35,35463.43,34945.62,47499.73,22
33XWAPG2418U1ZP,2025-07,805565.1,62947.08,96667.81,69646.34,92726.72,3941.09,28
33XWAPG2418U1ZP,2025-08,593349.19,70156.0,71201.91,32991.01,32878.18,38323.73,16
33XWAPG2418U1ZP,2025-09,506987.78,49156.66,60838.54,44481.06,44244.14,16594.4,37
33XWAPG2418U1ZP,2025-10,1065159.8,58736.31,127819.18,92493.46,92003.75,35815.43,26
33XWAPG2418U1ZP,2025-11,809684.56,69423.53,97162.14,56018.81,55062.01,42100.14,41
33XWAPG2418U1ZP,2025-12,596644.51,61910.69,71597.34,33624.96,33495.02,38102.32,18
33XWAPG2418U1ZP,2026-01,654694.57,76397.73,78563.35,29449.75,29216.41,49346.93,36
33XWAPG2418U1ZP,2026-02,650220.78,48398.28,78026.47,39260.91,38944.58,39081.89,16
33XWAPG2418U1ZP,2026-03,800617.1,47577.15,96074.04,34173.29,33502.0,62572.04,14
19ZYDFU8688L1Z3,2025-04,3706020.94,3706020.94,185301.05,498686.87,497726.94,0.0,0
19ZYDFU8688L1Z3,2025-05,4036142.43,4036142.43,201807.12,623034.66,616129.66,0.0,0
19ZYDFU8688L1Z3,2025-06,4251724.08,4251724.08,212586.2,506561.44,541213.79,0.0,9
19ZYDFU8688L1Z3,2025-07,4082556.15,4082556.15,204127.81,647150.36,639222.65,0.0,9
19ZYDFU8688L1Z3,2025-08,4791873.53,4791873.53,239593.68,666648.57,660638.32,0.0,8
19ZYDFU8688L1Z3,2025-09,5701735.35,5701735.35,285086.77,667048.69,658202.63,0.0,0
19ZYDFU8688L1Z3,2025-10,9226466.36,9226466.36,461323.32,1193453.81,1293900.72,0.0,23
19ZYDFU8688L1Z3,2025-11,6880031.35,6880031.35,344001.57,830964.64,820331.81,0.0,2
19ZYDFU8688L1Z3,2025-12,6514713.1,6514713.1,325735.66,1107389.06,1089895.35,0.0,0
19ZYDFU8688L1Z3,2026-01,4479074.24,4479074.24,223953.71,475502.86,475115.77,0.0,0
19ZYDFU8688L1Z3,2026-02,3698748.37,3698748.37,184937.42,501700.01,497104.94,0.0,0
19ZYDFU8688L1Z3,2026-03,6363706.52,6363706.52,318185.33,626236.46,674923.88,0.0,0
29BBQFA0284S1ZI,2025-04,575752.12,10392.21,103635.38,50250.02,49548.88,54086.5,0
29BBQFA0284S1ZI,2025-05,580127.33,15420.1,104422.92,43050.74,42575.99,61846.92,0
29BBQFA0284S1ZI,2025-06,579198.73,12654.51,104255.77,53013.91,58285.0,45970.78,0
29BBQFA0284S1ZI,2025-07,635750.19,16055.15,114435.03,52455.8,51527.09,62907.94,0
29BBQFA0284S1ZI,2025-08,644417.08,12926.17,115995.07,66290.41,65942.03,50053.04,0
29BBQFA0284S1ZI,2025-09,536716.68,12484.47,96609.0,53949.72,53427.52,43181.48,7
29BBQFA0284S1ZI,2025-10,920449.27,14815.09,165680.88,81598.52,80411.03,85269.85,0
29BBQFA0284S1ZI,2025-11,759852.64,20621.31,136773.47,61484.5,61233.75,75539.72,0
29BBQFA0284S1ZI,2025-12,631651.61,16200.22,113697.29,42021.38,41923.73,71773.56,0
29BBQFA0284S1ZI,2026-01,457517.06,14777.46,82353.07,52581.93,51613.88,30739.19,0
29BBQFA0284S1ZI,2026-02,584435.66,15279.28,105198.42,47054.95,46250.21,58948.22,0
29BBQFA0284S1ZI,2026-03,606110.08,11133.99,109099.82,48081.52,48024.63,61075.19,0
24NSGFQ4911M1ZP,2025-04,7382944.69,7382944.69,885953.36,756254.2,744547.72,141405.64,0
24NSGFQ4911M1ZP,2025-05,5887805.01,5887805.01,706536.6,748410.09,741538.38,0.0,4
24NSGFQ4911M1ZP,2025-06,7964531.36,7964531.36,955743.76,1208320.41,1191877.42,0.0,0
24NSGFQ4911M1ZP,2025-07,5726005.18,5726005.18,687120.62,731364.23,724786.21,0.0,0
24NSGFQ4911M1ZP,2025-08,7807339.99,7807339.99,936880.8,708856.33,698955.7,0.0,5
24NSGFQ4911M1ZP,2025-09,6222214.77,6222214.77,746665.77,709710.36,696000.25,0.0,0
24NSGFQ4911M1ZP,2025-10,11154852.41,11154852.41,1338582.29,1224297.7,1282253.56,36118.31,0
24NSGFQ4911M1ZP,2025-11,11263859.54,11263859.54,1351663.14,1379493.14,1379218.18,0.0,0
24NSGFQ4911M1ZP,2025-12,10766283.25,10766283.25,1291953.99,1388743.53,1362028.18,0.0,0
24NSGFQ4911M1ZP,2026-01,6482547.72,6482547.72,777905.73,512611.92,506497.08,173779.41,19
24NSGFQ4911M1ZP,2026-02,7450387.62,7450387.62,894046.51,766391.47,751795.97,142250.55,0
24NSGFQ4911M1ZP,2026-03,7861770.37,7861770.37,943412.44,889646.19,898222.93,45189.51,0
33FYPPP3902K1Z0,2025-04,2871329.32,633618.01,344559.51,176735.78,176453.65,168105.86,0
33FYPPP3902K1Z0,2025-05,3082955.84,647791.29,369954.69,227967.22,245362.61,124592.08,0
33FYPPP3902K1Z0,2025-06,2658507.63,570183.05,319020.93,246368.56,242684.53,76336.4,0
33FYPPP3902K1Z0,2025-07,2347092.84,520117.01,281651.15,253507.24,252949.1,28702.05,0
33FYPPP3902K1Z0,2025-08,2318665.21,593288.68,278239.81,132272.05,131906.02,146333.79,17
33FYPPP3902K1Z0,2025-09,1894659.02,443550.71,227359.09,141736.43,139973.71,87385.38,0
33FYPPP3902K1Z0,2025-10,3953266.05,618961.81,474391.92,282907.0,281819.36,192572.56,0
33FYPPP3902K1Z0,2025-11,3822316.03,759065.03,458677.93,277791.57,294409.53,164268.4,0
33FYPPP3902K1Z0,2025-12,3908253.25,452883.75,468990.38,292526.04,291174.91,177815.47,0
33FYPPP3902K1Z0,2026-01,3076412.66,521490.58,369169.52,211049.68,207264.59,161904.93,0
33FYPPP3902K1Z0,2026-02,2489440.1,536159.28,298732.79,185885.01,183755.33,114977.46,0
33FYPPP3902K1Z0,2026-03,3055521.24,628582.39,366662.55,159536.58,157075.29,209587.26,0
29NJZPN8758D1ZU,2025-04,1295942.5,1295942.5,155513.1,122934.06,120875.11,34637.99,18
29NJZPN8758D1ZU,2025-05,1208331.5,1208331.5,144999.78,83369.04,85518.76,59481.02,0
29NJZPN8758D1ZU,2025-06,1300766.77,1300766.77,156092.01,104497.67,103533.53,52558.48,0
29NJZPN8758D1ZU,2025-07,1352136.08,1352136.08,162256.33,94164.74,483159.75,0.0,0
29NJZPN8758D1ZU,2025-08,1404344.42,1404344.42,168521.33,169891.18,168709.26,0.0,2
29NJZPN8758D1ZU,2025-09,1325950.52,1325950.52,159114.06,127395.77,126848.22,0.0,0
29NJZPN8758D1ZU,2025-10,2142186.08,2142186.08,257062.33,155079.59,153585.15,0.0,0
29NJZPN8758D1ZU,2025-11,1867943.35,1867943.35,224153.2,207831.84,206575.3,0.0,0
29NJZPN8758D1ZU,2025-12,1305548.06,1305548.06,156665.77,146902.19,146785.2,0.0,0
29NJZPN8758D1ZU,2026-01,1243212.05,1243212.05,149185.45,111615.07,109709.68,0.0,0
29NJZPN8758D1ZU,2026-02,1641973.14,1641973.14,197036.78,120127.62,117768.11,0.0,0
29NJZPN8758D1ZU,2026-03,1170906.99,1170906.99,140508.84,120818.63,119135.17,0.0,0
36OIMFE7307X1ZJ,2025-04,667445.37,13192.24,186884.71,41695.06,41217.82,145666.88,0
36OIMFE7307X1ZJ,2025-05,652557.87,14290.83,182716.19,31177.14,30766.67,151949.52,0
36OIMFE7307X1ZJ,2025-06,966896.14,12597.91,270730.93,55891.31,55107.81,215623.12,0
36OIMFE7307X1ZJ,2025-07,832793.1,12135.83,233182.07,47531.68,47516.2,185665.87,11
36OIMFE7307X1ZJ,2025-08,895178.88,16833.02,250650.1,47430.56,47205.77,203444.33,0
36OIMFE7307X1ZJ,2025-09,694193.38,13259.61,194374.15,43491.89,42810.71,151563.44,4
36OIMFE7307X1ZJ,2025-10,1349873.06,10032.01,377964.46,78803.0,77483.47,300480.99,0
36OIMFE7307X1ZJ,2025-11,1141777.84,18776.88,319697.78,61955.34,67916.98,251780.8,8
36OIMFE7307X1ZJ,2025-12,834452.82,12775.24,233646.79,57922.87,57744.78,175902.01,0
36OIMFE7307X1ZJ,2026-01,842173.13,13885.81,235808.48,50639.06,50032.55,185775.92,0
36OIMFE7307X1ZJ,2026-02,1182849.8,18429.62,331197.94,88343.13,88307.63,242890.31,4
36OIMFE7307X1ZJ,2026-03,1135969.88,14105.46,318071.56,53259.43,52558.48,265513.08,0
07URDFS7396I1Z4,2025-04,1402145.67,167765.36,70107.28,352927.43,346069.05,0.0,9
07URDFS7396I1Z4,2025-05,1169483.54,157810.34,58474.18,274137.31,274115.93,0.0,0
07URDFS7396I1Z4,2025-06,1142796.73,130108.42,57139.82,217586.09,217487.11,0.0,0
07URDFS7396I1Z4,2025-07,1287047.74,122977.16,64352.39,249918.94,249719.93,0.0,0
07URDFS7396I1Z4,2025-08,1398731.01,163497.28,69936.54,241837.03,241776.43,0.0,0
07URDFS7396I1Z4,2025-09,1054169.16,193412.91,52708.46,188580.12,185317.78,0.0,0
07URDFS7396I1Z4,2025-10,2220307.85,246538.27,111015.38,423118.57,420648.66,0.0,0
07URDFS7396I1Z4,2025-11,1996338.32,239717.06,99816.89,341223.73,335717.72,0.0,0
07URDFS7396I1Z4,2025-12,1644196.77,182962.55,82209.83,243852.87,239532.36,0.0,0
07URDFS7396I1Z4,2026-01,1688002.25,163592.55,84400.1,229127.33,226529.04,0.0,0
07URDFS7396I1Z4,2026-02,1918937.29,139099.07,95946.86,373014.78,368509.06,0.0,0
07URDFS7396I1Z4,2026-03,2638303.05,186124.96,131915.17,509423.89,499988.43,0.0,0
36VKIFC8704M1ZX,2025-04,803638.19,803638.19,40181.91,88656.04,87963.21,0.0,0
36VKIFC8704M1ZX,2025-05,723794.24,723794.24,36189.71,61178.1,60928.96,0.0,0
36VKIFC8704M1ZX,2025-06,816038.04,816038.04,40801.9,69164.89,70923.63,0.0,0
36VKIFC8704M1ZX,2025-07,805225.42,805225.42,40261.27,65449.36,64518.43,0.0,0
36VKIFC8704M1ZX,2025-08,687884.97,687884.97,34394.25,47952.63,47447.17,0.0,0
36VKIFC8704M1ZX,2025-09,828641.78,828641.78,41432.09,54237.87,53823.39,0.0,0
36VKIFC8704M1ZX,2025-10,1084018.66,1084018.66,54200.93,119829.7,117896.81,0.0,0
36VKIFC8704M1ZX,2025-11,953399.05,953399.05,47669.95,96600.6,95434.31,0.0,0
36VKIFC8704M1ZX,2025-12,695770.96,695770.96,34788.55,66390.11,66195.6,0.0,0
36VKIFC8704M1ZX,2026-01,892929.29,892929.29,44646.46,73460.46,72891.5,0.0,3
36VKIFC8704M1ZX,2026-02,722541.87,722541.87,36127.09,51520.97,50992.25,0.0,0
36VKIFC8704M1ZX,2026-03,1064743.98,1064743.98,53237.2,66790.38,105000.8,0.0,11
29VWQPO6467T1ZD,2025-04,334634.51,95977.3,60234.21,59862.98,59592.75,641.46,0
29VWQPO6467T1ZD,2025-05,388258.58,102047.35,69886.54,80082.01,79227.86,0.0,1
29VWQPO6467T1ZD,2025-06,476233.12,88255.51,85721.96,109981.5,109066.26,0.0,0
29VWQPO6467T1ZD,2025-07,343222.55,78853.36,61780.05,49821.62,49347.84,0.0,0
29VWQPO6467T1ZD,2025-08,288999.28,82838.27,52019.87,51457.84,50588.23,0.0,0
29VWQPO6467T1ZD,2025-09,298659.84,90168.09,53758.77,66597.85,66132.52,0.0,0
29VWQPO6467T1ZD,2025-10,514551.71,160038.89,92619.31,110135.57,109226.46,0.0,0
29VWQPO6467T1ZD,2025-11,624831.35,152441.68,112469.65,143418.13,141816.95,0.0,2
29VWQPO6467T1ZD,2025-12,325725.21,76280.99,58630.54,66927.64,66667.85,0.0,0
29VWQPO6467T1ZD,2026-01,358420.47,85475.44,64515.68,70844.48,70829.59,0.0,4
29VWQPO6467T1ZD,2026-02,256482.31,88601.74,46166.81,40188.85,40156.28,0.0,0
29VWQPO6467T1ZD,2026-03,508897.4,121122.25,91601.54,80480.9,79379.91,0.0,0
33JIPFM8551A1ZM,2025-04,1529546.91,1529546.91,275318.44,91648.9,89996.51,185321.93,42
33JIPFM8551A1ZM,2025-05,1498870.74,1498870.74,269796.73,89629.95,89534.02,180262.71,25
33JIPFM8551A1ZM,2025-06,1772609.05,1772609.05,319069.63,104494.6,103769.19,215300.44,23
33JIPFM8551A1ZM,2025-07,1646315.26,1646315.26,296336.75,111128.69,110511.01,185825.73,31
33JIPFM8551A1ZM,2025-08,1356070.94,1356070.94,244092.77,78499.83,77614.81,166477.96,20
33JIPFM8551A1ZM,2025-09,1892675.62,1892675.62,340681.61,116382.87,114307.74,226373.87,14
33JIPFM8551A1ZM,2025-10,2403992.63,2403992.63,432718.67,112113.74,129894.22,302824.45,31
33JIPFM8551A1ZM,2025-11,2857193.4,2857193.4,514294.81,159746.91,156624.02,357670.79,29
33JIPFM8551A1ZM,2025-12,1350491.74,1350491.74,243088.51,429344.13,426816.25,0.0,36
33JIPFM8551A1ZM,2026-01,1622244.99,1622244.99,292004.1,128331.57,126897.04,0.0,20
33JIPFM8551A1ZM,2026-02,1500683.43,1500683.43,270123.02,86114.96,84439.79,167062.55,19
33JIPFM8551A1ZM,2026-03,1655935.06,1655935.06,298068.31,91807.99,91627.62,206440.69,24
29HESCN6798Q1ZE,2025-04,1626340.92,300310.15,292741.38,89963.74,89354.32,203387.05,0
29HESCN6798Q1ZE,2025-05,1880180.9,464109.78,338432.55,91501.64,90961.96,247470.59,0
29HESCN6798Q1ZE,2025-06,1638245.28,362966.3,294884.15,115287.1,114406.62,180477.54,0
29HESCN6798Q1ZE,2025-07,1427005.44,354004.52,256860.98,111664.73,110018.34,146842.65,0
29HESCN6798Q1ZE,2025-08,1564144.13,457917.34,281545.95,38678.6,92915.16,188630.79,0
29HESCN6798Q1ZE,2025-09,1165865.04,359737.46,209855.69,105283.57,104172.92,105682.77,6
29HESCN6798Q1ZE,2025-10,1594836.17,382920.4,287070.52,95924.07,94452.93,192617.6,0
29HESCN6798Q1ZE,2025-11,1380017.12,322196.59,248403.09,79009.11,78333.91,170069.18,5
29HESCN6798Q1ZE,2025-12,1537558.14,293596.48,276760.46,49568.91,78374.66,198385.8,0
29HESCN6798Q1ZE,2026-01,1572053.79,329055.81,282969.68,82011.5,81057.61,201912.07,8
29HESCN6798Q1ZE,2026-02,1431256.82,500610.33,257626.24,106898.25,105248.35,152377.89,0
29HESCN6798Q1ZE,2026-03,1573543.69,396523.29,283237.87,75824.26,75469.7,207768.17,10
19RKZFC9128T1ZY,2025-04,733718.7,83081.66,132069.37,43239.07,42825.95,89243.41,3
19RKZFC9128T1ZY,2025-05,756947.8,100030.6,136250.59,58355.65,57693.11,78557.48,0
19RKZFC9128T1ZY,2025-06,810308.91,85527.24,145855.61,45828.58,45823.27,100032.34,0
19RKZFC9128T1ZY,2025-07,769431.13,98873.23,138497.59,40155.89,39416.7,99080.89,0
19RKZFC9128T1ZY,2025-08,876720.97,97679.82,157809.78,38227.42,37914.08,119895.7,7
19RKZFC9128T1ZY,2025-09,976937.82,93245.92,175848.82,43084.45,42946.14,132902.68,0
19RKZFC9128T1ZY,2025-10,1367488.86,103969.83,246147.99,58365.8,58109.82,188038.17,0
19RKZFC9128T1ZY,2025-11,1304613.06,72919.78,234830.35,62121.54,61366.64,173463.71,4
19RKZFC9128T1ZY,2025-12,940051.81,78663.74,169209.32,43615.82,46464.2,122745.12,0
19RKZFC9128T1ZY,2026-01,894061.67,88624.72,160931.1,21649.27,39909.68,121021.42,9
19RKZFC9128T1ZY,2026-02,926793.54,74323.73,166822.85,53538.31,53536.48,113286.37,0
19RKZFC9128T1ZY,2026-03,922818.99,86824.61,166107.43,50745.69,49842.88,116264.55,0
36QCFFO5829L1Z8,2025-04,160366.03,18188.46,28865.88,21358.52,21104.11,7761.77,7
36QCFFO5829L1Z8,2025-05,208476.59,33809.38,37525.79,16713.87,16695.23,20830.56,0
36QCFFO5829L1Z8,2025-06,173189.59,28247.72,31174.13,19854.91,19741.74,11432.39,0
36QCFFO5829L1Z8,2025-07,213303.21,23479.38,38394.58,21666.5,22279.51,16115.07,0
36QCFFO5829L1Z8,2025-08,113177.67,21868.02,20371.98,15177.67,14985.75,5386.24,0
36QCFFO5829L1Z8,2025-09,191413.63,30135.1,34454.46,20754.72,20573.81,13880.65,0
36QCFFO5829L1Z8,2025-10,160754.52,21854.94,28935.82,15655.0,15563.66,13372.16,0
36QCFFO5829L1Z8,2025-11,235279.41,22169.97,42350.29,12833.56,12651.92,29698.37,9
36QCFFO5829L1Z8,2025-12,141626.54,23025.0,25492.78,16148.99,15881.97,9610.81,0
36QCFFO5829L1Z8,2026-01,212298.7,26274.15,38213.77,20463.45,20382.94,17830.82,0
36QCFFO5829L1Z8,2026-02,118567.34,28349.01,21342.12,17775.53,17538.77,3803.35,10
36QCFFO5829L1Z8,2026-03,285602.93,30888.18,51408.52,17336.31,17329.89,34078.63,5
27XGCFQ2840Y1ZE,2025-04,2261821.69,2261821.69,407127.9,275457.65,270575.56,136552.35,0
27XGCFQ2840Y1ZE,2025-05,2092367.67,2092367.67,376626.18,237686.7,233198.47,143427.71,0
27XGCFQ2840Y1ZE,2025-06,2597170.58,2597170.58,467490.7,434735.89,427010.68,40480.03,1
27XGCFQ2840Y1ZE,2025-07,2692233.65,2692233.65,484602.06,414098.39,412475.48,72126.58,0
27XGCFQ2840Y1ZE,2025-08,2325880.48,2325880.48,418658.49,292747.95,287126.84,131531.64,0
27XGCFQ2840Y1ZE,2025-09,2063657.26,2063657.26,371458.31,278235.25,284637.31,86821.0,5
27XGCFQ2840Y1ZE,2025-10,3764855.69,3764855.69,677674.02,445874.03,502410.83,175263.2,5
27XGCFQ2840Y1ZE,2025-11,3040515.35,3040515.35,547292.76,453878.22,449198.72,98094.05,0
27XGCFQ2840Y1ZE,2025-12,2249618.57,2249618.57,404931.34,253634.27,252085.09,152846.25,0
27XGCFQ2840Y1ZE,2026-01,2159879.93,2159879.93,388778.39,283866.98,282256.07,106522.32,0
27XGCFQ2840Y1ZE,2026-02,2679580.23,2679580.23,482324.44,325608.65,376108.67,106215.77,0
27XGCFQ2840Y1ZE,2026-03,2784745.93,2784745.93,501254.27,498100.14,518237.85,0.0,3
09KCHFO8816C1ZR,2025-04,319786.99,131830.97,57561.64,29440.92,29087.0,28474.65,6
09KCHFO8816C1ZR,2025-05,295488.36,144966.45,53187.9,39183.32,38648.34,14539.56,0
09KCHFO8816C1ZR,2025-06,294091.48,127698.47,52936.46,42576.02,42140.93,10795.53,0
09KCHFO8816C1ZR,2025-07,315553.66,113739.51,56799.65,31905.17,31904.49,24895.16,0
09KCHFO8816C1ZR,2025-08,288906.83,116084.23,52003.23,31592.62,31032.74,20970.49,0
09KCHFO8816C1ZR,2025-09,272586.86,99973.35,49065.63,27143.47,26813.55,22252.08,0
09KCHFO8816C1ZR,2025-10,454035.21,156417.12,81726.34,36004.48,38151.85,43574.49,0
09KCHFO8816C1ZR,2025-11,359725.26,112411.71,64750.56,39672.68,38960.41,25790.15,0
09KCHFO8816C1ZR,2025-12,370646.35,140957.76,66716.35,38044.86,37401.2,29315.15,0
09KCHFO8816C1ZR,2026-01,306331.49,127081.27,55139.67,32906.26,32716.75,22422.92,0
09KCHFO8816C1ZR,2026-02,311225.01,127600.46,56020.49,28583.5,28404.49,27616.0,0
09KCHFO8816C1ZR,2026-03,290655.8,119788.42,52318.05,31217.36,30780.03,21538.01,0
33KMXFF4311J1ZB,2025-04,5538672.21,56894.44,1550828.2,450142.56,476539.69,1074288.51,0
33KMXFF4311J1ZB,2025-05,5840748.65,80765.63,1635409.62,632239.82,630280.25,1005129.36,0
33KMXFF4311J1ZB,2025-06,5077280.45,72118.04,1421638.5,434203.76,429563.32,992075.18,4
33KMXFF4311J1ZB,2025-07,5250429.43,68047.56,1470120.24,464828.98,464631.98,1005488.26,0
33KMXFF4311J1ZB,2025-08,4679020.22,71853.1,1310125.68,361302.94,361130.42,948995.26,4
33KMXFF4311J1ZB,2025-09,5171995.38,82798.63,1448158.71,519371.98,544859.95,903298.76,0
33KMXFF4311J1ZB,2025-10,9884927.09,83511.44,2767779.59,958058.39,945678.64,1822100.95,4
33KMXFF4311J1ZB,2025-11,6623047.02,77030.98,1854453.14,457764.71,453348.23,1401104.91,0
33KMXFF4311J1ZB,2025-12,4979143.98,88253.76,1394160.32,342056.51,336906.79,1057253.53,0
33KMXFF4311J1ZB,2026-01,6250375.16,90615.93,1750105.05,697827.69,697752.78,1052352.27,5
33KMXFF4311J1ZB,2026-02,4975596.73,84670.01,1393167.08,457441.46,452980.6,940186.48,0
33KMXFF4311J1ZB,2026-03,6787277.1,69018.61,1900437.61,595449.25,594955.43,1305482.18,0
07GOICX9359T1ZZ,2025-04,1105791.81,274649.46,199042.51,80168.1,95103.01,103939.5,0
07GOICX9359T1ZZ,2025-05,1202850.2,228797.07,216513.02,78254.62,77365.96,139147.06,0
07GOICX9359T1ZZ,2025-06,1190730.86,200069.55,214331.55,83964.71,83900.23,130431.32,15
07GOICX9359T1ZZ,2025-07,1502180.02,252149.81,270392.41,59615.81,58638.87,211753.54,0
07GOICX9359T1ZZ,2025-08,1248994.05,213759.66,224818.92,69539.7,68969.78,155849.14,0
07GOICX9359T1ZZ,2025-09,1906754.55,293862.55,343215.81,78532.95,77612.99,265602.82,0
07GOICX9359T1ZZ,2025-10,2805560.42,233668.28,505000.88,55598.76,55088.5,449912.38,0
07GOICX9359T1ZZ,2025-11,2736697.33,321716.0,492605.51,72797.49,71589.48,421016.03,0
07GOICX9359T1ZZ,2025-12,2081448.19,180612.74,374660.66,98163.19,97789.17,276871.49,0
07GOICX9359T1ZZ,2026-01,1582731.01,253458.05,284891.59,80657.55,79650.82,205240.77,0
07GOICX9359T1ZZ,2026-02,1912886.5,307780.81,344319.57,68293.08,67534.63,276784.94,0
07GOICX9359T1ZZ,2026-03,1469395.24,217333.57,264491.14,63649.63,63099.24,201391.9,0
33LWMPY9562V1ZM,2025-04,991189.44,103561.93,178414.1,51256.55,50429.07,127985.03,4
33LWMPY9562V1ZM,2025-05,834662.81,94668.58,150239.31,81589.68,80858.01,69381.29,0
33LWMPY9562V1ZM,2025-06,1089842.22,124825.82,196171.6,76613.88,76102.67,120068.93,0
33LWMPY9562V1ZM,2025-07,921991.95,100090.53,165958.57,52385.95,51513.09,114445.48,0
33LWMPY9562V1ZM,2025-08,841230.26,111840.59,151421.45,60507.88,60045.03,91376.41,0
33LWMPY9562V1ZM,2025-09,803733.78,86194.26,144672.08,58325.15,58039.96,86632.12,0
33LWMPY9562V1ZM,2025-10,1134604.35,99845.18,204228.79,44167.13,43675.61,160553.18,0
33LWMPY9562V1ZM,2025-11,1127636.03,126532.83,202974.48,56648.61,56491.57,146482.91,0
33LWMPY9562V1ZM,2025-12,804009.09,97675.54,144721.66,61880.33,61716.44,83005.22,0
33LWMPY9562V1ZM,2026-01,780238.5,122887.33,140442.94,56975.43,67820.17,72622.77,5
33LWMPY9562V1ZM,2026-02,710961.64,76664.55,127973.1,65763.45,64603.82,63369.28,0
33LWMPY9562V1ZM,2026-03,869400.17,100001.34,156492.02,69077.17,68331.96,88160.06,0
27CHBPB2509L1ZK,2025-04,1619528.58,264482.66,291515.15,116010.53,114755.53,176759.62,41
27CHBPB2509L1ZK,2025-05,1858717.64,238856.94,334569.16,82436.78,81093.73,253475.43,32
27CHBPB2509L1ZK,2025-06,1991482.57,248722.63,358466.88,125008.9,123538.33,234928.55,15
27CHBPB2509L1ZK,2025-07,1874570.65,266803.72,337422.71,140241.48,137574.16,199848.55,10
27CHBPB2509L1ZK,2025-08,1896779.15,274578.99,341420.24,124787.19,124267.87,217152.37,38
27CHBPB2509L1ZK,2025-09,1659719.42,224958.37,298749.49,118614.52,117808.63,180940.85,8
27CHBPB2509L1ZK,2025-10,2489223.82,307841.68,448060.29,136164.15,134540.92,313519.38,7
27CHBPB2509L1ZK,2025-11,2629965.79,297921.4,473393.83,182195.02,178556.9,294836.94,41
27CHBPB2509L1ZK,2025-12,2028162.62,270687.8,365069.26,159831.51,156735.42,208333.84,11
27CHBPB2509L1ZK,2026-01,2115895.77,215494.09,380861.23,120261.89,119737.41,261123.81,26
27CHBPB2509L1ZK,2026-02,1970221.26,209839.7,354639.85,140652.01,139232.62,215407.23,38
27CHBPB2509L1ZK,2026-03,2049832.88,232848.24,368969.9,111267.84,110965.65,258004.26,6
24AHCCK8101N1Z5,2025-04,494160.87,494160.87,59299.3,50483.24,50053.39,9245.92,3
24AHCCK8101N1Z5,2025-05,507159.74,507159.74,60859.17,68101.6,67591.57,0.0,0
24AHCCK8101N1Z5,2025-06,380003.03,380003.03,45600.36,34085.67,33499.56,5368.4,0
24AHCCK8101N1Z5,2025-07,398805.8,398805.8,47856.7,54546.69,54177.88,0.0,10
24AHCCK8101N1Z5,2025-08,577685.46,577685.46,69322.26,65072.1,64190.06,0.0,0
24AHCCK8101N1Z5,2025-09,478445.29,478445.29,57413.44,60052.36,59427.05,0.0,0
24AHCCK8101N1Z5,2025-10,650761.77,650761.77,78091.41,260827.45,256846.68,0.0,0
24AHCCK8101N1Z5,2025-11,606757.43,606757.43,72810.89,74193.87,72750.72,0.0,0
24AHCCK8101N1Z5,2025-12,539105.93,539105.93,64692.71,69087.3,68317.33,0.0,0
24AHCCK8101N1Z5,2026-01,526959.51,526959.51,63235.14,67045.34,66595.69,0.0,2
24AHCCK8101N1Z5,2026-02,367625.33,367625.33,44115.04,26655.12,37081.0,0.0,5
24AHCCK8101N1Z5,2026-03,673091.36,673091.36,80770.96,79504.71,78085.92,0.0,0
19GYMPB4487E1Z1,2025-04,1665579.34,222314.92,83278.97,167806.53,186479.77,0.0,26
19GYMPB4487E1Z1,2025-05,1927198.01,337371.35,96359.91,229676.26,227965.78,0.0,39
19GYMPB4487E1Z1,2025-06,1346197.36,293692.51,67309.88,204633.82,202035.05,0.0,17
19GYMPB4487E1Z1,2025-07,1805866.32,319413.11,90293.31,291370.65,289616.95,0.0,35
19GYMPB4487E1Z1,2025-08,1444446.32,268431.89,72222.31,169081.34,169047.47,0.0,24
19GYMPB4487E1Z1,2025-09,1261968.94,312146.4,63098.45,161449.06,158757.16,0.0,24
19GYMPB4487E1Z1,2025-10,1395427.39,352967.61,69771.35,145690.88,143089.7,0.0,28
19GYMPB4487E1Z1,2025-11,1301326.66,357760.1,65066.34,272149.59,270711.73,0.0,36
19GYMPB4487E1Z1,2025-12,873410.7,270001.48,43670.52,124551.06,122321.72,0.0,22
19GYMPB4487E1Z1,2026-01,951045.36,318217.93,47552.28,98008.48,96181.7,0.0,22
19GYMPB4487E1Z1,2026-02,975122.9,271292.04,48756.15,145418.29,144651.43,0.0,27
19GYMPB4487E1Z1,2026-03,963772.9,270779.44,48188.63,142317.95,140434.29,0.0,13
29WMACH8564E1Z3,2025-04,994845.28,14885.36,179072.15,94308.05,93584.57,85487.59,10
29WMACH8564E1Z3,2025-05,911763.96,20990.04,164117.53,92297.72,91861.83,72255.7,0
29WMACH8564E1Z3,2025-06,1134689.57,18797.9,204244.11,107443.53,106811.04,97433.07,0
29WMACH8564E1Z3,2025-07,963841.78,14371.79,173491.5,81416.84,88450.99,85040.51,0
29WMACH8564E1Z3,2025-08,1107283.26,14845.65,199310.99,86175.25,112592.14,86718.84,0
29WMACH8564E1Z3,2025-09,1346782.61,13152.23,242420.88,175448.45,175248.87,67172.01,0
29WMACH8564E1Z3,2025-10,1669672.18,17705.77,300541.03,139229.27,157237.23,143303.79,0
29WMACH8564E1Z3,2025-11,1560416.36,15343.32,280874.95,183633.51,180473.24,100401.71,0
29WMACH8564E1Z3,2025-12,3886677.61,11860.0,699601.97,148680.95,174007.59,525594.38,0
29WMACH8564E1Z3,2026-01,1250878.85,16171.64,225158.21,113292.54,111342.65,113815.55,9
29WMACH8564E1Z3,2026-02,1568588.54,17013.18,282345.94,164111.16,163349.76,118996.18,0
29WMACH8564E1Z3,2026-03,1382977.21,18404.82,248935.89,117907.82,115976.36,132959.53,0
09HFNCK6380W1ZO,2025-04,793887.97,196257.72,142899.82,95823.77,94601.67,48298.15,0
09HFNCK6380W1ZO,2025-05,661550.26,155664.39,119079.05,75124.91,73736.99,45342.06,10
09HFNCK6380W1ZO,2025-06,749051.67,181436.18,134829.31,57321.47,68498.89,66330.42,0
09HFNCK6380W1ZO,2025-07,797278.55,169271.14,143510.14,95272.98,94112.81,49397.33,0
09HFNCK6380W1ZO,2025-08,772040.84,159063.65,138967.36,58248.26,63455.52,75511.84,0
09HFNCK6380W1ZO,2025-09,632064.66,174930.06,113771.64,82543.91,81461.71,32309.94,6
09HFNCK6380W1ZO,2025-10,980217.61,205990.41,176439.18,73190.49,72898.56,103540.63,0
09HFNCK6380W1ZO,2025-11,942966.1,142059.87,169733.9,81788.59,81507.37,88226.53,0
09HFNCK6380W1ZO,2025-12,601386.01,135362.83,108249.48,80158.46,79743.21,28506.27,4
09HFNCK6380W1ZO,2026-01,641754.97,134175.91,115515.89,79553.46,79380.58,36135.31,0
09HFNCK6380W1ZO,2026-02,790139.86,181454.17,142225.17,83542.79,83265.88,58959.29,0
09HFNCK6380W1ZO,2026-03,883232.09,185164.4,158981.78,67470.32,68165.63,90816.15,0
27RSBPE7519G1ZE,2025-04,5820102.37,5820102.37,291005.12,695112.68,746076.47,0.0,0
27RSBPE7519G1ZE,2025-05,6893218.19,6893218.19,344660.91,632032.66,620125.58,0.0,0
27RSBPE7519G1ZE,2025-06,5410630.54,5410630.54,270531.53,400443.69,396841.73,0.0,0
27RSBPE7519G1ZE,2025-07,5535800.23,5535800.23,276790.01,382117.52,392974.22,0.0,0
27RSBPE7519G1ZE,2025-08,5631814.45,5631814.45,281590.72,622113.56,620566.31,0.0,0
27RSBPE7519G1ZE,2025-09,6515785.43,6515785.43,325789.27,444365.81,442677.04,0.0,0
27RSBPE7519G1ZE,2025-10,10164879.09,10164879.09,508243.95,823892.58,827992.34,0.0,0
27RSBPE7519G1ZE,2025-11,9450450.86,9450450.86,472522.54,921340.08,908371.18,0.0,0
27RSBPE7519G1ZE,2025-12,7444943.08,7444943.08,372247.15,636565.7,631854.0,0.0,1
27RSBPE7519G1ZE,2026-01,6407828.36,6407828.36,320391.42,512076.05,524456.84,0.0,0
27RSBPE7519G1ZE,2026-02,6776649.86,6776649.86,338832.49,644546.22,670422.06,0.0,0
27RSBPE7519G1ZE,2026-03,6578078.15,6578078.15,328903.91,707656.59,699713.7,0.0,21
19HIRCZ8100P1ZP,2025-04,2458757.05,337269.47,122937.84,321899.24,319873.1,0.0,0
19HIRCZ8100P1ZP,2025-05,3055754.36,352444.62,152787.75,566376.77,557716.82,0.0,0
19HIRCZ8100P1ZP,2025-06,3235847.86,354899.95,161792.39,399859.15,392980.77,0.0,0
19HIRCZ8100P1ZP,2025-07,2987739.56,400574.37,149386.98,394239.87,390899.3,0.0,0
19HIRCZ8100P1ZP,2025-08,2891405.78,318450.37,144570.29,453660.86,449032.62,0.0,0
19HIRCZ8100P1ZP,2025-09,2597214.46,328050.58,129860.74,381543.73,381512.16,0.0,0
19HIRCZ8100P1ZP,2025-10,3803079.43,570571.91,190153.99,551426.4,542819.19,0.0,0
19HIRCZ8100P1ZP,2025-11,4181690.8,401465.14,209084.54,726997.79,723642.06,0.0,0
19HIRCZ8100P1ZP,2025-12,2309545.05,261984.18,115477.27,346419.46,342416.09,0.0,0
19HIRCZ8100P1ZP,2026-01,2788613.54,344660.12,139430.68,353718.83,403621.54,0.0,0
19HIRCZ8100P1ZP,2026-02,2622676.34,310340.69,131133.81,370430.75,364231.71,0.0,0
19HIRCZ8100P1ZP,2026-03,3098794.57,307110.34,154939.73,424052.69,423879.62,0.0,0
36KYNFY0073N1ZX,2025-04,828937.09,828937.09,41446.85,110281.6,108217.42,0.0,0
36KYNFY0073N1ZX,2025-05,1146439.64,1146439.64,57321.98,182929.0,181571.33,0.0,2
36KYNFY0073N1ZX,2025-06,971949.42,971949.42,48597.47,111309.67,110282.06,0.0,0
36KYNFY0073N1ZX,2025-07,890667.3,890667.3,44533.37,124009.85,123027.38,0.0,0
36KYNFY0073N1ZX,2025-08,895721.16,895721.16,44786.06,142197.5,139978.96,0.0,0
36KYNFY0073N1ZX,2025-09,889644.53,889644.53,44482.23,123824.06,122541.16,0.0,0
36KYNFY0073N1ZX,2025-10,1397570.28,1397570.28,69878.51,165732.93,164646.55,0.0,3
36KYNFY0073N1ZX,2025-11,1081110.28,1081110.28,54055.51,153436.05,152687.78,0.0,0
36KYNFY0073N1ZX,2025-12,931220.98,931220.98,46561.05,142051.28,139947.71,0.0,0
36KYNFY0073N1ZX,2026-01,917291.25,917291.25,45864.56,153609.66,151969.18,0.0,0
36KYNFY0073N1ZX,2026-02,864055.1,864055.1,43202.75,101693.1,108687.27,0.0,0
36KYNFY0073N1ZX,2026-03,1139477.29,1139477.29,56973.86,124975.36,123015.97,0.0,0
09IMWFT6863K1Z4,2025-04,257369.6,54319.57,46326.52,6195.75,6152.66,40173.86,0
09IMWFT6863K1Z4,2025-05,160798.55,40794.82,28943.74,12714.09,12529.55,16414.19,3
09IMWFT6863K1Z4,2025-06,169617.3,56655.68,30531.11,9716.44,9571.42,20959.69,0
09IMWFT6863K1Z4,2025-07,175474.35,42431.57,31585.38,7512.41,7377.25,24208.13,0
09IMWFT6863K1Z4,2025-08,151629.14,43134.15,27293.25,9944.47,9786.75,17506.5,0
09IMWFT6863K1Z4,2025-09,193115.52,39359.49,34760.8,7035.23,6970.65,27790.14,0
09IMWFT6863K1Z4,2025-10,252564.4,40341.12,45461.59,8431.01,8267.17,37194.43,0
09IMWFT6863K1Z4,2025-11,225063.34,43466.72,40511.4,9986.61,9967.07,30544.33,0
09IMWFT6863K1Z4,2025-12,199207.92,32178.8,35857.42,8438.72,8299.77,27557.66,0
09IMWFT6863K1Z4,2026-01,164730.97,44746.37,29651.58,7279.47,7231.49,22420.09,0
09IMWFT6863K1Z4,2026-02,188078.26,42940.44,33854.08,7243.63,7157.53,26696.55,0
09IMWFT6863K1Z4,2026-03,181061.07,52170.23,32590.99,8709.76,8617.13,23973.86,0
36TLACF9938S1ZI,2025-04,2753483.45,228065.7,495627.01,54531.32,54392.21,441234.79,0
36TLACF9938S1ZI,2025-05,2757353.55,221768.76,496323.63,62241.72,64260.22,432063.41,0
36TLACF9938S1ZI,2025-06,2316482.08,189744.93,416966.78,80441.78,79114.5,337852.27,0
36TLACF9938S1ZI,2025-07,2816237.57,256006.13,506922.75,84216.86,83972.14,422950.62,0
36TLACF9938S1ZI,2025-08,2615253.75,234743.82,470745.68,59376.51,58648.16,412097.52,0
36TLACF9938S1ZI,2025-09,2464019.89,254272.01,443523.58,32633.13,57130.12,386393.46,0
36TLACF9938S1ZI,2025-10,4104795.51,194386.03,738863.23,76996.64,76736.53,662126.69,0
36TLACF9938S1ZI,2025-11,3118450.63,243095.72,561321.09,84422.47,84227.77,477093.32,0
36TLACF9938S1ZI,2025-12,2873769.41,237815.37,517278.52,72933.1,71625.25,445653.26,0
36TLACF9938S1ZI,2026-01,2862835.07,235466.8,515310.28,118751.96,117308.85,398001.43,0
36TLACF9938S1ZI,2026-02,2839844.16,208142.88,511171.93,71604.24,70643.32,440528.61,0
36TLACF9938S1ZI,2026-03,3511743.06,275644.88,632113.78,64138.71,63679.92,568433.85,0
07JKTPD3136B1Z8,2025-04,672798.64,672798.64,121103.75,61873.86,60845.07,60258.68,0
07JKTPD3136B1Z8,2025-05,564314.4,564314.4,101576.59,73185.5,72566.14,29010.45,0
07JKTPD3136B1Z8,2025-06,658852.78,658852.78,118593.5,67132.21,66703.92,51889.58,0
07JKTPD3136B1Z8,2025-07,898317.23,898317.23,161697.1,88829.32,87915.62,73781.48,0
07JKTPD3136B1Z8,2025-08,688814.29,688814.29,123986.57,65422.08,65283.77,58702.81,0
07JKTPD3136B1Z8,2025-09,718133.39,718133.39,129264.01,85757.13,85430.54,43833.47,0
07JKTPD3136B1Z8,2025-10,1154562.95,1154562.95,207821.33,86967.12,86758.64,121062.69,0
07JKTPD3136B1Z8,2025-11,1373296.28,1373296.28,247193.33,137329.84,138965.0,108228.33,0
07JKTPD3136B1Z8,2025-12,730314.01,730314.01,131456.52,60245.91,59788.21,71668.31,0
07JKTPD3136B1Z8,2026-01,859400.61,859400.61,154692.11,79700.94,78220.66,76471.45,0
07JKTPD3136B1Z8,2026-02,666750.79,666750.79,120015.14,62323.35,61281.65,58733.49,0
07JKTPD3136B1Z8,2026-03,806735.15,806735.15,145212.33,63320.03,62438.89,82773.44,4
19BAMPC9266M1ZY,2025-04,1233948.41,44236.97,148073.83,113534.67,111575.59,36498.24,0
19BAMPC9266M1ZY,2025-05,1180091.52,31163.97,141610.98,143957.82,141331.37,279.61,0
19BAMPC9266M1ZY,2025-06,1329912.7,36657.02,159589.56,152622.73,152595.34,6994.22,8
19BAMPC9266M1ZY,2025-07,1515727.63,44868.69,181887.31,143929.21,148003.89,33883.42,6
19BAMPC9266M1ZY,2025-08,1532615.81,32703.05,183913.91,160220.77,158528.57,25385.34,0
19BAMPC9266M1ZY,2025-09,1395870.71,43181.48,167504.49,167002.5,163827.04,3677.44,0
19BAMPC9266M1ZY,2025-10,2472305.19,41705.21,296676.62,227240.19,223066.37,73610.25,9
19BAMPC9266M1ZY,2025-11,2139366.05,38932.79,256723.93,235252.67,232883.12,23840.81,0
19BAMPC9266M1ZY,2025-12,1761385.77,35563.61,211366.27,190809.04,187636.05,23730.22,0
19BAMPC9266M1ZY,2026-01,1340992.78,32223.12,160919.14,151213.88,149444.64,11474.5,0
19BAMPC9266M1ZY,2026-02,1560188.73,48761.22,187222.64,213326.8,212807.12,0.0,0
19BAMPC9266M1ZY,2026-03,1526147.2,41075.33,183137.67,184674.56,182671.4,0.0,0
33FOLCC8876K1Z1,2025-04,629951.63,200123.39,113391.3,102739.69,102657.55,10733.75,0
33FOLCC8876K1Z1,2025-05,670608.89,111036.17,120709.6,103703.02,103597.45,17112.15,0
33FOLCC8876K1Z1,2025-06,676771.38,209070.67,121818.83,90555.18,89204.76,32614.07,0
33FOLCC8876K1Z1,2025-07,550639.49,143535.63,99115.11,77943.69,77574.01,21541.1,0
33FOLCC8876K1Z1,2025-08,487408.15,156603.3,87733.47,85171.44,94879.87,0.0,0
33FOLCC8876K1Z1,2025-09,493689.88,120219.56,88864.19,70146.44,69748.12,11969.67,0
33FOLCC8876K1Z1,2025-10,594611.19,172617.0,107030.01,68446.7,67192.3,39837.71,0
33FOLCC8876K1Z1,2025-11,664776.78,149570.14,119659.83,126802.33,124609.91,0.0,0
33FOLCC8876K1Z1,2025-12,589737.28,147278.37,106152.71,70355.66,70333.04,30869.59,0
33FOLCC8876K1Z1,2026-01,479860.31,111156.24,86374.84,80795.14,80114.55,6260.29,0
33FOLCC8876K1Z1,2026-02,500269.3,150297.11,90048.48,83911.53,83823.77,6224.71,0
33FOLCC8876K1Z1,2026-03,570703.39,168750.08,102726.6,98576.63,97072.57,5654.03,0
36UBFPP9412X1Z1,2025-04,1239235.86,1239235.86,148708.3,115583.68,140145.94,8562.37,0
36UBFPP9412X1Z1,2025-05,1699138.66,1699138.66,203896.64,118539.44,152030.06,51866.58,0
36UBFPP9412X1Z1,2025-06,1857395.45,1857395.45,222887.45,257594.67,255055.78,0.0,0
36UBFPP9412X1Z1,2025-07,1658060.9,1658060.9,198967.31,157328.14,155888.96,10910.02,0
36UBFPP9412X1Z1,2025-08,1646766.84,1646766.84,197612.02,188357.2,187768.3,9843.72,0
36UBFPP9412X1Z1,2025-09,1464218.41,1464218.41,175706.21,136831.75,135766.7,39939.51,3
36UBFPP9412X1Z1,2025-10,2256767.35,2256767.35,270812.08,264663.31,263225.32,7586.77,0
36UBFPP9412X1Z1,2025-11,3009476.56,3009476.56,361137.19,305372.94,300432.11,60705.07,0
36UBFPP9412X1Z1,2025-12,2241378.88,2241378.88,268965.47,246842.76,244775.49,24189.98,0
36UBFPP9412X1Z1,2026-01,1691375.7,1691375.7,202965.08,189852.85,187983.99,14981.09,0
36UBFPP9412X1Z1,2026-02,1765030.26,1765030.26,211803.63,138739.35,137877.63,73926.0,0
36UBFPP9412X1Z1,2026-03,1679628.31,1679628.31,201555.4,218713.1,216250.81,0.0,0
29SGIFG2109B1Z0,2025-04,2590964.14,60807.85,725469.96,231507.87,227284.52,498185.44,9
29SGIFG2109B1Z0,2025-05,1780289.58,56799.83,498481.07,212476.19,210038.16,288442.91,0
29SGIFG2109B1Z0,2025-06,2109331.78,48173.87,590612.91,169818.27,190029.4,400583.52,0
29SGIFG2109B1Z0,2025-07,2487461.24,51288.16,696489.14,250974.84,247438.59,449050.55,0
29SGIFG2109B1Z0,2025-08,3559072.9,51347.07,996540.42,288036.47,285198.47,711341.94,0
29SGIFG2109B1Z0,2025-09,2400255.39,48454.61,672071.5,161034.96,157950.95,514120.55,0
29SGIFG2109B1Z0,2025-10,3798716.27,57628.94,1063640.55,352418.64,347546.4,716094.16,15
29SGIFG2109B1Z0,2025-11,3327949.84,58540.03,931825.97,266506.49,272582.16,659243.81,0
29SGIFG2109B1Z0,2025-12,2631409.73,63683.25,736794.72,257813.5,255860.69,480934.03,8
29SGIFG2109B1Z0,2026-01,2306762.86,48344.41,645893.6,236296.46,277344.45,368549.15,0
29SGIFG2109B1Z0,2026-02,2972918.14,50419.21,832417.06,210300.59,210181.68,622235.38,0
29SGIFG2109B1Z0,2026-03,2980191.52,69420.3,834453.65,240930.61,239220.58,595233.06,0
07DEJFO9212W1ZZ,2025-04,2625731.07,43611.36,315087.73,209594.21,206831.85,108255.89,0
07DEJFO9212W1ZZ,2025-05,2511784.14,60433.55,301414.09,263271.18,260103.75,41310.34,9
07DEJFO9212W1ZZ,2025-06,2398989.44,48874.94,287878.71,199928.76,210877.43,77001.28,0
07DEJFO9212W1ZZ,2025-07,2725774.05,40465.85,327092.9,325197.11,321464.27,5628.63,0
07DEJFO9212W1ZZ,2025-08,2143930.51,47878.42,257271.65,178787.14,176960.84,80310.81,1
07DEJFO9212W1ZZ,2025-09,2852846.12,48765.97,342341.55,225325.72,221991.08,120350.46,0
07DEJFO9212W1ZZ,2025-10,4893016.85,41588.74,587162.02,420246.46,414268.35,172893.67,0
07DEJFO9212W1ZZ,2025-11,5535921.15,51084.9,664310.55,455984.43,452012.21,212298.34,0
07DEJFO9212W1ZZ,2025-12,3132880.53,56279.72,375945.67,246413.41,246214.31,129731.36,0
07DEJFO9212W1ZZ,2026-01,2539706.17,50521.2,304764.74,184190.85,181591.14,123173.61,5
07DEJFO9212W1ZZ,2026-02,3565289.01,44942.61,427834.68,277981.41,276972.57,150862.11,0
07DEJFO9212W1ZZ,2026-03,3396398.99,47674.28,407567.87,341176.78,334921.24,72646.64,0
24MVDFV9635B1ZQ,2025-04,412137.86,146890.58,49456.54,70970.85,76855.7,0.0,0
24MVDFV9635B1ZQ,2025-05,345011.91,148686.94,41401.42,66833.61,65932.2,0.0,0
24MVDFV9635B1ZQ,2025-06,514939.42,196337.23,61792.73,118654.95,117175.22,0.0,0
24MVDFV9635B1ZQ,2025-07,6369858.22,163113.8,764382.98,1135115.7,1132213.44,0.0,0
24MVDFV9635B1ZQ,2025-08,6497404.23,98105.23,779688.5,1151974.16,1129262.66,0.0,0
24MVDFV9635B1ZQ,2025-09,5861397.78,223990.19,703367.73,113964.34,1058798.45,0.0,0
24MVDFV9635B1ZQ,2025-10,5829376.96,248185.33,699525.23,1027513.92,1024988.1,0.0,9
24MVDFV9635B1ZQ,2025-11,6273157.37,221422.23,752778.89,1096910.56,1076139.96,0.0,0
24MVDFV9635B1ZQ,2025-12,5655972.12,183362.61,678716.65,579751.08,987937.27,0.0,0
24MVDFV9635B1ZQ,2026-01,6537922.59,167046.45,784550.7,1163766.76,1146641.62,0.0,0
24MVDFV9635B1ZQ,2026-02,6181242.71,174251.17,741749.12,1082789.74,1076953.1,0.0,0
24MVDFV9635B1ZQ,2026-03,6349164.65,168117.79,761899.76,1140368.56,1120121.15,0.0,8
33WBKCL7141U1Z3,2025-04,1435395.84,404667.18,258371.24,139492.49,137678.89,120692.35,0
33WBKCL7141U1Z3,2025-05,1371189.8,448215.81,246814.17,142158.54,141196.66,105617.51,0
33WBKCL7141U1Z3,2025-06,1383422.25,426767.14,249016.01,170757.48,167675.63,81340.39,0
33WBKCL7141U1Z3,2025-07,1424397.17,390162.71,256391.48,141638.19,141214.78,115176.7,1
33WBKCL7141U1Z3,2025-08,1303469.53,332638.33,234624.52,149167.8,147508.84,87115.68,0
33WBKCL7141U1Z3,2025-09,1340139.57,309793.4,241225.11,99760.23,98272.63,142952.48,0
33WBKCL7141U1Z3,2025-10,1502401.17,341056.37,270432.2,146621.96,145058.0,125374.2,0
33WBKCL7141U1Z3,2025-11,1464673.7,371371.46,263641.26,233431.66,230178.23,33463.03,0
33WBKCL7141U1Z3,2025-12,1084748.25,384774.2,195254.69,129863.83,127300.29,67954.4,3
33WBKCL7141U1Z3,2026-01,1193468.86,373466.7,214824.4,113485.73,112022.12,102802.28,0
33WBKCL7141U1Z3,2026-02,1259574.18,334016.26,226723.36,128949.58,128396.81,98326.55,0
33WBKCL7141U1Z3,2026-03,1198461.43,382755.09,215723.04,91483.73,90944.99,124778.05,6
27CRZFV5094H1Z7,2025-04,2783211.02,2783211.02,500977.98,345939.72,344776.6,156201.38,0
27CRZFV5094H1Z7,2025-05,2314375.8,2314375.8,416587.64,313116.44,308785.6,107802.04,0
27CRZFV5094H1Z7,2025-06,2023421.77,2023421.77,364215.92,183847.01,182482.17,181733.75,0
27CRZFV5094H1Z7,2025-07,2060538.74,2060538.74,370896.97,220372.65,216117.38,154779.59,0
27CRZFV5094H1Z7,2025-08,2436946.74,2436946.74,438650.41,253079.21,248464.0,190186.41,0
27CRZFV5094H1Z7,2025-09,2129081.8,2129081.8,383234.72,287407.76,286551.98,96682.75,0
27CRZFV5094H1Z7,2025-10,3817326.06,3817326.06,687118.69,427347.91,422927.16,264191.53,4
27CRZFV5094H1Z7,2025-11,4496501.13,4496501.13,809370.2,457343.91,455837.88,353532.33,10
27CRZFV5094H1Z7,2025-12,2109949.03,2109949.03,379790.82,211456.91,209614.49,170176.33,9
27CRZFV5094H1Z7,2026-01,2486964.32,2486964.32,447653.58,276089.14,275639.69,172013.89,0
27CRZFV5094H1Z7,2026-02,3572620.04,3572620.04,643071.61,493425.3,533534.95,109536.65,7
27CRZFV5094H1Z7,2026-03,3172230.61,3172230.61,571001.51,352360.69,352006.05,218995.46,0
33NSXPI4164I1ZZ,2025-04,1530580.37,149485.5,76529.02,281557.47,280503.02,0.0,0
33NSXPI4164I1ZZ,2025-05,1261616.58,190177.77,63080.84,199333.41,199082.04,0.0,0
33NSXPI4164I1ZZ,2025-06,1761454.15,184521.03,88072.7,247327.59,245404.54,0.0,0
33NSXPI4164I1ZZ,2025-07,1361646.08,174725.85,68082.29,189624.16,187089.99,0.0,0
33NSXPI4164I1ZZ,2025-08,1421926.8,215546.45,71096.33,192811.25,218573.85,0.0,0
33NSXPI4164I1ZZ,2025-09,1631927.3,168056.97,81596.36,277514.45,272736.78,0.0,0
33NSXPI4164I1ZZ,2025-10,3156424.96,297868.04,157821.24,352327.82,372547.23,0.0,0
33NSXPI4164I1ZZ,2025-11,3292860.56,279375.21,164643.04,327344.34,333601.82,0.0,10
33NSXPI4164I1ZZ,2025-12,1991256.78,146479.39,99562.84,277457.32,286352.46,0.0,0
33NSXPI4164I1ZZ,2026-01,1521890.7,163547.87,76094.53,179872.93,178937.53,0.0,0
33NSXPI4164I1ZZ,2026-02,2230120.87,184462.66,111506.03,253797.89,248870.85,0.0,0
33NSXPI4164I1ZZ,2026-03,3241671.42,231285.49,162083.57,540089.45,536399.89,0.0,6
33GXRCE1827D1ZC,2025-10,3055223.61,3055223.61,549940.25,197809.39,193902.58,356037.67,0
33GXRCE1827D1ZC,2025-11,2658138.04,2658138.04,478464.85,175663.27,172845.38,305619.47,9
33GXRCE1827D1ZC,2025-12,1804674.54,1804674.54,324841.42,103387.0,101994.77,222846.65,0
33GXRCE1827D1ZC,2026-01,1766210.62,1766210.62,317917.91,102540.3,101621.55,216296.36,27
33GXRCE1827D1ZC,2026-02,2119116.92,2119116.92,381441.04,124942.36,123757.73,257683.32,0
33GXRCE1827D1ZC,2026-03,2528575.09,2528575.09,455143.52,148483.68,160306.92,294836.59,0
09NKLPR5054S1ZQ,2025-04,665212.81,378439.74,119738.3,59135.74,58334.89,61403.41,0
09NKLPR5054S1ZQ,2025-05,806529.02,379184.87,145175.21,50027.58,49962.65,95212.56,0
09NKLPR5054S1ZQ,2025-06,860469.72,253158.51,154884.57,70418.79,69102.97,85781.6,0
09NKLPR5054S1ZQ,2025-07,746540.67,260761.88,134377.33,54059.57,53983.37,80393.96,0
09NKLPR5054S1ZQ,2025-08,627668.06,277024.82,112980.25,54321.93,53415.73,59564.52,0
09NKLPR5054S1ZQ,2025-09,752490.91,349444.34,135448.37,61293.91,60088.58,75359.79,0
09NKLPR5054S1ZQ,2025-10,944818.49,239753.29,170067.31,68426.21,67074.87,102992.44,0
09NKLPR5054S1ZQ,2025-11,674907.11,216526.48,121483.28,64706.34,63596.08,57887.19,0
09NKLPR5054S1ZQ,2025-12,897438.2,402555.49,161538.87,47228.61,46439.83,115099.04,0
09NKLPR5054S1ZQ,2026-01,633034.68,304771.33,113946.24,57503.51,56596.51,57349.73,1
09NKLPR5054S1ZQ,2026-02,659512.67,311334.46,118712.28,38096.01,37893.81,80818.47,0
09NKLPR5054S1ZQ,2026-03,786086.09,282009.25,141495.49,40979.85,40625.71,100869.79,0
24YYICV9907Z1ZX,2025-04,8327155.33,1264510.3,1498887.97,1023533.15,1006816.66,492071.31,0
24YYICV9907Z1ZX,2025-05,7424968.79,1593348.51,1336494.36,1072607.34,1101775.14,234719.22,0
24YYICV9907Z1ZX,2025-06,16231357.2,1451701.96,2921644.29,2722577.51,2688030.66,233613.64,0
24YYICV9907Z1ZX,2025-07,17261614.01,1588038.96,3107090.53,2889660.78,2863440.06,243650.47,0
24YYICV9907Z1ZX,2025-08,15036814.08,1408537.22,2706626.55,2616357.99,2592193.92,114432.63,0
24YYICV9907Z1ZX,2025-09,16082914.21,1422499.37,2894924.55,2535310.31,2529334.68,365589.86,0
24YYICV9907Z1ZX,2025-10,23623819.58,1590547.01,4252287.52,4092071.65,4011025.2,241262.32,3
24YYICV9907Z1ZX,2025-11,22237537.08,1725418.71,4002756.68,3478649.54,3437262.95,565493.73,0
24YYICV9907Z1ZX,2025-12,18058599.64,1295967.56,3250547.95,3046828.61,3031896.99,218650.96,0
24YYICV9907Z1ZX,2026-01,9531637.79,1610498.29,1715694.79,1382796.48,1364424.0,351270.79,3
24YYICV9907Z1ZX,2026-02,9589588.64,1242418.03,1726125.97,1206903.27,1260196.33,465929.64,4
24YYICV9907Z1ZX,2026-03,12099125.93,1603974.76,2177842.67,2381294.91,2340578.31,0.0,0
09WOEPJ0034U1ZY,2025-04,2332961.23,101083.7,279955.34,160845.88,160254.32,119701.03,7
09WOEPJ0034U1ZY,2025-05,2536617.87,115449.15,304394.16,164379.75,164109.76,140284.4,5
09WOEPJ0034U1ZY,2025-06,1705921.16,72966.72,204710.53,120007.06,118995.22,85715.3,0
09WOEPJ0034U1ZY,2025-07,2202847.85,123921.75,264341.75,146907.13,146670.49,117671.26,0
09WOEPJ0034U1ZY,2025-08,2226309.37,73591.13,267157.12,145798.83,145063.69,122093.42,0
09WOEPJ0034U1ZY,2025-09,2221286.33,77839.54,266554.36,172765.01,169700.67,96853.68,7
09WOEPJ0034U1ZY,2025-10,2668866.04,84882.89,320263.94,205886.57,202073.96,118189.98,0
09WOEPJ0034U1ZY,2025-11,2999619.54,113358.33,359954.32,228701.02,228391.69,131562.63,0
09WOEPJ0034U1ZY,2025-12,2371683.22,96373.55,284602.0,202238.05,201217.56,83384.44,0
09WOEPJ0034U1ZY,2026-01,2080023.76,89821.23,249602.85,199491.94,199269.59,50333.26,0
09WOEPJ0034U1ZY,2026-02,1875417.61,82723.33,225050.11,154503.18,163638.06,61412.05,0
09WOEPJ0034U1ZY,2026-03,2421437.71,75792.97,290572.53,174342.18,174112.88,116459.64,0
27QBYPD5722M1ZM,2025-04,28896.44,28896.44,5201.36,1334.79,1313.86,3887.5,0
27QBYPD5722M1ZM,2025-05,35973.12,35973.12,6475.16,1620.52,1588.87,4886.29,0
27QBYPD5722M1ZM,2025-06,45407.13,45407.13,8173.28,1880.42,1873.94,6299.34,0
27QBYPD5722M1ZM,2025-07,35894.41,35894.41,6460.99,2083.37,2053.72,4407.28,0
27QBYPD5722M1ZM,2025-08,38689.84,38689.84,6964.17,2093.42,2068.02,4896.15,0
27QBYPD5722M1ZM,2025-09,906395.54,33102.71,163151.19,43807.51,43660.74,119490.45,0
27QBYPD5722M1ZM,2025-10,1116405.31,32254.66,200952.96,53608.51,53445.47,147507.48,0
27QBYPD5722M1ZM,2025-11,950332.35,35254.15,171059.83,51010.63,50075.18,120984.64,0
27QBYPD5722M1ZM,2025-12,760512.5,31548.06,136892.25,28041.27,27625.77,109266.49,23
27QBYPD5722M1ZM,2026-01,824392.51,38818.47,148390.65,39353.75,39176.57,109214.09,8
27QBYPD5722M1ZM,2026-02,472579.98,27366.37,85064.4,24114.35,24081.21,60983.19,0
27QBYPD5722M1ZM,2026-03,832374.17,39795.49,149827.35,53880.0,53082.19,96745.15,0
24NCCPR7193I1ZW,2025-04,1757419.38,166497.52,316335.48,217881.04,216985.3,99350.18,2
24NCCPR7193I1ZW,2025-05,1637001.59,167835.8,294660.28,123931.81,172118.41,122541.87,0
24NCCPR7193I1ZW,2025-06,11132158.48,139799.39,2003788.53,2764882.29,2714550.58,0.0,0
24NCCPR7193I1ZW,2025-07,12705981.5,125730.62,2287076.65,3187975.06,3169748.55,0.0,0
24NCCPR7193I1ZW,2025-08,11566599.78,112302.74,2081987.97,2945102.65,2933797.77,0.0,0
24NCCPR7193I1ZW,2025-09,11387903.25,137619.99,2049822.59,2935910.97,2928726.51,0.0,6
24NCCPR7193I1ZW,2025-10,11897765.09,253142.09,2141597.73,3077342.8,3021694.55,0.0,0
24NCCPR7193I1ZW,2025-11,11118192.05,173334.56,2001274.57,2819701.04,2804474.87,0.0,0
24NCCPR7193I1ZW,2025-12,11304714.43,153132.8,2034848.58,2888196.67,2864339.79,0.0,0
24NCCPR7193I1ZW,2026-01,11535924.24,120940.51,2076466.34,2975388.9,2948055.54,0.0,7
24NCCPR7193I1ZW,2026-02,12461769.36,145718.98,2243118.49,3197499.03,3191233.53,0.0,6
24NCCPR7193I1ZW,2026-03,2181790.16,146125.9,392722.22,340533.47,338451.07,0.0,0
19EMFCX2158X1ZC,2025-04,2272836.68,2272836.68,113641.83,147447.88,145855.92,0.0,0
19EMFCX2158X1ZC,2025-05,1970038.0,1970038.0,98501.9,135046.39,134199.97,0.0,0
19EMFCX2158X1ZC,2025-06,1844294.27,1844294.27,92214.71,138755.94,136364.97,0.0,4
19EMFCX2158X1ZC,2025-07,2179380.3,2179380.3,108969.01,185982.88,195617.33,0.0,0
19EMFCX2158X1ZC,2025-08,1817011.05,1817011.05,90850.55,242826.81,239376.66,0.0,0
19EMFCX2158X1ZC,2025-09,2492770.11,2492770.11,124638.51,160044.6,158047.8,0.0,0
19EMFCX2158X1ZC,2025-10,3230728.91,3230728.91,161536.45,281727.49,279818.2,0.0,0
19EMFCX2158X1ZC,2025-11,2725946.02,2725946.02,136297.3,234091.81,246516.51,0.0,0
19EMFCX2158X1ZC,2025-12,2272675.0,2272675.0,113633.75,170258.51,169425.36,0.0,0
19EMFCX2158X1ZC,2026-01,2096305.55,2096305.55,104815.28,132657.94,141473.64,0.0,0
19EMFCX2158X1ZC,2026-02,1653548.28,1653548.28,82677.41,108828.4,107248.92,0.0,3
19EMFCX2158X1ZC,2026-03,2079606.44,2079606.44,103980.32,158831.71,158349.59,0.0,7
33BWGFV5548B1Z1,2025-05,4716209.68,4716209.68,565945.16,506404.13,502174.49,63770.68,0
33BWGFV5548B1Z1,2025-06,4216237.02,4216237.02,505948.44,608729.53,683543.2,0.0,0
33BWGFV5548B1Z1,2025-07,5329271.75,5329271.75,639512.61,525741.91,521577.55,0.0,0
33BWGFV5548B1Z1,2025-08,4455600.83,4455600.83,534672.1,364650.61,358126.71,116885.69,0
33BWGFV5548B1Z1,2025-09,5409428.55,5409428.55,649131.43,539252.19,535714.29,113417.14,0
33BWGFV5548B1Z1,2025-10,7501896.64,7501896.64,900227.6,711359.01,724518.51,175709.09,0
33BWGFV5548B1Z1,2025-11,5940167.62,5940167.62,712820.11,599318.83,596831.23,115988.88,5
33BWGFV5548B1Z1,2025-12,5047582.55,5047582.55,605709.91,518046.97,510924.53,94785.38,0
33BWGFV5548B1Z1,2026-01,5052422.33,5052422.33,606290.68,403922.73,425796.48,180494.2,2
33BWGFV5548B1Z1,2026-02,4814082.75,4814082.75,577689.93,561083.2,554565.45,23124.48,0
33BWGFV5548B1Z1,2026-03,3657119.31,3657119.31,438854.32,400145.55,422034.67,16819.65,1
07ZDTCC3111B1Z8,2025-04,714875.07,186686.94,85785.0,44012.06,43736.73,42048.28,0
07ZDTCC3111B1Z8,2025-05,648253.53,206333.67,77790.42,38514.04,44802.47,32987.95,0
07ZDTCC3111B1Z8,2025-06,698294.52,202548.17,83795.35,36347.12,35704.99,48090.36,0
07ZDTCC3111B1Z8,2025-07,546614.94,179466.56,65593.8,39039.33,38424.16,27169.63,0
07ZDTCC3111B1Z8,2025-08,615308.84,206845.96,73837.06,47049.69,46537.62,27299.44,5
07ZDTCC3111B1Z8,2025-09,608592.32,212520.48,73031.09,54776.42,54686.84,18344.25,0
07ZDTCC3111B1Z8,2025-10,860499.34,352747.73,103259.93,54760.23,54409.08,48850.85,0
07ZDTCC3111B1Z8,2025-11,875902.74,424512.53,105108.32,108954.45,117604.71,0.0,0
07ZDTCC3111B1Z8,2025-12,688706.92,234363.64,82644.83,55626.86,54691.01,15457.43,0
07ZDTCC3111B1Z8,2026-01,624732.78,237879.49,74967.92,43089.58,42612.44,32355.48,0
07ZDTCC3111B1Z8,2026-02,808276.34,263298.6,96993.15,60670.63,60463.41,36529.74,7
07ZDTCC3111B1Z8,2026-03,760607.5,270714.47,91272.9,86713.83,86584.03,4688.86,0
24RYHFG7057O1Z3,2025-04,4665773.28,403338.91,839839.2,278319.3,274920.49,564918.72,1
24RYHFG7057O1Z3,2025-05,4421536.54,444896.39,795876.6,274767.81,271475.55,524401.05,0
24RYHFG7057O1Z3,2025-06,4139682.74,413057.87,745142.9,321126.79,316122.35,429020.55,0
24RYHFG7057O1Z3,2025-07,4385553.41,435418.94,789399.61,276494.85,276411.07,512988.53,1
24RYHFG7057O1Z3,2025-08,4398044.97,405152.62,791648.1,254696.39,254438.69,537209.41,0
24RYHFG7057O1Z3,2025-09,4208511.97,393100.56,757532.14,238573.13,246252.84,511279.31,9
24RYHFG7057O1Z3,2025-10,5901030.86,355184.39,1062185.59,247061.89,246951.38,815234.21,0
24RYHFG7057O1Z3,2025-11,5809219.16,432741.83,1045659.43,291777.16,290707.8,754951.62,0
24RYHFG7057O1Z3,2025-12,4793898.76,446715.95,862901.77,306662.79,300995.89,561905.89,0
24RYHFG7057O1Z3,2026-01,4204202.55,379450.32,756756.44,224426.56,220275.05,536481.39,0
24RYHFG7057O1Z3,2026-02,4503165.9,376399.9,810569.86,196167.77,193156.11,617413.75,0
24RYHFG7057O1Z3,2026-03,4728120.5,486337.06,851061.71,288604.02,284164.52,566897.19,0
07EKTFH1513L1ZG,2025-04,5278574.57,241.36,1478000.92,455625.85,503458.97,974541.95,0
07EKTFH1513L1ZG,2025-05,5255106.16,274.89,1471429.74,384374.94,377457.72,1093972.02,0
07EKTFH1513L1ZG,2025-06,4962513.56,226.35,1389503.8,484956.28,475405.35,914098.45,6
07EKTFH1513L1ZG,2025-07,6110399.33,213.11,1710911.79,395808.05,391969.97,1318941.82,0
07EKTFH1513L1ZG,2025-08,4353093.05,255.19,1218866.02,437131.24,430814.63,788051.39,0
07EKTFH1513L1ZG,2025-09,4805518.53,201.23,1345545.17,416433.4,414613.38,930931.79,0
07EKTFH1513L1ZG,2025-10,6906307.82,266.76,1933766.19,402176.81,569897.33,1363868.86,0
07EKTFH1513L1ZG,2025-11,6528855.28,266.67,1828079.45,663813.23,685046.0,1143033.44,6
07EKTFH1513L1ZG,2025-12,6032752.1,273.74,1689170.58,409551.08,406223.01,1282947.57,0
07EKTFH1513L1ZG,2026-01,4918472.9,239.87,1377172.42,505637.23,495777.99,881394.43,0
07EKTFH1513L1ZG,2026-02,4138384.16,210.74,1158747.6,467281.61,467158.09,691589.5,0
07EKTFH1513L1ZG,2026-03,5458862.46,230.44,1528481.52,506626.72,500101.53,1028379.99,2
19BIFPM5413R1ZN,2025-04,1649233.13,14940.04,296861.95,95295.49,94543.45,202318.5,0
19BIFPM5413R1ZN,2025-05,1087397.8,13219.86,195731.6,55525.49,55200.4,140531.21,0
19BIFPM5413R1ZN,2025-06,947840.82,13848.73,170611.35,54916.41,53902.98,116708.37,0
19BIFPM5413R1ZN,2025-07,1610510.13,13637.04,289891.83,71044.92,70539.18,219352.64,0
19BIFPM5413R1ZN,2025-08,1057428.46,12352.21,190337.12,64828.15,64145.27,126191.84,0
19BIFPM5413R1ZN,2025-09,1260916.87,11937.13,226965.04,66712.89,66410.47,160554.57,0
19BIFPM5413R1ZN,2025-10,1371761.49,12320.65,246917.07,62025.86,61898.01,185019.05,0
19BIFPM5413R1ZN,2025-11,1280889.28,12688.54,230560.07,72604.7,72324.6,158235.47,0
19BIFPM5413R1ZN,2025-12,1063230.59,10166.09,191381.53,50417.16,49962.63,141418.89,0
19BIFPM5413R1ZN,2026-01,1065755.38,12680.83,191835.97,65076.51,63978.74,127857.23,2
19BIFPM5413R1ZN,2026-02,1315953.17,14141.16,236871.58,71569.03,70435.43,166436.15,0
19BIFPM5413R1ZN,2026-03,1336789.77,11015.92,240622.16,62741.43,67584.37,173037.79,14
33YPKCF8809S1Z9,2025-04,338176.85,78285.15,60871.83,11315.79,11227.27,49644.56,0
33YPKCF8809S1Z9,2025-05,348892.77,79499.29,62800.7,14540.63,14479.04,48321.66,0
33YPKCF8809S1Z9,2025-06,372236.67,86298.54,67002.6,16195.1,16135.21,50867.39,0
33YPKCF8809S1Z9,2025-07,372610.95,76532.41,67069.97,12805.01,12680.24,54389.73,0
33YPKCF8809S1Z9,2025-08,264248.57,82392.57,47564.75,8790.42,10350.91,37213.85,0
33YPKCF8809S1Z9,2025-09,258043.67,66417.15,46447.86,15547.89,15513.77,30934.09,29
33YPKCF8809S1Z9,2025-10,383660.0,112964.19,69058.79,12705.34,12481.78,56577.02,0
33YPKCF8809S1Z9,2025-11,341014.48,73804.1,61382.61,13937.21,13707.97,47674.64,0
33YPKCF8809S1Z9,2025-12,263021.43,79402.68,47343.87,13238.75,12989.78,34354.1,10
33YPKCF8809S1Z9,2026-01,325288.57,83844.43,58551.94,15606.69,15359.06,43192.88,7
33YPKCF8809S1Z9,2026-02,305422.37,72412.19,54976.01,13058.41,12995.7,41980.32,0
33YPKCF8809S1Z9,2026-03,297204.79,77104.91,53496.87,16312.75,16205.83,37291.04,0
09BIMFY0598Y1Z0,2025-04,512564.65,512564.65,92261.64,55306.07,62555.6,29706.04,0
09BIMFY0598Y1Z0,2025-05,718247.8,718247.8,129284.6,76253.21,74761.75,54522.85,9
09BIMFY0598Y1Z0,2025-06,615136.46,615136.46,110724.56,96781.66,95990.0,14734.56,0
09BIMFY0598Y1Z0,2025-07,629915.04,629915.04,113384.71,63591.53,63288.73,50095.98,0
09BIMFY0598Y1Z0,2025-08,619025.0,619025.0,111424.5,84712.06,83975.46,27449.04,0
09BIMFY0598Y1Z0,2025-09,524056.11,524056.11,94330.1,88391.81,100713.17,0.0,0
09BIMFY0598Y1Z0,2025-10,869659.31,869659.31,156538.68,134502.99,132401.66,17753.95,0
09BIMFY0598Y1Z0,2025-11,763182.28,763182.28,137372.81,104380.95,104181.68,33191.13,0
09BIMFY0598Y1Z0,2025-12,502535.12,502535.12,90456.32,83285.2,81829.97,8626.36,8
09BIMFY0598Y1Z0,2026-01,575261.5,575261.5,103547.07,65367.81,64569.34,38977.73,0
09BIMFY0598Y1Z0,2026-02,527558.77,527558.77,94960.58,90184.98,89446.15,5514.43,2
09BIMFY0598Y1Z0,2026-03,778111.27,778111.27,140060.03,96129.91,95395.21,44664.82,0
24WAPCP3644L1ZD,2025-04,983788.61,983788.61,177081.95,70267.35,79918.37,97163.58,0
24WAPCP3644L1ZD,2025-05,1099851.62,1099851.62,197973.29,84656.01,83048.99,114924.3,0
24WAPCP3644L1ZD,2025-06,1112401.59,1112401.59,200232.29,85990.98,84998.49,115233.8,0
24WAPCP3644L1ZD,2025-07,967351.17,967351.17,174123.21,88128.49,86660.68,87462.53,0
24WAPCP3644L1ZD,2025-08,869588.37,869588.37,156525.91,68426.44,67184.72,89341.19,0
24WAPCP3644L1ZD,2025-09,1040493.61,1040493.61,187288.85,83094.86,81673.63,105615.22,0
24WAPCP3644L1ZD,2025-10,1690591.9,1690591.9,304306.54,160146.02,157608.48,146698.06,0
24WAPCP3644L1ZD,2025-11,1251325.91,1251325.91,225238.66,115821.86,115526.34,109712.33,0
24WAPCP3644L1ZD,2025-12,1181554.32,1181554.32,212679.78,104368.14,103231.05,109448.73,0
24WAPCP3644L1ZD,2026-01,1369865.52,1369865.52,246575.79,83612.82,92708.47,153867.32,0
24WAPCP3644L1ZD,2026-02,1305520.16,1305520.16,234993.63,84224.41,83204.58,151789.05,0
24WAPCP3644L1ZD,2026-03,1298283.78,1298283.78,233691.08,103878.23,102271.55,131419.53,3
33BJNPC3157Z1ZC,2025-04,1054510.07,1054510.07,52725.5,72307.22,72250.71,0.0,0
33BJNPC3157Z1ZC,2025-05,1525095.13,1525095.13,76254.76,127198.83,126292.51,0.0,0
33BJNPC3157Z1ZC,2025-06,913887.37,913887.37,45694.37,78815.91,77782.01,0.0,0
33BJNPC3157Z1ZC,2025-07,1050673.12,1050673.12,52533.66,74360.23,80622.7,0.0,0
33BJNPC3157Z1ZC,2025-08,1135436.96,1135436.96,56771.85,95302.2,94097.24,0.0,10
33BJNPC3157Z1ZC,2025-09,1069057.68,1069057.68,53452.88,88017.0,87957.75,0.0,3
33BJNPC3157Z1ZC,2025-10,2037305.02,2037305.02,101865.25,155743.71,154134.45,0.0,7
33BJNPC3157Z1ZC,2025-11,1442110.13,1442110.13,72105.51,122622.66,122007.32,0.0,0
33BJNPC3157Z1ZC,2025-12,1080146.08,1080146.08,54007.3,84402.27,82817.74,0.0,0
33BJNPC3157Z1ZC,2026-01,1264240.8,1264240.8,63212.04,123556.1,122171.2,0.0,0
33BJNPC3157Z1ZC,2026-02,1467975.52,1467975.52,73398.78,166466.76,164293.11,0.0,0
33BJNPC3157Z1ZC,2026-03,1589094.25,1589094.25,79454.71,170905.03,169933.76,0.0,0
36CYXCP9060Y1ZB,2025-04,1231623.14,1231623.14,147794.78,170480.94,168869.57,0.0,0
36CYXCP9060Y1ZB,2025-05,1235055.21,1235055.21,148206.62,107567.47,106612.0,20519.84,0
36CYXCP9060Y1ZB,2025-06,1403023.58,1403023.58,168362.83,140918.3,140728.51,27634.32,0
36CYXCP9060Y1ZB,2025-07,1781681.94,1781681.94,213801.83,243507.66,240114.62,0.0,2
36CYXCP9060Y1ZB,2025-08,1464284.09,1464284.09,175714.09,176465.24,193398.54,0.0,0
36CYXCP9060Y1ZB,2025-09,1670028.41,1670028.41,200403.41,194394.73,192790.58,0.0,0
36CYXCP9060Y1ZB,2025-10,2294734.35,2294734.35,275368.12,233212.69,230583.51,8400.2,0
36CYXCP9060Y1ZB,2025-11,2147797.59,2147797.59,257735.71,246862.35,245748.27,11987.44,0
36CYXCP9060Y1ZB,2025-12,1775619.6,1775619.6,213074.35,256985.44,253342.82,0.0,0
36CYXCP9060Y1ZB,2026-01,1204187.18,1204187.18,144502.46,121055.82,138742.86,0.0,10
36CYXCP9060Y1ZB,2026-02,1192455.54,1192455.54,143094.67,135716.52,134343.52,0.0,0
36CYXCP9060Y1ZB,2026-03,1708582.2,1708582.2,205029.86,164274.88,164024.77,15247.38,5
24OBHCR1471M1ZQ,2025-04,5590538.63,61295.22,1006296.96,108174.49,114633.72,891663.24,0
24OBHCR1471M1ZQ,2025-05,6031448.65,65357.53,1085660.75,104551.07,103252.42,982408.33,0
24OBHCR1471M1ZQ,2025-06,6035332.2,55920.37,1086359.78,102269.94,101764.19,984595.59,0
24OBHCR1471M1ZQ,2025-07,5614089.27,54988.74,1010536.08,138621.43,137512.85,873023.24,0
24OBHCR1471M1ZQ,2025-08,4966347.91,80795.82,893942.64,83047.28,87706.68,806235.96,0
24OBHCR1471M1ZQ,2025-09,5547303.34,45490.99,998514.6,90017.54,109490.35,889024.25,0
24OBHCR1471M1ZQ,2025-10,10518450.49,63232.57,1893321.1,97243.31,95461.67,1797859.43,0
24OBHCR1471M1ZQ,2025-11,8453300.85,50566.89,1521594.16,114562.94,122576.35,1399017.81,0
24OBHCR1471M1ZQ,2025-12,6460515.07,57069.64,1162892.74,109186.58,107980.26,1054912.48,8
24OBHCR1471M1ZQ,2026-01,5964912.71,55108.74,1073684.28,103922.82,103067.93,970616.35,6
24OBHCR1471M1ZQ,2026-02,6876099.37,52306.77,1237697.89,99417.03,98937.11,1138760.78,0
24OBHCR1471M1ZQ,2026-03,7078057.23,60967.37,1274050.31,97883.34,97027.5,1177022.8,0
27QZSFP9493D1ZN,2025-04,2866475.95,1144926.97,515965.67,101270.48,100158.48,415807.19,0
27QZSFP9493D1ZN,2025-05,3027650.41,883586.9,544977.06,148430.71,145999.61,398977.45,0
27QZSFP9493D1ZN,2025-06,2845591.48,930147.17,512206.47,122382.47,120826.53,391379.94,10
27QZSFP9493D1ZN,2025-07,2622922.41,1022093.12,472126.02,151953.75,151932.63,320193.39,6
27QZSFP9493D1ZN,2025-08,2124117.73,820139.48,382341.22,99626.08,97765.96,284575.25,0
27QZSFP9493D1ZN,2025-09,2426577.01,999926.11,436783.88,129716.38,128916.57,307867.32,0
27QZSFP9493D1ZN,2025-10,2900182.58,889806.42,522032.85,143322.5,141337.34,380695.51,0
27QZSFP9493D1ZN,2025-11,3112230.86,807337.55,560201.55,147936.79,146652.47,413549.08,5
27QZSFP9493D1ZN,2025-12,2925194.67,832717.89,526535.02,142266.76,140699.28,385835.74,0
27QZSFP9493D1ZN,2026-01,2745234.84,601202.14,494142.28,148124.87,146049.06,348093.23,15
27QZSFP9493D1ZN,2026-02,2462618.46,825477.2,443271.33,91014.05,90828.63,352442.7,0
27QZSFP9493D1ZN,2026-03,2644691.17,626771.24,476044.39,136123.32,135045.44,340998.96,0
07QRCPJ7610P1Z2,2025-10,93889.75,36868.39,16900.15,25080.58,24696.24,0.0,0
07QRCPJ7610P1Z2,2025-11,107456.75,44642.98,19342.22,18245.03,17944.0,0.0,0
07QRCPJ7610P1Z2,2025-12,86634.36,34767.76,15594.19,22062.59,22015.5,0.0,0
07QRCPJ7610P1Z2,2026-01,108797.72,34957.98,19583.59,23800.42,23722.2,0.0,5
07QRCPJ7610P1Z2,2026-02,87491.79,33566.42,15748.53,18984.37,18858.98,0.0,5
07QRCPJ7610P1Z2,2026-03,65046.05,32130.41,11708.29,18591.92,18312.42,0.0,0
29PQZFW8634D1ZZ,2025-04,2111293.36,16157.97,105564.65,41077.14,41052.86,64511.78,2
29PQZFW8634D1ZZ,2025-05,2616307.09,19901.44,130815.36,53550.3,53092.93,77722.43,0
29PQZFW8634D1ZZ,2025-06,3002027.42,19403.93,150101.37,46594.24,45824.61,104276.76,18
29PQZFW8634D1ZZ,2025-07,2505597.15,17100.69,125279.85,40906.34,40857.52,84422.33,0
29PQZFW8634D1ZZ,2025-08,2708934.88,23438.76,135446.75,36246.32,35752.63,99694.12,8
29PQZFW8634D1ZZ,2025-09,3211667.59,25264.63,160583.36,39038.67,38684.77,121898.59,0
29PQZFW8634D1ZZ,2025-10,2540814.88,20775.65,127040.73,43152.52,42304.95,84735.78,0
29PQZFW8634D1ZZ,2025-11,2900225.7,19926.26,145011.29,38035.77,38019.05,106992.24,0
29PQZFW8634D1ZZ,2025-12,2193623.59,22267.61,109681.19,39066.2,38578.68,71102.51,0
29PQZFW8634D1ZZ,2026-01,1991544.91,20799.73,99577.25,44856.03,44515.94,55061.3,8
29PQZFW8634D1ZZ,2026-02,2741687.78,17735.33,137084.41,39034.48,38909.71,98174.69,0
29PQZFW8634D1ZZ,2026-03,2086974.36,18915.54,104348.72,34306.32,34127.4,70221.31,0
27DHBCA8917N1ZR,2025-04,5587275.11,132770.65,1005709.51,757533.9,753558.16,252151.35,0
27DHBCA8917N1ZR,2025-05,7205554.39,143257.62,1296999.78,1219926.21,1203782.93,93216.85,0
27DHBCA8917N1ZR,2025-06,6515004.51,135576.66,1172700.82,1310646.59,1299343.75,0.0,0
27DHBCA8917N1ZR,2025-07,7305594.29,90825.2,1315006.98,1176431.72,1169256.07,19107.97,0
27DHBCA8917N1ZR,2025-08,5897914.65,140153.13,1061624.63,964152.49,950840.12,110784.51,0
27DHBCA8917N1ZR,2025-09,7441095.85,124379.83,1339397.28,1207248.84,1186147.75,153249.53,0
27DHBCA8917N1ZR,2025-10,14580749.31,186295.24,2624534.88,2891949.62,2869543.84,0.0,0
27DHBCA8917N1ZR,2025-11,9173957.5,167699.8,1651312.36,1586083.11,1568370.93,0.0,0
27DHBCA8917N1ZR,2025-12,7594825.72,99179.09,1367068.63,1559048.23,1570301.88,0.0,0
27DHBCA8917N1ZR,2026-01,6436775.86,129964.03,1158619.66,1386896.72,1381452.5,0.0,0
27DHBCA8917N1ZR,2026-02,4341538.96,102901.62,781477.01,812569.63,811548.61,0.0,0
27DHBCA8917N1ZR,2026-03,6441456.96,139117.39,1159462.25,905397.89,925428.07,0.0,0
07WDSFO8196V1ZU,2025-04,4182600.97,270639.03,501912.08,981225.8,967200.51,0.0,0
07WDSFO8196V1ZU,2025-05,4799155.6,274078.15,575898.66,1055568.92,1054708.05,0.0,0
07WDSFO8196V1ZU,2025-06,3587663.41,206164.92,430519.6,739932.38,736249.78,0.0,0
07WDSFO8196V1ZU,2025-07,3462170.85,281861.81,415460.5,944621.71,934700.72,0.0,0
07WDSFO8196V1ZU,2025-08,3497457.69,272225.56,419694.92,1329309.73,1303069.21,0.0,0
07WDSFO8196V1ZU,2025-09,4327767.06,303862.67,519332.05,712182.71,789950.84,0.0,0
07WDSFO8196V1ZU,2025-10,7051628.11,451135.54,846195.39,1452973.1,1473635.46,0.0,4
07WDSFO8196V1ZU,2025-11,5526512.35,348087.39,663181.47,1269117.17,1256973.49,0.0,0
07WDSFO8196V1ZU,2025-12,4120375.13,310287.78,494445.01,725936.54,711617.34,0.0,0
07WDSFO8196V1ZU,2026-01,3975492.15,254359.0,477059.06,733376.14,720196.51,0.0,8
07WDSFO8196V1ZU,2026-02,3858176.91,275810.72,462981.24,691466.87,681948.34,0.0,0
07WDSFO8196V1ZU,2026-03,5291504.01,291701.43,634980.47,849269.39,841872.56,0.0,0
36JFKPC0705U1ZW,2025-04,1135562.93,191872.55,204401.34,13609.37,31763.05,172638.29,0
36JFKPC0705U1ZW,2025-05,1469566.95,260288.42,264522.06,55242.13,54357.16,210164.89,1
36JFKPC0705U1ZW,2025-06,1028269.86,180035.47,185088.59,46866.74,46154.09,138934.5,0
36JFKPC0705U1ZW,2025-07,1277354.15,177276.12,229923.74,32383.57,31774.79,198148.95,0
36JFKPC0705U1ZW,2025-08,1113616.83,224089.98,200451.05,34798.24,34381.4,166069.64,2
36JFKPC0705U1ZW,2025-09,1004528.88,226332.47,180815.2,23608.34,23316.2,157499.0,0
36JFKPC0705U1ZW,2025-10,1124779.83,167129.15,202460.38,30145.21,29582.1,172878.28,0
36JFKPC0705U1ZW,2025-11,1274232.99,182496.22,229361.94,42105.47,41504.03,187857.91,0
36JFKPC0705U1ZW,2025-12,944332.64,176032.09,169979.88,38815.26,38132.04,131847.84,0
36JFKPC0705U1ZW,2026-01,1143221.42,191790.87,205779.87,34923.41,34308.03,171471.84,4
36JFKPC0705U1ZW,2026-02,992704.79,223968.44,178686.86,36567.89,35868.05,142818.8,0
36JFKPC0705U1ZW,2026-03,1074130.85,168232.68,193343.56,27531.12,27485.36,165858.2,0
29GOBPJ1901F1Z8,2025-04,1220012.34,343492.94,219602.22,74626.6,73176.28,146425.94,0
29GOBPJ1901F1Z8,2025-05,1393095.71,375350.02,250757.22,89716.15,89668.03,161089.19,0
29GOBPJ1901F1Z8,2025-06,1716353.52,367186.18,308943.65,97369.08,96079.19,212864.46,0
29GOBPJ1901F1Z8,2025-07,1754149.1,340242.69,315746.82,83269.51,83170.32,232576.5,0
29GOBPJ1901F1Z8,2025-08,1816117.4,357269.37,326901.14,82075.59,80924.82,245976.32,0
29GOBPJ1901F1Z8,2025-09,1695946.04,321729.11,305270.3,36473.97,49102.67,256167.63,0
29GOBPJ1901F1Z8,2025-10,1691175.26,362470.13,304411.54,85542.77,85382.92,219028.62,2
29GOBPJ1901F1Z8,2025-11,1645151.87,365049.35,296127.34,84560.96,82915.79,213211.55,23
29GOBPJ1901F1Z8,2025-12,1522038.66,316170.65,273966.96,89016.81,88739.52,185227.44,0
29GOBPJ1901F1Z8,2026-01,1488600.15,376709.55,267948.02,82635.87,81858.77,186089.25,0
29GOBPJ1901F1Z8,2026-02,1449483.87,376356.75,260907.08,79120.94,77852.65,183054.44,0
29GOBPJ1901F1Z8,2026-03,1367226.47,352971.78,246100.76,59192.56,58043.91,188056.85,0
29FKLFQ9833U1Z3,2025-04,2252352.17,2252352.17,112617.61,255251.01,250800.83,0.0,0
29FKLFQ9833U1Z3,2025-05,2763545.33,2763545.33,138177.27,327170.88,322787.11,0.0,0
29FKLFQ9833U1Z3,2025-06,2447510.91,2447510.91,122375.55,351956.94,351026.07,0.0,0
29FKLFQ9833U1Z3,2025-07,2365579.04,2365579.04,118278.95,428990.06,428115.64,0.0,0
29FKLFQ9833U1Z3,2025-08,2900332.71,2900332.71,145016.64,375042.1,369172.27,0.0,0
29FKLFQ9833U1Z3,2025-09,2155141.25,2155141.25,107757.06,252808.33,251117.42,0.0,0
29FKLFQ9833U1Z3,2025-10,3421723.56,3421723.56,171086.18,413399.06,412738.05,0.0,9
29FKLFQ9833U1Z3,2025-11,2947074.65,2947074.65,147353.73,530257.33,528964.19,0.0,0
29FKLFQ9833U1Z3,2025-12,2756594.71,2756594.71,137829.74,397009.18,413721.34,0.0,7
29FKLFQ9833U1Z3,2026-01,2187600.77,2187600.77,109380.04,244717.89,243397.83,0.0,2
29FKLFQ9833U1Z3,2026-02,1984141.84,1984141.84,99207.09,287689.75,282256.61,0.0,0
29FKLFQ9833U1Z3,2026-03,2746538.47,2746538.47,137326.92,341913.94,335607.82,0.0,0
19PMNFN0594H1ZQ,2025-04,8138527.97,125573.77,1464935.03,819755.08,813062.29,651872.74,0
19PMNFN0594H1ZQ,2025-05,6762925.67,117530.22,1217326.58,625404.44,666078.79,551247.79,0
19PMNFN0594H1ZQ,2025-06,6406931.76,139190.46,1153247.72,547963.31,543518.63,609729.1,0
19PMNFN0594H1ZQ,2025-07,7086874.63,145890.47,1275637.44,557795.67,553553.99,722083.45,6
19PMNFN0594H1ZQ,2025-08,8109269.68,145545.86,1459668.54,766236.01,765204.54,694463.99,0
19PMNFN0594H1ZQ,2025-09,8569165.46,132735.83,1542449.77,762061.17,752327.54,790122.23,0
19PMNFN0594H1ZQ,2025-10,11000018.37,135541.36,1980003.3,1121290.56,1112025.72,867977.59,0
19PMNFN0594H1ZQ,2025-11,10690670.29,137030.55,1924320.64,874561.78,1002486.65,921833.98,0
19PMNFN0594H1ZQ,2025-12,7348043.24,139192.48,1322647.79,646327.05,633824.62,688823.17,0
19PMNFN0594H1ZQ,2026-01,6957706.17,141052.35,1252387.11,709502.51,708369.45,544017.66,29
19PMNFN0594H1ZQ,2026-02,8203346.29,155954.8,1476602.33,931409.4,925023.93,551578.4,0
19PMNFN0594H1ZQ,2026-03,8128885.77,133467.84,1463199.43,1036346.01,1022275.35,440924.08,0
07HMSFB8876T1Z4,2025-04,1393986.43,1393986.43,167278.37,118642.98,118042.0,49236.37,7
07HMSFB8876T1Z4,2025-05,1473545.12,1473545.12,176825.41,101939.53,106335.31,70490.11,0
07HMSFB8876T1Z4,2025-06,1212303.57,1212303.57,145476.43,91888.75,90682.23,54794.2,0
07HMSFB8876T1Z4,2025-07,1185865.26,1185865.26,142303.83,88203.1,86884.73,55419.1,8
07HMSFB8876T1Z4,2025-08,1500773.11,1500773.11,180092.77,141963.86,139650.18,40442.59,0
07HMSFB8876T1Z4,2025-09,1303390.09,1303390.09,156406.81,103843.13,101987.44,54419.37,0
07HMSFB8876T1Z4,2025-10,1820322.88,1820322.88,218438.75,154894.21,163381.63,55057.12,0
07HMSFB8876T1Z4,2025-11,2278555.07,2278555.07,273426.61,197757.99,196087.83,77338.78,0
07HMSFB8876T1Z4,2025-12,1328255.62,1328255.62,159390.67,172451.43,170362.21,0.0,0
07HMSFB8876T1Z4,2026-01,1735173.58,1735173.58,208220.83,125451.71,123606.27,73643.03,0
07HMSFB8876T1Z4,2026-02,1466540.66,1466540.66,175984.88,99183.39,105313.58,70671.3,13
07HMSFB8876T1Z4,2026-03,1755250.33,1755250.33,210630.04,123716.18,135361.36,75268.68,0
33NBTPM4525T1ZF,2025-04,1535240.98,1535240.98,276343.38,236641.85,234245.19,42098.19,0
33NBTPM4525T1ZF,2025-05,1908189.96,1908189.96,343474.19,281138.29,276215.48,67258.71,0
33NBTPM4525T1ZF,2025-06,1166773.23,1166773.23,210019.18,186142.46,184821.42,25197.77,0
33NBTPM4525T1ZF,2025-07,1645026.14,1645026.14,296104.71,193768.08,192887.15,103217.56,3
33NBTPM4525T1ZF,2025-08,1454621.4,1454621.4,261831.85,224016.0,221982.42,39849.43,0
33NBTPM4525T1ZF,2025-09,1724761.92,1724761.92,310457.15,251319.65,246979.73,63477.41,0
33NBTPM4525T1ZF,2025-10,2573035.93,2573035.93,463146.47,363217.79,362321.64,100824.83,9
33NBTPM4525T1ZF,2025-11,2257555.89,2257555.89,406360.06,371557.89,367183.6,39176.46,0
33NBTPM4525T1ZF,2025-12,1350439.03,1350439.03,243079.03,140622.77,179370.56,63708.47,4
33NBTPM4525T1ZF,2026-01,1569450.62,1569450.62,282501.11,223644.36,219221.61,63279.51,0
33NBTPM4525T1ZF,2026-02,1540714.0,1540714.0,277328.52,294081.67,288372.13,0.0,0
33NBTPM4525T1ZF,2026-03,1960754.7,1960754.7,352935.85,238686.25,310043.32,31848.92,0
33STECS8173U1ZV,2025-04,550320.1,67303.27,99057.61,40003.85,39415.36,59642.25,0
33STECS8173U1ZV,2025-05,477171.94,95562.7,85890.96,38198.8,38106.29,47784.66,0
33STECS8173U1ZV,2025-06,520614.48,79287.49,93710.61,47297.23,47277.12,46433.49,0
33STECS8173U1ZV,2025-07,603728.61,69492.97,108671.13,32142.24,31930.09,76741.05,0
33STECS8173U1ZV,2025-08,484893.31,94644.88,87280.81,32099.18,31684.27,55596.54,0
33STECS8173U1ZV,2025-09,516166.46,63415.58,92909.96,28186.15,27662.3,65247.67,0
33STECS8173U1ZV,2025-10,804472.95,73567.09,144805.14,34542.33,34060.52,110744.62,0
33STECS8173U1ZV,2025-11,621770.85,73385.62,111918.76,46777.72,46448.46,65470.31,0
33STECS8173U1ZV,2025-12,553535.98,110285.29,99636.47,37389.85,37140.23,62496.24,0
33STECS8173U1ZV,2026-01,540321.35,72148.47,97257.85,39748.47,38977.62,58280.23,0
33STECS8173U1ZV,2026-02,515274.45,57872.05,92749.41,41417.91,40704.95,52044.46,16
33STECS8173U1ZV,2026-03,524441.31,73274.08,94399.43,37706.49,37265.87,57133.55,0
29LVHFG3311G1Z5,2025-04,308342.23,3694.44,15417.11,7010.36,6883.72,8533.39,0
29LVHFG3311G1Z5,2025-05,567582.88,4157.52,28379.14,4338.57,5534.03,22845.11,0
29LVHFG3311G1Z5,2025-06,531825.12,4304.69,26591.25,9651.62,9561.0,17030.26,0
29LVHFG3311G1Z5,2025-07,390517.94,4974.23,19525.9,6398.73,6278.72,13247.18,0
29LVHFG3311G1Z5,2025-08,492307.53,4205.77,24615.38,7705.94,7585.95,17029.43,0
29LVHFG3311G1Z5,2025-09,369502.56,3686.04,18475.13,8133.94,8105.82,10369.31,0
29LVHFG3311G1Z5,2025-10,744225.0,3504.7,37211.25,8348.13,8315.74,28895.51,0
29LVHFG3311G1Z5,2025-11,819544.58,4600.23,40977.23,6425.22,6392.8,34584.44,0
29LVHFG3311G1Z5,2025-12,445918.63,4506.7,22295.94,8690.3,8578.17,13717.76,4
29LVHFG3311G1Z5,2026-01,436682.68,4102.2,21834.13,7845.21,7773.59,14060.54,0
29LVHFG3311G1Z5,2026-02,547234.24,4156.0,27361.72,5252.6,5213.74,22147.98,0
29LVHFG3311G1Z5,2026-03,696016.16,4725.36,34800.81,4346.77,4871.15,29929.65,14
33YJMPQ6086Z1Z2,2025-04,1800428.25,207152.18,216051.4,280254.48,275456.31,0.0,1
33YJMPQ6086Z1Z2,2025-05,1532470.13,264455.33,183896.41,297530.07,291888.31,0.0,0
33YJMPQ6086Z1Z2,2025-06,1469652.99,229876.56,176358.37,231396.62,229787.84,0.0,0
33YJMPQ6086Z1Z2,2025-07,2075329.04,257907.12,249039.49,310227.69,309923.39,0.0,0
33YJMPQ6086Z1Z2,2025-08,2029978.04,220122.0,243597.34,240167.72,235379.69,0.0,0
33YJMPQ6086Z1Z2,2025-09,1927611.76,191137.57,231313.4,267253.87,265251.13,0.0,0
33YJMPQ6086Z1Z2,2025-10,2714837.44,363795.46,325780.51,283232.59,280716.05,0.0,0
33YJMPQ6086Z1Z2,2025-11,2998298.65,371857.02,359795.83,484492.74,479523.68,0.0,0
33YJMPQ6086Z1Z2,2025-12,2157971.17,258065.75,258956.55,288677.51,288293.37,0.0,10
33YJMPQ6086Z1Z2,2026-01,1839607.98,262553.96,220752.95,320391.78,319746.9,0.0,0
33YJMPQ6086Z1Z2,2026-02,2212832.13,255307.06,265539.85,353710.9,347191.78,0.0,0
33YJMPQ6086Z1Z2,2026-03,2270946.13,302008.6,272513.52,388910.7,381529.14,0.0,0
24QVZPC7217B1Z8,2025-04,7031520.6,98838.31,1265673.7,109931.78,108967.02,1156706.67,0
24QVZPC7217B1Z8,2025-05,6828338.2,88794.64,1229100.86,161115.65,159874.56,1069226.3,9
24QVZPC7217B1Z8,2025-06,7234524.3,93724.19,1302214.35,92577.36,92536.49,1209677.87,0
24QVZPC7217B1Z8,2025-07,7839166.44,85081.22,1411049.94,133380.74,132931.28,1278118.66,0
24QVZPC7217B1Z8,2025-08,8489338.16,97357.06,1528080.85,135152.87,133174.14,1394906.71,27
24QVZPC7217B1Z8,2025-09,7754782.05,104565.41,1395860.78,115461.95,113825.25,1282035.53,0
24QVZPC7217B1Z8,2025-10,11171682.8,92795.33,2010902.92,112235.35,111693.72,1899209.2,0
24QVZPC7217B1Z8,2025-11,10410228.11,70875.64,1873841.04,124022.04,123598.43,1750242.61,0
24QVZPC7217B1Z8,2025-12,9324395.1,104662.33,1678391.14,103045.19,101765.32,1576625.82,0
24QVZPC7217B1Z8,2026-01,7542215.56,97534.98,1357598.76,111969.15,111032.01,1246566.75,0
24QVZPC7217B1Z8,2026-02,8293448.13,82533.05,1492820.68,122057.71,121933.14,1370887.54,0
24QVZPC7217B1Z8,2026-03,7948131.82,107573.47,1430663.72,93062.8,92610.7,1338053.02,0
24EFFCT0697K1ZM,2025-04,987483.83,987483.83,49374.19,66582.44,70481.97,0.0,7
24EFFCT0697K1ZM,2025-05,886707.06,886707.06,44335.35,59418.1,58458.33,0.0,6
24EFFCT0697K1ZM,2025-06,894485.84,894485.84,44724.29,62963.64,62127.98,0.0,0
24EFFCT0697K1ZM,2025-07,820183.5,820183.5,41009.17,50767.67,50162.92,0.0,0
24EFFCT0697K1ZM,2025-08,881843.06,881843.06,44092.15,51378.4,51305.88,0.0,0
24EFFCT0697K1ZM,2025-09,969115.58,969115.58,48455.78,78811.7,78156.98,0.0,0
24EFFCT0697K1ZM,2025-10,1554040.8,1554040.8,77702.04,87235.56,85497.52,0.0,0
24EFFCT0697K1ZM,2025-11,1161337.62,1161337.62,58066.88,54380.04,54249.66,0.0,0
24EFFCT0697K1ZM,2025-12,954723.59,954723.59,47736.18,61796.72,61718.76,0.0,0
24EFFCT0697K1ZM,2026-01,1105806.47,1105806.47,55290.32,72743.61,72691.64,0.0,0
24EFFCT0697K1ZM,2026-02,754207.66,754207.66,37710.38,39014.08,38549.19,0.0,0
24EFFCT0697K1ZM,2026-03,1111964.58,1111964.58,55598.23,55322.34,54796.99,0.0,2
33IZOFG0494S1Z1,2025-04,1141411.41,251055.88,205454.06,182423.38,181974.06,23480.0,0
33IZOFG0494S1Z1,2025-05,1059538.61,369749.89,190716.94,114258.95,151261.39,39455.55,26
33IZOFG0494S1Z1,2025-06,1141242.0,323876.06,205423.56,150637.64,147941.54,57482.03,0
33IZOFG0494S1Z1,2025-07,1075153.62,268624.78,193527.65,128921.81,127944.5,65583.15,0
33IZOFG0494S1Z1,2025-08,1021846.16,343003.88,183932.31,126545.55,126232.96,57699.35,0
33IZOFG0494S1Z1,2025-09,1322830.2,425501.67,238109.45,119838.67,119265.47,118843.98,2
33IZOFG0494S1Z1,2025-10,1329333.28,294240.53,239279.99,142715.0,142186.95,97093.03,0
33IZOFG0494S1Z1,2025-11,1239994.96,330168.16,223199.09,168609.64,167266.66,55932.43,8
33IZOFG0494S1Z1,2025-12,1175379.77,284936.32,211568.35,133249.73,161174.03,50394.32,6
33IZOFG0494S1Z1,2026-01,1179828.49,307920.91,212369.13,122489.89,122253.37,90115.76,0
33IZOFG0494S1Z1,2026-02,1059524.02,242488.66,190714.32,141834.49,139008.29,51706.03,0
33IZOFG0494S1Z1,2026-03,1044593.63,303979.63,188026.84,102349.8,100811.21,87215.64,0
33SVTCC1337E1Z5,2025-04,1205709.53,6044.36,60285.48,24690.3,24374.26,35911.21,9
33SVTCC1337E1Z5,2025-05,993653.16,7003.31,49682.66,18694.44,18350.08,31332.58,0
33SVTCC1337E1Z5,2025-06,1643010.31,6083.2,82150.51,21746.04,21332.34,60818.17,0
33SVTCC1337E1Z5,2025-07,1123332.18,5445.49,56166.6,18748.95,23048.94,33117.67,0
33SVTCC1337E1Z5,2025-08,1110262.93,5857.89,55513.14,19507.63,19212.46,36300.68,0
33SVTCC1337E1Z5,2025-09,747317.85,4387.09,37365.89,18722.84,18609.95,18755.94,0
33SVTCC1337E1Z5,2025-10,1886602.74,5843.62,94330.14,22150.46,21837.89,72492.25,0
33SVTCC1337E1Z5,2025-11,1703120.5,5619.3,85156.03,19994.13,19733.69,65422.33,0
33SVTCC1337E1Z5,2025-12,1072241.67,5187.45,53612.08,18116.32,18023.68,35588.41,0
33SVTCC1337E1Z5,2026-01,1094034.19,5330.51,54701.72,20719.92,20628.93,34072.79,18
33SVTCC1337E1Z5,2026-02,1520127.22,5610.98,76006.36,19873.83,19640.72,56365.64,1
33SVTCC1337E1Z5,2026-03,1232746.25,6924.94,61637.32,18146.79,17810.25,43827.07,0
36BGZPS0790K1ZE,2025-04,1093168.31,1093168.31,54658.42,102200.0,100672.09,0.0,0
36BGZPS0790K1ZE,2025-05,1232941.61,1232941.61,61647.08,163558.72,160908.75,0.0,21
36BGZPS0790K1ZE,2025-06,1147749.57,1147749.57,57387.48,130820.88,128878.56,0.0,0
36BGZPS0790K1ZE,2025-07,1313198.49,1313198.49,65659.92,162154.64,161210.82,0.0,0
36BGZPS0790K1ZE,2025-08,1654152.86,1654152.86,82707.64,189207.02,187518.51,0.0,0
36BGZPS0790K1ZE,2025-09,1178819.58,1178819.58,58940.98,148830.12,148007.18,0.0,0
36BGZPS0790K1ZE,2025-10,2092669.76,2092669.76,104633.49,303134.73,298432.37,0.0,0
36BGZPS0790K1ZE,2025-11,1688583.42,1688583.42,84429.17,208338.92,204349.81,0.0,0
36BGZPS0790K1ZE,2025-12,1250730.69,1250730.69,62536.53,153121.08,152412.79,0.0,0
36BGZPS0790K1ZE,2026-01,1215722.45,1215722.45,60786.12,641587.71,641498.54,0.0,0
36BGZPS0790K1ZE,2026-02,1095824.07,1095824.07,54791.2,120438.95,119746.11,0.0,0
36BGZPS0790K1ZE,2026-03,1507047.16,1507047.16,75352.36,153224.08,152030.2,0.0,0
36AYNCK9248Q1Z2,2025-04,3039601.8,3039601.8,151980.09,593370.82,638321.25,0.0,0
36AYNCK9248Q1Z2,2025-05,2534562.84,2534562.84,126728.14,292008.38,303271.99,0.0,0
36AYNCK9248Q1Z2,2025-06,2585694.23,2585694.23,129284.71,349160.7,343682.25,0.0,0
36AYNCK9248Q1Z2,2025-07,1963013.92,1963013.92,98150.7,350326.61,348654.4,0.0,15
36AYNCK9248Q1Z2,2025-08,2280742.65,2280742.65,114037.13,333073.68,327019.07,0.0,0
36AYNCK9248Q1Z2,2025-09,2909487.17,2909487.17,145474.36,412092.14,408918.91,0.0,0
36AYNCK9248Q1Z2,2025-10,3972050.61,3972050.61,198602.53,546057.33,545224.42,0.0,17
36AYNCK9248Q1Z2,2025-11,3622380.84,3622380.84,181119.04,462442.46,455119.36,0.0,4
36AYNCK9248Q1Z2,2025-12,2590625.44,2590625.44,129531.27,347736.43,344117.28,0.0,10
36AYNCK9248Q1Z2,2026-01,3527982.87,3527982.87,176399.14,503083.38,538403.93,0.0,0
36AYNCK9248Q1Z2,2026-02,2380588.48,2380588.48,119029.42,372535.43,370007.61,0.0,0
36AYNCK9248Q1Z2,2026-03,3715447.54,3715447.54,185772.38,545755.3,544606.5,0.0,0
29HCQCN7611U1ZY,2025-04,517707.03,60766.04,93187.26,24709.05,24335.85,68851.4,0
29HCQCN7611U1ZY,2025-05,614529.65,54115.2,110615.34,16329.32,16310.99,94304.34,0
29HCQCN7611U1ZY,2025-06,663776.45,74791.76,119479.77,15224.63,15045.45,104434.32,0
29HCQCN7611U1ZY,2025-07,794826.0,59174.12,143068.68,24177.27,23779.43,119289.25,0
29HCQCN7611U1ZY,2025-08,620608.84,77387.22,111709.6,10672.67,10600.98,101108.62,0
29HCQCN7611U1ZY,2025-09,565150.59,62603.51,101727.09,13914.83,13868.88,87858.21,10
29HCQCN7611U1ZY,2025-10,840590.2,68866.8,151306.23,23262.98,23065.01,128241.22,0
29HCQCN7611U1ZY,2025-11,882837.16,67936.02,158910.7,22303.29,22170.84,136739.86,1
29HCQCN7611U1ZY,2025-12,700550.91,55216.88,126099.17,13308.11,13295.57,112803.6,0
29HCQCN7611U1ZY,2026-01,723881.03,66022.15,130298.59,20454.27,20328.4,109970.19,4
29HCQCN7611U1ZY,2026-02,614736.9,83442.67,110652.65,15952.55,15670.16,94982.49,0
29HCQCN7611U1ZY,2026-03,667588.78,64887.29,120165.98,15901.04,15757.86,104408.12,0
07INRCN5583V1Z2,2025-04,4554269.99,4554269.99,819768.6,580433.69,580289.03,239479.57,0
07INRCN5583V1Z2,2025-05,4533898.04,4533898.04,816101.65,374259.85,371650.87,444450.78,0
07INRCN5583V1Z2,2025-06,4694209.73,4694209.73,844957.75,636547.3,635572.47,209385.28,0
07INRCN5583V1Z2,2025-07,4774227.7,4774227.7,859360.99,588758.0,588421.26,270939.73,0
07INRCN5583V1Z2,2025-08,4206894.62,4206894.62,757241.03,473103.76,467930.17,289310.87,0
07INRCN5583V1Z2,2025-09,4553541.28,4553541.28,819637.43,497875.24,495525.14,324112.29,0
07INRCN5583V1Z2,2025-10,7113298.03,7113298.03,1280393.65,697983.09,734768.46,545625.18,0
07INRCN5583V1Z2,2025-11,4154038.07,4154038.07,747726.85,392850.44,388187.59,359539.26,0
07INRCN5583V1Z2,2025-12,4880700.26,4880700.26,878526.05,563989.33,640708.97,237817.07,0
07INRCN5583V1Z2,2026-01,4530358.95,4530358.95,815464.61,463813.07,462051.9,353412.71,0
07INRCN5583V1Z2,2026-02,4820690.5,4820690.5,867724.29,542187.8,557815.93,309908.35,0
07INRCN5583V1Z2,2026-03,4199835.04,4199835.04,755970.31,480178.5,473483.65,282486.65,0
07KJJFQ6409F1ZD,2025-04,1216413.67,1216413.67,145969.64,117381.93,116008.37,29961.27,0
07KJJFQ6409F1ZD,2025-05,1783891.65,1783891.65,214067.0,191310.73,189162.63,24904.37,0
07KJJFQ6409F1ZD,2025-06,1427362.14,1427362.14,171283.46,114063.09,113473.17,57810.29,0
07KJJFQ6409F1ZD,2025-07,1538102.14,1538102.14,184572.26,142997.35,140400.06,44172.2,0
07KJJFQ6409F1ZD,2025-08,1228917.42,1228917.42,147470.09,127976.5,133070.93,14399.16,0
07KJJFQ6409F1ZD,2025-09,1400349.12,1400349.12,168041.89,96412.19,100894.97,67146.92,0
07KJJFQ6409F1ZD,2025-10,1982827.65,1982827.65,237939.32,156890.46,198267.0,39672.32,0
07KJJFQ6409F1ZD,2025-11,2027010.84,2027010.84,243241.3,164960.79,164618.04,78623.26,0
07KJJFQ6409F1ZD,2025-12,1510469.29,1510469.29,181256.31,111029.14,110923.52,70332.79,10
07KJJFQ6409F1ZD,2026-01,1624332.85,1624332.85,194919.94,150380.46,150340.28,44579.66,6
07KJJFQ6409F1ZD,2026-02,1930080.2,1930080.2,231609.62,184682.06,183178.0,48431.63,0
07KJJFQ6409F1ZD,2026-03,2039900.43,2039900.43,244788.05,151852.65,151284.61,93503.44,0
24RYVFY0429S1ZD,2025-04,1477238.24,210632.52,265902.9,361784.03,360709.63,0.0,44
24RYVFY0429S1ZD,2025-05,1804357.72,259008.9,324784.4,301683.51,301227.28,0.0,8
24RYVFY0429S1ZD,2025-06,1709312.56,338940.9,307676.25,222029.56,221252.62,15174.03,19
24RYVFY0429S1ZD,2025-07,1522931.02,271168.9,274127.57,225120.05,222744.78,51382.8,5
24RYVFY0429S1ZD,2025-08,1344749.28,280148.28,242054.88,229750.29,231862.13,10192.75,32
24RYVFY0429S1ZD,2025-09,1540524.95,198147.21,277294.49,361997.79,355759.27,0.0,15
24RYVFY0429S1ZD,2025-10,1934514.12,291270.19,348212.54,242070.75,237333.2,32414.56,9
24RYVFY0429S1ZD,2025-11,1717631.79,276590.3,309173.72,278833.45,274768.76,34404.97,28
24RYVFY0429S1ZD,2025-12,1704852.97,246853.55,306873.53,210693.1,210344.88,96528.65,12
24RYVFY0429S1ZD,2026-01,1416539.72,280210.21,254977.17,252689.61,248920.55,6056.62,25
24RYVFY0429S1ZD,2026-02,1418405.05,279793.19,255312.9,249085.44,244638.07,10674.84,7
24RYVFY0429S1ZD,2026-03,1151156.63,232667.24,207208.19,217323.3,214030.71,0.0,15
36NWFCT7822O1Z4,2025-04,8575863.35,747706.0,1543655.39,1820318.62,1845212.29,0.0,0
36NWFCT7822O1Z4,2025-05,8445055.96,793815.22,1520110.04,1603905.12,1588104.64,0.0,0
36NWFCT7822O1Z4,2025-06,10271438.31,801145.0,1848858.87,2072968.39,2063735.76,0.0,7
36NWFCT7822O1Z4,2025-07,8736959.54,880642.99,1572652.75,1808759.31,1799912.63,0.0,4
36NWFCT7822O1Z4,2025-08,9742883.87,1218613.05,1753719.09,1822905.86,1791411.78,0.0,0
36NWFCT7822O1Z4,2025-09,7722395.59,786652.24,1390031.25,1264631.94,1241292.98,0.0,0
36NWFCT7822O1Z4,2025-10,13210722.97,1211331.67,2377930.2,3109524.69,3079969.77,0.0,0
36NWFCT7822O1Z4,2025-11,11731128.15,1030601.49,2111603.09,2204289.42,2323070.19,0.0,10
36NWFCT7822O1Z4,2025-12,8840643.89,995351.57,1591315.97,1708013.01,1942604.09,0.0,0
36NWFCT7822O1Z4,2026-01,9151931.36,899251.8,1647347.64,1593059.43,9532537.27,0.0,0
36NWFCT7822O1Z4,2026-02,10860171.3,791025.61,1954830.83,2603891.79,2588071.82,0.0,8
36NWFCT7822O1Z4,2026-03,11093901.47,985458.42,1996902.23,1996271.44,2018057.15,0.0,0
19QIFPA8880J1ZF,2025-04,1680657.42,1680657.42,302518.34,221212.2,217242.99,85275.35,0
19QIFPA8880J1ZF,2025-05,1209992.33,1209992.33,217798.62,95799.3,95523.62,122275.0,0
19QIFPA8880J1ZF,2025-06,1244615.15,1244615.15,224030.73,129869.51,128052.8,95977.92,0
19QIFPA8880J1ZF,2025-07,1446351.76,1446351.76,260343.32,200253.86,196431.08,63912.24,8
19QIFPA8880J1ZF,2025-08,2012682.7,2012682.7,362282.89,191030.21,188630.93,173651.95,0
19QIFPA8880J1ZF,2025-09,1321255.19,1321255.19,237825.93,143324.95,141536.96,96288.97,4
19QIFPA8880J1ZF,2025-10,2440041.22,2440041.22,439207.42,250420.43,246398.78,192808.64,0
19QIFPA8880J1ZF,2025-11,2051546.31,2051546.31,369278.34,188263.89,185864.66,183413.67,0
19QIFPA8880J1ZF,2025-12,1337819.32,1337819.32,240807.48,260225.58,569531.25,0.0,9
19QIFPA8880J1ZF,2026-01,1497263.19,1497263.19,269507.37,199775.9,199278.02,0.0,0
19QIFPA8880J1ZF,2026-02,1366555.99,1366555.99,245980.08,161408.09,159488.8,0.0,0
19QIFPA8880J1ZF,2026-03,1592906.17,1592906.17,286723.11,214422.19,211724.6,0.0,2
29CBACD5875C1ZI,2025-04,1229595.36,60951.14,221327.15,120445.3,119209.38,102117.77,0
29CBACD5875C1ZI,2025-05,1225383.73,73009.33,220569.08,124173.44,122818.48,97750.6,0
29CBACD5875C1ZI,2025-06,1107044.21,77676.2,199267.97,105328.89,103947.82,95320.14,0
29CBACD5875C1ZI,2025-07,1081684.43,98293.92,194703.2,100610.01,98918.26,95784.94,0
29CBACD5875C1ZI,2025-08,882997.54,82261.0,158939.56,106751.11,106736.36,52203.2,0
29CBACD5875C1ZI,2025-09,890329.5,66747.77,160259.32,70159.34,69822.81,90436.51,0
29CBACD5875C1ZI,2025-10,977767.13,61236.52,175998.09,82837.28,82119.65,93878.44,0
29CBACD5875C1ZI,2025-11,1335172.61,73675.2,240331.08,94669.99,93031.67,147299.4,0
29CBACD5875C1ZI,2025-12,1296331.23,85833.87,233339.62,133887.13,132964.56,100375.06,0
29CBACD5875C1ZI,2026-01,982180.21,73519.94,176792.43,90468.03,88808.56,87983.87,0
29CBACD5875C1ZI,2026-02,976447.53,82429.77,175760.56,113280.79,112147.22,63613.34,0
29CBACD5875C1ZI,2026-03,1289235.98,73956.73,232062.48,134298.49,134100.2,97962.28,0
09DTGCU8639R1Z0,2025-04,232633.23,176758.86,41873.98,39114.94,38795.18,3078.8,0
09DTGCU8639R1Z0,2025-05,232334.82,189173.08,41820.26,28168.89,27992.44,13827.82,0
09DTGCU8639R1Z0,2025-06,195779.21,165563.03,35240.25,31744.87,31150.26,4090.0,0
09DTGCU8639R1Z0,2025-07,145073.91,106833.84,26113.3,21206.91,20830.98,5282.33,0
09DTGCU8639R1Z0,2025-08,8764336.58,213705.4,1577580.58,1052336.35,1042551.94,535028.64,0
09DTGCU8639R1Z0,2025-09,7848126.8,158891.12,1412662.82,935236.9,933475.44,479187.38,0
09DTGCU8639R1Z0,2025-10,7892288.41,227607.08,1420611.9,956344.83,938301.18,482310.73,0
09DTGCU8639R1Z0,2025-11,8377224.16,189491.84,1507900.34,993679.47,983934.88,523965.46,0
09DTGCU8639R1Z0,2025-12,8401607.44,157967.77,1512289.34,997570.45,995956.23,516333.1,0
09DTGCU8639R1Z0,2026-01,8863720.61,152695.5,1595469.7,600206.51,1043058.67,552411.03,0
09DTGCU8639R1Z0,2026-02,8652605.98,148755.87,1557469.08,1031650.81,1021533.3,535935.77,0
09DTGCU8639R1Z0,2026-03,214971.93,172483.39,38694.95,36363.75,35952.14,2742.81,0
19LPECQ9136Q1ZD,2025-04,538518.31,89468.17,96933.29,27424.68,27042.66,69890.63,0
19LPECQ9136Q1ZD,2025-05,657680.8,112321.23,118382.55,31475.54,31102.66,87279.89,0
19LPECQ9136Q1ZD,2025-06,543749.63,115398.69,97874.94,33662.3,33176.32,64698.63,7
19LPECQ9136Q1ZD,2025-07,575236.09,106641.85,103542.5,33370.29,33298.69,70243.82,0
19LPECQ9136Q1ZD,2025-08,561391.43,115161.93,101050.47,20082.54,19977.12,81073.35,0
19LPECQ9136Q1ZD,2025-09,619521.72,118228.33,111513.92,20224.6,20078.44,91435.48,7
19LPECQ9136Q1ZD,2025-10,865880.99,115423.95,155858.58,18011.39,17663.86,138194.72,0
19LPECQ9136Q1ZD,2025-11,724412.77,92744.93,130394.3,31400.8,31393.94,99000.36,0
19LPECQ9136Q1ZD,2025-12,637960.57,106921.28,114832.91,23962.02,23654.43,91178.48,0
19LPECQ9136Q1ZD,2026-01,555255.83,118103.22,99946.04,25390.72,25176.67,74769.37,0
19LPECQ9136Q1ZD,2026-02,715847.17,140736.5,128852.49,25132.42,24912.88,103939.61,0
19LPECQ9136Q1ZD,2026-03,627376.35,106622.41,112927.73,19326.52,18982.69,93945.05,0
36OATCY4540Q1ZW,2025-04,1803979.35,26714.2,505114.22,73764.01,72589.08,432525.14,31
36OATCY4540Q1ZW,2025-05,1711138.02,22430.55,479118.65,96098.18,101649.28,377469.38,6
36OATCY4540Q1ZW,2025-06,1565233.4,20384.45,438265.36,86813.97,85730.21,352535.15,35
36OATCY4540Q1ZW,2025-07,2104378.71,22298.26,589226.04,103921.48,102585.5,486640.54,20
36OATCY4540Q1ZW,2025-08,1549814.45,35720.34,433948.05,74318.64,73618.1,360329.95,32
36OATCY4540Q1ZW,2025-09,1925131.5,29810.01,539036.82,104564.35,103301.58,435735.25,28
36OATCY4540Q1ZW,2025-10,3321400.15,18564.6,929992.04,186712.67,185036.25,744955.79,17
36OATCY4540Q1ZW,2025-11,1957271.74,25041.5,548036.1,92621.6,91228.69,456807.41,41
36OATCY4540Q1ZW,2025-12,1925581.47,25971.86,539162.82,147122.91,145760.54,393402.28,37
36OATCY4540Q1ZW,2026-01,2009291.1,21900.06,562601.51,100746.35,99847.97,462753.53,34
36OATCY4540Q1ZW,2026-02,1692214.48,23663.17,473820.06,81641.01,80852.13,392967.93,41
36OATCY4540Q1ZW,2026-03,8980570.48,24012.42,2514559.74,114538.32,112523.17,2402036.57,14
07ZNLPP1421C1ZO,2025-04,1225315.27,288376.89,220556.74,155480.35,152380.82,68175.92,5
07ZNLPP1421C1ZO,2025-05,1158027.44,452653.21,208444.93,145007.82,143270.58,65174.35,0
07ZNLPP1421C1ZO,2025-06,1265942.09,349050.77,227869.57,159701.26,159598.96,68270.61,0
07ZNLPP1421C1ZO,2025-07,984237.86,308702.45,177162.81,119172.75,118813.22,58349.59,0
07ZNLPP1421C1ZO,2025-08,1011194.15,288117.57,182014.94,150042.27,148257.57,33757.38,0
07ZNLPP1421C1ZO,2025-09,1163175.33,318578.52,209371.54,172701.4,172352.48,37019.07,0
07ZNLPP1421C1ZO,2025-10,1780751.76,380819.38,320535.31,195321.4,193353.88,127181.43,0
07ZNLPP1421C1ZO,2025-11,1546889.0,417874.0,278440.02,217486.44,216786.04,61653.98,1
07ZNLPP1421C1ZO,2025-12,1031034.46,316689.86,185586.2,124488.08,123743.21,61843.0,0
07ZNLPP1421C1ZO,2026-01,1238009.72,280395.18,222841.75,172344.74,199556.29,23285.47,0
07ZNLPP1421C1ZO,2026-02,1466917.59,368536.15,264045.18,166234.31,164590.83,99454.35,0
07ZNLPP1421C1ZO,2026-03,1580295.7,366613.82,284453.22,193818.69,193782.11,90671.11,0
19IKHPT1229Y1ZR,2025-04,5590904.26,255380.14,1565453.2,409907.83,409323.5,1156129.7,0
19IKHPT1229Y1ZR,2025-05,5513945.51,236911.42,1543904.75,380984.68,380951.69,1162953.06,0
19IKHPT1229Y1ZR,2025-06,5681096.25,268940.82,1590706.96,347515.84,344337.61,1246369.35,0
19IKHPT1229Y1ZR,2025-07,5664878.61,265624.32,1586166.0,452312.4,444241.6,1141924.4,0
19IKHPT1229Y1ZR,2025-08,5169056.22,244273.29,1447335.72,332412.3,343656.81,1103678.91,0
19IKHPT1229Y1ZR,2025-09,6178311.26,407378.1,1729927.14,405590.72,404132.74,1325794.4,0
19IKHPT1229Y1ZR,2025-10,9218428.24,289235.03,2581159.9,594637.21,588309.28,1992850.62,0
19IKHPT1229Y1ZR,2025-11,7565531.56,295622.43,2118348.85,511712.96,506701.75,1611647.1,0
19IKHPT1229Y1ZR,2025-12,5512190.28,257279.68,1543413.29,313611.78,309258.12,1234155.17,0
19IKHPT1229Y1ZR,2026-01,4894674.78,252849.7,1370508.93,316199.83,316031.03,1054477.91,0
19IKHPT1229Y1ZR,2026-02,5125651.86,321590.63,1435182.52,380497.18,401208.19,1033974.33,0
19IKHPT1229Y1ZR,2026-03,6423374.95,214448.45,1798545.01,386853.13,380195.63,1418349.38,0
33QSWFK9323N1Z3,2025-04,3244009.03,86152.1,583921.61,285509.52,282048.32,301873.29,0
33QSWFK9323N1Z3,2025-05,3438837.47,91848.47,618990.74,326176.31,323528.74,295462.01,0
33QSWFK9323N1Z3,2025-06,3057433.83,72732.01,550338.08,308110.83,305098.26,245239.82,0
33QSWFK9323N1Z3,2025-07,2730484.17,91291.13,491487.12,271133.79,269233.75,222253.38,0
33QSWFK9323N1Z3,2025-08,3457037.96,112526.54,622266.81,376988.75,389262.76,233004.05,0
33QSWFK9323N1Z3,2025-09,3436823.61,107278.49,618628.26,287133.52,282393.88,336234.38,0
33QSWFK9323N1Z3,2025-10,6644729.25,95260.27,1196051.28,649198.73,648329.16,547722.12,0
33QSWFK9323N1Z3,2025-11,23044607.03,100102.94,4148029.27,411506.57,438837.65,3709191.62,0
33QSWFK9323N1Z3,2025-12,3082411.65,85234.99,554834.1,392340.81,425160.33,129673.77,0
33QSWFK9323N1Z3,2026-01,3739191.06,123139.39,673054.37,356666.24,353057.37,319997.0,0
33QSWFK9323N1Z3,2026-02,2971788.72,131606.38,534921.95,304670.64,299248.72,235673.23,0
33QSWFK9323N1Z3,2026-03,4143897.97,98926.26,745901.64,413585.41,409302.05,336599.58,0
27OQKPK6783L1ZN,2025-04,3214834.6,3214834.6,160741.73,424233.91,418987.44,0.0,0
27OQKPK6783L1ZN,2025-05,3223704.25,3223704.25,161185.21,403810.84,400393.37,0.0,7
27OQKPK6783L1ZN,2025-06,2961985.58,2961985.58,148099.28,454854.69,448027.87,0.0,0
27OQKPK6783L1ZN,2025-07,3097131.49,3097131.49,154856.57,419365.92,498274.3,0.0,0
27OQKPK6783L1ZN,2025-08,2586273.68,2586273.68,129313.68,927315.36,912670.38,0.0,8
27OQKPK6783L1ZN,2025-09,2584698.57,2584698.57,129234.93,292655.12,398567.02,0.0,0
27OQKPK6783L1ZN,2025-10,3869103.99,3869103.99,193455.2,450607.72,446438.45,0.0,0
27OQKPK6783L1ZN,2025-11,5134189.51,5134189.51,256709.48,435719.43,486956.78,0.0,3
27OQKPK6783L1ZN,2025-12,2557311.52,2557311.52,127865.58,267781.55,263033.29,0.0,0
27OQKPK6783L1ZN,2026-01,4330405.54,4330405.54,216520.28,391412.35,384067.8,0.0,0
27OQKPK6783L1ZN,2026-02,2896810.1,2896810.1,144840.51,396222.74,393259.25,0.0,0
27OQKPK6783L1ZN,2026-03,4823651.82,4823651.82,241182.59,793567.94,789710.02,0.0,0
19RBACB9580A1Z8,2025-06,527024.77,527024.77,26351.24,57855.31,57556.91,0.0,4
19RBACB9580A1Z8,2025-07,542892.25,542892.25,27144.61,45839.88,45707.36,0.0,0
19RBACB9580A1Z8,2025-08,468874.82,468874.82,23443.74,43859.32,43051.83,0.0,8
19RBACB9580A1Z8,2025-09,496420.16,496420.16,24821.01,57902.35,57814.21,0.0,0
19RBACB9580A1Z8,2025-10,810447.18,810447.18,40522.36,75600.84,75258.19,0.0,7
19RBACB9580A1Z8,2025-11,653402.82,653402.82,32670.14,62579.43,62500.32,0.0,6
19RBACB9580A1Z8,2025-12,549992.19,549992.19,27499.61,52575.14,52541.5,0.0,0
19RBACB9580A1Z8,2026-01,560486.48,560486.48,28024.32,66466.15,65404.56,0.0,0
19RBACB9580A1Z8,2026-02,724944.61,724944.61,36247.23,65430.01,65068.1,0.0,0
19RBACB9580A1Z8,2026-03,627459.87,627459.87,31372.99,77361.99,76417.72,0.0,5
07DXFFV6171P1Z3,2025-05,395164.13,43877.06,71129.54,34946.36,34529.8,36599.74,0
07DXFFV6171P1Z3,2025-06,453295.91,36418.06,81593.27,25505.29,25018.14,56575.13,0
07DXFFV6171P1Z3,2025-07,406653.14,37484.96,73197.56,19889.65,19742.37,53455.2,0
07DXFFV6171P1Z3,2025-08,355599.55,57814.87,64007.93,19972.22,19863.55,44144.38,0
07DXFFV6171P1Z3,2025-09,371527.48,45816.62,66874.94,15290.86,15005.37,51869.57,0
07DXFFV6171P1Z3,2025-10,437476.19,47465.51,78745.7,16017.3,15748.53,62997.17,0
07DXFFV6171P1Z3,2025-11,407295.6,42724.23,73313.21,30621.92,30377.16,42936.05,0
07DXFFV6171P1Z3,2025-12,396442.35,43303.76,71359.63,27618.7,27258.65,44100.97,27
07DXFFV6171P1Z3,2026-01,492082.63,41185.26,88574.88,24138.22,24053.23,64521.65,0
07DXFFV6171P1Z3,2026-02,388809.92,49740.4,69985.78,18308.47,18104.64,51881.15,3
07DXFFV6171P1Z3,2026-03,461628.95,45674.39,83093.21,17968.71,17917.66,65175.56,0
33QGPFQ7582S1ZA,2025-04,1398802.33,10443.34,69940.13,17568.65,17553.7,52386.43,0
33QGPFQ7582S1ZA,2025-05,1213049.4,10960.57,60652.48,19949.22,19594.45,41058.03,10
33QGPFQ7582S1ZA,2025-06,1757248.16,10942.63,87862.4,20557.06,20310.32,67552.08,0
33QGPFQ7582S1ZA,2025-07,1464790.72,10720.4,73239.55,20850.04,20684.01,52555.54,0
33QGPFQ7582S1ZA,2025-08,2502133.2,9355.57,125106.66,23013.92,22895.63,102211.03,0
33QGPFQ7582S1ZA,2025-09,1318498.76,9500.85,65924.94,18225.21,18222.07,47702.87,5
33QGPFQ7582S1ZA,2025-10,2932367.8,8705.71,146618.38,17184.98,17122.69,129495.69,0
33QGPFQ7582S1ZA,2025-11,1950439.32,8164.75,97521.97,14789.18,14772.06,82749.9,0
33QGPFQ7582S1ZA,2025-12,1224290.8,10143.31,61214.54,23445.01,23342.58,37871.96,6
33QGPFQ7582S1ZA,2026-01,2153854.88,11663.52,107692.75,18640.84,18400.51,89292.23,0
33QGPFQ7582S1ZA,2026-02,1746083.11,8389.53,87304.17,15035.31,14940.88,72363.28,0
33QGPFQ7582S1ZA,2026-03,1428203.35,10750.72,71410.17,19721.56,19400.67,52009.5,0
27PYNFA3959N1ZY,2025-04,1895137.46,202615.39,341124.74,355679.68,353991.34,0.0,36
27PYNFA3959N1ZY,2025-05,1772406.97,188412.37,319033.27,328925.11,327745.91,0.0,27
27PYNFA3959N1ZY,2025-06,1771962.47,204330.36,318953.24,244360.19,240140.31,57233.69,11
27PYNFA3959N1ZY,2025-07,2235302.28,187573.8,402354.42,439181.78,430938.68,0.0,28
27PYNFA3959N1ZY,2025-08,1429028.22,197499.03,257225.08,347556.83,343665.76,0.0,14
27PYNFA3959N1ZY,2025-09,1879287.64,171215.61,338271.77,290833.12,285176.31,0.0,41
27PYNFA3959N1ZY,2025-10,2135361.8,340739.51,384365.13,405490.27,399010.12,0.0,37
27PYNFA3959N1ZY,2025-11,1924763.33,283060.82,346457.39,309987.62,305320.8,0.0,9
27PYNFA3959N1ZY,2025-12,1134576.1,160257.93,204223.7,183079.32,180388.76,0.0,26
27PYNFA3959N1ZY,2026-01,1638356.69,237033.6,294904.21,230303.0,227926.42,55374.85,33
27PYNFA3959N1ZY,2026-02,1695123.84,198903.79,305122.28,421299.98,419399.17,0.0,11
27PYNFA3959N1ZY,2026-03,3259619.96,240637.28,586731.6,530191.16,569285.37,0.0,40
07NDRPT7077E1ZJ,2025-04,2036924.34,2036924.34,244430.92,209626.78,208069.89,36361.03,0
07NDRPT7077E1ZJ,2025-05,1626442.54,1626442.54,195173.11,166885.62,163817.04,31356.06,0
07NDRPT7077E1ZJ,2025-06,1519616.87,1519616.87,182354.02,162595.12,162048.37,20305.66,7
07NDRPT7077E1ZJ,2025-07,1222418.39,1222418.39,146690.21,142664.27,141021.93,5668.27,0
07NDRPT7077E1ZJ,2025-08,1532073.86,1532073.86,183848.86,158936.33,157883.64,25965.23,0
07NDRPT7077E1ZJ,2025-09,2033481.84,2033481.84,244017.82,237025.42,232887.06,11130.76,0
07NDRPT7077E1ZJ,2025-10,2997631.25,2997631.25,359715.75,366872.69,366267.32,0.0,0
07NDRPT7077E1ZJ,2025-11,2153646.26,2153646.26,258437.55,172153.46,169850.7,82035.29,0
07NDRPT7077E1ZJ,2025-12,1288684.2,1288684.2,154642.1,111739.89,111234.58,43407.52,0
07NDRPT7077E1ZJ,2026-01,1326239.04,1326239.04,159148.68,132761.51,131777.51,27371.17,0
07NDRPT7077E1ZJ,2026-02,1347206.48,1347206.48,161664.78,147918.58,147567.36,14097.41,0
07NDRPT7077E1ZJ,2026-03,2132739.13,2132739.13,255928.7,224476.59,220456.99,35471.71,0
09FYWPR3187G1ZE,2025-04,440293.62,15867.68,79252.85,37326.28,37219.77,42033.08,0
09FYWPR3187G1ZE,2025-05,709132.3,12113.83,127643.81,92813.12,92715.43,34928.38,0
09FYWPR3187G1ZE,2025-06,688983.28,11437.49,124016.99,61694.08,60512.49,63504.5,0
09FYWPR3187G1ZE,2025-07,453388.64,10882.47,81609.95,41532.84,40788.95,40821.0,0
09FYWPR3187G1ZE,2025-08,549900.96,11910.15,98982.17,42123.44,240368.1,0.0,0
09FYWPR3187G1ZE,2025-09,459865.56,10963.76,82775.81,48891.16,54837.18,0.0,0
09FYWPR3187G1ZE,2025-10,759921.51,11734.98,136785.88,90773.79,90711.55,0.0,0
09FYWPR3187G1ZE,2025-11,1050133.73,12668.44,189024.07,83511.26,82602.89,39048.2,0
09FYWPR3187G1ZE,2025-12,451114.12,11204.69,81200.54,37000.31,57470.41,23730.13,0
09FYWPR3187G1ZE,2026-01,650584.3,11573.18,117105.17,66185.15,75376.76,41728.41,0
09FYWPR3187G1ZE,2026-02,543615.14,11580.36,97850.73,59435.31,58821.12,39029.61,17
09FYWPR3187G1ZE,2026-03,343362.97,11353.14,61805.34,31399.89,30877.31,30928.03,0
36TDHCN3087N1Z6,2025-04,2495694.38,75120.26,124784.71,107799.91,106408.22,18376.49,8
36TDHCN3087N1Z6,2025-05,2838710.85,61459.23,141935.55,110908.86,110610.95,31324.6,0
36TDHCN3087N1Z6,2025-06,2790763.58,55681.51,139538.17,115382.18,114740.33,24797.83,0
36TDHCN3087N1Z6,2025-07,3040174.06,57139.36,152008.72,112685.82,111545.23,40463.49,0
36TDHCN3087N1Z6,2025-08,2464037.21,40037.49,123201.86,108691.3,107799.1,15402.76,7
36TDHCN3087N1Z6,2025-09,2730978.39,54176.62,136548.9,87525.53,85879.59,50669.32,10
36TDHCN3087N1Z6,2025-10,4626805.13,73892.1,231340.28,92113.78,91098.21,140242.06,0
36TDHCN3087N1Z6,2025-11,3068120.09,57779.23,153406.0,108980.09,108183.21,45222.79,5
36TDHCN3087N1Z6,2025-12,3287899.63,58811.54,164395.0,89397.74,88355.3,76039.7,0
36TDHCN3087N1Z6,2026-01,3138032.64,44444.8,156901.63,72229.66,91921.09,64980.54,0
36TDHCN3087N1Z6,2026-02,2647994.26,49372.52,132399.72,68062.22,67029.51,65370.2,6
36TDHCN3087N1Z6,2026-03,2875434.12,75378.88,143771.71,75718.58,75026.65,68745.06,10
33LDFPL6455G1ZA,2025-04,3246864.15,714652.09,162343.21,310063.51,307826.86,0.0,15
33LDFPL6455G1ZA,2025-05,2906497.35,584807.5,145324.86,388803.82,386040.42,0.0,42
33LDFPL6455G1ZA,2025-06,2431459.79,559325.2,121572.99,313506.13,311922.05,0.0,44
33LDFPL6455G1ZA,2025-07,2906709.87,781345.93,145335.5,298272.72,395707.88,0.0,6
33LDFPL6455G1ZA,2025-08,3401184.1,641894.56,170059.2,422370.32,420372.18,0.0,26
33LDFPL6455G1ZA,2025-09,3199893.54,644924.53,159994.68,468374.83,468063.08,0.0,21
33LDFPL6455G1ZA,2025-10,4302208.48,1133857.5,215110.42,618707.97,632158.08,0.0,28
33LDFPL6455G1ZA,2025-11,3529971.85,805306.42,176498.6,387527.62,451714.52,0.0,17
33LDFPL6455G1ZA,2025-12,3841504.73,614637.88,192075.23,473003.61,468722.71,0.0,39
33LDFPL6455G1ZA,2026-01,2812760.09,690291.21,140638.0,436406.36,431525.15,0.0,30
33LDFPL6455G1ZA,2026-02,3079101.72,523244.91,153955.08,246175.55,391448.24,0.0,25
33LDFPL6455G1ZA,2026-03,3093501.92,783822.87,154675.1,438124.47,433819.94,0.0,16
27NFPPD0657I1ZY,2025-04,664721.28,31972.59,79766.54,68862.77,68586.4,11180.14,0
27NFPPD0657I1ZY,2025-05,1327171.31,34658.13,159260.55,175350.27,172981.51,0.0,0
27NFPPD0657I1ZY,2025-06,894497.61,31914.67,107339.71,115886.12,115741.9,0.0,0
27NFPPD0657I1ZY,2025-07,853603.91,31379.02,102432.46,83000.75,82190.35,0.0,3
27NFPPD0657I1ZY,2025-08,1164353.88,35446.35,139722.45,119371.05,118500.13,19341.27,0
27NFPPD0657I1ZY,2025-09,1086173.16,42360.11,130340.77,119131.24,118168.57,12172.2,0
27NFPPD0657I1ZY,2025-10,1605666.55,34492.06,192679.99,183026.47,180256.21,12423.78,0
27NFPPD0657I1ZY,2025-11,1152096.74,40069.35,138251.61,178855.76,177979.81,0.0,0
27NFPPD0657I1ZY,2025-12,1197623.12,37048.36,143714.77,141442.33,139497.59,0.0,11
27NFPPD0657I1ZY,2026-01,924974.92,39711.34,110996.99,102189.12,140654.33,0.0,2
27NFPPD0657I1ZY,2026-02,812362.91,30800.34,97483.55,87672.16,86277.18,0.0,0
27NFPPD0657I1ZY,2026-03,877983.6,32718.63,105358.03,96359.39,95382.71,0.0,5
36ZTBPJ4955D1Z4,2025-04,4109177.16,4109177.16,205458.86,284159.63,280194.31,0.0,7
36ZTBPJ4955D1Z4,2025-05,3217867.53,3217867.53,160893.38,251997.9,250145.22,0.0,10
36ZTBPJ4955D1Z4,2025-06,4217885.22,4217885.22,210894.26,349530.36,349429.86,0.0,19
36ZTBPJ4955D1Z4,2025-07,3257055.04,3257055.04,162852.75,202648.24,201296.02,0.0,0
36ZTBPJ4955D1Z4,2025-08,3683850.32,3683850.32,184192.52,263837.12,262149.38,0.0,0
36ZTBPJ4955D1Z4,2025-09,3951559.76,3951559.76,197577.99,230392.5,228947.01,0.0,5
36ZTBPJ4955D1Z4,2025-10,5456408.05,5456408.05,272820.4,298863.73,297976.88,0.0,0
36ZTBPJ4955D1Z4,2025-11,5368958.44,5368958.44,268447.92,263598.65,260386.28,0.0,4
36ZTBPJ4955D1Z4,2025-12,3967474.64,3967474.64,198373.73,265930.34,265832.08,0.0,0
36ZTBPJ4955D1Z4,2026-01,3473348.06,3473348.06,173667.4,224125.53,220138.91,0.0,0
36ZTBPJ4955D1Z4,2026-02,4277387.4,4277387.4,213869.37,214854.99,210572.11,0.0,9
36ZTBPJ4955D1Z4,2026-03,4028059.31,4028059.31,201402.97,243534.23,239232.76,0.0,0
33ZGUCN0054A1ZT,2025-04,808136.11,70976.62,96976.33,84543.02,83204.99,13771.35,4
33ZGUCN0054A1ZT,2025-05,846260.69,83320.91,101551.28,123139.51,133845.52,0.0,0
33ZGUCN0054A1ZT,2025-06,1037633.02,86922.9,124515.98,147622.03,147368.34,0.0,0
33ZGUCN0054A1ZT,2025-07,912845.1,78716.76,109541.41,124346.98,122009.73,0.0,0
33ZGUCN0054A1ZT,2025-08,996583.22,108209.88,119590.0,108720.6,107587.58,0.0,0
33ZGUCN0054A1ZT,2025-09,768436.95,58321.76,92212.43,91132.03,90915.85,0.0,0
33ZGUCN0054A1ZT,2025-10,1097857.71,103570.13,131742.93,162189.55,159859.6,0.0,0
33ZGUCN0054A1ZT,2025-11,1770153.91,98140.36,212418.47,258336.11,255245.95,0.0,3
33ZGUCN0054A1ZT,2025-12,960843.51,106044.9,115301.23,80390.47,79428.76,0.0,0
33ZGUCN0054A1ZT,2026-01,964017.85,98927.47,115682.14,107361.99,106694.35,0.0,0
33ZGUCN0054A1ZT,2026-02,1024486.29,91651.21,122938.35,134663.04,133156.38,0.0,0
33ZGUCN0054A1ZT,2026-03,1073427.53,77117.48,128811.3,135806.96,133551.81,0.0,0
36FESPH1043O1Z0,2025-04,4045817.7,198172.16,1132828.94,237860.87,242251.76,890577.19,0
36FESPH1043O1Z0,2025-05,4159232.53,185486.31,1164585.1,501110.29,496398.01,668187.09,0
36FESPH1043O1Z0,2025-06,4561099.25,202665.49,1277107.78,410973.61,519459.68,757648.1,0
36FESPH1043O1Z0,2025-07,4692992.68,168285.5,1314037.95,305204.68,378211.71,935826.24,0
36FESPH1043O1Z0,2025-08,3970670.55,212340.69,1111787.77,381983.55,376800.76,734987.01,3
36FESPH1043O1Z0,2025-09,4320839.0,185865.68,1209834.92,412385.05,409907.33,799927.59,6
36FESPH1043O1Z0,2025-10,8723155.39,178288.78,2442483.53,722300.61,718911.62,1723571.9,0
36FESPH1043O1Z0,2025-11,6737590.01,170160.2,1886525.19,625082.19,618153.28,1268371.91,0
36FESPH1043O1Z0,2025-12,4707974.35,184886.94,1318232.81,512762.79,503733.12,814499.69,0
36FESPH1043O1Z0,2026-01,4723568.39,253800.88,1322599.13,407630.54,408364.39,914234.74,0
36FESPH1043O1Z0,2026-02,5249641.22,189892.3,1469899.52,440375.38,469240.58,1000658.94,0
36FESPH1043O1Z0,2026-03,4648814.63,161465.84,1301668.09,394833.46,393356.72,908311.37,9
33FBXPL3705M1Z2,2025-04,19294581.55,19294581.55,964729.08,2280477.32,2264096.25,0.0,0
33FBXPL3705M1Z2,2025-05,17060911.32,17060911.32,853045.57,1817305.92,1813277.23,0.0,0
33FBXPL3705M1Z2,2025-06,14686722.58,14686722.58,734336.13,1399398.91,1380418.41,0.0,0
33FBXPL3705M1Z2,2025-07,13253524.29,13253524.29,662676.21,1505837.46,1478409.47,0.0,1
33FBXPL3705M1Z2,2025-08,14447906.53,14447906.53,722395.33,1709014.77,1729351.63,0.0,0
33FBXPL3705M1Z2,2025-09,15641744.76,15641744.76,782087.24,1522488.0,1516519.26,0.0,0
33FBXPL3705M1Z2,2025-10,25039687.33,25039687.33,1251984.37,3786346.7,3732966.47,0.0,0
33FBXPL3705M1Z2,2025-11,15421761.87,15421761.87,771088.09,2048557.29,2044818.1,0.0,0
33FBXPL3705M1Z2,2025-12,15226240.95,15226240.95,761312.05,1211568.93,1206019.15,0.0,0
33FBXPL3705M1Z2,2026-01,15803661.18,15803661.18,790183.06,2156351.97,2145814.64,0.0,0
33FBXPL3705M1Z2,2026-02,17083019.94,17083019.94,854151.0,2067426.97,2071739.66,0.0,0
33FBXPL3705M1Z2,2026-03,23097778.46,23097778.46,1154888.92,2122142.2,2084387.17,0.0,0
24CNVFN7146J1ZV,2025-04,1166909.79,1166909.79,210043.76,93472.96,109088.64,100955.12,10
24CNVFN7146J1ZV,2025-05,1364300.46,1364300.46,245574.08,85834.24,84470.23,161103.85,0
24CNVFN7146J1ZV,2025-06,1378525.17,1378525.17,248134.53,92914.64,91988.61,156145.92,0
24CNVFN7146J1ZV,2025-07,1500034.89,1500034.89,270006.28,115686.26,114242.19,155764.1,0
24CNVFN7146J1ZV,2025-08,1518427.38,1518427.38,273316.93,116675.38,114976.39,158340.54,0
24CNVFN7146J1ZV,2025-09,1385525.38,1385525.38,249394.57,92094.49,97278.9,152115.67,0
24CNVFN7146J1ZV,2025-10,2498502.06,2498502.06,449730.37,194778.57,191581.13,258149.24,5
24CNVFN7146J1ZV,2025-11,1745543.7,1745543.7,314197.87,103144.24,121318.32,192879.55,0
24CNVFN7146J1ZV,2025-12,1101415.87,1101415.87,198254.86,46116.44,73858.48,124396.38,0
24CNVFN7146J1ZV,2026-01,1469259.07,1469259.07,264466.63,69708.73,68753.1,195713.54,0
24CNVFN7146J1ZV,2026-02,1393971.86,1393971.86,250914.93,103916.0,103140.21,147774.72,0
24CNVFN7146J1ZV,2026-03,1694693.44,1694693.44,305044.82,149405.69,148819.47,156225.35,0
29IIICI0602F1Z7,2025-04,5975972.66,62576.15,1075675.08,109693.81,107971.55,967703.52,0
29IIICI0602F1Z7,2025-05,5069158.5,68185.11,912448.55,113215.11,111709.33,800739.22,0
29IIICI0602F1Z7,2025-06,5411700.94,81187.66,974106.17,109721.6,109238.54,864867.63,0
29IIICI0602F1Z7,2025-07,6188459.64,60564.97,1113922.73,81204.52,80610.04,1033312.69,10
29IIICI0602F1Z7,2025-08,5324855.8,73360.54,958474.07,94042.51,92677.39,865796.67,0
29IIICI0602F1Z7,2025-09,5558070.89,65146.0,1000452.73,107521.24,106147.44,894305.29,0
29IIICI0602F1Z7,2025-10,8873884.98,69434.65,1597299.3,91683.65,91527.15,1505772.15,1
29IIICI0602F1Z7,2025-11,7577970.41,68182.47,1364034.68,123595.39,121634.49,1242400.19,0
29IIICI0602F1Z7,2025-12,6170924.68,59815.36,1110766.44,125421.25,125170.6,985595.85,0
29IIICI0602F1Z7,2026-01,5058897.83,64741.41,910601.62,108403.15,107665.84,802935.78,0
29IIICI0602F1Z7,2026-02,5984773.41,68802.83,1077259.2,76816.69,75711.07,1001548.12,0
29IIICI0602F1Z7,2026-03,6626530.42,66293.8,1192775.49,63955.56,86780.25,1105995.24,0
09SUTFI0940Y1ZI,2025-04,483893.93,483893.93,87100.91,55901.96,58875.94,28224.97,0
09SUTFI0940Y1ZI,2025-05,405380.99,405380.99,72968.58,37752.87,37539.45,35429.13,0
09SUTFI0940Y1ZI,2025-06,403012.81,403012.81,72542.31,47508.84,47128.67,25413.63,0
09SUTFI0940Y1ZI,2025-07,365848.04,365848.04,65852.65,48344.34,47626.76,18225.89,0
09SUTFI0940Y1ZI,2025-08,337644.2,337644.2,60775.96,31811.58,31618.84,29157.12,7
09SUTFI0940Y1ZI,2025-09,316135.02,316135.02,56904.3,38215.47,37938.54,18965.76,7
09SUTFI0940Y1ZI,2025-10,561161.43,561161.43,101009.06,70653.96,69450.47,31558.59,4
09SUTFI0940Y1ZI,2025-11,598499.55,598499.55,107729.92,69711.19,68602.3,39127.62,0
09SUTFI0940Y1ZI,2025-12,351418.71,351418.71,63255.37,34482.68,34223.88,29031.49,0
09SUTFI0940Y1ZI,2026-01,321791.22,321791.22,57922.42,38543.98,39866.11,18056.31,0
09SUTFI0940Y1ZI,2026-02,354181.82,354181.82,63752.73,36261.77,36453.5,27299.22,0
09SUTFI0940Y1ZI,2026-03,440630.71,440630.71,79313.53,54687.45,53903.24,25410.29,0
36WBRCL4293W1ZF,2025-04,2120644.07,2120644.07,381715.93,176534.85,200549.88,181166.05,0
36WBRCL4293W1ZF,2025-05,1586413.53,1586413.53,285554.44,157191.68,190380.53,95173.9,0
36WBRCL4293W1ZF,2025-06,1323541.11,1323541.11,238237.4,152212.18,150709.31,87528.09,0
36WBRCL4293W1ZF,2025-07,2028175.13,2028175.13,365071.52,291110.38,288103.82,76967.7,0
36WBRCL4293W1ZF,2025-08,1439429.62,1439429.62,259097.33,139044.41,138441.43,120655.9,0
36WBRCL4293W1ZF,2025-09,1693275.22,1693275.22,304789.54,675097.18,695332.3,0.0,0
36WBRCL4293W1ZF,2025-10,2787665.09,2787665.09,501779.72,361267.58,354767.55,0.0,0
36WBRCL4293W1ZF,2025-11,2494168.4,2494168.4,448950.31,287185.16,285159.8,0.0,0
36WBRCL4293W1ZF,2025-12,1980384.73,1980384.73,356469.25,301435.58,297576.57,0.0,0
36WBRCL4293W1ZF,2026-01,1902480.74,1902480.74,342446.53,179688.11,179221.92,142377.22,2
36WBRCL4293W1ZF,2026-02,1893666.42,1893666.42,340859.95,189509.7,197645.27,143214.69,4
36WBRCL4293W1ZF,2026-03,1781009.16,1781009.16,320581.65,186790.54,186722.32,133859.33,0
33OOKPM8926Z1Z7,2025-04,2016300.43,376984.75,362934.07,388910.43,381545.97,0.0,0
33OOKPM8926Z1Z7,2025-05,1728839.96,339927.76,311191.2,192133.95,247177.51,45401.79,0
33OOKPM8926Z1Z7,2025-06,2080987.6,357141.58,374577.76,505252.68,498611.75,0.0,0
33OOKPM8926Z1Z7,2025-07,1897906.93,437520.97,341623.25,365748.47,365725.2,0.0,0
33OOKPM8926Z1Z7,2025-08,2123639.36,417590.05,382255.07,386845.17,385771.18,0.0,0
33OOKPM8926Z1Z7,2025-09,1793428.8,307155.44,322817.18,312012.97,306747.3,0.0,0
33OOKPM8926Z1Z7,2025-10,3032089.98,509957.17,545776.2,556116.65,551298.35,0.0,0
33OOKPM8926Z1Z7,2025-11,3869333.96,528209.32,696480.13,772065.46,761225.98,0.0,0
33OOKPM8926Z1Z7,2025-12,1712741.52,384204.35,308293.48,346413.66,345867.27,0.0,0
33OOKPM8926Z1Z7,2026-01,1648007.06,311254.95,296641.27,264148.13,263497.45,0.0,0
33OOKPM8926Z1Z7,2026-02,2032268.52,407702.84,365808.33,292967.9,289061.11,0.0,0
33OOKPM8926Z1Z7,2026-03,1954423.2,366610.65,351796.18,264606.37,260485.56,0.0,0
33JSGFB3518A1ZX,2025-04,1226838.5,1226838.5,147220.62,91819.52,91632.65,55587.97,1
33JSGFB3518A1ZX,2025-05,1278780.1,1278780.1,153453.61,98051.45,96825.65,56627.96,7
33JSGFB3518A1ZX,2025-06,1625566.5,1625566.5,195067.98,130617.14,128696.23,66371.75,0
33JSGFB3518A1ZX,2025-07,1500495.79,1500495.79,180059.49,106442.46,105315.5,74743.99,0
33JSGFB3518A1ZX,2025-08,1686972.48,1686972.48,202436.7,124877.35,123915.64,78521.06,0
33JSGFB3518A1ZX,2025-09,1540586.46,1540586.46,184870.37,111399.16,156921.35,27949.03,0
33JSGFB3518A1ZX,2025-10,2724991.87,2724991.87,326999.02,244634.05,241731.54,85267.49,8
33JSGFB3518A1ZX,2025-11,2170022.54,2170022.54,260402.7,251241.7,247183.54,13219.16,1
33JSGFB3518A1ZX,2025-12,1722050.96,1722050.96,206646.11,143704.28,142231.05,64415.06,0
33JSGFB3518A1ZX,2026-01,1111537.48,1111537.48,133384.5,116289.9,115964.51,17419.99,3
33JSGFB3518A1ZX,2026-02,1263701.17,1263701.17,151644.14,83740.04,89002.4,62641.74,0
33JSGFB3518A1ZX,2026-03,1655835.78,1655835.78,198700.29,128358.07,126561.02,72139.27,10
19ESCPS9743W1Z6,2025-04,9547721.09,13755.8,1718589.76,405012.76,405000.53,1313589.24,0
19ESCPS9743W1Z6,2025-05,8871184.08,18694.96,1596813.14,360499.32,400165.16,1196647.99,5
19ESCPS9743W1Z6,2025-06,10880913.36,17963.61,1958564.43,545045.73,541153.57,1417410.86,0
19ESCPS9743W1Z6,2025-07,10203195.15,15004.87,1836575.11,661421.42,655393.02,1181182.09,0
19ESCPS9743W1Z6,2025-08,9861527.29,17338.29,1775074.91,536043.79,533723.73,1241351.18,0
19ESCPS9743W1Z6,2025-09,10022836.18,17393.41,1804110.5,528337.62,528044.21,1276066.29,0
19ESCPS9743W1Z6,2025-10,10265333.58,24346.37,1847760.03,473423.83,482404.7,1365355.32,0
19ESCPS9743W1Z6,2025-11,9247625.09,18838.19,1664572.54,503373.99,502930.92,1161641.63,0
19ESCPS9743W1Z6,2025-12,7880601.24,21290.8,1418508.23,441575.1,435121.74,983386.49,0
19ESCPS9743W1Z6,2026-01,7399621.46,17907.08,1331931.86,392066.23,389048.45,942883.41,0
19ESCPS9743W1Z6,2026-02,8032227.57,13760.21,1445800.93,410689.86,405516.03,1040284.9,4
19ESCPS9743W1Z6,2026-03,8196710.22,20160.39,1475407.83,430553.1,426193.97,1049213.86,0
09WGMPS6050D1ZL,2025-04,2223582.76,148095.06,266829.93,394741.78,391875.36,0.0,0
09WGMPS6050D1ZL,2025-05,1648518.03,123252.23,197822.17,315481.13,310309.63,0.0,0
09WGMPS6050D1ZL,2025-06,1553235.21,109869.53,186388.25,267532.5,266255.21,0.0,0
09WGMPS6050D1ZL,2025-07,1111441.81,89640.86,133373.01,210288.27,207285.52,0.0,3
09WGMPS6050D1ZL,2025-08,1481997.08,142728.44,177839.64,350566.95,345277.06,0.0,0
09WGMPS6050D1ZL,2025-09,1939210.83,110791.8,232705.31,320343.2,313939.63,0.0,0
09WGMPS6050D1ZL,2025-10,2401688.88,161447.8,288202.67,361168.71,357699.93,0.0,0
09WGMPS6050D1ZL,2025-11,2411200.87,129133.7,289344.09,422014.04,419230.4,0.0,0
09WGMPS6050D1ZL,2025-12,2259461.5,99701.17,271135.38,398945.28,395785.73,0.0,0
09WGMPS6050D1ZL,2026-01,1800156.54,107110.43,216018.79,276799.89,275283.51,0.0,0
09WGMPS6050D1ZL,2026-02,1268844.69,119368.48,152261.38,158140.74,194560.97,0.0,0
09WGMPS6050D1ZL,2026-03,1715333.09,118687.4,205839.98,280266.82,274988.1,0.0,9
09BMJPO2631F1Z1,2025-04,2224845.81,62689.43,622956.83,155731.9,153550.67,469406.16,0
09BMJPO2631F1Z1,2025-05,1475595.57,57612.43,413166.76,84422.91,83601.18,329565.58,0
09BMJPO2631F1Z1,2025-06,1977097.81,54489.67,553587.39,162201.27,160316.93,393270.46,1
09BMJPO2631F1Z1,2025-07,1514558.49,60456.05,424076.37,114034.16,113458.92,310617.45,4
09BMJPO2631F1Z1,2025-08,2105052.74,37692.11,589414.79,159082.62,156168.51,433246.28,0
09BMJPO2631F1Z1,2025-09,1548816.18,56615.11,433668.53,115990.95,114930.32,318738.21,0
09BMJPO2631F1Z1,2025-10,2296890.76,58944.12,643129.41,232750.75,232080.15,411049.26,0
09BMJPO2631F1Z1,2025-11,1972668.89,45518.98,552347.29,153512.9,151203.72,401143.58,7
09BMJPO2631F1Z1,2025-12,1650245.16,74538.81,462068.67,108975.85,112007.6,350061.07,0
09BMJPO2631F1Z1,2026-01,1482042.63,51748.05,414971.92,122021.9,120035.28,294936.65,0
09BMJPO2631F1Z1,2026-02,1358638.36,36162.37,380418.75,108616.84,108229.65,272189.11,0
09BMJPO2631F1Z1,2026-03,2027095.34,53203.55,567586.71,164986.19,205078.2,362508.5,0
33JBSPL9659U1ZY,2025-04,363544.1,39481.76,18177.2,66587.1,71917.26,0.0,3
33JBSPL9659U1ZY,2025-05,455225.34,57204.0,22761.27,72798.95,76420.66,0.0,0
33JBSPL9659U1ZY,2025-06,672321.77,40952.73,33616.09,104196.28,103447.89,0.0,0
33JBSPL9659U1ZY,2025-07,475454.32,47550.76,23772.71,72620.11,71261.29,0.0,0
33JBSPL9659U1ZY,2025-08,468508.99,42309.69,23425.46,61991.39,60961.25,0.0,9
33JBSPL9659U1ZY,2025-09,436813.05,43098.44,21840.65,42063.39,68758.66,0.0,0
33JBSPL9659U1ZY,2025-10,768116.78,91191.51,38405.84,97649.61,97403.37,0.0,0
33JBSPL9659U1ZY,2025-11,574463.34,72060.92,28723.18,92823.76,92744.7,0.0,0
33JBSPL9659U1ZY,2025-12,457800.02,53090.26,22890.0,72836.18,71666.34,0.0,0
33JBSPL9659U1ZY,2026-01,416754.99,45302.78,20837.76,64580.57,64429.67,0.0,0
33JBSPL9659U1ZY,2026-02,440206.88,50017.66,22010.35,63582.94,63001.66,0.0,0
33JBSPL9659U1ZY,2026-03,607673.92,67153.68,30383.69,94461.87,93401.06,0.0,0
07NWBPA0572E1ZT,2025-04,858880.05,280624.64,154598.42,126690.65,126189.67,28408.74,0
07NWBPA0572E1ZT,2025-05,747694.6,214636.82,134585.04,152218.74,151709.3,0.0,0
07NWBPA0572E1ZT,2025-06,807366.62,218696.72,145325.99,82349.49,81657.92,46543.8,0
07NWBPA0572E1ZT,2025-07,814266.62,295754.7,146567.99,113263.46,112092.09,34475.9,0
07NWBPA0572E1ZT,2025-08,821957.16,251629.52,147952.28,150949.23,148040.92,0.0,0
07NWBPA0572E1ZT,2025-09,699273.83,164049.03,125869.3,108529.7,107043.7,18736.96,0
07NWBPA0572E1ZT,2025-10,1056062.72,245003.32,190091.28,84572.18,126863.48,63227.8,0
07NWBPA0572E1ZT,2025-11,912667.3,209724.32,164280.12,145501.45,143203.75,21076.37,0
07NWBPA0572E1ZT,2025-12,806502.23,261850.67,145170.41,121983.18,120505.73,24664.68,10
07NWBPA0572E1ZT,2026-01,839285.55,243295.6,151071.42,93542.46,91850.83,59220.59,0
07NWBPA0572E1ZT,2026-02,704283.59,176261.24,126771.04,88341.97,87624.58,39146.47,0
07NWBPA0572E1ZT,2026-03,835499.44,238262.53,150389.9,84050.9,82666.97,67722.93,0
24FZEFS5623P1ZA,2025-04,306259.59,1732.11,36751.14,26047.13,25939.9,10811.24,0
24FZEFS5623P1ZA,2025-05,604427.59,1429.3,72531.33,53338.83,55634.17,16897.16,0
24FZEFS5623P1ZA,2025-06,1304732.31,1589.34,156567.88,150581.99,147736.5,8831.38,0
24FZEFS5623P1ZA,2025-07,871678.37,1518.1,104601.41,104167.37,104142.05,459.36,0
24FZEFS5623P1ZA,2025-08,1005191.64,1251.89,120622.99,91144.32,89827.89,30795.1,0
24FZEFS5623P1ZA,2025-09,4831165.25,1588.72,579739.84,91449.96,91307.41,488432.42,0
24FZEFS5623P1ZA,2025-10,1464737.58,1458.87,175768.49,110254.64,109465.32,66303.18,0
24FZEFS5623P1ZA,2025-11,927988.93,1502.94,111358.66,109025.73,107748.49,3610.17,0
24FZEFS5623P1ZA,2025-12,1211215.16,1646.05,145345.83,87467.92,86609.75,58736.08,0
24FZEFS5623P1ZA,2026-01,832116.68,1886.43,99853.99,81482.44,81370.08,18483.91,5
24FZEFS5623P1ZA,2026-02,1001715.44,1372.31,120205.87,91321.33,90552.76,29653.1,0
24FZEFS5623P1ZA,2026-03,960339.51,1481.9,115240.75,98391.79,97337.12,17903.63,0
09NOLPH5686Z1Z0,2025-04,1837976.17,1837976.17,91898.81,124125.06,122370.59,0.0,2
09NOLPH5686Z1Z0,2025-05,1698853.86,1698853.86,84942.69,105951.16,105513.57,0.0,0
09NOLPH5686Z1Z0,2025-06,1318762.4,1318762.4,65938.12,145624.13,143884.31,0.0,0
09NOLPH5686Z1Z0,2025-07,1934105.83,1934105.83,96705.29,126176.76,151022.67,0.0,0
09NOLPH5686Z1Z0,2025-08,1689646.68,1689646.68,84482.33,103772.82,102664.31,0.0,7
09NOLPH5686Z1Z0,2025-09,2008242.02,2008242.02,100412.1,149709.9,149552.43,0.0,0
09NOLPH5686Z1Z0,2025-10,2977469.93,2977469.93,148873.5,173167.86,214926.0,0.0,0
09NOLPH5686Z1Z0,2025-11,2289933.31,2289933.31,114496.67,135067.12,133141.42,0.0,0
09NOLPH5686Z1Z0,2025-12,2083430.81,2083430.81,104171.54,121913.42,120883.07,0.0,0
09NOLPH5686Z1Z0,2026-01,1842814.43,1842814.43,92140.72,137683.42,148176.12,0.0,0
09NOLPH5686Z1Z0,2026-02,1831461.28,1831461.28,91573.06,124192.51,121814.53,0.0,0
09NOLPH5686Z1Z0,2026-03,2012973.68,2012973.68,100648.68,208367.67,221554.81,0.0,1
07KTCCH2393F1ZC,2025-04,956151.12,956151.12,47807.56,130104.84,128006.71,0.0,0
07KTCCH2393F1ZC,2025-05,1200994.55,1200994.55,60049.73,134338.18,153255.31,0.0,0
07KTCCH2393F1ZC,2025-06,1158428.08,1158428.08,57921.4,124443.93,123809.33,0.0,25
07KTCCH2393F1ZC,2025-07,930344.14,930344.14,46517.21,105103.58,108532.71,0.0,0
07KTCCH2393F1ZC,2025-08,969579.66,969579.66,48478.98,123776.3,122414.77,0.0,0
07KTCCH2393F1ZC,2025-09,1203805.99,1203805.99,60190.3,113309.31,112951.48,0.0,0
07KTCCH2393F1ZC,2025-10,1636805.55,1636805.55,81840.28,212864.6,211422.83,0.0,0
07KTCCH2393F1ZC,2025-11,1467541.79,1467541.79,73377.09,151745.41,185721.38,0.0,0
07KTCCH2393F1ZC,2025-12,808461.91,808461.91,40423.1,80386.66,80060.24,0.0,0
07KTCCH2393F1ZC,2026-01,1140165.23,1140165.23,57008.26,162016.99,161334.44,0.0,0
07KTCCH2393F1ZC,2026-02,1078820.08,1078820.08,53941.0,153718.68,151293.96,0.0,0
07KTCCH2393F1ZC,2026-03,1176976.47,1176976.47,58848.82,131000.61,128580.16,0.0,0
27QBIFE6057Y1ZS,2025-04,3488508.32,227650.69,976782.33,509896.73,505056.03,471726.3,8
27QBIFE6057Y1ZS,2025-05,5184610.06,272088.99,1451690.84,731295.22,718317.67,733373.16,19
27QBIFE6057Y1ZS,2025-06,4895447.35,242640.85,1370725.28,481858.92,481339.0,889386.28,33
27QBIFE6057Y1ZS,2025-07,4315183.72,233357.88,1208251.46,336788.93,335521.82,872729.63,34
27QBIFE6057Y1ZS,2025-08,4746943.31,237113.77,1329144.12,565203.41,564584.36,764559.76,39
27QBIFE6057Y1ZS,2025-09,5051255.59,305436.78,1414351.59,483660.85,481112.52,933239.07,14
27QBIFE6057Y1ZS,2025-10,5778692.38,237997.6,1618033.88,529182.15,522213.79,1095820.09,30
27QBIFE6057Y1ZS,2025-11,4820286.72,214689.37,1349680.26,698298.93,690930.67,658749.59,44
27QBIFE6057Y1ZS,2025-12,4474445.7,174166.13,1252844.79,349307.08,344913.64,907931.14,26
27QBIFE6057Y1ZS,2026-01,3771509.7,187029.97,1056022.71,406467.03,414373.11,641649.6,27
27QBIFE6057Y1ZS,2026-02,4090941.24,216221.99,1145463.54,427022.65,425798.72,719664.81,15
27QBIFE6057Y1ZS,2026-03,4953640.03,228172.73,1387019.21,590049.86,587592.29,799426.91,11
27UXMCA5894D1ZH,2025-04,3330575.15,15318.62,166528.76,75799.39,75240.8,91287.96,0
27UXMCA5894D1ZH,2025-05,3078234.81,17495.34,153911.73,103996.12,102415.89,51495.84,0
27UXMCA5894D1ZH,2025-06,3842708.68,22657.39,192135.44,82227.4,80840.73,111294.71,0
27UXMCA5894D1ZH,2025-07,3669943.88,17003.92,183497.2,68862.57,67992.65,115504.55,0
27UXMCA5894D1ZH,2025-08,4116689.11,16908.8,205834.46,62569.62,61849.23,143985.23,0
27UXMCA5894D1ZH,2025-09,3775794.95,19214.45,188789.75,60645.49,60498.66,128291.09,0
27UXMCA5894D1ZH,2025-10,5940312.92,19217.32,297015.65,78477.43,77638.24,219377.4,0
27UXMCA5894D1ZH,2025-11,5560902.25,16987.53,278045.13,72486.69,72151.31,205893.82,0
27UXMCA5894D1ZH,2025-12,4437925.84,25743.52,221896.29,93000.45,91791.22,130105.06,0
27UXMCA5894D1ZH,2026-01,4823585.53,18364.97,241179.29,61851.44,60868.23,180311.06,0
27UXMCA5894D1ZH,2026-02,3328450.33,19439.12,166422.52,78054.78,76719.47,89703.05,0
27UXMCA5894D1ZH,2026-03,4728997.48,17993.0,236449.89,68009.82,67120.56,169329.33,0
27SHTPG8301U1ZX,2025-04,1028353.0,114920.77,185103.55,97465.59,97030.72,88072.83,4
27SHTPG8301U1ZX,2025-05,831928.04,83564.62,149747.05,65043.82,64310.93,85436.12,0
27SHTPG8301U1ZX,2025-06,1000909.2,94342.11,180163.63,83208.35,84411.63,95752.0,0
27SHTPG8301U1ZX,2025-07,1046939.97,94899.59,188449.18,62123.69,61543.92,126905.25,0
27SHTPG8301U1ZX,2025-08,1038561.57,121855.36,186941.08,65360.84,64612.04,122329.03,0
27SHTPG8301U1ZX,2025-09,875490.38,92840.92,157588.27,88243.56,87868.14,69720.13,0
27SHTPG8301U1ZX,2025-10,1019670.84,108851.56,183540.75,66730.24,65819.73,117721.02,0
27SHTPG8301U1ZX,2025-11,1262622.49,104739.81,227272.03,109749.81,107889.17,119382.85,4
27SHTPG8301U1ZX,2025-12,1063458.38,116468.01,191422.51,85856.54,108591.2,82831.31,8
27SHTPG8301U1ZX,2026-01,1200322.71,115544.48,216058.1,105172.85,103806.35,112251.75,0
27SHTPG8301U1ZX,2026-02,978894.47,101200.87,176201.03,76510.85,75236.0,100965.03,0
27SHTPG8301U1ZX,2026-03,1138623.0,78860.4,204952.13,88408.46,87864.07,117088.06,21
33CBWFP3783O1Z5,2025-06,1798182.31,3422.23,323672.82,19514.14,19289.97,304382.85,0
33CBWFP3783O1Z5,2025-07,1293874.6,3426.03,232897.45,18037.63,17789.25,215108.19,0
33CBWFP3783O1Z5,2025-08,1557962.34,3901.16,280433.22,16113.36,16058.71,264374.51,0
33CBWFP3783O1Z5,2025-09,1355956.73,3696.98,244072.22,7246.03,11324.1,232748.11,0
33CBWFP3783O1Z5,2025-10,1761973.73,3526.1,317155.27,20602.17,20494.76,296660.51,0
33CBWFP3783O1Z5,2025-11,1844492.35,3593.06,332008.62,17357.97,17296.05,314712.57,0
33CBWFP3783O1Z5,2025-12,1329422.08,3368.65,239295.98,18180.68,18137.75,221158.23,0
33CBWFP3783O1Z5,2026-01,1303289.84,3693.74,234592.17,12583.97,12510.75,222081.42,0
33CBWFP3783O1Z5,2026-02,1334262.19,4484.37,240167.2,16216.1,16065.49,224101.71,5
33CBWFP3783O1Z5,2026-03,1379924.75,3024.2,248386.45,15948.56,15907.81,232478.63,0
27GNOFT2835Y1ZY,2025-04,539489.64,539489.64,97108.14,29220.72,29116.78,67991.36,0
27GNOFT2835Y1ZY,2025-05,919025.51,919025.51,165424.59,65355.99,64684.44,100740.15,20
27GNOFT2835Y1ZY,2025-06,615216.79,615216.79,110739.02,47334.37,46655.38,64083.64,0
27GNOFT2835Y1ZY,2025-07,886034.31,886034.31,159486.18,68613.56,67798.98,91687.2,0
27GNOFT2835Y1ZY,2025-08,780442.59,780442.59,140479.67,69366.81,74557.98,65921.69,0
27GNOFT2835Y1ZY,2025-09,621998.77,621998.77,111959.78,52068.02,51177.99,60781.79,0
27GNOFT2835Y1ZY,2025-10,1169573.84,1169573.84,210523.29,94580.21,94579.04,115944.25,8
27GNOFT2835Y1ZY,2025-11,1338602.3,1338602.3,240948.41,127360.03,124816.18,116132.24,4
27GNOFT2835Y1ZY,2025-12,906587.84,906587.84,163185.81,107316.78,115193.61,47992.2,0
27GNOFT2835Y1ZY,2026-01,666761.94,666761.94,120017.15,56500.06,56035.82,63981.33,0
27GNOFT2835Y1ZY,2026-02,647127.23,647127.23,116482.9,45990.67,45497.29,70985.61,0
27GNOFT2835Y1ZY,2026-03,840614.51,840614.51,151310.61,69377.05,68563.51,82747.1,0
29TTVFC1997C1ZB,2025-04,2452852.73,77939.09,686798.76,148878.95,192644.31,494154.45,0
29TTVFC1997C1ZB,2025-05,2117542.93,98671.78,592912.03,229327.22,226245.84,366666.19,0
29TTVFC1997C1ZB,2025-06,1598558.79,132279.58,447596.47,132086.15,131906.17,315690.3,0
29TTVFC1997C1ZB,2025-07,1368457.69,77586.86,383168.17,146359.58,143641.27,239526.9,0
29TTVFC1997C1ZB,2025-08,1564106.3,99942.53,437949.76,75015.01,74046.02,363903.73,1
29TTVFC1997C1ZB,2025-09,1787050.85,99462.81,500374.21,92039.61,90510.3,409863.91,0
29TTVFC1997C1ZB,2025-10,1832530.87,104727.83,513108.64,91918.65,90172.49,422936.15,0
29TTVFC1997C1ZB,2025-11,1808635.8,86816.42,506418.03,76739.38,75367.2,431050.83,0
29TTVFC1997C1ZB,2025-12,1100682.18,80999.09,308191.01,65954.87,65182.08,243008.93,0
29TTVFC1997C1ZB,2026-01,1284495.79,81566.2,359658.82,71938.83,71017.28,288641.54,0
29TTVFC1997C1ZB,2026-02,1646672.61,122467.37,461068.34,75418.35,73969.98,387098.36,0
29TTVFC1997C1ZB,2026-03,1430452.84,86556.87,400526.79,88021.33,87082.73,313444.06,0
09LRTFJ9410F1ZQ,2025-04,1630544.65,103024.61,195665.36,227752.66,227723.0,0.0,3
09LRTFJ9410F1ZQ,2025-05,1802333.37,106420.18,216279.99,249004.77,244030.97,0.0,0
09LRTFJ9410F1ZQ,2025-06,1325245.37,91546.88,159029.45,200149.37,196599.85,0.0,0
09LRTFJ9410F1ZQ,2025-07,1900625.57,141206.66,228075.06,259842.01,257652.59,0.0,0
09LRTFJ9410F1ZQ,2025-08,1444354.9,109276.34,173322.59,150522.31,148353.96,0.0,0
09LRTFJ9410F1ZQ,2025-09,1438593.78,125512.29,172631.27,159301.61,157534.11,0.0,0
09LRTFJ9410F1ZQ,2025-10,1486883.05,166247.89,178425.97,188961.11,185844.33,0.0,0
09LRTFJ9410F1ZQ,2025-11,1967559.18,146004.16,236107.09,286985.11,297354.47,0.0,0
09LRTFJ9410F1ZQ,2025-12,1275667.45,85259.04,153080.08,173129.74,172868.59,0.0,0
09LRTFJ9410F1ZQ,2026-01,1157352.74,77333.42,138882.33,125055.36,124673.22,0.0,0
09LRTFJ9410F1ZQ,2026-02,1268679.27,128834.19,152241.53,173991.97,172734.21,0.0,9
09LRTFJ9410F1ZQ,2026-03,1447118.37,124239.5,173654.21,144514.22,141624.37,0.0,0
07QYNPA6711H1Z3,2025-04,1113444.35,1113444.35,55672.22,106989.85,106303.48,0.0,0
07QYNPA6711H1Z3,2025-05,1075998.76,1075998.76,53799.94,126202.89,126122.37,0.0,0
07QYNPA6711H1Z3,2025-06,1036865.52,1036865.52,51843.28,104817.25,103384.78,0.0,0
07QYNPA6711H1Z3,2025-07,1142134.27,1142134.27,57106.71,122912.19,122915.52,0.0,0
07QYNPA6711H1Z3,2025-08,1083845.39,1083845.39,54192.27,117458.07,116837.98,0.0,5
07QYNPA6711H1Z3,2025-09,1153848.46,1153848.46,57692.42,113813.44,112119.84,0.0,0
07QYNPA6711H1Z3,2025-10,1551919.25,1551919.25,77595.96,207159.87,203270.07,0.0,6
07QYNPA6711H1Z3,2025-11,1761672.11,1761672.11,88083.61,178882.32,177663.71,0.0,0
07QYNPA6711H1Z3,2025-12,1171486.39,1171486.39,58574.32,130877.52,129709.82,0.0,0
07QYNPA6711H1Z3,2026-01,1130670.39,1130670.39,56533.52,121086.98,125641.04,0.0,0
07QYNPA6711H1Z3,2026-02,1122420.5,1122420.5,56121.03,112818.71,110679.54,0.0,8
07QYNPA6711H1Z3,2026-03,1425875.3,1425875.3,71293.76,193942.08,192765.78,0.0,2
19ASJCN2330U1ZQ,2025-04,7755650.68,7755650.68,387782.53,785848.8,776062.85,0.0,0
19ASJCN2330U1ZQ,2025-05,8245312.6,8245312.6,412265.63,1129137.39,1156216.23,0.0,1
19ASJCN2330U1ZQ,2025-06,8217074.73,8217074.73,410853.74,952358.47,1099715.53,0.0,1
19ASJCN2330U1ZQ,2025-07,7712466.42,7712466.42,385623.32,988146.98,977140.58,0.0,0
19ASJCN2330U1ZQ,2025-08,8989174.21,8989174.21,449458.71,1249841.12,1248971.26,0.0,0
19ASJCN2330U1ZQ,2025-09,9154037.51,9154037.51,457701.88,664714.38,658337.11,0.0,0
19ASJCN2330U1ZQ,2025-10,11522715.96,11522715.96,576135.8,829831.45,835018.91,0.0,0
19ASJCN2330U1ZQ,2025-11,9087280.55,9087280.55,454364.03,692123.09,689391.28,0.0,0
19ASJCN2330U1ZQ,2025-12,9044482.32,9044482.32,452224.12,673743.25,667767.39,0.0,0
19ASJCN2330U1ZQ,2026-01,9349281.53,9349281.53,467464.08,661154.98,659156.81,0.0,0
19ASJCN2330U1ZQ,2026-02,9631547.71,9631547.71,481577.39,590307.5,588389.02,0.0,0
19ASJCN2330U1ZQ,2026-03,10782770.28,10782770.28,539138.51,665230.03,654609.18,0.0,0
29CYPPX9141B1ZS,2025-04,5592815.47,210779.24,671137.84,1002237.59,982483.85,0.0,0
29CYPPX9141B1ZS,2025-05,4704278.02,256758.86,564513.35,875754.69,870355.65,0.0,0
29CYPPX9141B1ZS,2025-06,4373422.05,189181.12,524810.64,607958.67,605152.6,0.0,0
29CYPPX9141B1ZS,2025-07,4816652.69,183126.33,577998.34,670365.03,700064.38,0.0,2
29CYPPX9141B1ZS,2025-08,4259215.64,227312.37,511105.88,514641.53,559959.35,0.0,0
29CYPPX9141B1ZS,2025-09,4415574.61,230735.97,529868.95,978311.99,965742.43,0.0,0
29CYPPX9141B1ZS,2025-10,8688448.3,295639.79,1042613.78,1574164.93,1669366.54,0.0,0
29CYPPX9141B1ZS,2025-11,7685890.64,358624.07,922306.87,1588509.54,1567769.9,0.0,0
29CYPPX9141B1ZS,2025-12,5547061.57,289852.25,665647.39,994010.22,1045727.04,0.0,0
29CYPPX9141B1ZS,2026-01,4117351.79,197641.08,494082.21,663789.13,652458.18,0.0,0
29CYPPX9141B1ZS,2026-02,4212436.58,271435.86,505492.38,677198.58,664402.26,0.0,0
29CYPPX9141B1ZS,2026-03,4731462.3,174700.47,567775.47,861807.12,850683.68,0.0,0
09BPYFR9057Q1ZT,2025-08,735937.26,56553.47,132468.7,103015.19,101288.99,31179.72,0
09BPYFR9057Q1ZT,2025-09,728148.61,71755.56,131066.74,100882.71,99257.35,31809.4,0
09BPYFR9057Q1ZT,2025-10,1148854.06,109809.57,206793.72,162907.57,161979.35,44814.38,0
09BPYFR9057Q1ZT,2025-11,1076471.22,86793.45,193764.81,191834.86,189250.59,4514.22,0
09BPYFR9057Q1ZT,2025-12,703723.89,71112.75,126670.31,111728.0,109870.32,16799.99,0
09BPYFR9057Q1ZT,2026-01,735237.14,68028.67,132342.69,151684.03,151470.48,0.0,5
09BPYFR9057Q1ZT,2026-02,796722.43,72184.69,143410.04,95663.51,94197.81,30084.45,0
09BPYFR9057Q1ZT,2026-03,827232.18,63071.03,148901.8,110349.65,108555.67,40346.13,0
19VJUCQ2941Z1ZQ,2025-04,1760392.0,36903.5,492909.76,229021.47,224545.42,268364.34,0
19VJUCQ2941Z1ZQ,2025-05,1159217.07,36551.46,324580.79,123001.58,122783.97,201796.82,0
19VJUCQ2941Z1ZQ,2025-06,1492096.75,40114.51,417787.08,201219.97,199898.95,217888.13,0
19VJUCQ2941Z1ZQ,2025-07,1745007.35,35147.26,488602.05,208909.67,207549.32,281052.73,0
19VJUCQ2941Z1ZQ,2025-08,1803627.25,42214.8,505015.63,284931.08,284582.42,220433.21,0
19VJUCQ2941Z1ZQ,2025-09,1273269.72,39427.33,356515.52,173382.27,172178.77,184336.75,0
19VJUCQ2941Z1ZQ,2025-10,2351329.36,35635.62,658372.22,366411.07,359507.55,298864.67,0
19VJUCQ2941Z1ZQ,2025-11,2303657.7,47782.85,645024.17,310254.27,306542.26,338481.91,0
19VJUCQ2941Z1ZQ,2025-12,1709936.85,40312.32,478782.32,285727.46,282118.21,196664.11,0
19VJUCQ2941Z1ZQ,2026-01,1387298.73,42972.48,388443.65,177563.92,176165.1,212278.54,0
19VJUCQ2941Z1ZQ,2026-02,2035491.84,48348.16,569937.71,220183.56,219049.24,350888.47,0
19VJUCQ2941Z1ZQ,2026-03,1786006.63,48229.3,500081.85,222947.59,220076.54,280005.31,0
09AUNPI5045I1ZB,2025-04,3743042.24,13022.29,187152.11,73329.94,72467.69,114684.43,6
09AUNPI5045I1ZB,2025-05,3302456.03,17464.73,165122.81,90648.17,90472.83,74649.97,0
09AUNPI5045I1ZB,2025-06,3251761.5,11933.7,162588.08,76790.56,76524.36,86063.71,0
09AUNPI5045I1ZB,2025-07,4987620.62,14309.18,249381.03,70366.51,69772.21,179608.82,0
09AUNPI5045I1ZB,2025-08,5398280.04,14096.66,269913.98,55808.02,55746.13,214167.86,0
09AUNPI5045I1ZB,2025-09,4435463.77,12751.8,221773.19,53000.81,52097.71,169675.48,0
09AUNPI5045I1ZB,2025-10,7520682.62,15105.48,376034.15,77313.71,76684.07,299350.08,0
09AUNPI5045I1ZB,2025-11,7198463.58,17567.38,359923.19,61210.38,60984.5,298938.69,7
09AUNPI5045I1ZB,2025-12,5446403.18,17403.12,272320.17,66182.62,66014.22,206305.95,0
09AUNPI5045I1ZB,2026-01,4613426.61,16087.42,230671.33,62138.33,79723.2,150948.14,9
09AUNPI5045I1ZB,2026-02,4628742.19,11190.89,231437.09,55740.29,54845.65,176591.44,0
09AUNPI5045I1ZB,2026-03,4878234.64,11811.76,243911.71,63753.53,63498.91,180412.8,0
29OSZPA2224W1ZC,2025-04,5091648.72,166980.06,916496.77,305121.73,323378.81,593117.96,8
29OSZPA2224W1ZC,2025-05,5329231.11,214784.65,959261.6,389598.91,389377.49,569884.11,0
29OSZPA2224W1ZC,2025-06,5419291.33,223566.12,975472.47,403513.91,408690.89,566781.58,26
29OSZPA2224W1ZC,2025-07,4841841.9,231376.0,871531.53,249189.9,279176.08,592355.45,0
29OSZPA2224W1ZC,2025-08,4230729.08,220412.69,761531.23,304360.09,303306.93,458224.3,0
29OSZPA2224W1ZC,2025-09,4002149.23,195642.38,720386.87,329750.36,358982.54,361404.33,0
29OSZPA2224W1ZC,2025-10,4924196.7,251719.53,886355.38,360051.85,356366.8,529988.58,0
29OSZPA2224W1ZC,2025-11,5814993.66,228004.68,1046698.86,345955.26,340127.92,706570.95,24
29OSZPA2224W1ZC,2025-12,4536573.05,245623.98,816583.12,344869.97,341176.89,475406.22,0
29OSZPA2224W1ZC,2026-01,3966965.23,247946.48,714053.72,352229.76,351990.0,362063.72,0
29OSZPA2224W1ZC,2026-02,4352722.94,195719.0,783490.11,350104.79,360529.97,422960.14,0
29OSZPA2224W1ZC,2026-03,5473650.14,211389.38,985257.02,365998.43,365789.54,619467.48,0
07ROQPT4835E1Z1,2025-04,8385347.3,15708.29,1509362.53,211976.21,210814.64,1298547.9,0
07ROQPT4835E1Z1,2025-05,11285097.17,14310.12,2031317.47,241388.13,238951.27,1792366.2,0
07ROQPT4835E1Z1,2025-06,10761709.99,15189.04,1937107.79,282774.55,278856.04,1658251.75,0
07ROQPT4835E1Z1,2025-07,8863545.48,15855.85,1595438.17,218440.71,216496.84,1378941.34,6
07ROQPT4835E1Z1,2025-08,8663090.19,18371.89,1559356.22,184828.08,182018.02,1377338.2,0
07ROQPT4835E1Z1,2025-09,9151446.56,17581.74,1647260.36,226852.9,222501.21,1424759.15,0
07ROQPT4835E1Z1,2025-10,11907794.71,21413.97,2143403.03,204853.99,202805.68,1940597.36,0
07ROQPT4835E1Z1,2025-11,11572197.18,18017.76,2082995.53,252827.79,286260.53,1796734.99,0
07ROQPT4835E1Z1,2025-12,9147545.13,17354.49,1646558.11,233288.58,229737.32,1416820.79,0
07ROQPT4835E1Z1,2026-01,9907851.2,15553.3,1783413.2,245982.47,263861.98,1519551.22,20
07ROQPT4835E1Z1,2026-02,8175383.97,13937.56,1471569.11,231327.24,228774.41,1242794.7,0
07ROQPT4835E1Z1,2026-03,10860306.66,14950.18,1954855.19,177515.7,174994.15,1779861.04,0
27EFLCC4876X1ZW,2025-04,4274003.11,70131.47,213700.16,76808.43,76047.23,137652.93,0
27EFLCC4876X1ZW,2025-05,4154775.84,54534.34,207738.8,99005.99,97041.53,110697.27,0
27EFLCC4876X1ZW,2025-06,3932949.07,96228.11,196647.47,107875.64,107615.79,89031.67,9
27EFLCC4876X1ZW,2025-07,4023528.55,55896.73,201176.44,77640.4,77524.51,123651.93,4
27EFLCC4876X1ZW,2025-08,4411871.96,65048.85,220593.59,70355.26,69644.27,150949.32,9
27EFLCC4876X1ZW,2025-09,4220369.07,57741.1,211018.46,49963.16,49126.0,161892.45,6
27EFLCC4876X1ZW,2025-10,7072787.46,57753.09,353639.37,82828.17,1062169.44,0.0,0
27EFLCC4876X1ZW,2025-11,6187928.08,63039.06,309396.4,68181.42,67233.63,0.0,0
27EFLCC4876X1ZW,2025-12,4498906.57,74217.48,224945.34,91353.06,90933.64,0.0,10
27EFLCC4876X1ZW,2026-01,4006797.8,81871.99,200339.9,85283.15,84904.57,0.0,6
27EFLCC4876X1ZW,2026-02,3721868.02,63666.08,186093.37,68489.67,67377.29,0.0,5
27EFLCC4876X1ZW,2026-03,5380349.54,57977.54,269017.49,45074.38,44855.01,125958.3,0
36ACDPM6827R1ZV,2025-04,1397953.0,373518.79,251631.54,81828.63,81475.74,170155.81,0
36ACDPM6827R1ZV,2025-05,1446747.62,388515.61,260414.56,71542.74,70617.53,189797.03,0
36ACDPM6827R1ZV,2025-06,1015679.47,338751.19,182822.31,89681.48,89198.52,93623.8,0
36ACDPM6827R1ZV,2025-07,1378616.52,419347.91,248150.98,56057.94,55381.26,192769.73,0
36ACDPM6827R1ZV,2025-08,900099.7,399466.78,162017.95,75478.94,74159.96,87857.99,15
36ACDPM6827R1ZV,2025-09,819872.26,351034.19,147577.0,63707.11,68247.69,79329.32,0
36ACDPM6827R1ZV,2025-10,1096637.87,428060.34,197394.8,63227.77,62500.78,134894.02,10
36ACDPM6827R1ZV,2025-11,1053930.21,374953.72,189707.43,71648.47,70471.55,119235.88,0
36ACDPM6827R1ZV,2025-12,722758.72,323256.35,130096.58,67509.2,66570.65,63525.93,0
36ACDPM6827R1ZV,2026-01,881002.94,394135.52,158580.52,50974.73,50224.98,108355.54,6
36ACDPM6827R1ZV,2026-02,1013797.27,387417.54,182483.53,52389.83,51734.59,130748.94,0
36ACDPM6827R1ZV,2026-03,1128330.55,431823.47,203099.49,71334.31,70332.52,132766.97,0
36JWXFY3259X1ZY,2025-04,3070459.83,184255.41,368455.18,428130.06,425531.61,0.0,0
36JWXFY3259X1ZY,2025-05,1878467.35,197301.87,225416.07,227157.25,224931.14,0.0,0
36JWXFY3259X1ZY,2025-06,2319597.88,250111.91,278351.74,211020.28,207560.73,14199.51,2
36JWXFY3259X1ZY,2025-07,2125224.64,177221.8,255026.97,217685.14,215736.47,39290.5,0
36JWXFY3259X1ZY,2025-08,1739495.21,185525.59,208739.43,193895.68,196299.34,12440.09,0
36JWXFY3259X1ZY,2025-09,2016221.54,249914.71,241946.59,191383.94,188984.12,52962.46,0
36JWXFY3259X1ZY,2025-10,2973997.15,345663.95,356879.66,306916.59,306128.97,50750.69,0
36JWXFY3259X1ZY,2025-11,2362746.59,280432.21,283529.6,259073.74,255793.9,27735.69,4
36JWXFY3259X1ZY,2025-12,1730916.9,214087.47,207710.02,163902.4,162780.72,44929.3,0
36JWXFY3259X1ZY,2026-01,2032237.91,184929.08,243868.53,175030.04,189824.98,54043.55,0
36JWXFY3259X1ZY,2026-02,2151709.08,247958.78,258205.09,219752.31,217204.83,41000.27,0
36JWXFY3259X1ZY,2026-03,2340348.09,234950.51,280841.77,248391.36,245743.7,35098.07,0
29MPFPG8317S1ZS,2025-04,1406090.35,329302.53,253096.26,205855.12,204218.91,48877.35,0
29MPFPG8317S1ZS,2025-05,1736084.94,378108.81,312495.29,274658.85,271588.75,40906.54,0
29MPFPG8317S1ZS,2025-06,1654687.68,450402.7,297843.8,333541.59,330690.44,0.0,0
29MPFPG8317S1ZS,2025-07,1455203.96,394663.75,261936.72,217725.55,215750.42,13339.64,0
29MPFPG8317S1ZS,2025-08,1858672.1,356497.64,334560.98,206264.6,203378.53,131182.45,0
29MPFPG8317S1ZS,2025-09,1457736.15,291710.42,262392.52,195531.72,193278.92,69113.59,6
29MPFPG8317S1ZS,2025-10,2328143.82,415460.88,419065.88,336084.65,333957.48,85108.4,0
29MPFPG8317S1ZS,2025-11,2362761.4,694517.48,425297.07,397529.09,403804.37,21492.7,0
29MPFPG8317S1ZS,2025-12,1474327.63,394635.41,265378.97,259129.79,257015.27,8363.7,3
29MPFPG8317S1ZS,2026-01,1584620.25,345182.96,285231.65,211950.14,261539.07,23692.58,0
29MPFPG8317S1ZS,2026-02,1497584.95,397066.63,269565.29,220038.65,223939.21,45626.08,0
29MPFPG8317S1ZS,2026-03,1385792.43,375889.94,249442.64,172767.33,171333.13,78109.51,0
29KTBFL9923K1ZG,2025-04,828504.04,828504.04,41425.2,79718.35,79589.9,0.0,0
29KTBFL9923K1ZG,2025-05,877596.17,877596.17,43879.81,97636.46,96000.35,0.0,0
29KTBFL9923K1ZG,2025-06,1098063.95,1098063.95,54903.2,88388.85,88200.28,0.0,0
29KTBFL9923K1ZG,2025-07,915390.28,915390.28,45769.51,105917.46,104251.16,0.0,0
29KTBFL9923K1ZG,2025-08,1073818.76,1073818.76,53690.94,108911.95,108798.82,0.0,0
29KTBFL9923K1ZG,2025-09,894194.72,894194.72,44709.74,104814.49,104069.16,0.0,0
29KTBFL9923K1ZG,2025-10,1235656.36,1235656.36,61782.82,167664.52,164574.35,0.0,0
29KTBFL9923K1ZG,2025-11,1731068.77,1731068.77,86553.44,150483.82,147786.77,0.0,6
29KTBFL9923K1ZG,2025-12,1099335.46,1099335.46,54966.77,120030.95,119703.66,0.0,0
29KTBFL9923K1ZG,2026-01,985027.97,985027.97,49251.4,86223.44,86004.96,0.0,0
29KTBFL9923K1ZG,2026-02,957694.09,957694.09,47884.7,95577.2,94340.06,0.0,0
29KTBFL9923K1ZG,2026-03,1483604.18,1483604.18,74180.21,154977.78,154014.58,0.0,0
24MHPFO4234M1Z6,2025-04,742737.72,175793.07,133692.78,141897.61,141518.46,0.0,0
24MHPFO4234M1Z6,2025-05,716215.84,186945.93,128918.85,134420.3,132410.36,0.0,0
24MHPFO4234M1Z6,2025-06,631012.15,176878.77,113582.18,131351.59,128764.34,0.0,0
24MHPFO4234M1Z6,2025-07,629327.21,241539.57,113278.89,104323.26,103739.72,0.0,5
24MHPFO4234M1Z6,2025-08,601354.28,201489.4,108243.77,112364.76,111864.82,0.0,0
24MHPFO4234M1Z6,2025-09,596408.35,192569.18,107353.51,151818.19,149151.44,0.0,0
24MHPFO4234M1Z6,2025-10,805149.34,258943.95,144926.88,153776.73,150807.91,0.0,0
24MHPFO4234M1Z6,2025-11,847778.22,289807.94,152600.08,184868.62,218569.57,0.0,0
24MHPFO4234M1Z6,2025-12,622825.0,175304.54,112108.51,122178.9,122066.38,0.0,6
24MHPFO4234M1Z6,2026-01,663868.87,174226.0,119496.39,150318.21,149545.99,0.0,0
24MHPFO4234M1Z6,2026-02,605387.92,215758.05,108969.82,132402.45,130782.58,0.0,0
24MHPFO4234M1Z6,2026-03,691246.62,234188.37,124424.4,86747.76,85340.16,0.0,0
33JGTPR1245E1Z4,2025-04,1724725.54,1724725.54,206967.06,144186.58,143353.46,63613.61,0
33JGTPR1245E1Z4,2025-05,1389552.4,1389552.4,166746.29,79042.65,113047.43,53698.86,0
33JGTPR1245E1Z4,2025-06,1734308.39,1734308.39,208117.01,131885.73,131849.79,76267.22,0
33JGTPR1245E1Z4,2025-07,1457491.03,1457491.03,174898.92,113010.23,111339.07,63559.86,0
33JGTPR1245E1Z4,2025-08,1614904.99,1614904.99,193788.6,130290.99,136932.94,56855.65,0
33JGTPR1245E1Z4,2025-09,1493717.3,1493717.3,179246.08,125131.86,123663.67,55582.4,10
33JGTPR1245E1Z4,2025-10,2441420.46,2441420.46,292970.45,193358.86,191529.74,101440.71,7
33JGTPR1245E1Z4,2025-11,2498226.62,2498226.62,299787.19,185548.88,181883.36,117903.84,0
33JGTPR1245E1Z4,2025-12,1736790.15,1736790.15,208414.82,172644.98,169549.07,38865.75,0
33JGTPR1245E1Z4,2026-01,1357245.27,1357245.27,162869.43,99635.22,99199.11,63670.32,0
33JGTPR1245E1Z4,2026-02,1368954.69,1368954.69,164274.56,98018.67,97937.33,66337.23,0
33JGTPR1245E1Z4,2026-03,1924449.98,1924449.98,230934.0,177411.76,174583.37,56350.63,0
29KSVFO7045X1ZC,2025-04,1404510.62,13710.63,70225.52,44573.71,44419.09,25806.43,0
29KSVFO7045X1ZC,2025-05,1057809.05,15098.52,52890.45,49033.91,48533.85,4356.6,0
29KSVFO7045X1ZC,2025-06,1237351.7,15430.67,61867.58,35649.6,35545.13,26322.46,0
29KSVFO7045X1ZC,2025-07,687977.71,13758.41,34398.89,36161.42,35941.14,0.0,0
29KSVFO7045X1ZC,2025-08,853175.3,14487.76,42658.77,39995.58,39447.7,1668.82,0
29KSVFO7045X1ZC,2025-09,1182469.65,14910.11,59123.48,47604.44,55018.67,4104.8,0
29KSVFO7045X1ZC,2025-10,1829497.58,14673.63,91474.89,33427.37,33167.71,58307.18,0
29KSVFO7045X1ZC,2025-11,932780.02,12134.96,46639.0,33965.81,33378.41,13260.59,0
29KSVFO7045X1ZC,2025-12,1367173.73,12320.38,68358.7,36684.51,36661.95,31696.75,0
29KSVFO7045X1ZC,2026-01,986089.55,13060.89,49304.48,131135.73,129558.63,0.0,0
29KSVFO7045X1ZC,2026-02,917554.34,12266.98,45877.72,26384.32,26058.04,0.0,0
29KSVFO7045X1ZC,2026-03,1297514.42,10934.75,64875.74,32733.91,32337.87,0.0,0
19KONPN9823R1ZF,2025-04,971735.69,33262.92,116608.28,64984.64,64520.29,52087.99,0
19KONPN9823R1ZF,2025-05,1087785.05,40703.78,130534.2,97081.5,95442.03,35092.17,0
19KONPN9823R1ZF,2025-06,1062805.73,25194.15,127536.69,124559.26,123951.33,3585.35,0
19KONPN9823R1ZF,2025-07,936622.21,36525.94,112394.67,79223.06,78104.44,34290.23,0
19KONPN9823R1ZF,2025-08,1094057.62,21970.74,131286.93,118845.9,118323.36,12963.57,0
19KONPN9823R1ZF,2025-09,1205070.16,39472.02,144608.4,109809.26,108413.71,36194.69,0
19KONPN9823R1ZF,2025-10,1444154.52,23573.07,173298.56,135291.01,135087.84,38210.72,0
19KONPN9823R1ZF,2025-11,1299980.93,46154.51,155997.71,131012.99,130014.86,25982.85,0
19KONPN9823R1ZF,2025-12,3909539.69,30206.9,469144.76,111581.23,110699.16,358445.6,0
19KONPN9823R1ZF,2026-01,999615.27,38864.95,119953.82,106871.37,105503.83,14449.99,0
19KONPN9823R1ZF,2026-02,1076162.74,37681.11,129139.53,111230.16,110398.31,18741.22,0
19KONPN9823R1ZF,2026-03,1369781.49,29995.94,164373.78,125931.52,123820.36,40553.42,0
24LUEPB5270O1Z9,2025-04,5348624.92,8619.31,962752.5,76789.48,75783.41,886969.08,0
24LUEPB5270O1Z9,2025-05,5848380.1,6894.73,1052708.39,81442.15,80102.77,972605.62,3
24LUEPB5270O1Z9,2025-06,5562315.78,8584.16,1001216.84,85612.83,85582.56,915634.28,9
24LUEPB5270O1Z9,2025-07,4633771.12,8366.28,834078.79,67375.0,66918.6,767160.19,0
24LUEPB5270O1Z9,2025-08,4912592.03,6156.68,884266.54,99694.03,99430.27,784836.28,0
24LUEPB5270O1Z9,2025-09,5560698.44,10537.86,1000925.7,75012.64,74195.05,926730.64,0
24LUEPB5270O1Z9,2025-10,8807470.2,10023.76,1585344.64,82477.36,81184.61,1504160.03,0
24LUEPB5270O1Z9,2025-11,8318950.26,7140.28,1497411.05,102596.91,102295.62,1395115.43,0
24LUEPB5270O1Z9,2025-12,5645875.82,6803.74,1016257.64,82644.1,81472.9,934784.75,9
24LUEPB5270O1Z9,2026-01,5283214.11,8331.51,950978.55,62073.3,60882.11,890096.44,0
24LUEPB5270O1Z9,2026-02,5822923.09,6501.01,1048126.15,55356.44,55340.5,992785.65,0
24LUEPB5270O1Z9,2026-03,6522297.73,9879.67,1174013.61,78021.02,77220.16,1096793.45,0
36SNVCC0584U1Z9,2025-04,2726033.44,130099.3,490686.01,303153.17,312089.65,178596.36,0
36SNVCC0584U1Z9,2025-05,3645605.54,284691.24,656208.98,302056.52,296789.29,359419.69,0
36SNVCC0584U1Z9,2025-06,3154463.3,200386.76,567803.41,350348.82,348163.19,219640.22,0
36SNVCC0584U1Z9,2025-07,2132337.24,188996.71,383820.71,188686.23,187931.98,195888.73,0
36SNVCC0584U1Z9,2025-08,2450169.72,193061.12,441030.56,304078.95,298349.96,142680.6,0
36SNVCC0584U1Z9,2025-09,2177527.72,149382.48,391954.99,256704.28,255594.45,136360.54,0
36SNVCC0584U1Z9,2025-10,2948958.82,164347.0,530812.59,279616.95,278101.45,252711.14,0
36SNVCC0584U1Z9,2025-11,2720077.84,240497.66,489614.01,315315.25,310771.73,178842.27,0
36SNVCC0584U1Z9,2025-12,2417291.38,204376.31,435112.46,241473.67,240114.3,194998.17,0
36SNVCC0584U1Z9,2026-01,1952642.21,165119.79,351475.59,197725.64,195163.26,156312.33,0
36SNVCC0584U1Z9,2026-02,2291631.98,154036.34,412493.76,336849.82,331746.13,80747.64,0
36SNVCC0584U1Z9,2026-03,2451334.49,171375.44,441240.22,309875.7,306369.2,134871.02,4
27BVVFZ2127F1ZK,2025-04,1686986.7,32784.77,202438.39,122584.97,122284.86,80153.53,0
27BVVFZ2127F1ZK,2025-05,1479633.61,36899.57,177556.03,101035.25,99809.58,77746.45,0
27BVVFZ2127F1ZK,2025-06,1336618.69,54151.27,160394.25,79843.83,79241.28,81152.97,4
27BVVFZ2127F1ZK,2025-07,1364459.6,48883.59,163735.15,106178.75,105709.15,58026.0,0
27BVVFZ2127F1ZK,2025-08,1465927.94,54563.24,175911.37,90549.48,103310.71,72600.66,0
27BVVFZ2127F1ZK,2025-09,1612928.41,42834.12,193551.42,120907.99,118575.82,74975.6,0
27BVVFZ2127F1ZK,2025-10,2265805.16,41445.54,271896.6,152942.99,150946.6,120950.01,0
27BVVFZ2127F1ZK,2025-11,2126309.72,35469.64,255157.17,151261.73,150482.43,104674.74,6
27BVVFZ2127F1ZK,2025-12,1544477.16,45071.77,185337.25,118842.08,116837.48,68499.77,0
27BVVFZ2127F1ZK,2026-01,1331261.14,41528.43,159751.35,77493.91,76534.04,83217.31,24
27BVVFZ2127F1ZK,2026-02,1374328.68,41289.27,164919.44,95261.12,93773.04,71146.4,0
27BVVFZ2127F1ZK,2026-03,1464367.45,54516.93,175724.1,98530.15,96960.72,78763.38,0
07IFTCR2675P1ZU,2025-04,5265439.61,41235.54,947779.13,502578.76,497706.18,450072.95,0
07IFTCR2675P1ZU,2025-05,5601184.16,51707.05,1008213.16,400535.66,400068.42,608144.74,0
07IFTCR2675P1ZU,2025-06,5958403.87,46619.78,1072512.7,480758.47,477523.66,594989.04,0
07IFTCR2675P1ZU,2025-07,12303952.34,41515.26,2214711.41,1448001.55,1423249.22,791462.19,0
07IFTCR2675P1ZU,2025-08,12574748.47,45949.2,2263454.74,1655085.87,1643509.36,619945.38,0
07IFTCR2675P1ZU,2025-09,10615385.95,30865.12,1910769.47,1488894.11,1469175.62,441593.85,5
07IFTCR2675P1ZU,2025-10,13462983.34,38257.06,2423336.98,1668111.28,1645797.62,777539.36,0
07IFTCR2675P1ZU,2025-11,12400546.66,43807.18,2232098.38,1561127.16,1535501.01,696597.37,0
07IFTCR2675P1ZU,2025-12,11150200.44,49596.96,2007036.1,1478422.75,1449928.84,557107.27,0
07IFTCR2675P1ZU,2026-01,12276429.66,43232.39,2209757.36,1588282.55,1564970.08,644787.28,0
07IFTCR2675P1ZU,2026-02,12027010.02,52214.51,2164861.78,1525684.66,1510821.53,654040.26,3
07IFTCR2675P1ZU,2026-03,13823013.11,47789.96,2488142.34,1504873.2,1487825.54,1000316.8,0
19ZAMPP0456D1ZY,2025-04,3326727.39,3326727.39,598810.93,273900.77,273493.71,325317.22,30
19ZAMPP0456D1ZY,2025-05,3378708.17,3378708.17,608167.47,204662.22,204654.27,403513.2,37
19ZAMPP0456D1ZY,2025-06,2926295.54,2926295.54,526733.2,238421.24,235616.54,291116.66,31
19ZAMPP0456D1ZY,2025-07,3464940.24,3464940.24,623689.24,226706.8,224028.98,399660.26,33
19ZAMPP0456D1ZY,2025-08,3925004.54,3925004.54,706500.82,313206.67,307630.04,398870.77,30
19ZAMPP0456D1ZY,2025-09,3581239.99,3581239.99,644623.2,320180.86,314642.64,329980.55,18
19ZAMPP0456D1ZY,2025-10,4753884.31,4753884.31,855699.18,342848.97,338622.97,517076.2,40
19ZAMPP0456D1ZY,2025-11,3885548.1,3885548.1,699398.66,265943.88,261990.79,437407.87,5
19ZAMPP0456D1ZY,2025-12,4964880.62,4964880.62,893678.51,395465.28,392683.08,500995.43,16
19ZAMPP0456D1ZY,2026-01,3797665.27,3797665.27,683579.75,272463.61,279998.48,403581.27,15
19ZAMPP0456D1ZY,2026-02,3196325.88,3196325.88,575338.66,217370.79,214956.93,360381.73,14
19ZAMPP0456D1ZY,2026-03,4457739.61,4457739.61,802393.13,266551.56,263915.93,538477.2,10
24TPGCL1972R1ZJ,2025-04,587582.51,83637.66,105764.84,19867.58,19526.22,86238.62,0
24TPGCL1972R1ZJ,2025-05,646852.74,100901.11,116433.49,19678.0,19465.24,96968.25,0
24TPGCL1972R1ZJ,2025-06,566891.1,97933.19,102040.4,21618.53,21414.63,80625.77,0
24TPGCL1972R1ZJ,2025-07,725783.17,94231.31,130640.98,19383.68,19156.44,111484.53,9
24TPGCL1972R1ZJ,2025-08,711557.22,86209.88,128080.3,21056.96,20708.59,107371.71,0
24TPGCL1972R1ZJ,2025-09,657758.02,111376.28,118396.44,16115.81,15944.01,102452.43,0
24TPGCL1972R1ZJ,2025-10,1082017.24,112654.57,194763.1,14387.35,14365.7,180397.4,0
24TPGCL1972R1ZJ,2025-11,1387509.15,87811.26,249751.64,17828.74,17475.82,232275.81,0
24TPGCL1972R1ZJ,2025-12,1009778.22,89653.18,181760.08,18457.15,18425.23,163334.85,9
24TPGCL1972R1ZJ,2026-01,849561.87,105162.89,152921.15,22535.93,22405.73,130515.42,0
24TPGCL1972R1ZJ,2026-02,916890.42,89147.38,165040.26,21811.18,21553.39,143486.87,0
24TPGCL1972R1ZJ,2026-03,927300.83,105830.21,166914.15,15770.39,15462.12,151452.03,0
29TRJPQ9642N1Z7,2025-04,1134518.29,1134518.29,56725.91,99158.39,98353.67,0.0,3
29TRJPQ9642N1Z7,2025-05,1096962.99,1096962.99,54848.15,73861.69,72545.05,0.0,0
29TRJPQ9642N1Z7,2025-06,996867.86,996867.86,49843.39,59579.84,70109.17,0.0,0
29TRJPQ9642N1Z7,2025-07,802079.44,802079.44,40103.97,46481.74,45555.67,0.0,0
29TRJPQ9642N1Z7,2025-08,893172.31,893172.31,44658.62,81723.75,80674.19,0.0,0
29TRJPQ9642N1Z7,2025-09,987643.45,987643.45,49382.17,71457.33,70166.4,0.0,0
29TRJPQ9642N1Z7,2025-10,1496715.81,1496715.81,74835.79,95414.53,93685.09,0.0,0
29TRJPQ9642N1Z7,2025-11,1556550.2,1556550.2,77827.51,91456.26,89995.68,0.0,0
29TRJPQ9642N1Z7,2025-12,1246933.5,1246933.5,62346.68,117646.32,116053.88,0.0,0
29TRJPQ9642N1Z7,2026-01,1082959.31,1082959.31,54147.97,65665.87,65273.97,0.0,0
29TRJPQ9642N1Z7,2026-02,1363835.32,1363835.32,68191.77,105519.52,103647.46,0.0,0
29TRJPQ9642N1Z7,2026-03,1128952.89,1128952.89,56447.64,74421.42,81199.32,0.0,0
29JHLCI8435T1ZQ,2025-04,1388904.02,1388904.02,69445.2,194377.72,192689.96,0.0,7
29JHLCI8435T1ZQ,2025-05,1043544.87,1043544.87,52177.24,137138.93,136058.53,0.0,0
29JHLCI8435T1ZQ,2025-06,904622.34,904622.34,45231.12,99023.89,112587.83,0.0,0
29JHLCI8435T1ZQ,2025-07,862439.52,862439.52,43121.98,114360.02,112524.39,0.0,0
29JHLCI8435T1ZQ,2025-08,1078998.41,1078998.41,53949.92,132720.02,131909.55,0.0,0
29JHLCI8435T1ZQ,2025-09,944434.71,944434.71,47221.74,86886.49,85284.54,0.0,0
29JHLCI8435T1ZQ,2025-10,1702692.73,1702692.73,85134.64,203503.68,199447.61,0.0,1
29JHLCI8435T1ZQ,2025-11,1120914.29,1120914.29,56045.71,128348.12,127087.76,0.0,0
29JHLCI8435T1ZQ,2025-12,1174101.38,1174101.38,58705.07,99532.21,98734.92,0.0,0
29JHLCI8435T1ZQ,2026-01,902976.11,902976.11,45148.81,105172.45,103529.45,0.0,3
29JHLCI8435T1ZQ,2026-02,1065996.6,1065996.6,53299.83,136629.13,135114.43,0.0,0
29JHLCI8435T1ZQ,2026-03,1157175.37,1157175.37,57858.77,104511.53,102908.88,0.0,0
07KQOPH9207Q1ZT,2025-04,7826372.86,213881.18,1408747.1,1438210.03,1459403.34,0.0,0
07KQOPH9207Q1ZT,2025-05,5796749.14,159908.94,1043414.85,1034499.44,1025156.22,0.0,17
07KQOPH9207Q1ZT,2025-06,4852221.75,156330.14,873399.91,722455.36,713629.73,127372.58,0
07KQOPH9207Q1ZT,2025-07,5228055.12,152614.3,941049.92,1109469.88,1089190.15,0.0,0
07KQOPH9207Q1ZT,2025-08,6310143.95,197944.96,1135825.92,890516.22,872987.57,114698.13,0
07KQOPH9207Q1ZT,2025-09,5754026.09,152035.29,1035724.68,972108.67,966047.04,69677.64,0
07KQOPH9207Q1ZT,2025-10,11818525.74,306258.45,2127334.63,2054233.42,2044084.4,83250.23,0
07KQOPH9207Q1ZT,2025-11,7330829.43,256080.55,1319549.3,1229423.31,1227375.04,92174.26,0
07KQOPH9207Q1ZT,2025-12,3933567.64,161058.9,708042.17,680822.59,679151.63,28890.54,0
07KQOPH9207Q1ZT,2026-01,8205971.39,220988.98,1477074.85,1206544.82,1421217.99,55856.85,0
07KQOPH9207Q1ZT,2026-02,7720554.57,140357.83,1389699.82,1087243.94,1206121.59,183578.23,0
07KQOPH9207Q1ZT,2026-03,7922329.33,257810.74,1426019.28,1219703.48,1394778.24,31241.04,1
07OIICM5324A1Z0,2025-04,1663872.28,48536.3,299497.01,153699.14,152684.91,146812.11,0
07OIICM5324A1Z0,2025-05,1309258.4,45294.94,235666.51,133627.87,131342.76,104323.75,0
07OIICM5324A1Z0,2025-06,8728537.17,47955.15,1571136.7,1009666.42,1005390.4,565746.3,0
07OIICM5324A1Z0,2025-07,9291708.66,43176.41,1672507.56,1089026.22,1082543.08,589964.48,0
07OIICM5324A1Z0,2025-08,9251133.6,44368.51,1665204.06,1139608.26,1132081.99,533122.07,0
07OIICM5324A1Z0,2025-09,9650321.8,44166.4,1737057.92,1137384.8,1120028.88,617029.05,0
07OIICM5324A1Z0,2025-10,10002247.35,67285.3,1800404.5,1190077.29,1168636.5,631768.01,0
07OIICM5324A1Z0,2025-11,10028648.79,76420.98,1805156.79,1214735.81,1196007.25,609149.53,0
07OIICM5324A1Z0,2025-12,8496523.76,54330.38,1529374.28,1016959.76,1014715.51,514658.77,0
07OIICM5324A1Z0,2026-01,823635.0,42085.85,148254.3,109260.05,108345.35,39908.95,0
07OIICM5324A1Z0,2026-02,1333094.53,40463.77,239957.02,157661.92,157368.58,82588.44,3
07OIICM5324A1Z0,2026-03,834708.17,54365.86,150247.47,94277.56,93267.27,56980.19,0
09OKDFJ4931L1Z4,2025-04,3966023.45,3966023.45,475922.81,532357.63,522395.54,0.0,5
09OKDFJ4931L1Z4,2025-05,3934107.12,3934107.12,472092.85,377705.27,375675.17,49944.96,0
09OKDFJ4931L1Z4,2025-06,5152022.01,5152022.01,618242.64,650637.58,673324.28,0.0,0
09OKDFJ4931L1Z4,2025-07,3630907.1,3630907.1,435708.85,518106.53,547593.78,0.0,0
09OKDFJ4931L1Z4,2025-08,4047886.24,4047886.24,485746.35,372753.19,412009.85,0.0,0
09OKDFJ4931L1Z4,2025-09,3903586.01,3903586.01,468430.32,364644.88,394621.8,0.0,0
09OKDFJ4931L1Z4,2025-10,6139945.22,6139945.22,736793.43,624052.41,615619.09,101752.79,0
09OKDFJ4931L1Z4,2025-11,7244410.41,7244410.41,869329.25,676661.0,671264.97,198064.28,0
09OKDFJ4931L1Z4,2025-12,3882293.47,3882293.47,465875.22,377588.73,376726.53,89148.69,0
09OKDFJ4931L1Z4,2026-01,3531642.45,3531642.45,423797.09,319775.3,324529.55,99267.55,8
09OKDFJ4931L1Z4,2026-02,5091082.27,5091082.27,610929.87,472212.25,467400.96,143528.91,0
09OKDFJ4931L1Z4,2026-03,4222653.17,4222653.17,506718.38,2323104.11,2305282.47,0.0,0
07VGGPW8027U1ZO,2025-04,1444170.53,109004.73,173300.47,66479.14,65839.67,107460.8,0
07VGGPW8027U1ZO,2025-05,1144522.18,117605.55,137342.67,45720.39,98901.2,38441.46,0
07VGGPW8027U1ZO,2025-06,1898959.6,101274.73,227875.16,58791.35,57680.76,170194.4,0
07VGGPW8027U1ZO,2025-07,2127767.62,101700.17,255332.1,72317.94,71693.73,183638.37,0
07VGGPW8027U1ZO,2025-08,1308694.65,78960.48,157043.36,50927.78,50589.6,106453.75,0
07VGGPW8027U1ZO,2025-09,1540532.58,111811.75,184863.89,66800.73,65690.81,119173.09,0
07VGGPW8027U1ZO,2025-10,2576102.15,124683.17,309132.23,145199.21,144840.5,164291.73,0
07VGGPW8027U1ZO,2025-11,2212259.75,100192.59,265471.19,100735.21,98856.83,166614.36,0
07VGGPW8027U1ZO,2025-12,2127831.4,87312.86,255339.75,77480.78,76904.61,178435.14,0
07VGGPW8027U1ZO,2026-01,1888133.8,93163.14,226576.07,64590.25,124650.14,101925.93,0
07VGGPW8027U1ZO,2026-02,1819609.59,89620.87,218353.15,65802.45,64512.95,153840.2,15
07VGGPW8027U1ZO,2026-03,2460970.36,90430.71,295316.45,70124.82,69776.44,225540.01,0
07XOSPW9674T1ZG,2025-04,350827.61,350827.61,17541.38,20679.02,20315.34,0.0,0
07XOSPW9674T1ZG,2025-05,388243.4,388243.4,19412.17,34188.51,33698.22,0.0,0
07XOSPW9674T1ZG,2025-06,409533.02,409533.02,20476.65,24140.08,23931.78,0.0,0
07XOSPW9674T1ZG,2025-07,348144.87,348144.87,17407.24,29966.47,29613.74,0.0,0
07XOSPW9674T1ZG,2025-08,393824.24,393824.24,19691.21,33424.37,33026.62,0.0,12
07XOSPW9674T1ZG,2025-09,318095.52,318095.52,15904.78,25709.49,25545.1,0.0,0
07XOSPW9674T1ZG,2025-10,564989.94,564989.94,28249.5,27158.16,39398.68,0.0,0
07XOSPW9674T1ZG,2025-11,551233.19,551233.19,27561.66,49842.39,49719.65,0.0,0
07XOSPW9674T1ZG,2025-12,369273.35,369273.35,18463.67,24908.37,24508.43,0.0,3
07XOSPW9674T1ZG,2026-01,324511.4,324511.4,16225.57,21847.12,21679.92,0.0,6
07XOSPW9674T1ZG,2026-02,336926.86,336926.86,16846.34,23342.31,23141.73,0.0,2
07XOSPW9674T1ZG,2026-03,470517.23,470517.23,23525.86,38698.84,38234.98,0.0,4
29YQWPY1071D1ZL,2025-04,1224213.98,45445.73,220358.52,62485.54,62437.37,157921.15,0
29YQWPY1071D1ZL,2025-05,1128711.31,24800.61,203168.05,70741.8,69979.44,133188.61,0
29YQWPY1071D1ZL,2025-06,910283.31,26018.18,163850.98,53685.6,55878.98,107972.0,2
29YQWPY1071D1ZL,2025-07,1255710.92,42928.18,226027.98,68949.32,68489.79,157538.2,0
29YQWPY1071D1ZL,2025-08,1316197.71,35434.0,236915.58,58017.97,57158.85,179756.73,7
29YQWPY1071D1ZL,2025-09,935160.78,34735.89,168328.93,58171.8,57691.29,110637.64,0
29YQWPY1071D1ZL,2025-10,2853720.88,35207.42,513669.76,81971.64,80683.38,432986.38,0
29YQWPY1071D1ZL,2025-11,1260568.79,35954.23,226902.38,77211.63,76572.24,150330.14,0
29YQWPY1071D1ZL,2025-12,1312248.82,34519.72,236204.78,75423.84,75393.22,160811.56,0
29YQWPY1071D1ZL,2026-01,847580.5,28550.66,152564.5,46159.62,46093.7,106470.8,0
29YQWPY1071D1ZL,2026-02,1014608.12,37311.23,182629.46,61348.13,61068.99,121560.47,0
29YQWPY1071D1ZL,2026-03,1294979.18,36440.01,233096.27,52618.3,52463.97,180632.3,0
09YOICI8215Z1ZV,2025-04,903303.09,102221.78,162594.57,90832.58,89047.83,73546.74,0
09YOICI8215Z1ZV,2025-05,648740.83,83747.44,116773.35,92300.62,91017.58,25755.77,0
09YOICI8215Z1ZV,2025-06,710654.88,92208.04,127917.88,80816.21,79310.96,48606.92,3
09YOICI8215Z1ZV,2025-07,707161.14,84329.21,127289.01,88766.07,87904.87,39384.14,0
09YOICI8215Z1ZV,2025-08,742275.87,91862.95,133609.66,62346.76,62220.63,71389.04,0
09YOICI8215Z1ZV,2025-09,647940.0,92976.26,116629.22,57544.48,56946.39,59682.83,0
09YOICI8215Z1ZV,2025-10,1198436.6,124811.45,215718.59,77011.39,75997.96,139720.63,0
09YOICI8215Z1ZV,2025-11,911379.6,91035.57,164048.33,75803.0,75245.7,88802.63,3
09YOICI8215Z1ZV,2025-12,653418.01,68807.92,117615.25,100651.76,100034.14,17581.12,0
09YOICI8215Z1ZV,2026-01,704217.95,116678.5,126759.23,70901.31,69582.55,57176.68,0
09YOICI8215Z1ZV,2026-02,783366.5,101245.42,141005.97,65573.2,65192.06,75813.91,0
09YOICI8215Z1ZV,2026-03,744321.97,92805.6,133977.95,106087.27,104949.13,29028.81,9
09VHTFC7610T1ZH,2025-04,747586.1,747586.1,37379.3,84577.42,83103.28,0.0,9
09VHTFC7610T1ZH,2025-05,870375.26,870375.26,43518.76,84979.84,84596.32,0.0,0
09VHTFC7610T1ZH,2025-06,1018469.29,1018469.29,50923.46,96355.65,95517.91,0.0,17
09VHTFC7610T1ZH,2025-07,1190912.66,1190912.66,59545.63,127494.4,126596.54,0.0,0
09VHTFC7610T1ZH,2025-08,1173161.14,1173161.14,58658.06,132641.46,130487.81,0.0,0
09VHTFC7610T1ZH,2025-09,796956.11,796956.11,39847.81,77769.63,76447.5,0.0,0
09VHTFC7610T1ZH,2025-10,1685259.99,1685259.99,84263.0,140093.37,139438.35,0.0,2
09VHTFC7610T1ZH,2025-11,1223001.44,1223001.44,61150.07,108700.84,107871.17,0.0,0
09VHTFC7610T1ZH,2025-12,1050294.39,1050294.39,52514.72,103001.32,101331.71,0.0,0
09VHTFC7610T1ZH,2026-01,1010706.71,1010706.71,50535.34,104060.66,103234.77,0.0,0
09VHTFC7610T1ZH,2026-02,742905.37,742905.37,37145.27,62597.21,61586.99,0.0,0
09VHTFC7610T1ZH,2026-03,1121498.83,1121498.83,56074.94,124161.71,121753.76,0.0,5
36DFWPZ7068Q1ZP,2025-04,399124.63,27756.94,19956.24,69310.02,75779.37,0.0,0
36DFWPZ7068Q1ZP,2025-05,336370.79,25116.29,16818.53,44712.63,43844.02,0.0,0
36DFWPZ7068Q1ZP,2025-06,437223.75,23481.64,21861.19,70222.46,68894.0,0.0,3
36DFWPZ7068Q1ZP,2025-07,223298.3,22914.73,11164.92,29403.6,30230.82,0.0,0
36DFWPZ7068Q1ZP,2025-08,428018.62,25984.3,21400.92,54619.0,53657.99,0.0,0
36DFWPZ7068Q1ZP,2025-09,274320.7,30081.36,13716.04,36261.63,36181.52,0.0,0
36DFWPZ7068Q1ZP,2025-10,309687.76,37232.07,15484.38,53157.17,53086.27,0.0,0
36DFWPZ7068Q1ZP,2025-11,400599.6,41096.68,20029.98,88689.19,87431.32,0.0,0
36DFWPZ7068Q1ZP,2025-12,218214.56,25798.69,10910.72,30477.99,30037.6,0.0,0
36DFWPZ7068Q1ZP,2026-01,275819.92,25827.88,13790.99,63133.07,62180.75,0.0,3
36DFWPZ7068Q1ZP,2026-02,190563.05,34991.93,9528.16,37089.29,36385.32,0.0,4
36DFWPZ7068Q1ZP,2026-03,312786.19,35945.89,15639.3,48150.38,47438.99,0.0,0
07LSNCH8779G1ZI,2025-04,2231423.16,15536.15,111571.16,31331.69,31323.47,80247.69,0
07LSNCH8779G1ZI,2025-05,2619363.58,17562.38,130968.18,43170.87,43048.99,87919.19,0
07LSNCH8779G1ZI,2025-06,2628331.64,19096.93,131416.58,27379.1,27240.95,104175.62,0
07LSNCH8779G1ZI,2025-07,2427682.32,22346.67,121384.12,33522.08,33025.27,88358.85,0
07LSNCH8779G1ZI,2025-08,2542553.33,19617.57,127127.66,34080.48,33450.9,93676.76,0
07LSNCH8779G1ZI,2025-09,2415961.07,22356.21,120798.05,35736.01,35038.52,85759.53,18
07LSNCH8779G1ZI,2025-10,4076913.74,15035.24,203845.69,39306.16,38662.43,165183.26,0
07LSNCH8779G1ZI,2025-11,4314718.54,17587.31,215735.91,34203.39,33533.21,182202.7,0
07LSNCH8779G1ZI,2025-12,3414374.66,20879.63,170718.74,42413.93,42238.66,128480.08,0
07LSNCH8779G1ZI,2026-01,2937921.17,19758.85,146896.07,34867.28,34815.84,112080.23,0
07LSNCH8779G1ZI,2026-02,2331427.14,16493.18,116571.34,28494.82,28342.01,88229.33,0
07LSNCH8779G1ZI,2026-03,3496509.81,21590.07,174825.51,25962.66,25493.69,149331.82,0
07MUJFB3232D1ZH,2025-04,1168027.32,29210.61,210244.9,132342.47,130072.57,80172.33,0
07MUJFB3232D1ZH,2025-05,1243594.06,29183.54,223846.92,113579.61,112960.18,110886.74,3
07MUJFB3232D1ZH,2025-06,1241218.44,22199.62,223419.31,117919.3,117143.21,106276.11,0
07MUJFB3232D1ZH,2025-07,1132805.54,24678.88,203905.0,98555.26,96793.03,107111.97,0
07MUJFB3232D1ZH,2025-08,1020756.25,27688.71,183736.14,103806.64,102859.49,80876.65,0
07MUJFB3232D1ZH,2025-09,942376.42,22784.4,169627.76,34128.7,67260.06,102367.7,0
07MUJFB3232D1ZH,2025-10,1317982.1,22521.17,237236.79,111412.16,109941.68,127295.11,0
07MUJFB3232D1ZH,2025-11,2445549.52,20922.27,440198.92,184847.24,181427.87,258771.05,0
07MUJFB3232D1ZH,2025-12,834808.05,16133.68,150265.44,50883.57,50738.84,99526.6,0
07MUJFB3232D1ZH,2026-01,4991815.76,23230.95,898526.83,170954.34,169504.46,729022.37,0
07MUJFB3232D1ZH,2026-02,1519998.28,20664.85,273599.69,129448.67,127217.55,146382.14,0
07MUJFB3232D1ZH,2026-03,1198930.13,19562.46,215807.42,108242.8,107949.52,107857.91,0
24QRXFU2284C1ZI,2025-04,1965505.99,1965505.99,235860.72,209325.14,208158.11,27702.61,0
24QRXFU2284C1ZI,2025-05,1624867.41,1624867.41,194984.09,101476.0,113513.79,81470.3,0
24QRXFU2284C1ZI,2025-06,2316570.21,2316570.21,277988.43,253768.16,250029.58,27958.85,0
24QRXFU2284C1ZI,2025-07,1926510.97,1926510.97,231181.32,225100.75,223223.27,7958.05,1
24QRXFU2284C1ZI,2025-08,2855662.68,2855662.68,342679.52,259795.02,259295.67,83383.85,0
24QRXFU2284C1ZI,2025-09,1651027.95,1651027.95,198123.35,204626.96,202944.57,0.0,0
24QRXFU2284C1ZI,2025-10,3873539.15,3873539.15,464824.7,424162.81,424847.52,35155.96,0
24QRXFU2284C1ZI,2025-11,3274745.46,3274745.46,392969.46,326516.13,325754.0,67215.45,0
24QRXFU2284C1ZI,2025-12,1850916.91,1850916.91,222110.03,278678.92,278237.8,0.0,0
24QRXFU2284C1ZI,2026-01,1855537.94,1855537.94,222664.55,189769.21,187438.9,0.0,0
24QRXFU2284C1ZI,2026-02,1714701.6,1714701.6,205764.19,115078.98,162560.68,22301.39,0
24QRXFU2284C1ZI,2026-03,1975304.32,1975304.32,237036.52,214424.4,212754.13,24282.39,0
29IJBPL9461D1ZV,2025-04,2783198.74,94883.56,500975.77,350323.39,347613.86,153361.91,0
29IJBPL9461D1ZV,2025-05,2440678.89,93656.12,439322.19,331046.14,329525.26,109796.93,0
29IJBPL9461D1ZV,2025-06,2750576.08,86856.53,495103.7,382378.29,381111.27,113992.43,0
29IJBPL9461D1ZV,2025-07,3262706.44,105934.29,587287.18,406820.95,406228.22,181058.97,0
29IJBPL9461D1ZV,2025-08,2606203.88,106942.93,469116.7,372448.19,370336.97,98779.73,6
29IJBPL9461D1ZV,2025-09,2953224.88,123428.55,531580.49,323078.86,322390.29,209190.2,6
29IJBPL9461D1ZV,2025-10,4947283.11,86274.96,890510.93,648561.04,660249.23,230261.7,0
29IJBPL9461D1ZV,2025-11,4106086.38,104381.21,739095.54,539349.69,538728.68,200366.86,0
29IJBPL9461D1ZV,2025-12,3367533.21,70931.41,606155.97,415804.07,415365.89,190790.08,0
29IJBPL9461D1ZV,2026-01,2674093.64,106958.44,481336.88,321382.25,315425.47,165911.41,0
29IJBPL9461D1ZV,2026-02,2494430.88,75913.66,448997.55,221365.11,217670.01,231327.54,0
29IJBPL9461D1ZV,2026-03,3351665.11,81486.25,603299.69,483589.21,479054.7,124244.99,7
09FFCPG6378T1ZE,2025-04,817202.3,144318.08,147096.42,38167.67,37444.1,109652.33,0
09FFCPG6378T1ZE,2025-05,912633.77,175655.78,164274.08,42939.26,42669.33,121604.75,10
09FFCPG6378T1ZE,2025-06,844324.38,243607.53,151978.38,40558.95,40524.01,111454.38,0
09FFCPG6378T1ZE,2025-07,857645.83,169343.79,154376.24,36892.06,36753.55,117622.7,0
09FFCPG6378T1ZE,2025-08,922461.42,155070.36,166043.05,28684.71,28534.61,137508.45,0
09FFCPG6378T1ZE,2025-09,781054.88,160457.95,140589.88,36070.57,35846.43,104743.45,0
09FFCPG6378T1ZE,2025-10,1209249.24,133286.59,217664.86,47291.47,46580.53,171084.33,0
09FFCPG6378T1ZE,2025-11,1057030.09,206479.39,190265.42,24233.08,30658.71,159606.71,0
09FFCPG6378T1ZE,2025-12,908029.46,174127.63,163445.3,30439.78,30253.04,133192.26,7
09FFCPG6378T1ZE,2026-01,837328.48,141956.6,150719.12,42680.15,42370.99,108348.12,0
09FFCPG6378T1ZE,2026-02,776773.03,142652.03,139819.14,25214.21,24718.31,115100.82,0
09FFCPG6378T1ZE,2026-03,953162.37,166525.5,171569.23,27601.77,27098.07,144471.16,0
19CIKFQ2119Y1ZN,2025-04,1375873.63,239349.39,247657.27,37421.05,37384.25,210273.02,20
19CIKFQ2119Y1ZN,2025-05,1527335.76,253100.85,274920.43,27527.53,27223.08,247697.35,0
19CIKFQ2119Y1ZN,2025-06,1420587.94,189305.75,255705.82,31274.29,31266.91,224438.92,0
19CIKFQ2119Y1ZN,2025-07,1421809.13,206886.91,255925.63,24942.84,24577.96,231347.67,0
19CIKFQ2119Y1ZN,2025-08,1567328.08,234305.77,282119.06,26220.42,26145.18,255973.88,0
19CIKFQ2119Y1ZN,2025-09,1399426.82,262983.36,251896.84,23753.8,23410.21,228486.63,0
19CIKFQ2119Y1ZN,2025-10,1643305.64,247721.18,295795.01,25909.48,25772.37,270022.64,0
19CIKFQ2119Y1ZN,2025-11,1558469.42,151173.17,280524.49,29405.48,29350.63,251173.87,7
19CIKFQ2119Y1ZN,2025-12,1479689.71,187058.91,266344.14,31994.06,31683.73,234660.41,0
19CIKFQ2119Y1ZN,2026-01,1406610.02,211422.79,253189.81,23067.61,22830.88,230358.93,0
19CIKFQ2119Y1ZN,2026-02,1836478.05,182112.4,330566.07,29658.21,29111.52,301454.55,0
19CIKFQ2119Y1ZN,2026-03,1476595.2,256254.65,265787.14,22003.81,21791.98,243995.16,5
09SPRFA4461E1ZZ,2025-04,1717879.63,1717879.63,309218.33,101270.67,100908.64,208309.69,0
09SPRFA4461E1ZZ,2025-05,2083485.87,2083485.87,375027.46,151828.4,149758.22,225269.24,5
09SPRFA4461E1ZZ,2025-06,1619721.89,1619721.89,291549.94,113886.01,113561.55,177988.39,0
09SPRFA4461E1ZZ,2025-07,1780767.36,1780767.36,320538.12,130200.87,129015.9,191522.22,0
09SPRFA4461E1ZZ,2025-08,1731400.23,1731400.23,311652.04,135022.44,134065.59,177586.46,0
09SPRFA4461E1ZZ,2025-09,2121273.49,2121273.49,381829.23,112622.98,111549.81,270279.42,2
09SPRFA4461E1ZZ,2025-10,2845665.35,2845665.35,512219.76,177052.13,177050.35,335169.42,0
09SPRFA4461E1ZZ,2025-11,2969498.16,2969498.16,534509.67,169429.14,169311.15,365198.52,7
09SPRFA4461E1ZZ,2025-12,1580637.65,1580637.65,284514.78,101714.87,118638.88,165875.9,0
09SPRFA4461E1ZZ,2026-01,1865033.24,1865033.24,335705.98,148679.74,146186.34,189519.64,8
09SPRFA4461E1ZZ,2026-02,1723401.95,1723401.95,310212.35,127199.54,126608.84,183603.51,0
09SPRFA4461E1ZZ,2026-03,1797755.41,1797755.41,323595.97,121775.08,126109.17,197486.81,4
09TYDPL2950R1Z9,2025-04,860684.98,258586.75,154923.3,78479.7,77340.06,77583.25,0
09TYDPL2950R1Z9,2025-05,893505.72,301445.49,160831.04,46728.68,88543.2,72287.84,0
09TYDPL2950R1Z9,2025-06,953730.88,357003.25,171671.57,85580.43,85314.41,86357.16,0
09TYDPL2950R1Z9,2025-07,1055025.34,270087.06,189904.55,91782.25,96185.84,93718.71,0
09TYDPL2950R1Z9,2025-08,911797.97,313942.32,164123.63,94226.81,93602.41,70521.21,8
09TYDPL2950R1Z9,2025-09,1039446.77,345989.24,187100.42,134962.69,134072.27,53028.16,0
09TYDPL2950R1Z9,2025-10,1433528.6,456412.05,258035.14,197017.26,194999.61,63035.53,0
09TYDPL2950R1Z9,2025-11,1304271.79,470508.66,234768.91,149334.95,149131.34,85637.56,0
09TYDPL2950R1Z9,2025-12,993844.76,263568.21,178892.05,109445.95,107795.44,71096.61,10
09TYDPL2950R1Z9,2026-01,1082534.48,378323.09,194856.21,169263.59,167720.37,27135.83,0
09TYDPL2950R1Z9,2026-02,911089.9,349796.39,163996.18,109128.07,108358.01,55638.17,0
09TYDPL2950R1Z9,2026-03,1225569.02,383980.92,220602.43,141681.76,139680.14,80922.28,0
36KQAFT0718H1Z8,2025-04,1867995.88,44545.82,93399.8,238703.95,236622.95,0.0,0
36KQAFT0718H1Z8,2025-05,1605859.94,33600.82,80293.0,173472.62,170774.46,0.0,0
36KQAFT0718H1Z8,2025-06,1744588.06,36843.41,87229.4,178024.18,175955.69,0.0,0
36KQAFT0718H1Z8,2025-07,1879530.37,35547.71,93976.52,259448.67,257102.13,0.0,0
36KQAFT0718H1Z8,2025-08,1828000.92,48973.81,91400.04,204906.09,204007.93,0.0,0
36KQAFT0718H1Z8,2025-09,1668744.1,53161.21,83437.2,218621.66,217325.5,0.0,6
36KQAFT0718H1Z8,2025-10,3015154.79,46437.7,150757.75,372680.48,369055.28,0.0,0
36KQAFT0718H1Z8,2025-11,2176939.37,70812.87,108846.96,290169.52,286975.95,0.0,6
36KQAFT0718H1Z8,2025-12,1567506.0,42023.21,78375.29,165225.07,164780.06,0.0,0
36KQAFT0718H1Z8,2026-01,1874629.53,48285.05,93731.46,256208.75,259029.47,0.0,0
36KQAFT0718H1Z8,2026-02,1522139.8,44754.14,76106.99,184332.99,181984.99,0.0,10
36KQAFT0718H1Z8,2026-03,2162638.53,59206.72,108131.95,214629.99,212008.26,0.0,4
29ZYDFB7060R1ZT,2025-04,821204.06,2007.91,41060.2,19778.64,19733.86,21326.34,0
29ZYDFB7060R1ZT,2025-05,1200354.48,1628.73,60017.72,29095.56,28644.44,31373.28,0
29ZYDFB7060R1ZT,2025-06,1206095.23,1336.15,60304.76,25224.93,25078.36,35226.4,0
29ZYDFB7060R1ZT,2025-07,951207.26,1489.64,47560.36,26790.43,26367.1,21193.26,1
29ZYDFB7060R1ZT,2025-08,967500.02,1066.43,48375.01,25665.76,25233.92,23141.09,0
29ZYDFB7060R1ZT,2025-09,1133421.23,1034.33,56671.07,23785.33,23314.6,33356.46,0
29ZYDFB7060R1ZT,2025-10,1645207.44,1315.31,82260.37,25764.59,27861.5,54398.87,0
29ZYDFB7060R1ZT,2025-11,1597088.62,1390.36,79854.43,27365.95,26974.95,52879.48,0
29ZYDFB7060R1ZT,2025-12,999862.03,1543.31,49993.12,27056.02,26942.08,23051.04,0
29ZYDFB7060R1ZT,2026-01,936505.89,1202.56,46825.31,23580.24,23302.28,23523.03,6
29ZYDFB7060R1ZT,2026-02,1105645.33,1348.21,55282.26,25556.39,25106.74,30175.52,0
29ZYDFB7060R1ZT,2026-03,1418564.21,1341.29,70928.21,18686.35,19753.64,51174.57,0
24SAACN6972V1Z1,2025-04,1925333.81,1925333.81,96266.69,130427.37,129554.76,0.0,0
24SAACN6972V1Z1,2025-05,2427878.19,2427878.19,121393.91,207766.36,205502.27,0.0,0
24SAACN6972V1Z1,2025-06,1533157.96,1533157.96,76657.9,79571.89,86778.13,0.0,0
24SAACN6972V1Z1,2025-07,1768789.19,1768789.19,88439.46,156819.13,155545.33,0.0,0
24SAACN6972V1Z1,2025-08,1690450.63,1690450.63,84522.53,104209.77,116822.2,0.0,0
24SAACN6972V1Z1,2025-09,1389352.23,1389352.23,69467.61,93244.62,91466.44,0.0,0
24SAACN6972V1Z1,2025-10,3412110.38,3412110.38,170605.52,203490.62,203472.45,0.0,0
24SAACN6972V1Z1,2025-11,2397895.35,2397895.35,119894.77,165167.75,164202.63,0.0,2
24SAACN6972V1Z1,2025-12,2212017.05,2212017.05,110600.85,135200.81,142151.48,0.0,0
24SAACN6972V1Z1,2026-01,2047178.61,2047178.61,102358.93,196765.33,192875.26,0.0,0
24SAACN6972V1Z1,2026-02,2115245.65,2115245.65,105762.28,168494.47,166287.12,0.0,0
24SAACN6972V1Z1,2026-03,2074150.36,2074150.36,103707.52,177510.98,175543.05,0.0,0
36FQTCK2550O1ZS,2025-04,2663347.11,127889.96,745737.21,157350.39,155638.54,590098.67,0
36FQTCK2550O1ZS,2025-05,2820675.15,144970.08,789789.05,196327.39,193041.25,596747.81,0
36FQTCK2550O1ZS,2025-06,3349643.31,100956.02,937900.13,221496.72,221352.56,716547.57,0
36FQTCK2550O1ZS,2025-07,2286608.15,89777.4,640250.27,183749.46,182049.5,458200.77,0
36FQTCK2550O1ZS,2025-08,2823896.19,113898.82,790690.95,239008.76,235030.86,555660.09,0
36FQTCK2550O1ZS,2025-09,1931258.21,129823.93,540752.3,131949.72,129559.15,411193.14,0
36FQTCK2550O1ZS,2025-10,4486126.01,126804.85,1256115.28,305352.43,302014.65,954100.63,0
36FQTCK2550O1ZS,2025-11,2945806.11,136890.63,824825.72,224922.72,220864.65,603961.07,9
36FQTCK2550O1ZS,2025-12,3280523.3,78022.19,918546.51,183001.29,181155.18,737391.33,0
36FQTCK2550O1ZS,2026-01,2461492.79,137747.4,689217.98,163403.31,162999.66,526218.32,0
36FQTCK2550O1ZS,2026-02,3946098.06,120036.33,1104907.46,313523.46,309343.17,795564.29,0
36FQTCK2550O1ZS,2026-03,3272943.88,90547.36,916424.29,188448.62,186115.75,730308.54,0
29ESZCU9561W1Z7,2025-08,2456902.59,151202.09,294828.31,439466.53,438758.86,0.0,0
29ESZCU9561W1Z7,2025-09,2090202.42,153030.73,250824.29,242157.78,241873.74,0.0,0
29ESZCU9561W1Z7,2025-10,4170165.19,240299.21,500419.8,791810.59,776416.8,0.0,0
29ESZCU9561W1Z7,2025-11,2497442.76,161929.38,299693.14,400440.75,400035.53,0.0,7
29ESZCU9561W1Z7,2025-12,2580640.76,109722.18,309676.89,457315.15,453194.47,0.0,0
29ESZCU9561W1Z7,2026-01,2831274.45,105963.19,339752.93,421199.26,421060.94,0.0,9
29ESZCU9561W1Z7,2026-02,1823867.13,104111.34,218864.04,292293.85,287275.53,0.0,0
29ESZCU9561W1Z7,2026-03,2521802.33,141492.03,302616.27,385799.81,379733.27,0.0,0
33FHQCI4142C1ZB,2025-04,391321.03,391321.03,46958.52,38996.77,38667.07,8291.46,0
33FHQCI4142C1ZB,2025-05,432510.41,432510.41,51901.25,56511.77,55902.58,0.0,0
33FHQCI4142C1ZB,2025-06,558306.48,558306.48,66996.78,63935.04,63603.48,0.0,0
33FHQCI4142C1ZB,2025-07,495379.95,495379.95,59445.59,48213.54,47311.88,11525.68,7
33FHQCI4142C1ZB,2025-08,565286.94,565286.94,67834.43,49269.22,48870.65,18963.78,0
33FHQCI4142C1ZB,2025-09,491230.02,491230.02,58947.6,63834.0,63598.15,0.0,1
33FHQCI4142C1ZB,2025-10,708628.48,708628.48,85035.42,71569.98,70906.5,9478.36,0
33FHQCI4142C1ZB,2025-11,650927.88,650927.88,78111.35,67221.41,71018.85,7092.5,0
33FHQCI4142C1ZB,2025-12,348925.06,348925.06,41871.01,41254.54,40656.44,1214.57,0
33FHQCI4142C1ZB,2026-01,420165.18,420165.18,50419.82,53777.68,53177.71,0.0,0
33FHQCI4142C1ZB,2026-02,575024.4,575024.4,69002.93,60165.94,59055.33,7189.71,0
33FHQCI4142C1ZB,2026-03,685890.15,685890.15,82306.82,88048.8,87559.81,0.0,0
09DCWPO2328P1ZK,2025-04,261057.83,63850.45,31326.94,28928.85,28426.39,2900.56,12
09DCWPO2328P1ZK,2025-05,269098.42,40642.07,32291.81,35591.76,35298.12,0.0,18
09DCWPO2328P1ZK,2025-06,200957.28,66461.45,24114.87,22143.99,21841.95,0.0,14
09DCWPO2328P1ZK,2025-07,207710.85,39031.07,24925.3,30304.21,30203.75,0.0,38
09DCWPO2328P1ZK,2025-08,222477.58,47621.23,26697.31,18949.47,18753.48,1931.99,32
09DCWPO2328P1ZK,2025-09,155190.0,60143.78,18622.8,13760.76,18275.89,346.92,26
09DCWPO2328P1ZK,2025-10,688565.36,80581.26,82627.84,72251.71,86995.01,0.0,22
09DCWPO2328P1ZK,2025-11,788658.71,57604.06,94639.04,94918.95,94293.8,0.0,20
09DCWPO2328P1ZK,2025-12,472402.52,55419.09,56688.32,66443.88,66089.57,0.0,14
09DCWPO2328P1ZK,2026-01,425539.56,52510.36,51064.75,73319.73,72567.14,0.0,22
09DCWPO2328P1ZK,2026-02,611624.56,50327.55,73394.95,69988.24,68925.12,0.0,16
09DCWPO2328P1ZK,2026-03,493766.39,54441.87,59251.97,93410.83,91579.95,0.0,19
24CESCH0048I1Z8,2025-04,1001991.06,1001991.06,50099.55,153992.47,171785.08,0.0,4
24CESCH0048I1Z8,2025-05,858474.64,858474.64,42923.73,93912.18,92372.46,0.0,0
24CESCH0048I1Z8,2025-06,798976.48,798976.48,39948.82,117048.55,114898.09,0.0,0
24CESCH0048I1Z8,2025-07,910207.53,910207.53,45510.38,70837.36,79394.75,0.0,0
24CESCH0048I1Z8,2025-08,803220.04,803220.04,40161.0,98499.67,96993.19,0.0,0
24CESCH0048I1Z8,2025-09,609070.69,609070.69,30453.53,79616.26,79103.01,0.0,18
24CESCH0048I1Z8,2025-10,1398375.86,1398375.86,69918.79,117853.17,117311.65,0.0,0
24CESCH0048I1Z8,2025-11,1279510.66,1279510.66,63975.53,171662.47,169663.8,0.0,0
24CESCH0048I1Z8,2025-12,1029114.25,1029114.25,51455.71,92689.5,90962.99,0.0,0
24CESCH0048I1Z8,2026-01,742985.78,742985.78,37149.29,111865.87,109786.19,0.0,0
24CESCH0048I1Z8,2026-02,857666.62,857666.62,42883.33,87964.36,87421.26,0.0,0
24CESCH0048I1Z8,2026-03,989522.54,989522.54,49476.13,99605.86,98473.98,0.0,0
09KNDFI9166M1ZO,2025-04,3991752.03,3991752.03,199587.6,241459.71,242497.3,0.0,0
09KNDFI9166M1ZO,2025-05,4307668.78,4307668.78,215383.44,291115.11,286174.37,0.0,22
09KNDFI9166M1ZO,2025-06,2539277.91,2539277.91,126963.9,256385.75,256209.16,0.0,0
09KNDFI9166M1ZO,2025-07,3850655.0,3850655.0,192532.75,341550.5,336606.58,0.0,0
09KNDFI9166M1ZO,2025-08,3963872.62,3963872.62,198193.63,308388.16,303096.94,0.0,0
09KNDFI9166M1ZO,2025-09,3478529.36,3478529.36,173926.47,388783.93,394725.94,0.0,0
09KNDFI9166M1ZO,2025-10,5093672.24,5093672.24,254683.61,408597.05,403968.04,0.0,0
09KNDFI9166M1ZO,2025-11,4473696.95,4473696.95,223684.85,370980.36,364944.26,0.0,8
09KNDFI9166M1ZO,2025-12,3446725.37,3446725.37,172336.27,285195.02,284769.99,0.0,3
09KNDFI9166M1ZO,2026-01,3460439.07,3460439.07,173021.95,275894.71,273538.45,0.0,0
09KNDFI9166M1ZO,2026-02,3363874.15,3363874.15,168193.71,240418.88,238444.19,0.0,0
09KNDFI9166M1ZO,2026-03,3954287.92,3954287.92,197714.4,321404.27,320661.51,0.0,6
09MGMPA9379M1Z8,2025-04,2653530.22,32016.54,132676.54,53013.1,66674.15,66002.39,0
09MGMPA9379M1Z8,2025-05,2526283.4,35350.7,126314.14,53551.6,52896.18,73417.97,3
09MGMPA9379M1Z8,2025-06,2599495.49,26532.96,129974.77,54553.73,53688.79,76285.98,0
09MGMPA9379M1Z8,2025-07,2746732.16,44098.58,137336.6,58726.86,57593.41,79743.19,0
09MGMPA9379M1Z8,2025-08,2433417.82,36023.76,121670.9,39541.52,39242.66,82428.24,8
09MGMPA9379M1Z8,2025-09,2176902.71,40899.08,108845.12,44174.85,43571.93,65273.19,0
09MGMPA9379M1Z8,2025-10,3906892.04,39728.87,195344.59,47699.2,62125.91,133218.68,4
09MGMPA9379M1Z8,2025-11,3289818.25,40167.74,164490.92,50357.0,49753.8,114737.12,0
09MGMPA9379M1Z8,2025-12,2083238.45,36944.83,104161.94,48058.28,47307.53,56854.41,0
09MGMPA9379M1Z8,2026-01,2371847.93,39205.86,118592.4,52229.63,51328.03,67264.38,0
09MGMPA9379M1Z8,2026-02,2379025.68,32021.24,118951.27,44645.27,43951.3,74999.97,0
09MGMPA9379M1Z8,2026-03,2393144.76,31028.78,119657.22,44075.2,43615.79,76041.43,0
27YUYCN5764H1ZT,2025-10,932372.95,932372.95,167827.13,87496.02,86191.86,81635.27,18
27YUYCN5764H1ZT,2025-11,693964.36,693964.36,124913.58,57651.36,57598.28,67315.3,11
27YUYCN5764H1ZT,2025-12,639239.23,639239.23,115063.06,61145.67,60559.91,54503.15,28
27YUYCN5764H1ZT,2026-01,556581.45,556581.45,100184.66,54210.59,53424.55,46760.11,24
27YUYCN5764H1ZT,2026-02,724992.97,724992.97,130498.74,70245.59,69371.59,61127.15,42
27YUYCN5764H1ZT,2026-03,640862.1,640862.1,115355.18,61251.58,60381.61,54973.57,31
29CWXPN5209M1ZI,2025-04,1049754.37,90544.71,52487.71,116620.57,116167.14,0.0,0
29CWXPN5209M1ZI,2025-05,1064834.73,109115.59,53241.74,151479.16,149989.62,0.0,0
29CWXPN5209M1ZI,2025-06,945320.75,94382.53,47266.05,154246.57,151251.21,0.0,0
29CWXPN5209M1ZI,2025-07,907857.79,96524.21,45392.89,114987.62,113760.48,0.0,0
29CWXPN5209M1ZI,2025-08,1132292.49,113187.57,56614.64,152820.22,150629.81,0.0,0
29CWXPN5209M1ZI,2025-09,940351.39,111969.89,47017.56,138139.81,137186.76,0.0,0
29CWXPN5209M1ZI,2025-10,1297835.27,151330.63,64891.76,221676.83,220042.52,0.0,0
29CWXPN5209M1ZI,2025-11,1348534.97,125887.33,67426.75,228902.83,225003.2,0.0,0
29CWXPN5209M1ZI,2025-12,998698.45,127217.53,49934.93,121326.65,119239.84,0.0,0
29CWXPN5209M1ZI,2026-01,986395.44,109336.02,49319.79,159733.67,157600.31,0.0,0
29CWXPN5209M1ZI,2026-02,864167.68,94382.44,43208.37,94978.31,94653.06,0.0,0
29CWXPN5209M1ZI,2026-03,996746.76,104357.82,49837.32,99330.06,97868.49,0.0,0
07ECSCN4687D1ZQ,2025-04,8052187.86,3366.35,2254612.61,650957.34,691783.95,1562828.66,0
07ECSCN4687D1ZQ,2025-05,10878518.39,3566.2,3045985.17,1077084.72,1072391.1,1973594.08,0
07ECSCN4687D1ZQ,2025-06,8035731.22,3534.62,2250004.75,817727.72,801875.55,1448129.2,4
07ECSCN4687D1ZQ,2025-07,8394110.57,3454.14,2350350.96,917134.12,956548.24,1393802.72,0
07ECSCN4687D1ZQ,2025-08,8133761.78,2708.69,2277453.29,706983.3,696100.86,1581352.44,0
07ECSCN4687D1ZQ,2025-09,6202590.67,4486.23,1736725.38,560438.35,2938337.21,0.0,15
07ECSCN4687D1ZQ,2025-10,9452178.73,3129.51,2646609.99,812650.65,796816.31,648181.86,0
07ECSCN4687D1ZQ,2025-11,9299630.08,3744.38,2603896.45,642532.01,723100.84,1880795.61,6
07ECSCN4687D1ZQ,2025-12,7401964.9,2949.11,2072550.19,811509.38,803374.06,1269176.13,0
07ECSCN4687D1ZQ,2026-01,7102930.98,4006.39,1988820.67,818764.88,810621.1,1178199.57,0
07ECSCN4687D1ZQ,2026-02,6669092.72,3244.54,1867345.93,615176.52,606447.57,1260898.36,0
07ECSCN4687D1ZQ,2026-03,7783991.46,3078.33,2179517.6,658387.95,658768.27,1520749.33,0
27RWIPE3258P1ZK,2025-04,1777784.88,188652.61,213334.17,252640.58,257454.38,0.0,4
27RWIPE3258P1ZK,2025-05,1517822.15,163380.33,182138.66,292394.2,291631.76,0.0,0
27RWIPE3258P1ZK,2025-06,1512825.77,158992.58,181539.11,223668.2,221625.78,0.0,0
27RWIPE3258P1ZK,2025-07,1426880.98,184825.63,171225.72,280312.66,275188.51,0.0,0
27RWIPE3258P1ZK,2025-08,1917525.73,224787.44,230103.07,314052.34,311609.06,0.0,10
27RWIPE3258P1ZK,2025-09,1496280.16,146396.68,179553.61,265868.85,260853.76,0.0,0
27RWIPE3258P1ZK,2025-10,3488801.18,345760.84,418656.15,1002962.5,998587.5,0.0,0
27RWIPE3258P1ZK,2025-11,3126794.12,220661.86,375215.3,524258.53,515089.85,0.0,0
27RWIPE3258P1ZK,2025-12,2055437.62,187656.1,246652.51,345087.17,339736.97,0.0,0
27RWIPE3258P1ZK,2026-01,1796128.19,226188.76,215535.38,244506.82,243854.64,0.0,0
27RWIPE3258P1ZK,2026-02,1631847.65,187080.84,195821.73,301172.01,296443.93,0.0,0
27RWIPE3258P1ZK,2026-03,3012664.98,195954.12,361519.79,502501.35,497582.9,0.0,0
36PARCX5429A1ZP,2025-10,1854727.75,566987.52,333851.01,77417.17,76652.48,257198.54,0
36PARCX5429A1ZP,2025-11,1619041.77,556082.58,291427.5,80578.78,79526.18,211901.33,0
36PARCX5429A1ZP,2025-12,1424081.0,488451.71,256334.59,79087.45,78182.4,178152.18,0
36PARCX5429A1ZP,2026-01,1275303.99,342480.54,229554.72,92411.49,91760.32,137794.4,0
36PARCX5429A1ZP,2026-02,1265241.14,381604.48,227743.42,52633.38,52308.51,175434.91,0
36PARCX5429A1ZP,2026-03,1445777.91,413103.03,260240.05,53201.0,52430.36,207809.69,0
07SGZCQ0278Y1Z0,2025-04,113657.59,62735.12,20458.36,15581.17,15538.9,4919.46,9
07SGZCQ0278Y1Z0,2025-05,120681.09,62825.75,21722.59,18047.39,17981.53,3741.06,0
07SGZCQ0278Y1Z0,2025-06,109157.65,64545.49,19648.38,20455.06,20253.63,0.0,0
07SGZCQ0278Y1Z0,2025-07,153605.92,71423.15,27649.07,15913.11,17078.8,9965.02,0
07SGZCQ0278Y1Z0,2025-08,158017.15,57622.97,28443.08,17686.59,18714.44,9728.65,5
07SGZCQ0278Y1Z0,2025-09,139495.65,65227.9,25109.21,28341.32,27827.32,0.0,0
07SGZCQ0278Y1Z0,2025-10,198900.51,114166.27,35802.09,30326.04,30293.52,2790.45,13
07SGZCQ0278Y1Z0,2025-11,222306.67,94964.17,40015.2,30729.53,30208.79,9806.41,0
07SGZCQ0278Y1Z0,2025-12,127148.82,72076.75,22886.79,16223.43,15934.91,6951.88,0
07SGZCQ0278Y1Z0,2026-01,155828.73,64845.93,28049.17,28613.31,28104.2,0.0,7
07SGZCQ0278Y1Z0,2026-02,141136.76,75540.27,25404.62,21249.03,22573.94,2775.65,0
07SGZCQ0278Y1Z0,2026-03,163195.33,91728.56,29375.16,28805.08,28457.11,918.05,0
27WNSFC7691O1ZZ,2025-04,1319490.04,184927.61,65974.51,197445.16,196585.38,0.0,33
27WNSFC7691O1ZZ,2025-05,1158728.83,200357.79,57936.44,211976.27,210312.48,0.0,23
27WNSFC7691O1ZZ,2025-06,1065924.67,233450.68,53296.22,174115.43,172048.8,0.0,35
27WNSFC7691O1ZZ,2025-07,1190299.58,249996.37,59514.98,228199.68,225109.99,0.0,41
27WNSFC7691O1ZZ,2025-08,1217034.17,204997.9,60851.7,256030.99,255832.02,0.0,43
27WNSFC7691O1ZZ,2025-09,1045957.14,207403.47,52297.86,213286.16,209860.42,0.0,12
27WNSFC7691O1ZZ,2025-10,1503517.88,302357.91,75175.9,236784.61,234606.79,0.0,20
27WNSFC7691O1ZZ,2025-11,1547262.08,290942.74,77363.1,250364.51,247843.36,0.0,21
27WNSFC7691O1ZZ,2025-12,1219402.96,212590.44,60970.13,161788.39,161476.63,0.0,14
27WNSFC7691O1ZZ,2026-01,1005059.36,244621.41,50252.96,161031.34,159039.76,0.0,9
27WNSFC7691O1ZZ,2026-02,1080829.88,151037.61,54041.5,250301.94,246111.08,0.0,28
27WNSFC7691O1ZZ,2026-03,1041417.87,222610.11,52070.9,162138.61,160971.74,0.0,10
36IEJCN6088R1ZY,2025-04,541542.89,158426.67,97477.73,43481.25,43027.57,54450.17,0
36IEJCN6088R1ZY,2025-05,518408.64,147650.0,93313.56,38078.42,37689.45,55624.11,0
36IEJCN6088R1ZY,2025-06,723467.91,175161.94,130224.23,38998.97,38510.46,91713.77,0
36IEJCN6088R1ZY,2025-07,579154.58,187281.63,104247.82,53629.08,53504.0,50743.82,0
36IEJCN6088R1ZY,2025-08,553189.48,165853.31,99574.11,43459.75,42673.17,56900.93,0
36IEJCN6088R1ZY,2025-09,776105.6,173010.67,139699.0,37059.92,36640.98,103058.02,0
36IEJCN6088R1ZY,2025-10,873524.08,165687.48,157234.35,27256.11,36984.98,120249.36,0
36IEJCN6088R1ZY,2025-11,987942.07,159288.12,177829.57,68481.99,67344.0,110485.58,0
36IEJCN6088R1ZY,2025-12,729034.4,131007.51,131226.17,44597.86,44175.01,87051.16,0
36IEJCN6088R1ZY,2026-01,784703.72,136331.53,141246.67,38818.29,38507.93,102738.74,0
36IEJCN6088R1ZY,2026-02,651796.77,129885.16,117323.42,46202.39,45438.25,71885.17,0
36IEJCN6088R1ZY,2026-03,724121.74,155557.07,130341.91,34981.45,34544.84,95797.07,0
19IGTCE0083C1Z1,2025-04,3026064.44,27753.42,151303.22,48006.05,47383.47,103919.75,0
19IGTCE0083C1Z1,2025-05,2891585.35,29107.23,144579.26,35191.99,44695.23,99884.03,0
19IGTCE0083C1Z1,2025-06,2530405.95,28323.67,126520.3,37225.63,48128.2,78392.11,0
19IGTCE0083C1Z1,2025-07,3014042.85,26768.7,150702.14,64810.01,64443.24,86258.9,0
19IGTCE0083C1Z1,2025-08,2860424.97,36442.22,143021.26,54279.79,53245.28,89775.98,0
19IGTCE0083C1Z1,2025-09,2950033.95,27473.16,147501.7,47156.0,46883.78,100617.92,0
19IGTCE0083C1Z1,2025-10,4295743.28,30715.88,214787.18,42393.98,41803.79,172983.39,0
19IGTCE0083C1Z1,2025-11,4557919.37,24845.11,227895.98,56844.91,56788.47,171107.51,0
19IGTCE0083C1Z1,2025-12,2923447.89,30995.7,146172.4,63683.42,63170.96,83001.45,7
19IGTCE0083C1Z1,2026-01,3144552.31,25941.34,157227.62,48781.92,48057.25,109170.37,6
19IGTCE0083C1Z1,2026-02,2615840.76,25845.95,130792.04,65725.18,65070.65,65721.38,9
19IGTCE0083C1Z1,2026-03,3596506.85,30351.12,179825.34,58395.24,58023.56,121801.78,0
27FXAFA0724M1Z8,2025-09,2415927.54,2415927.54,120796.38,154539.51,152013.33,0.0,0
27FXAFA0724M1Z8,2025-10,4069338.21,4069338.21,203466.91,292279.26,288901.28,0.0,0
27FXAFA0724M1Z8,2025-11,2493454.21,2493454.21,124672.71,205051.45,202986.19,0.0,0
27FXAFA0724M1Z8,2025-12,2482154.8,2482154.8,124107.74,254211.5,254156.31,0.0,0
27FXAFA0724M1Z8,2026-01,1944852.79,1944852.79,97242.64,150187.13,148486.16,0.0,6
27FXAFA0724M1Z8,2026-02,1840992.83,1840992.83,92049.64,96851.33,104016.25,0.0,0
27FXAFA0724M1Z8,2026-03,2681777.04,2681777.04,134088.85,222751.8,219833.15,0.0,0
07MKJPO6488L1ZY,2025-04,3096791.78,493386.58,557422.53,399208.57,392334.37,165088.16,0
07MKJPO6488L1ZY,2025-05,2727935.77,395657.92,491028.44,319847.67,358509.19,132519.25,0
07MKJPO6488L1ZY,2025-06,2910210.55,407813.12,523837.88,316327.92,312290.89,211547.0,0
07MKJPO6488L1ZY,2025-07,3175942.31,347235.37,571669.63,451772.46,450361.86,121307.76,0
07MKJPO6488L1ZY,2025-08,2904820.93,305718.28,522867.77,407680.98,482094.31,40773.46,0
07MKJPO6488L1ZY,2025-09,2398416.68,315854.43,431715.02,287721.29,286766.76,144948.26,0
07MKJPO6488L1ZY,2025-10,3574088.61,454494.8,643335.96,489285.88,479637.57,163698.4,0
07MKJPO6488L1ZY,2025-11,3161307.36,557232.4,569035.31,315877.11,309597.34,259437.97,0
07MKJPO6488L1ZY,2025-12,2085930.85,339876.16,375467.55,297792.2,296986.46,78481.09,0
07MKJPO6488L1ZY,2026-01,3065198.15,415379.96,551735.68,369085.01,365966.75,185768.93,0
07MKJPO6488L1ZY,2026-02,2805017.38,367493.54,504903.13,355869.35,368603.0,136300.13,0
07MKJPO6488L1ZY,2026-03,4084502.96,396294.56,735210.52,424168.38,421878.97,313331.55,4
36QMHPP9098N1ZI,2025-04,1378810.67,1378810.67,68940.53,112600.96,111671.65,0.0,0
36QMHPP9098N1ZI,2025-05,1112207.4,1112207.4,55610.37,93208.35,92368.78,0.0,0
36QMHPP9098N1ZI,2025-06,1067099.27,1067099.27,53354.96,86335.71,85280.71,0.0,0
36QMHPP9098N1ZI,2025-07,1271642.37,1271642.37,63582.12,93533.01,92629.11,0.0,0
36QMHPP9098N1ZI,2025-08,1149931.35,1149931.35,57496.57,83847.65,83729.49,0.0,0
36QMHPP9098N1ZI,2025-09,998899.85,998899.85,49944.99,55664.07,108182.07,0.0,0
36QMHPP9098N1ZI,2025-10,2490758.43,2490758.43,124537.92,212512.59,208515.97,0.0,0
36QMHPP9098N1ZI,2025-11,1440437.46,1440437.46,72021.87,113559.2,119586.04,0.0,0
36QMHPP9098N1ZI,2025-12,1035110.92,1035110.92,51755.55,92414.3,91341.37,0.0,0
36QMHPP9098N1ZI,2026-01,1158624.04,1158624.04,57931.2,125575.63,124091.6,0.0,0
36QMHPP9098N1ZI,2026-02,1449882.15,1449882.15,72494.11,128197.97,131489.6,0.0,0
36QMHPP9098N1ZI,2026-03,998306.61,998306.61,49915.33,94517.37,93649.8,0.0,10
24OTMCL8664H1ZK,2025-04,971215.6,715056.49,116545.87,147752.69,166391.35,0.0,10
24OTMCL8664H1ZK,2025-05,863376.02,460595.51,103605.12,152107.04,149963.78,0.0,20
24OTMCL8664H1ZK,2025-06,1011989.97,540201.29,121438.8,164106.5,164093.95,0.0,0
24OTMCL8664H1ZK,2025-07,1174043.01,719174.67,140885.16,255587.78,254669.22,0.0,0
24OTMCL8664H1ZK,2025-08,1174664.84,786621.61,140959.77,242240.16,241932.59,0.0,5
24OTMCL8664H1ZK,2025-09,1376891.21,842302.18,165226.94,317681.02,315405.2,0.0,0
24OTMCL8664H1ZK,2025-10,1566376.54,933600.13,187965.19,312790.9,312193.04,0.0,0
24OTMCL8664H1ZK,2025-11,1257595.78,864394.41,150911.5,200737.34,199553.8,0.0,0
24OTMCL8664H1ZK,2025-12,1129906.8,675770.91,135588.81,305182.04,302748.2,0.0,0
24OTMCL8664H1ZK,2026-01,1036635.29,723789.97,124396.24,203942.12,200289.31,0.0,0
24OTMCL8664H1ZK,2026-02,965237.36,626534.44,115828.49,205844.77,204196.23,0.0,0
24OTMCL8664H1ZK,2026-03,1211366.44,789914.13,145363.98,244265.98,240498.26,0.0,5
27VCPFJ7594R1ZB,2025-04,1239117.7,1239117.7,61955.88,138877.58,137101.13,0.0,0
27VCPFJ7594R1ZB,2025-05,1061646.96,1061646.96,53082.35,114500.97,113843.83,0.0,0
27VCPFJ7594R1ZB,2025-06,1292833.14,1292833.14,64641.66,178426.16,176057.56,0.0,0
27VCPFJ7594R1ZB,2025-07,1035118.87,1035118.87,51755.94,99358.62,107670.28,0.0,0
27VCPFJ7594R1ZB,2025-08,916095.63,916095.63,45804.78,107517.31,106686.47,0.0,0
27VCPFJ7594R1ZB,2025-09,1436029.94,1436029.94,71801.5,189180.25,188295.32,0.0,0
27VCPFJ7594R1ZB,2025-10,1467868.72,1467868.72,73393.44,157687.98,154535.29,0.0,0
27VCPFJ7594R1ZB,2025-11,1646852.96,1646852.96,82342.65,152064.01,151008.13,0.0,0
27VCPFJ7594R1ZB,2025-12,1000884.49,1000884.49,50044.22,513690.14,503479.37,0.0,0
27VCPFJ7594R1ZB,2026-01,1352471.9,1352471.9,67623.59,134671.85,133628.96,0.0,0
27VCPFJ7594R1ZB,2026-02,1380404.13,1380404.13,69020.21,164525.53,166917.9,0.0,0
27VCPFJ7594R1ZB,2026-03,1422011.51,1422011.51,71100.58,141113.73,140464.57,0.0,0
27EGHFI8755X1ZK,2025-04,1030695.25,18529.83,288594.66,46606.31,46011.28,242583.38,0
27EGHFI8755X1ZK,2025-05,1494074.41,20511.01,418340.82,77819.21,77222.71,341118.11,9
27EGHFI8755X1ZK,2025-06,887306.43,19142.0,248445.81,49832.75,68838.78,179607.03,0
27EGHFI8755X1ZK,2025-07,1804627.03,22311.67,505295.56,114398.65,112133.33,393162.23,0
27EGHFI8755X1ZK,2025-08,1850555.3,25943.14,518155.47,110711.77,108507.68,409647.79,0
27EGHFI8755X1ZK,2025-09,1603388.45,22747.68,448948.76,92373.24,91843.28,357105.48,0
27EGHFI8755X1ZK,2025-10,1352085.86,24556.27,378584.04,82928.38,81758.81,296825.22,0
27EGHFI8755X1ZK,2025-11,1845952.58,24862.91,516866.74,121516.66,120419.55,396447.19,0
27EGHFI8755X1ZK,2025-12,945598.12,18068.66,264767.47,50180.5,50096.11,214671.35,0
27EGHFI8755X1ZK,2026-01,1247861.73,22485.61,349401.28,83573.59,81972.64,267428.64,0
27EGHFI8755X1ZK,2026-02,1043666.21,24441.48,292226.54,75127.43,74108.81,218117.74,0
27EGHFI8755X1ZK,2026-03,1892374.23,19719.62,529864.78,122821.09,120565.14,409299.64,0
09BUYCM5956L1Z4,2025-04,1054309.59,468345.05,189775.73,60360.57,60297.22,129478.51,0
09BUYCM5956L1Z4,2025-05,1100639.18,564969.63,198115.04,64056.14,63352.27,134762.78,28
09BUYCM5956L1Z4,2025-06,840426.78,384208.39,151276.82,53526.92,53132.74,98144.08,0
09BUYCM5956L1Z4,2025-07,1100640.33,522609.2,198115.28,42544.08,41776.71,156338.57,0
09BUYCM5956L1Z4,2025-08,1075411.64,444374.92,193574.09,48748.47,48630.43,144943.66,0
09BUYCM5956L1Z4,2025-09,805213.67,344042.85,144938.45,42786.8,42028.84,102909.61,0
09BUYCM5956L1Z4,2025-10,1104572.41,392042.16,198823.03,47629.79,47417.29,151405.74,0
09BUYCM5956L1Z4,2025-11,1058882.77,388428.19,190598.89,53952.81,53132.35,137466.54,0
09BUYCM5956L1Z4,2025-12,962602.36,427561.97,173268.41,52924.24,52395.14,120873.27,7
09BUYCM5956L1Z4,2026-01,1080995.65,477472.02,194579.21,92900.52,91447.19,103132.02,0
09BUYCM5956L1Z4,2026-02,1164744.3,591650.94,209653.97,59331.71,58828.5,150825.47,0
09BUYCM5956L1Z4,2026-03,1100242.16,361733.06,198043.59,58547.54,58228.65,139814.94,0
27ZDGFH8423P1ZY,2025-04,1385990.89,1385990.89,249478.36,69754.16,80138.36,169340.0,0
27ZDGFH8423P1ZY,2025-05,1720646.01,1720646.01,309716.28,103696.01,101861.61,207854.67,6
27ZDGFH8423P1ZY,2025-06,1755705.53,1755705.53,316027.0,87900.05,86167.62,229859.37,0
27ZDGFH8423P1ZY,2025-07,1569262.3,1569262.3,282467.21,79915.07,79629.75,202837.46,0
27ZDGFH8423P1ZY,2025-08,1931719.82,1931719.82,347709.57,180767.45,180523.6,167185.97,0
27ZDGFH8423P1ZY,2025-09,1669908.37,1669908.37,300583.51,94442.62,175310.94,125272.57,0
27ZDGFH8423P1ZY,2025-10,2316023.37,2316023.37,416884.21,93487.91,103036.86,313847.35,0
27ZDGFH8423P1ZY,2025-11,1739691.03,1739691.03,313144.38,161075.94,158930.95,154213.44,7
27ZDGFH8423P1ZY,2025-12,1920097.25,1920097.25,345617.5,93435.21,93059.01,252558.49,0
27ZDGFH8423P1ZY,2026-01,1736920.06,1736920.06,312645.61,84585.63,84293.49,228352.12,0
27ZDGFH8423P1ZY,2026-02,2026504.85,2026504.85,364770.87,124003.4,157664.0,207106.87,0
27ZDGFH8423P1ZY,2026-03,2462937.9,2462937.9,443328.82,219372.42,218308.64,225020.18,0
36CMTFU3248B1Z9,2025-04,323153.82,36612.14,58167.69,75003.63,74404.18,0.0,8
36CMTFU3248B1Z9,2025-05,348821.45,35724.35,62787.87,34242.59,64759.1,0.0,0
36CMTFU3248B1Z9,2025-06,407951.48,31874.87,73431.27,134573.7,132095.0,0.0,0
36CMTFU3248B1Z9,2025-07,292029.87,31003.64,52565.37,69225.42,68747.84,0.0,0
36CMTFU3248B1Z9,2025-08,387609.23,38121.89,69769.66,77018.99,76555.31,0.0,0
36CMTFU3248B1Z9,2025-09,352468.55,23266.16,63444.33,85032.29,84744.48,0.0,5
36CMTFU3248B1Z9,2025-10,541661.42,55502.91,97499.05,117148.85,115530.12,0.0,0
36CMTFU3248B1Z9,2025-11,466806.74,37362.61,84025.21,122603.57,120798.75,0.0,0
36CMTFU3248B1Z9,2025-12,550717.41,35032.4,99129.14,146733.23,144350.72,0.0,2
36CMTFU3248B1Z9,2026-01,387044.23,30266.86,69667.96,94462.37,93921.49,0.0,0
36CMTFU3248B1Z9,2026-02,307172.0,24669.26,55290.96,64386.62,63969.45,0.0,6
36CMTFU3248B1Z9,2026-03,359173.04,31730.58,64651.14,68854.41,68200.94,0.0,0
36ZFLCY7051G1Z0,2025-04,4477061.52,1039499.2,805871.05,182128.66,181530.53,624340.51,8
36ZFLCY7051G1Z0,2025-05,4944155.83,1613869.82,889948.03,203413.69,203224.75,686723.27,0
36ZFLCY7051G1Z0,2025-06,4052614.2,1040467.1,729470.56,188694.17,185978.05,543492.51,6
36ZFLCY7051G1Z0,2025-07,4023869.85,1013419.07,724296.57,144910.13,143937.71,580358.87,0
36ZFLCY7051G1Z0,2025-08,4043316.86,1167423.55,727797.02,174538.97,174396.54,553400.48,0
36ZFLCY7051G1Z0,2025-09,3865271.52,1069895.88,695748.84,216670.45,216120.84,479628.0,0
36ZFLCY7051G1Z0,2025-10,5339771.43,1201778.13,961158.89,212857.88,209645.91,751512.98,0
36ZFLCY7051G1Z0,2025-11,4934706.66,1228943.71,888247.22,214284.5,213863.98,674383.24,0
36ZFLCY7051G1Z0,2025-12,3947556.9,1243641.59,710560.25,200850.72,200397.84,510162.41,8
36ZFLCY7051G1Z0,2026-01,4508480.39,1178522.47,811526.45,186068.42,183968.84,627557.61,0
36ZFLCY7051G1Z0,2026-02,4006548.47,1080604.79,721178.71,186647.34,196307.14,524871.58,0
36ZFLCY7051G1Z0,2026-03,4884252.63,1322277.45,879165.47,140431.02,139948.91,739216.56,0
07IHZPN6227L1Z9,2025-04,667995.43,344459.18,120239.18,133065.82,131654.53,0.0,0
07IHZPN6227L1Z9,2025-05,667668.63,387319.37,120180.36,118053.83,115896.71,0.0,0
07IHZPN6227L1Z9,2025-06,563237.95,285117.04,101382.84,103781.92,102037.8,0.0,0
07IHZPN6227L1Z9,2025-07,598344.23,294163.57,107701.96,147259.23,146181.79,0.0,0
07IHZPN6227L1Z9,2025-08,443692.98,241795.92,79864.74,93774.09,92789.64,0.0,0
07IHZPN6227L1Z9,2025-09,610804.52,343564.01,109944.81,112526.11,110985.97,0.0,0
07IHZPN6227L1Z9,2025-10,746290.97,312200.93,134332.39,96269.68,95711.95,0.0,0
07IHZPN6227L1Z9,2025-11,836048.17,306132.66,150488.67,96920.59,95575.5,33301.05,0
07IHZPN6227L1Z9,2025-12,608515.32,368604.28,109532.76,105022.1,104427.18,5105.58,0
07IHZPN6227L1Z9,2026-01,560887.13,328882.23,100959.68,118054.93,116685.1,0.0,0
07IHZPN6227L1Z9,2026-02,529910.97,282749.73,95383.98,85722.05,84617.83,0.0,0
07IHZPN6227L1Z9,2026-03,853397.09,513495.27,153611.48,106460.13,105343.25,43308.96,0
09PHBFO8022U1ZR,2025-04,1618822.56,3805.72,291388.05,270341.42,266175.86,25212.19,21
09PHBFO8022U1ZR,2025-05,1558188.72,3905.88,280473.96,244001.33,239674.16,40799.8,36
09PHBFO8022U1ZR,2025-06,2029703.34,3974.86,365346.62,251081.7,250801.57,114545.05,15
09PHBFO8022U1ZR,2025-07,1532187.56,3134.3,275793.75,180931.63,197003.41,78790.34,29
09PHBFO8022U1ZR,2025-08,2237389.79,3262.15,402730.17,335212.97,334133.14,68597.03,28
09PHBFO8022U1ZR,2025-09,1920004.73,2250.82,345600.86,174828.32,173345.31,172255.55,21
09PHBFO8022U1ZR,2025-10,4338231.35,3170.24,780881.65,582712.73,578653.28,202228.37,44
09PHBFO8022U1ZR,2025-11,3444420.45,3845.47,619995.71,481365.51,474123.83,145871.88,41
09PHBFO8022U1ZR,2025-12,2348275.6,3734.95,422689.59,289629.06,302286.06,120403.53,5
09PHBFO8022U1ZR,2026-01,2306490.74,3222.75,415168.34,376387.64,375911.16,39257.18,8
09PHBFO8022U1ZR,2026-02,1805013.12,4212.6,324902.37,266998.92,262991.86,61910.5,30
09PHBFO8022U1ZR,2026-03,2196183.28,3082.09,395313.01,326992.3,320517.53,74795.48,9
29YFXCI5273W1ZZ,2025-04,1462824.72,1462824.72,73141.24,182641.45,181612.16,0.0,0
29YFXCI5273W1ZZ,2025-05,1508589.53,1508589.53,75429.48,206769.59,227093.89,0.0,0
29YFXCI5273W1ZZ,2025-06,1587216.85,1587216.85,79360.84,201144.03,200551.33,0.0,0
29YFXCI5273W1ZZ,2025-07,1402169.0,1402169.0,70108.45,185285.34,227669.36,0.0,0
29YFXCI5273W1ZZ,2025-08,1724083.73,1724083.73,86204.19,274395.06,293675.55,0.0,16
29YFXCI5273W1ZZ,2025-09,1442318.37,1442318.37,72115.92,152559.66,152261.58,0.0,16
29YFXCI5273W1ZZ,2025-10,2306417.3,2306417.3,115320.87,351539.32,359637.41,0.0,0
29YFXCI5273W1ZZ,2025-11,2151951.36,2151951.36,107597.57,236323.01,235306.82,0.0,0
29YFXCI5273W1ZZ,2025-12,1562244.84,1562244.84,78112.24,218845.2,215400.2,0.0,0
29YFXCI5273W1ZZ,2026-01,1663140.94,1663140.94,83157.05,190874.75,189239.72,0.0,0
29YFXCI5273W1ZZ,2026-02,1583469.65,1583469.65,79173.48,176419.9,182163.77,0.0,0
29YFXCI5273W1ZZ,2026-03,1863004.11,1863004.11,93150.21,240348.94,239194.77,0.0,0
19JCOPW3867H1ZG,2025-04,1181895.65,1181895.65,212741.22,80254.22,79725.94,133015.28,0
19JCOPW3867H1ZG,2025-05,1001862.48,1001862.48,180335.25,78816.05,77786.95,102548.3,10
19JCOPW3867H1ZG,2025-06,1041686.78,1041686.78,187503.62,162042.43,161545.65,25957.97,0
19JCOPW3867H1ZG,2025-07,961207.3,961207.3,173017.31,103476.26,103056.04,69961.27,13
19JCOPW3867H1ZG,2025-08,1192309.94,1192309.94,214615.79,131480.4,131470.11,83145.68,0
19JCOPW3867H1ZG,2025-09,1079101.91,1079101.91,194238.34,101401.71,117489.68,76748.67,0
19JCOPW3867H1ZG,2025-10,1472720.05,1472720.05,265089.61,195852.65,193206.14,71883.47,0
19JCOPW3867H1ZG,2025-11,1115329.62,1115329.62,200759.33,365720.68,360598.77,0.0,0
19JCOPW3867H1ZG,2025-12,1219137.99,1219137.99,219444.84,113708.35,111458.8,0.0,0
19JCOPW3867H1ZG,2026-01,923845.98,923845.98,166292.28,79320.16,78960.75,35478.12,0
19JCOPW3867H1ZG,2026-02,1044156.63,1044156.63,187948.19,102048.09,100747.03,87201.17,0
19JCOPW3867H1ZG,2026-03,1690546.33,1690546.33,304298.34,207764.69,207109.87,97188.47,0
27TCPPJ3966J1ZG,2025-04,1857798.87,881.55,92889.94,10393.08,10343.52,82546.42,0
27TCPPJ3966J1ZG,2025-05,2155413.05,788.45,107770.64,14067.42,14017.71,93752.94,9
27TCPPJ3966J1ZG,2025-06,1948114.55,729.09,97405.73,14339.65,14272.95,83132.78,0
27TCPPJ3966J1ZG,2025-07,1870641.56,745.54,93532.08,10705.85,10523.8,83008.28,2
27TCPPJ3966J1ZG,2025-08,1246532.4,695.44,62326.62,9451.78,9366.71,52959.92,0
27TCPPJ3966J1ZG,2025-09,2371105.58,895.85,118555.29,11536.82,11328.16,107227.14,0
27TCPPJ3966J1ZG,2025-10,2714314.49,675.06,135715.72,11815.7,11783.07,123932.65,5
27TCPPJ3966J1ZG,2025-11,2289335.82,759.03,114466.78,16837.4,16749.72,97717.06,9
27TCPPJ3966J1ZG,2025-12,1755021.84,832.04,87751.09,10663.86,10533.64,77217.46,0
27TCPPJ3966J1ZG,2026-01,1551353.54,1006.39,77567.69,13310.12,13081.14,64486.55,0
27TCPPJ3966J1ZG,2026-02,1731762.48,788.95,86588.12,9188.19,9150.59,77437.53,8
27TCPPJ3966J1ZG,2026-03,1806256.31,761.83,90312.81,10197.87,10075.86,80236.95,5
24KOZPR5001R1ZU,2025-09,544985.45,69283.57,152595.92,29477.75,29115.37,123480.55,0
24KOZPR5001R1ZU,2025-10,777529.35,51316.64,217708.22,45443.74,45115.42,172592.8,0
24KOZPR5001R1ZU,2025-11,578274.1,64311.39,161916.75,31821.12,35700.37,126216.38,0
24KOZPR5001R1ZU,2025-12,617517.33,52954.21,172904.85,38639.62,38375.87,134528.98,0
24KOZPR5001R1ZU,2026-01,626236.03,63015.48,175346.09,37103.3,36441.87,138904.22,0
24KOZPR5001R1ZU,2026-02,849031.2,64192.77,237728.74,478997.64,471854.01,0.0,0
24KOZPR5001R1ZU,2026-03,691201.85,68532.07,193536.52,33296.04,32890.92,0.0,0
36VYPFM1655R1ZI,2025-04,4887635.09,4887635.09,586516.21,466135.12,458791.21,127725.0,0
36VYPFM1655R1ZI,2025-05,5199946.16,5199946.16,623993.54,568001.87,562895.42,61098.12,0
36VYPFM1655R1ZI,2025-06,5225325.05,5225325.05,627039.01,305646.2,299859.39,327179.62,0
36VYPFM1655R1ZI,2025-07,3359139.68,3359139.68,403096.76,435127.92,447994.05,0.0,0
36VYPFM1655R1ZI,2025-08,4944854.93,4944854.93,593382.59,444052.62,436955.07,111530.24,0
36VYPFM1655R1ZI,2025-09,4549358.88,4549358.88,545923.07,312262.86,309802.92,236120.14,23
36VYPFM1655R1ZI,2025-10,6701930.94,6701930.94,804231.71,478555.45,477000.51,327231.21,1
36VYPFM1655R1ZI,2025-11,6109813.18,6109813.18,733177.58,620236.65,616028.95,117148.63,6
36VYPFM1655R1ZI,2025-12,3690381.69,3690381.69,442845.8,319506.26,316555.42,126290.38,0
36VYPFM1655R1ZI,2026-01,3555215.5,3555215.5,426625.86,310811.38,306529.11,120096.75,0
36VYPFM1655R1ZI,2026-02,5618600.2,5618600.2,674232.02,505775.85,501184.02,173048.0,0
36VYPFM1655R1ZI,2026-03,5744212.41,5744212.41,689305.49,539184.52,532017.07,157288.42,0
29ESZFF2479U1ZP,2025-04,2531074.23,2531074.23,126553.71,364255.05,360679.37,0.0,0
29ESZFF2479U1ZP,2025-05,2883735.53,2883735.53,144186.78,317866.34,353318.94,0.0,7
29ESZFF2479U1ZP,2025-06,2576366.92,2576366.92,128818.35,284468.39,280558.91,0.0,0
29ESZFF2479U1ZP,2025-07,2465551.77,2465551.77,123277.59,372191.96,365400.7,0.0,0
29ESZFF2479U1ZP,2025-08,3501535.63,3501535.63,175076.78,558607.44,558346.84,0.0,0
29ESZFF2479U1ZP,2025-09,1857190.92,1857190.92,92859.55,219627.31,233706.14,0.0,3
29ESZFF2479U1ZP,2025-10,3082977.25,3082977.25,154148.86,445267.8,436863.56,0.0,0
29ESZFF2479U1ZP,2025-11,3766499.43,3766499.43,188324.97,411345.96,407252.8,0.0,3
29ESZFF2479U1ZP,2025-12,2531695.23,2531695.23,126584.76,299945.11,314019.84,0.0,0
29ESZFF2479U1ZP,2026-01,2123549.18,2123549.18,106177.46,244646.17,242739.03,0.0,0
29ESZFF2479U1ZP,2026-02,2248908.17,2248908.17,112445.41,356934.34,354833.59,0.0,0
29ESZFF2479U1ZP,2026-03,2637252.24,2637252.24,131862.61,316902.37,315042.94,0.0,0
36NTLCE7643I1ZS,2025-04,1892661.3,177590.33,227119.36,74476.91,73156.95,153962.41,0
36NTLCE7643I1ZS,2025-05,1674280.83,181615.86,200913.71,64992.24,64881.34,136032.37,0
36NTLCE7643I1ZS,2025-06,1592256.94,173978.68,191070.82,72801.7,83813.29,107257.53,0
36NTLCE7643I1ZS,2025-07,1549321.33,148306.07,185918.56,53998.76,53723.87,132194.69,0
36NTLCE7643I1ZS,2025-08,2216793.33,189506.89,266015.2,117988.39,120069.93,145945.27,0
36NTLCE7643I1ZS,2025-09,2432485.04,170635.33,291898.2,90789.72,89403.35,202494.85,0
36NTLCE7643I1ZS,2025-10,3801569.96,146555.07,456188.39,139572.03,138612.08,317576.31,0
36NTLCE7643I1ZS,2025-11,5210938.91,191252.07,625312.67,186747.26,186272.82,439039.84,0
36NTLCE7643I1ZS,2025-12,3169716.89,164610.38,380366.02,104480.38,102574.55,277791.46,0
36NTLCE7643I1ZS,2026-01,3240738.21,181557.43,388888.59,153812.76,151436.59,237452.0,0
36NTLCE7643I1ZS,2026-02,2597418.47,172207.92,311690.21,76328.18,76204.22,235485.99,0
36NTLCE7643I1ZS,2026-03,3198912.32,200568.59,383869.47,145367.26,144947.85,238921.62,0
36IFRFH6693Y1Z7,2025-04,1345191.79,9795.18,67259.59,15949.03,15890.89,51368.7,9
36IFRFH6693Y1Z7,2025-05,1574755.15,7572.19,78737.76,17332.0,17160.33,61577.43,28
36IFRFH6693Y1Z7,2025-06,1973931.34,8881.75,98696.57,16504.92,16305.38,82391.18,30
36IFRFH6693Y1Z7,2025-07,1622306.44,10212.56,81115.33,74146.41,74104.03,7011.3,39
36IFRFH6693Y1Z7,2025-08,1488121.47,9735.33,74406.09,11154.01,11021.72,63384.37,26
36IFRFH6693Y1Z7,2025-09,1868785.69,6806.25,93439.29,11056.04,10943.03,82496.27,10
36IFRFH6693Y1Z7,2025-10,2925774.12,8827.35,146288.69,18545.94,18316.24,127972.44,29
36IFRFH6693Y1Z7,2025-11,2080860.36,11201.27,104043.01,15417.85,15312.75,88730.26,10
36IFRFH6693Y1Z7,2025-12,1929162.64,10497.5,96458.12,17173.62,20151.59,76306.54,9
36IFRFH6693Y1Z7,2026-01,2082571.95,11537.57,104128.59,19753.81,19724.51,84404.08,9
36IFRFH6693Y1Z7,2026-02,1708634.89,8290.05,85431.76,14497.53,14423.94,71007.82,9
36IFRFH6693Y1Z7,2026-03,2240410.42,11646.93,112020.51,17788.31,17769.51,94251.0,14
09JNRFY1951Y1ZM,2025-04,1069279.18,1069279.18,192470.25,116059.19,115050.36,77419.89,0
09JNRFY1951Y1ZM,2025-05,818778.11,818778.11,147380.06,87034.54,86680.08,60699.98,0
09JNRFY1951Y1ZM,2025-06,772190.27,772190.27,138994.25,76154.91,75953.84,63040.41,9
09JNRFY1951Y1ZM,2025-07,1293053.41,1293053.41,232749.61,151076.54,150135.49,82614.12,0
09JNRFY1951Y1ZM,2025-08,802577.39,802577.39,144463.93,120859.01,120326.77,24137.15,0
09JNRFY1951Y1ZM,2025-09,832311.99,832311.99,149816.16,96442.38,95312.08,54504.08,23
09JNRFY1951Y1ZM,2025-10,1258132.88,1258132.88,226463.92,140303.72,139243.5,87220.42,0
09JNRFY1951Y1ZM,2025-11,1109201.11,1109201.11,199656.2,127860.36,126570.19,73086.01,0
09JNRFY1951Y1ZM,2025-12,866506.25,866506.25,155971.12,88746.13,87386.17,68584.96,0
09JNRFY1951Y1ZM,2026-01,983311.11,983311.11,176996.0,91208.74,614360.08,0.0,10
09JNRFY1951Y1ZM,2026-02,909963.28,909963.28,163793.39,116145.72,794862.32,0.0,0
09JNRFY1951Y1ZM,2026-03,1157632.63,1157632.63,208373.87,135410.7,134071.48,0.0,0
29AHFFB3512A1ZP,2025-04,2416652.47,2416652.47,120832.62,258004.86,255176.55,0.0,2
29AHFFB3512A1ZP,2025-05,1941676.94,1941676.94,97083.85,281708.69,277233.53,0.0,0
29AHFFB3512A1ZP,2025-06,2083075.52,2083075.52,104153.78,268304.57,263085.02,0.0,0
29AHFFB3512A1ZP,2025-07,2397140.77,2397140.77,119857.04,269894.11,279962.81,0.0,0
29AHFFB3512A1ZP,2025-08,1551227.85,1551227.85,77561.39,232220.23,231164.39,0.0,0
29AHFFB3512A1ZP,2025-09,1873361.19,1873361.19,93668.06,238963.22,234501.94,0.0,0
29AHFFB3512A1ZP,2025-10,4202261.14,4202261.14,210113.06,570868.08,568852.4,0.0,0
29AHFFB3512A1ZP,2025-11,2828334.04,2828334.04,141416.7,387416.66,386458.16,0.0,0
29AHFFB3512A1ZP,2025-12,1690974.0,1690974.0,84548.7,225186.73,222260.01,0.0,0
29AHFFB3512A1ZP,2026-01,2038632.93,2038632.93,101931.65,298015.19,293451.17,0.0,3
29AHFFB3512A1ZP,2026-02,2334744.46,2334744.46,116737.22,310275.05,308816.15,0.0,0
29AHFFB3512A1ZP,2026-03,1572189.31,1572189.31,78609.47,207157.01,211902.97,0.0,0
29CHDPR8867K1ZB,2025-04,985075.33,62276.4,177313.56,76498.74,76461.08,100852.48,4
29CHDPR8867K1ZB,2025-05,982484.32,72648.4,176847.18,63526.0,62738.63,114108.56,0
29CHDPR8867K1ZB,2025-06,1141762.02,49944.94,205517.17,106105.95,104066.6,101450.56,0
29CHDPR8867K1ZB,2025-07,1125955.55,59824.63,202672.0,70328.18,70011.12,132660.88,0
29CHDPR8867K1ZB,2025-08,936175.54,46820.62,168511.6,60644.93,60626.8,107884.8,9
29CHDPR8867K1ZB,2025-09,1110071.33,58744.08,199812.82,69040.92,68938.66,130874.17,0
29CHDPR8867K1ZB,2025-10,1078350.06,53534.61,194103.01,56205.95,55333.67,138769.34,0
29CHDPR8867K1ZB,2025-11,1001043.71,75896.07,180187.86,86691.21,85501.92,94685.94,0
29CHDPR8867K1ZB,2025-12,1282228.63,66595.29,230801.14,103520.78,103373.83,127427.31,3
29CHDPR8867K1ZB,2026-01,782973.3,72922.81,140935.2,56440.93,55695.05,85240.15,0
29CHDPR8867K1ZB,2026-02,1197761.0,58719.67,215596.99,94398.85,98668.3,116928.69,0
29CHDPR8867K1ZB,2026-03,1087098.77,53743.31,195677.79,78295.01,77863.33,117814.45,0
33MHHPC4769B1ZD,2025-04,1230942.58,353003.85,221569.65,74506.77,74262.18,147307.48,0
33MHHPC4769B1ZD,2025-05,1562362.5,391934.05,281225.27,69808.27,69529.52,211695.75,0
33MHHPC4769B1ZD,2025-06,1201725.13,331047.53,216310.54,70390.7,77110.69,139199.85,0
33MHHPC4769B1ZD,2025-07,1559798.79,323096.82,280763.79,82242.48,80656.15,200107.64,0
33MHHPC4769B1ZD,2025-08,1389570.14,494826.01,250122.63,56538.86,70780.22,179342.41,11
33MHHPC4769B1ZD,2025-09,1138628.45,315835.9,204953.12,62921.11,62212.82,142740.3,0
33MHHPC4769B1ZD,2025-10,1087210.14,259975.59,195697.83,59130.34,73007.2,122690.63,0
33MHHPC4769B1ZD,2025-11,1124869.45,293531.8,202476.51,79745.59,79063.58,123412.93,0
33MHHPC4769B1ZD,2025-12,1535814.63,386419.08,276446.63,74162.39,73609.93,202836.71,7
33MHHPC4769B1ZD,2026-01,1200511.39,252155.17,216092.05,91248.47,91158.29,124933.76,0
33MHHPC4769B1ZD,2026-02,1258713.04,273499.78,226568.35,71685.28,71168.01,155400.34,0
33MHHPC4769B1ZD,2026-03,1193564.18,361453.64,214841.55,67884.64,67289.55,147552.01,9
09HNLFN2938K1ZS,2025-04,3369076.23,762119.97,606433.71,99588.7,98963.21,507470.51,0
09HNLFN2938K1ZS,2025-05,3482852.73,704105.6,626913.49,128128.76,126536.71,500376.78,0
09HNLFN2938K1ZS,2025-06,3672099.42,796633.44,660977.92,136210.71,135837.85,525140.07,4
09HNLFN2938K1ZS,2025-07,3632333.99,885558.43,653820.15,113924.1,128862.76,524957.39,0
09HNLFN2938K1ZS,2025-08,4079160.61,1156070.42,734248.9,100134.25,98911.69,635337.21,0
09HNLFN2938K1ZS,2025-09,3633777.11,869722.17,654079.91,129840.16,127349.47,526730.45,0
09HNLFN2938K1ZS,2025-10,5224423.92,835019.33,940396.3,130083.78,129232.89,811163.41,0
09HNLFN2938K1ZS,2025-11,4736835.47,958095.13,852630.36,102838.33,101946.45,750683.91,0
09HNLFN2938K1ZS,2025-12,4251620.51,934432.06,765291.69,119193.39,117743.6,647548.09,0
09HNLFN2938K1ZS,2026-01,3366725.85,771901.9,606010.67,110032.48,109335.49,496675.18,0
09HNLFN2938K1ZS,2026-02,4006520.8,1188937.82,721173.79,56038.62,121467.27,599706.51,0
09HNLFN2938K1ZS,2026-03,4044165.29,838696.65,727949.77,106318.36,105314.31,622635.46,4
19HOACG1664D1ZV,2025-09,7273518.92,305348.82,363675.95,808457.14,799620.26,0.0,13
19HOACG1664D1ZV,2025-10,7181131.34,425327.2,359056.55,1082223.5,1069042.26,0.0,5
19HOACG1664D1ZV,2025-11,8119199.5,330541.67,405959.96,1225281.69,1272101.16,0.0,21
19HOACG1664D1ZV,2025-12,6948858.83,377822.03,347442.94,793378.0,894336.07,0.0,15
19HOACG1664D1ZV,2026-01,6666575.29,356398.54,333328.77,1188212.48,1177362.11,0.0,28
19HOACG1664D1ZV,2026-02,6193140.27,382169.08,309657.0,644937.88,643078.26,0.0,9
19HOACG1664D1ZV,2026-03,6766196.81,330822.02,338309.85,899106.7,886644.14,0.0,20
36SWMFH9205Z1ZF,2025-07,2960590.5,358602.41,532906.28,53363.02,86067.31,446838.97,0
36SWMFH9205Z1ZF,2025-08,2867307.97,314697.22,516115.43,104343.65,103385.33,412730.1,0
36SWMFH9205Z1ZF,2025-09,2325361.38,371580.05,418565.05,94749.34,94287.02,324278.03,10
36SWMFH9205Z1ZF,2025-10,3332626.16,371502.18,599872.69,84890.84,84507.74,515364.95,0
36SWMFH9205Z1ZF,2025-11,3359947.51,346533.74,604790.55,141768.4,139564.69,465225.87,0
36SWMFH9205Z1ZF,2025-12,2820773.45,314425.92,507739.22,115475.31,115396.39,392342.83,9
36SWMFH9205Z1ZF,2026-01,2593180.64,361626.51,466772.52,150714.92,148331.35,318441.17,0
36SWMFH9205Z1ZF,2026-02,2565982.28,330012.92,461876.82,108904.8,107300.76,354576.07,0
36SWMFH9205Z1ZF,2026-03,2975664.13,358474.17,535619.51,103077.52,101083.11,434536.4,26
09DOFPL1787S1ZW,2025-04,2519902.39,651853.39,302388.3,409014.96,418438.85,0.0,0
09DOFPL1787S1ZW,2025-05,2589567.76,590082.23,310748.14,483625.84,479541.54,0.0,0
09DOFPL1787S1ZW,2025-06,3026893.56,633341.36,363227.23,662109.39,649156.09,0.0,0
09DOFPL1787S1ZW,2025-07,3260306.94,703721.29,391236.83,316354.95,397354.66,0.0,0
09DOFPL1787S1ZW,2025-08,2977706.01,581802.86,357324.72,605631.82,601484.03,0.0,0
09DOFPL1787S1ZW,2025-09,3760048.46,619864.47,451205.82,723269.86,715570.26,0.0,0
09DOFPL1787S1ZW,2025-10,5690727.99,1348244.84,682887.35,893059.01,917874.02,0.0,9
09DOFPL1787S1ZW,2025-11,4904199.71,732026.94,588503.97,743357.33,783056.52,0.0,12
09DOFPL1787S1ZW,2025-12,3746991.22,670914.26,449638.94,592856.56,584690.51,0.0,4
09DOFPL1787S1ZW,2026-01,2989938.13,578924.61,358792.58,559069.6,548885.68,0.0,0
09DOFPL1787S1ZW,2026-02,2994600.7,616077.74,359352.08,580089.36,574201.73,0.0,10
09DOFPL1787S1ZW,2026-03,5131029.41,769868.74,615723.52,953548.91,950308.4,0.0,0
36HKNPX5367L1ZX,2025-04,2297673.2,69447.91,114883.66,162933.24,180727.27,0.0,0
36HKNPX5367L1ZX,2025-05,2687420.45,73899.4,134371.04,264282.48,259249.31,0.0,0
36HKNPX5367L1ZX,2025-06,2822244.38,86699.67,141112.23,233906.33,230894.83,0.0,0
36HKNPX5367L1ZX,2025-07,2182166.91,88825.02,109108.35,186473.6,185433.64,0.0,0
36HKNPX5367L1ZX,2025-08,2155847.83,65069.91,107792.39,203214.74,243068.58,0.0,0
36HKNPX5367L1ZX,2025-09,2552325.93,102658.69,127616.3,204499.65,202566.51,0.0,0
36HKNPX5367L1ZX,2025-10,2811925.3,119165.79,140596.27,209811.04,247525.55,0.0,0
36HKNPX5367L1ZX,2025-11,2565611.63,105226.6,128280.58,280537.07,280218.28,0.0,7
36HKNPX5367L1ZX,2025-12,2359807.05,58988.99,117990.36,166387.43,165555.84,0.0,0
36HKNPX5367L1ZX,2026-01,2736482.79,68511.13,136824.17,338947.69,338777.47,0.0,0
36HKNPX5367L1ZX,2026-02,2496614.83,88012.46,124830.73,222355.38,219305.86,0.0,1
36HKNPX5367L1ZX,2026-03,3127315.22,88697.66,156365.75,242131.77,237563.42,0.0,0
27GNSFA6402L1Z8,2025-04,7704398.38,953303.75,924527.8,1227765.2,1214346.24,0.0,0
27GNSFA6402L1Z8,2025-05,6461357.2,846231.92,775362.87,1385506.46,1371964.58,0.0,0
27GNSFA6402L1Z8,2025-06,8470392.31,790229.63,1016447.09,1376379.24,1410772.97,0.0,0
27GNSFA6402L1Z8,2025-07,6187208.14,1107911.0,742464.96,1225320.14,1217261.52,0.0,0
27GNSFA6402L1Z8,2025-08,6347506.99,1268611.62,761700.85,1332590.74,1336627.11,0.0,0
27GNSFA6402L1Z8,2025-09,7520205.33,1226123.92,902424.65,1557906.47,1539229.35,0.0,0
27GNSFA6402L1Z8,2025-10,9105173.59,1565551.62,1092620.85,1455684.13,1465720.37,0.0,0
27GNSFA6402L1Z8,2025-11,8798328.57,1188547.2,1055799.4,1130825.5,1125356.91,0.0,0
27GNSFA6402L1Z8,2025-12,6550727.48,906568.72,786087.3,749147.17,740993.59,0.0,0
27GNSFA6402L1Z8,2026-01,6445418.91,973658.39,773450.28,1203087.9,1193929.19,0.0,0
27GNSFA6402L1Z8,2026-02,6261971.27,860215.56,751436.53,1043546.18,1062471.37,0.0,0
27GNSFA6402L1Z8,2026-03,7596878.03,1284087.49,911625.38,1490727.15,1474915.6,0.0,10
29WWHFC4396Y1Z8,2025-04,5212432.24,5212432.24,260621.61,387883.66,384369.39,0.0,0
29WWHFC4396Y1Z8,2025-05,7712969.99,7712969.99,385648.5,626361.74,618667.8,0.0,0
29WWHFC4396Y1Z8,2025-06,6289331.14,6289331.14,314466.56,532982.16,530645.58,0.0,0
29WWHFC4396Y1Z8,2025-07,5969842.8,5969842.8,298492.14,387909.42,384147.23,0.0,2
29WWHFC4396Y1Z8,2025-08,6323100.33,6323100.33,316155.02,434260.88,429452.14,0.0,10
29WWHFC4396Y1Z8,2025-09,6314004.14,6314004.14,315700.21,537569.67,535618.89,0.0,0
29WWHFC4396Y1Z8,2025-10,12194824.79,12194824.79,609741.24,733645.25,840249.77,0.0,0
29WWHFC4396Y1Z8,2025-11,8691354.3,8691354.3,434567.72,575419.36,639609.1,0.0,0
29WWHFC4396Y1Z8,2025-12,6458242.01,6458242.01,322912.1,554319.17,550498.27,0.0,0
29WWHFC4396Y1Z8,2026-01,5589926.27,5589926.27,279496.31,463737.0,461284.92,0.0,0
29WWHFC4396Y1Z8,2026-02,6753444.3,6753444.3,337672.21,445330.62,442870.84,0.0,0
29WWHFC4396Y1Z8,2026-03,5932382.88,5932382.88,296619.14,382957.86,380091.97,0.0,9
07IICPL4611L1Z3,2025-04,243798.84,43145.83,43883.79,51167.48,51051.16,0.0,39
07IICPL4611L1Z3,2025-05,247189.25,34729.74,44494.06,19376.53,48567.22,0.0,20
07IICPL4611L1Z3,2025-06,383559.8,36191.94,69040.77,78837.05,78238.65,0.0,16
07IICPL4611L1Z3,2025-07,275226.86,52176.0,49540.83,64075.34,63839.99,0.0,31
07IICPL4611L1Z3,2025-08,338956.95,36131.88,61012.25,64623.73,63521.16,0.0,35
07IICPL4611L1Z3,2025-09,346425.01,44604.38,62356.51,99462.0,98011.56,0.0,29
07IICPL4611L1Z3,2025-10,457822.8,54502.74,82408.1,91599.6,91319.3,0.0,39
07IICPL4611L1Z3,2025-11,408907.31,63628.33,73603.32,76530.92,76421.7,0.0,29
07IICPL4611L1Z3,2025-12,355548.95,36552.05,63998.81,91852.45,90470.62,0.0,13
07IICPL4611L1Z3,2026-01,225997.25,35065.53,40679.51,51553.44,50899.87,0.0,21
07IICPL4611L1Z3,2026-02,326621.89,36410.07,58791.93,58669.56,58140.04,0.0,31
07IICPL4611L1Z3,2026-03,330879.5,42879.26,59558.31,82072.66,81714.08,0.0,40
09PLBPP2203F1Z4,2025-04,1550869.81,33952.76,186104.38,221696.55,219561.61,0.0,0
09PLBPP2203F1Z4,2025-05,1660441.23,24777.94,199252.95,224453.53,221214.9,0.0,0
09PLBPP2203F1Z4,2025-06,1767515.58,37291.92,212101.87,271401.58,267227.19,0.0,7
09PLBPP2203F1Z4,2025-07,1592348.1,25071.4,191081.77,195787.22,193531.16,0.0,0
09PLBPP2203F1Z4,2025-08,1967887.53,26446.47,236146.51,197099.38,193706.2,0.0,0
09PLBPP2203F1Z4,2025-09,1945019.97,34445.47,233402.39,152655.01,198546.1,0.0,0
09PLBPP2203F1Z4,2025-10,2004458.28,36719.73,240535.0,278105.8,274783.6,0.0,0
09PLBPP2203F1Z4,2025-11,1848876.94,32982.1,221865.24,229740.83,228701.47,0.0,0
09PLBPP2203F1Z4,2025-12,1802514.21,44431.88,216301.72,238252.26,235990.68,0.0,3
09PLBPP2203F1Z4,2026-01,1046286.12,37823.97,125554.33,128809.29,126794.89,0.0,0
09PLBPP2203F1Z4,2026-02,1480387.91,33995.1,177646.54,151973.13,151110.5,0.0,0
09PLBPP2203F1Z4,2026-03,1757772.29,43448.4,210932.68,202158.34,199416.44,0.0,0
19LSICD1672J1Z1,2025-04,8544685.86,118705.96,427234.28,202511.89,201924.3,225309.98,0
19LSICD1672J1Z1,2025-05,9052870.63,111101.59,452643.55,273440.19,293721.51,158922.04,0
19LSICD1672J1Z1,2025-06,8364381.71,114887.22,418219.06,211193.11,207601.21,210617.85,0
19LSICD1672J1Z1,2025-07,7118262.91,107619.36,355913.16,190996.55,190562.85,165350.31,0
19LSICD1672J1Z1,2025-08,6325122.94,96266.33,316256.17,241467.46,239961.21,76294.95,0
19LSICD1672J1Z1,2025-09,6930064.52,110422.73,346503.21,175203.41,172912.2,173591.01,0
19LSICD1672J1Z1,2025-10,11407198.03,115879.79,570359.89,200084.25,199207.67,371152.22,0
19LSICD1672J1Z1,2025-11,9581338.5,114202.15,479066.95,324961.67,319629.91,159437.04,0
19LSICD1672J1Z1,2025-12,7779065.73,121668.24,388953.31,234145.53,231598.46,157354.85,0
19LSICD1672J1Z1,2026-01,8316721.09,127403.96,415836.03,279474.86,275503.28,140332.74,0
19LSICD1672J1Z1,2026-02,7316479.25,132527.15,365824.01,202519.87,199586.88,166237.12,0
19LSICD1672J1Z1,2026-03,8765449.27,108798.33,438272.48,129328.44,265477.93,172794.55,0
33LOGCO6284Z1Z4,2025-04,1461915.52,7446.09,409336.34,109291.0,108994.89,300341.46,0
33LOGCO6284Z1Z4,2025-05,1752132.8,7135.97,490597.19,156805.67,155937.81,334659.38,14
33LOGCO6284Z1Z4,2025-06,1566144.28,4820.98,438520.4,131542.57,129665.24,308855.16,28
33LOGCO6284Z1Z4,2025-07,1221045.35,7460.08,341892.7,94958.02,93187.72,248704.99,0
33LOGCO6284Z1Z4,2025-08,1262651.76,6867.17,353542.49,88976.62,87740.89,265801.6,0
33LOGCO6284Z1Z4,2025-09,1031142.77,7614.27,288719.96,67838.24,67278.07,221441.9,0
33LOGCO6284Z1Z4,2025-10,2012251.8,7860.42,563430.51,182566.86,180493.69,382936.82,0
33LOGCO6284Z1Z4,2025-11,1492202.79,10244.82,417816.77,137958.14,136440.43,281376.34,0
33LOGCO6284Z1Z4,2025-12,1184989.29,8225.91,331797.01,105158.16,105115.77,226681.25,0
33LOGCO6284Z1Z4,2026-01,1042257.41,8262.27,291832.06,85511.58,84572.08,207259.99,3
33LOGCO6284Z1Z4,2026-02,1324455.54,8464.87,370847.55,106763.34,105465.44,265382.11,0
33LOGCO6284Z1Z4,2026-03,1318041.72,8956.27,369051.68,116320.53,114972.77,254078.92,0
19NEJPU6258D1ZO,2025-04,2038284.25,453072.49,366891.17,258135.43,257113.79,109777.38,0
19NEJPU6258D1ZO,2025-05,2310600.99,619056.69,415908.2,227950.0,224424.88,191483.33,0
19NEJPU6258D1ZO,2025-06,2286104.1,584401.03,411498.75,195629.35,194994.98,216503.77,2
19NEJPU6258D1ZO,2025-07,2585759.21,738748.64,465436.67,242906.8,239295.7,226140.96,0
19NEJPU6258D1ZO,2025-08,2112731.22,584392.77,380291.62,132847.21,130647.46,249644.16,0
19NEJPU6258D1ZO,2025-09,2135578.57,738908.25,384404.12,182898.9,181605.15,202798.98,0
19NEJPU6258D1ZO,2025-10,2863194.94,534195.64,515375.09,191607.35,190761.7,324613.4,0
19NEJPU6258D1ZO,2025-11,2581369.2,597100.82,464646.46,232519.01,231609.77,233036.69,0
19NEJPU6258D1ZO,2025-12,2282313.54,598899.26,410816.44,199941.11,198047.28,212769.15,0
19NEJPU6258D1ZO,2026-01,2322426.47,670966.0,418036.74,262104.26,260906.84,157129.9,0
19NEJPU6258D1ZO,2026-02,2186347.32,658283.96,393542.49,216574.37,214226.92,179315.57,0
19NEJPU6258D1ZO,2026-03,2568801.41,694167.99,462384.3,120927.23,119298.06,343086.24,0
24GIJPC7491R1ZF,2025-04,1168759.7,34135.81,140251.17,123948.87,122948.32,17302.85,0
24GIJPC7491R1ZF,2025-05,1858409.25,57958.7,223009.11,231674.59,227227.76,0.0,0
24GIJPC7491R1ZF,2025-06,1223753.53,47817.53,146850.43,90137.59,167231.6,0.0,0
24GIJPC7491R1ZF,2025-07,896202.75,59965.65,107544.34,88939.52,87772.36,0.0,0
24GIJPC7491R1ZF,2025-08,814767.02,62989.21,97772.03,102173.64,100300.22,0.0,0
24GIJPC7491R1ZF,2025-09,776415.54,64551.79,93169.87,84707.01,84260.36,1553.49,0
24GIJPC7491R1ZF,2025-10,1403583.57,70961.25,168430.03,178461.63,178349.31,0.0,0
24GIJPC7491R1ZF,2025-11,1348630.28,65751.1,161835.63,130089.3,128053.63,23862.72,0
24GIJPC7491R1ZF,2025-12,1037264.48,71012.45,124471.73,93847.14,92720.42,31751.32,0
24GIJPC7491R1ZF,2026-01,852806.04,67173.71,102336.73,90552.91,89900.1,12436.63,0
24GIJPC7491R1ZF,2026-02,852670.31,68057.67,102320.44,78497.58,77351.76,24968.68,0
24GIJPC7491R1ZF,2026-03,1081202.62,54287.43,129744.32,63999.44,113375.93,16368.39,0
24FDDFU6276V1ZV,2025-04,1786878.26,335983.39,89343.91,315605.17,312062.7,0.0,36
24FDDFU6276V1ZV,2025-05,1652839.91,282066.15,82642.0,309473.09,306574.54,0.0,34
24FDDFU6276V1ZV,2025-06,1637709.66,249710.64,81885.47,250742.98,246871.03,0.0,12
24FDDFU6276V1ZV,2025-07,2081789.76,397600.55,104089.49,269384.16,267370.75,0.0,29
24FDDFU6276V1ZV,2025-08,2345509.66,337534.87,117275.48,308026.0,303868.01,0.0,12
24FDDFU6276V1ZV,2025-09,1710587.91,301199.0,85529.39,279232.83,276314.64,0.0,21
24FDDFU6276V1ZV,2025-10,2702640.55,367362.72,135132.03,465435.15,463392.88,0.0,16
24FDDFU6276V1ZV,2025-11,2245297.68,354778.81,112264.89,346703.22,345127.73,0.0,31
24FDDFU6276V1ZV,2025-12,1728120.63,332209.42,86406.04,382034.49,376815.81,0.0,27
24FDDFU6276V1ZV,2026-01,1889254.78,318665.66,94462.73,340380.88,340277.0,0.0,10
24FDDFU6276V1ZV,2026-02,1426985.08,225679.94,71349.26,186270.04,183714.47,0.0,27
24FDDFU6276V1ZV,2026-03,1739778.4,382114.9,86988.92,336536.31,331310.76,0.0,29
29JIHPH7134O1ZH,2025-04,2531966.43,196955.16,455753.97,432047.33,431213.85,24540.12,0
29JIHPH7134O1ZH,2025-05,1864024.84,156603.37,335524.49,401281.26,396996.66,0.0,9
29JIHPH7134O1ZH,2025-06,2522578.15,131075.44,454064.07,446548.74,442349.52,0.0,0
29JIHPH7134O1ZH,2025-07,2267254.23,184362.08,408105.75,403040.95,400449.39,0.0,0
29JIHPH7134O1ZH,2025-08,2542816.34,188923.78,457706.93,482037.77,475430.15,0.0,0
29JIHPH7134O1ZH,2025-09,2710408.4,175787.37,487873.52,387972.9,381821.0,46228.03,8
29JIHPH7134O1ZH,2025-10,3826540.41,221326.72,688777.28,521857.77,672516.86,16260.42,9
29JIHPH7134O1ZH,2025-11,3254992.08,252530.64,585898.56,495761.13,513802.62,72095.95,0
29JIHPH7134O1ZH,2025-12,2015097.39,185996.87,362717.54,292504.43,287274.46,75443.08,0
29JIHPH7134O1ZH,2026-01,2677422.97,156407.65,481936.12,526076.31,517574.28,0.0,0
29JIHPH7134O1ZH,2026-02,1755922.34,145876.31,316066.03,268502.19,266505.25,13922.61,0
29JIHPH7134O1ZH,2026-03,3034503.43,197885.1,546210.63,535676.74,525621.25,20589.38,0
24DQICR5942P1ZR,2025-04,4545086.92,4545086.92,545410.43,352374.58,353463.54,191946.9,0
24DQICR5942P1ZR,2025-05,3564200.98,3564200.98,427704.12,382087.65,381883.4,45820.72,0
24DQICR5942P1ZR,2025-06,3906196.38,3906196.38,468743.57,303782.88,299627.64,169115.93,1
24DQICR5942P1ZR,2025-07,4709446.4,4709446.4,565133.57,453351.13,453343.78,111789.79,8
24DQICR5942P1ZR,2025-08,4031080.61,4031080.61,483729.67,282201.05,278341.5,205388.18,0
24DQICR5942P1ZR,2025-09,3234012.34,3234012.34,388081.48,269711.41,268802.9,119278.58,0
24DQICR5942P1ZR,2025-10,7590784.2,7590784.2,910894.1,568709.59,563545.68,347348.42,0
24DQICR5942P1ZR,2025-11,5317600.74,5317600.74,638112.09,371806.96,370997.09,267115.0,7
24DQICR5942P1ZR,2025-12,4790894.28,4790894.28,574907.31,398618.02,415567.97,159339.34,0
24DQICR5942P1ZR,2026-01,3299317.97,3299317.97,395918.16,314538.81,311782.06,84136.1,0
24DQICR5942P1ZR,2026-02,3994371.57,3994371.57,479324.59,390831.64,386361.27,92963.32,0
24DQICR5942P1ZR,2026-03,5049335.35,5049335.35,605920.24,521140.77,511148.93,94771.31,0
09NITCI2853W1ZD,2025-04,764769.54,263808.76,137658.52,65307.73,64897.24,72761.27,0
09NITCI2853W1ZD,2025-05,843100.62,215464.36,151758.12,74570.99,73387.24,78370.87,0
09NITCI2853W1ZD,2025-06,755497.85,283043.06,135989.6,64323.39,63073.99,72915.61,0
09NITCI2853W1ZD,2025-07,718857.71,169937.48,129394.39,45412.3,44649.46,84744.92,9
09NITCI2853W1ZD,2025-08,638517.07,167219.55,114933.07,47023.52,46960.88,67972.19,0
09NITCI2853W1ZD,2025-09,793843.22,246794.29,142891.77,14772.84,48304.3,94587.47,0
09NITCI2853W1ZD,2025-10,917068.4,188205.12,165072.3,45615.34,44789.74,120282.57,0
09NITCI2853W1ZD,2025-11,908241.21,289120.75,163483.42,47235.16,47166.22,116317.19,0
09NITCI2853W1ZD,2025-12,896318.07,260068.51,161337.28,67555.8,81650.63,79686.65,0
09NITCI2853W1ZD,2026-01,735481.69,270015.57,132386.72,40815.5,40009.57,92377.15,0
09NITCI2853W1ZD,2026-02,782635.64,242987.34,140874.41,45717.04,45391.46,95482.95,0
09NITCI2853W1ZD,2026-03,662744.11,185324.13,119293.93,46109.78,45837.21,73456.72,0
19XQTPU6041N1Z5,2025-04,1032720.32,304130.61,185889.66,62307.8,61848.64,124041.02,0
19XQTPU6041N1Z5,2025-05,1238972.29,440286.31,223015.02,60265.92,60250.36,162764.66,0
19XQTPU6041N1Z5,2025-06,1188414.43,460253.57,213914.59,64369.91,63606.58,150308.01,2
19XQTPU6041N1Z5,2025-07,1064954.17,363794.28,191691.74,68929.2,68402.06,123289.68,0
19XQTPU6041N1Z5,2025-08,1046749.53,476710.38,188414.92,65048.78,63975.71,124439.21,0
19XQTPU6041N1Z5,2025-09,1114680.57,410297.88,200642.51,61983.52,61462.23,139180.28,0
19XQTPU6041N1Z5,2025-10,1107380.32,379549.99,199328.46,53738.66,53450.98,145877.48,4
19XQTPU6041N1Z5,2025-11,1299898.0,475955.72,233981.63,78478.02,78023.4,155958.23,0
19XQTPU6041N1Z5,2025-12,1029452.81,350019.43,185301.51,71106.75,69777.56,115523.94,0
19XQTPU6041N1Z5,2026-01,1223787.15,469289.72,220281.67,57621.12,57498.82,162782.85,5
19XQTPU6041N1Z5,2026-02,1011017.42,305970.71,181983.15,65162.18,64311.15,117672.0,0
19XQTPU6041N1Z5,2026-03,1275732.2,429962.07,229631.8,49773.71,49284.92,180346.88,0
27CRUPL0492M1ZY,2025-09,2563403.41,372324.54,307608.41,426119.18,435406.06,0.0,22
27CRUPL0492M1ZY,2025-10,5197750.15,676429.32,623730.03,1024082.5,1020713.33,0.0,32
27CRUPL0492M1ZY,2025-11,2724188.9,621222.28,326902.65,384615.98,381661.28,0.0,37
27CRUPL0492M1ZY,2025-12,3745420.88,384321.31,449450.52,688320.58,685160.39,0.0,31
27CRUPL0492M1ZY,2026-01,2007374.22,529846.81,240884.9,280094.28,276602.92,0.0,44
27CRUPL0492M1ZY,2026-02,1676366.73,376948.55,201164.02,319413.47,314572.93,0.0,28
27CRUPL0492M1ZY,2026-03,2377866.75,362261.81,285344.0,401942.11,400468.14,0.0,28
19KEQPA2709K1Z1,2025-04,4760381.86,965368.97,238019.1,1000695.17,1000502.18,0.0,0
19KEQPA2709K1Z1,2025-05,4824619.49,1296725.05,241230.98,902727.08,897567.36,0.0,7
19KEQPA2709K1Z1,2025-06,4481536.0,1005244.98,224076.8,1240956.34,1219208.72,0.0,0
19KEQPA2709K1Z1,2025-07,4239826.08,968175.59,211991.31,714652.98,703508.01,0.0,0
19KEQPA2709K1Z1,2025-08,4308757.81,944211.75,215437.89,884672.65,876831.29,0.0,0
19KEQPA2709K1Z1,2025-09,4328678.46,1050253.17,216433.94,654432.08,647424.58,0.0,0
19KEQPA2709K1Z1,2025-10,6098747.42,1369423.9,304937.34,1343464.05,1328338.88,0.0,3
19KEQPA2709K1Z1,2025-11,5828748.01,1331571.96,291437.39,915286.53,912786.7,0.0,0
19KEQPA2709K1Z1,2025-12,4124890.44,966199.22,206244.5,606824.07,663893.61,0.0,0
19KEQPA2709K1Z1,2026-01,4071190.97,1013268.63,203559.53,605536.46,658104.53,0.0,0
19KEQPA2709K1Z1,2026-02,4088554.86,1017042.36,204427.74,1004747.95,1004264.62,0.0,0
19KEQPA2709K1Z1,2026-03,4557919.42,1178750.98,227895.98,808495.69,800887.92,0.0,0
33ESUFD8634M1ZM,2025-04,8149096.62,8149096.62,1466837.39,875112.8,865263.77,601573.62,0
33ESUFD8634M1ZM,2025-05,11652747.46,11652747.46,2097494.54,1502888.29,1475487.04,622007.51,10
33ESUFD8634M1ZM,2025-06,8649551.36,8649551.36,1556919.24,941966.31,938641.05,618278.19,0
33ESUFD8634M1ZM,2025-07,11053404.43,11053404.43,1989612.8,1520122.1,1514085.93,475526.87,0
33ESUFD8634M1ZM,2025-08,10742516.29,10742516.29,1933652.93,1314383.98,1300388.82,633264.11,2
33ESUFD8634M1ZM,2025-09,10844750.64,10844750.64,1952055.11,1614075.8,1611493.18,340561.93,0
33ESUFD8634M1ZM,2025-10,20236094.91,20236094.91,3642497.08,3042682.66,2986440.52,656056.56,0
33ESUFD8634M1ZM,2025-11,11787539.92,11787539.92,2121757.19,2031432.33,2029319.74,92437.44,0
33ESUFD8634M1ZM,2025-12,10835781.91,10835781.91,1950440.74,1550241.39,1554691.42,395749.32,8
33ESUFD8634M1ZM,2026-01,11943328.92,11943328.92,2149799.2,1730841.36,1707877.9,441921.3,0
33ESUFD8634M1ZM,2026-02,8977606.64,8977606.64,1615969.2,960896.61,941826.04,674143.15,0
33ESUFD8634M1ZM,2026-03,10166860.76,10166860.76,1830034.94,986434.56,1188747.33,641287.6,8
24DCWFR1816F1ZW,2025-04,281805.19,281805.19,50724.94,31292.01,30875.35,19849.59,0
24DCWFR1816F1ZW,2025-05,266691.94,266691.94,48004.55,22713.28,22578.47,25426.08,0
24DCWFR1816F1ZW,2025-06,235373.84,235373.84,42367.29,23731.85,23332.72,19034.57,0
24DCWFR1816F1ZW,2025-07,269267.8,269267.8,48468.2,26488.09,26408.27,22059.93,0
24DCWFR1816F1ZW,2025-08,227137.47,227137.47,40884.74,27174.24,26751.08,14133.66,5
24DCWFR1816F1ZW,2025-09,246221.56,246221.56,44319.88,19544.53,19196.05,25123.84,0
24DCWFR1816F1ZW,2025-10,458922.49,458922.49,82606.05,48485.9,48203.41,34402.63,0
24DCWFR1816F1ZW,2025-11,300659.76,300659.76,54118.76,33162.84,32838.73,21280.02,10
24DCWFR1816F1ZW,2025-12,206007.3,206007.3,37081.31,17150.87,17018.19,20063.12,5
24DCWFR1816F1ZW,2026-01,247998.63,247998.63,44639.75,28038.26,27819.26,16820.5,0
24DCWFR1816F1ZW,2026-02,258244.97,258244.97,46484.09,23444.75,23439.98,23044.12,0
24DCWFR1816F1ZW,2026-03,270209.23,270209.23,48637.66,27363.12,27183.54,21454.12,0
09GCOPO0106I1ZF,2025-04,5014018.98,8373.46,902523.41,42075.33,41335.2,861188.21,0
09GCOPO0106I1ZF,2025-05,3512152.26,8999.76,632187.41,78376.58,77183.71,555003.7,0
09GCOPO0106I1ZF,2025-06,2874700.05,8688.55,517446.0,34655.47,34257.57,483188.43,0
09GCOPO0106I1ZF,2025-07,3269332.93,8616.61,588479.93,45485.83,44857.03,543622.9,0
09GCOPO0106I1ZF,2025-08,3441691.55,6179.04,619504.48,32442.23,31853.4,587651.08,0
09GCOPO0106I1ZF,2025-09,3220753.25,5322.77,579735.59,32105.53,31647.84,548087.75,0
09GCOPO0106I1ZF,2025-10,5627241.13,9366.69,1012903.42,33201.44,32595.37,980308.05,9
09GCOPO0106I1ZF,2025-11,5290342.62,8262.27,952261.67,47572.04,47016.37,905245.3,0
09GCOPO0106I1ZF,2025-12,3163222.38,7710.89,569380.03,63124.92,62802.08,506577.95,4
09GCOPO0106I1ZF,2026-01,3315402.76,8585.01,596772.49,51055.63,50384.22,546388.28,0
09GCOPO0106I1ZF,2026-02,3678314.03,10329.12,662096.53,41918.92,41735.22,620361.31,1
09GCOPO0106I1ZF,2026-03,4553607.65,9562.99,819649.37,29440.49,29433.67,790215.7,0
33GTZPR0473U1Z9,2025-04,2395903.26,68027.26,431262.58,183015.27,180783.84,250478.74,0
33GTZPR0473U1Z9,2025-05,2476887.47,58575.04,445839.73,162470.63,161098.94,284740.79,7
33GTZPR0473U1Z9,2025-06,2350879.12,55830.1,423158.23,146780.24,168960.31,254197.92,0
33GTZPR0473U1Z9,2025-07,1739857.96,62585.57,313174.43,125280.01,122922.07,190252.36,0
33GTZPR0473U1Z9,2025-08,2141198.54,91429.42,385415.74,125030.41,124583.53,260832.21,0
33GTZPR0473U1Z9,2025-09,2334212.53,60151.37,420158.27,188525.96,185278.73,234879.54,0
33GTZPR0473U1Z9,2025-10,3931052.58,66300.28,707589.48,214523.65,229590.46,477999.02,0
33GTZPR0473U1Z9,2025-11,2807997.46,55463.14,505439.54,237630.9,233639.13,271800.4,24
33GTZPR0473U1Z9,2025-12,2509496.96,41541.28,451709.46,175520.37,172118.68,279590.78,0
33GTZPR0473U1Z9,2026-01,2688132.97,55784.93,483863.96,204618.53,201222.41,282641.55,0
33GTZPR0473U1Z9,2026-02,3039401.13,89755.1,547092.21,251070.12,246059.57,301032.64,0
33GTZPR0473U1Z9,2026-03,2980406.42,68668.25,536473.16,217104.03,212775.76,323697.4,8
29LWIPA9168H1ZU,2025-04,923466.78,923466.78,46173.34,103579.73,101661.52,0.0,25
29LWIPA9168H1ZU,2025-05,911971.51,911971.51,45598.58,73435.61,91697.33,0.0,6
29LWIPA9168H1ZU,2025-06,1231709.08,1231709.08,61585.45,165224.77,165356.84,0.0,10
29LWIPA9168H1ZU,2025-07,928638.02,928638.02,46431.9,110891.89,117259.41,0.0,32
29LWIPA9168H1ZU,2025-08,1335228.51,1335228.51,66761.43,201147.28,198104.84,0.0,36
29LWIPA9168H1ZU,2025-09,1005903.0,1005903.0,50295.15,124734.82,124511.26,0.0,40
29LWIPA9168H1ZU,2025-10,1495579.99,1495579.99,74779.0,173677.91,170557.79,0.0,31
29LWIPA9168H1ZU,2025-11,1389736.56,1389736.56,69486.83,177580.58,175216.4,0.0,42
29LWIPA9168H1ZU,2025-12,964880.18,964880.18,48244.01,102204.08,101704.5,0.0,42
29LWIPA9168H1ZU,2026-01,1210671.63,1210671.63,60533.58,165941.02,164688.64,0.0,6
29LWIPA9168H1ZU,2026-02,1167792.17,1167792.17,58389.61,162677.31,160356.16,0.0,41
29LWIPA9168H1ZU,2026-03,1384336.96,1384336.96,69216.85,221020.91,225206.84,0.0,30
27HNVCY6753K1ZA,2025-04,2084266.37,382619.65,250111.97,245184.01,242010.11,8101.86,0
27HNVCY6753K1ZA,2025-05,3837894.38,389415.23,460547.33,682462.31,680927.46,0.0,2
27HNVCY6753K1ZA,2025-06,3180620.24,374978.83,381674.44,508342.89,507490.02,0.0,0
27HNVCY6753K1ZA,2025-07,3692496.72,441328.22,443099.58,601308.11,596898.13,0.0,9
27HNVCY6753K1ZA,2025-08,2629076.19,415452.29,315489.15,413889.27,407787.26,0.0,0
27HNVCY6753K1ZA,2025-09,3009934.28,428336.01,361192.12,548478.88,540040.73,0.0,0
27HNVCY6753K1ZA,2025-10,4858987.42,938262.61,583078.47,1045518.16,1026944.53,0.0,0
27HNVCY6753K1ZA,2025-11,4340669.97,560863.27,520880.39,660349.93,655339.89,0.0,0
27HNVCY6753K1ZA,2025-12,2913409.54,465656.8,349609.16,571957.23,565869.8,0.0,0
27HNVCY6753K1ZA,2026-01,3981542.08,473673.93,477785.04,740375.68,758365.26,0.0,0
27HNVCY6753K1ZA,2026-02,3632715.43,421271.81,435925.86,719851.79,735371.31,0.0,9
27HNVCY6753K1ZA,2026-03,4074170.25,509555.39,488900.44,750440.86,750368.47,0.0,0
19PSZPA9316U1Z1,2025-04,2614440.57,700283.8,470599.27,71433.91,70313.1,400286.18,0
19PSZPA9316U1Z1,2025-05,2547859.99,594961.33,458614.79,45581.4,44718.82,413895.97,0
19PSZPA9316U1Z1,2025-06,2673134.84,849597.13,481164.28,72389.12,71857.16,409307.12,0
19PSZPA9316U1Z1,2025-07,2432283.87,565893.46,437811.08,52929.76,59871.44,377939.64,3
19PSZPA9316U1Z1,2025-08,2555901.28,727796.64,460062.25,63473.23,63253.7,396808.55,0
19PSZPA9316U1Z1,2025-09,2567049.2,671329.47,462068.85,56163.57,55861.04,406207.81,0
19PSZPA9316U1Z1,2025-10,3498435.5,649306.49,629718.39,62436.04,61781.05,567937.33,0
19PSZPA9316U1Z1,2025-11,2963651.09,632455.25,533457.18,61746.3,60566.71,472890.48,5
19PSZPA9316U1Z1,2025-12,2698376.8,552916.21,485707.84,69898.97,87738.4,397969.44,0
19PSZPA9316U1Z1,2026-01,2416073.43,414614.8,434893.23,61942.47,61796.24,373097.0,0
19PSZPA9316U1Z1,2026-02,2704318.84,717962.38,486777.38,54474.07,54279.2,432498.18,0
19PSZPA9316U1Z1,2026-03,2592378.08,567892.7,466628.05,68912.68,68307.49,398320.56,6
33KKFCL1595H1ZM,2025-04,2739262.9,2739262.9,328711.55,337369.03,343788.3,0.0,10
33KKFCL1595H1ZM,2025-05,2264687.01,2264687.01,271762.44,323154.34,324208.81,0.0,3
33KKFCL1595H1ZM,2025-06,2608902.84,2608902.84,313068.34,330195.63,328637.37,0.0,6
33KKFCL1595H1ZM,2025-07,2816724.07,2816724.07,338006.89,312951.76,307324.61,0.0,0
33KKFCL1595H1ZM,2025-08,2590036.23,2590036.23,310804.35,427064.85,421508.14,0.0,0
33KKFCL1595H1ZM,2025-09,2779747.93,2779747.93,333569.75,432357.65,424151.34,0.0,0
33KKFCL1595H1ZM,2025-10,2803168.19,2803168.19,336380.18,424685.14,420462.9,0.0,0
33KKFCL1595H1ZM,2025-11,3091533.74,3091533.74,370984.05,316210.54,313379.81,0.0,0
33KKFCL1595H1ZM,2025-12,2909417.04,2909417.04,349130.04,323961.18,357536.33,0.0,0
33KKFCL1595H1ZM,2026-01,2661462.18,2661462.18,319375.46,248107.25,291983.47,0.0,0
33KKFCL1595H1ZM,2026-02,3253595.59,3253595.59,390431.47,498149.89,495636.32,0.0,0
33KKFCL1595H1ZM,2026-03,3661636.75,3661636.75,439396.41,543076.9,541348.56,0.0,0
27UGGFU8204Q1ZN,2025-04,2274911.31,2274911.31,272989.36,255243.43,254195.67,18793.69,0
27UGGFU8204Q1ZN,2025-05,2584654.92,2584654.92,310158.59,308651.47,308435.82,1722.77,0
27UGGFU8204Q1ZN,2025-06,2393801.29,2393801.29,287256.15,183030.95,179556.42,107699.74,0
27UGGFU8204Q1ZN,2025-07,2101536.34,2101536.34,252184.36,325467.16,321915.45,0.0,0
27UGGFU8204Q1ZN,2025-08,2086325.26,2086325.26,250359.03,145256.03,225392.1,0.0,0
27UGGFU8204Q1ZN,2025-09,2454241.34,2454241.34,294508.96,229199.38,227739.08,22005.72,0
27UGGFU8204Q1ZN,2025-10,3874763.78,3874763.78,464971.65,363569.31,362058.41,102913.24,0
27UGGFU8204Q1ZN,2025-11,3019426.11,3019426.11,362331.13,396849.6,394594.64,0.0,0
27UGGFU8204Q1ZN,2025-12,1978089.03,1978089.03,237370.68,173967.32,171497.47,33609.71,0
27UGGFU8204Q1ZN,2026-01,2828020.1,2828020.1,339362.41,424327.93,469597.74,0.0,10
27UGGFU8204Q1ZN,2026-02,2739355.79,2739355.79,328722.69,466366.83,481536.69,0.0,0
27UGGFU8204Q1ZN,2026-03,2000880.94,2000880.94,240105.71,156227.18,210447.55,0.0,0
36TJVPF9916Y1Z4,2025-04,5425212.9,5425212.9,271260.65,575927.08,569610.94,0.0,37
36TJVPF9916Y1Z4,2025-05,5146983.57,5146983.57,257349.18,440706.85,438164.61,0.0,9
36TJVPF9916Y1Z4,2025-06,5267131.85,5267131.85,263356.59,524678.75,515952.46,0.0,12
36TJVPF9916Y1Z4,2025-07,4883094.92,4883094.92,244154.75,516191.63,509632.18,0.0,35
36TJVPF9916Y1Z4,2025-08,4793586.98,4793586.98,239679.35,485143.86,503030.44,0.0,12
36TJVPF9916Y1Z4,2025-09,5885847.4,5885847.4,294292.37,434802.62,431592.56,0.0,20
36TJVPF9916Y1Z4,2025-10,8914985.05,8914985.05,445749.25,996205.02,1063077.69,0.0,30
36TJVPF9916Y1Z4,2025-11,8236169.37,8236169.37,411808.47,937799.31,922191.0,0.0,33
36TJVPF9916Y1Z4,2025-12,5217925.07,5217925.07,260896.25,479174.57,470300.1,0.0,29
36TJVPF9916Y1Z4,2026-01,6044267.41,6044267.41,302213.37,470279.17,463992.87,0.0,7
36TJVPF9916Y1Z4,2026-02,4635751.29,4635751.29,231787.56,407040.67,418913.18,0.0,27
36TJVPF9916Y1Z4,2026-03,5506035.47,5506035.47,275301.77,589976.93,585107.94,0.0,37
19NSICY9748S1ZF,2025-04,2320736.74,71155.96,417732.61,508082.83,507525.26,0.0,7
19NSICY9748S1ZF,2025-05,2148899.13,56788.47,386801.84,401204.57,396338.19,0.0,0
19NSICY9748S1ZF,2025-06,2916823.26,61798.9,525028.18,588696.46,648092.38,0.0,0
19NSICY9748S1ZF,2025-07,2421937.23,62033.28,435948.7,506458.37,500678.96,0.0,5
19NSICY9748S1ZF,2025-08,2493297.16,59572.41,448793.49,326756.84,322211.0,0.0,0
19NSICY9748S1ZF,2025-09,2290473.13,48048.64,412285.16,630129.76,618499.33,0.0,0
19NSICY9748S1ZF,2025-10,4084558.48,62342.64,735220.51,1001057.3,999036.21,0.0,0
19NSICY9748S1ZF,2025-11,3956761.07,69413.5,712216.99,794332.65,791622.88,0.0,0
19NSICY9748S1ZF,2025-12,2876595.05,76639.21,517787.09,592929.05,592543.73,0.0,0
19NSICY9748S1ZF,2026-01,2824153.99,77091.86,508347.72,511539.93,507858.42,0.0,4
19NSICY9748S1ZF,2026-02,3255835.74,56115.39,586050.42,505272.76,501016.12,0.0,0
19NSICY9748S1ZF,2026-03,2888028.74,58134.13,519845.17,580945.1,577625.23,0.0,3
27GTOCY6899T1Z9,2025-04,3018678.54,3018678.54,543362.14,356359.72,390055.2,153306.93,0
27GTOCY6899T1Z9,2025-05,3886019.28,3886019.28,699483.47,509308.55,506544.49,192938.98,0
27GTOCY6899T1Z9,2025-06,3132647.21,3132647.21,563876.5,407257.54,402464.85,161411.65,0
27GTOCY6899T1Z9,2025-07,2434745.88,2434745.88,438254.26,253502.93,262635.59,175618.67,0
27GTOCY6899T1Z9,2025-08,3006338.18,3006338.18,541140.87,261039.12,256540.72,284600.16,0
27GTOCY6899T1Z9,2025-09,3231482.54,3231482.54,581666.86,304123.11,302629.48,279037.37,0
27GTOCY6899T1Z9,2025-10,4994975.0,4994975.0,899095.5,624737.89,616222.48,282873.02,0
27GTOCY6899T1Z9,2025-11,4700807.27,4700807.27,846145.31,577859.94,570108.84,276036.47,0
27GTOCY6899T1Z9,2025-12,3439693.37,3439693.37,619144.81,344139.56,344038.69,275106.12,0
27GTOCY6899T1Z9,2026-01,3137417.88,3137417.88,564735.22,392397.27,389487.06,175248.16,0
27GTOCY6899T1Z9,2026-02,2678529.85,2678529.85,482135.37,387008.87,380471.44,101663.93,3
27GTOCY6899T1Z9,2026-03,3448071.54,3448071.54,620652.88,526738.53,519025.05,101627.83,0
27SFSPX2095U1ZE,2025-04,3389016.37,401422.97,406681.96,354793.07,348758.65,57923.3,0
27SFSPX2095U1ZE,2025-05,4454468.98,379570.33,534536.25,438407.61,429980.97,104555.28,0
27SFSPX2095U1ZE,2025-06,5018132.82,287651.98,602175.96,625097.32,614603.28,0.0,0
27SFSPX2095U1ZE,2025-07,3909653.5,396041.39,469158.43,294644.65,294488.62,162242.49,0
27SFSPX2095U1ZE,2025-08,2918969.28,325407.0,350276.32,282303.93,279791.09,70485.23,0
27SFSPX2095U1ZE,2025-09,3243027.69,303461.86,389163.32,396513.63,393505.64,0.0,0
27SFSPX2095U1ZE,2025-10,4552152.62,318236.69,546258.32,491564.21,491496.76,50419.25,0
27SFSPX2095U1ZE,2025-11,4370232.33,295699.19,524427.9,403774.96,411132.69,113295.21,0
27SFSPX2095U1ZE,2025-12,3772936.01,272790.94,452752.32,571842.59,597103.57,0.0,7
27SFSPX2095U1ZE,2026-01,3814182.92,373626.61,457701.95,441030.55,440314.14,0.0,3
27SFSPX2095U1ZE,2026-02,3444728.86,321736.07,413367.47,350924.72,348411.0,0.0,0
27SFSPX2095U1ZE,2026-03,4113615.13,364825.34,493633.84,579498.42,579003.25,0.0,0
33QBJCO4614T1ZD,2025-04,1125600.15,1125600.15,135072.02,144514.23,142732.55,0.0,0
33QBJCO4614T1ZD,2025-05,1296863.38,1296863.38,155623.61,192901.66,189354.59,0.0,26
33QBJCO4614T1ZD,2025-06,1229199.51,1229199.51,147503.94,164315.72,163558.95,0.0,10
33QBJCO4614T1ZD,2025-07,1067985.37,1067985.37,128158.24,153685.32,152845.5,0.0,0
33QBJCO4614T1ZD,2025-08,1204323.78,1204323.78,144518.85,156078.95,164241.88,0.0,0
33QBJCO4614T1ZD,2025-09,1363854.55,1363854.55,163662.55,151669.1,156183.27,0.0,10
33QBJCO4614T1ZD,2025-10,1986128.88,1986128.88,238335.47,286132.92,285206.32,0.0,0
33QBJCO4614T1ZD,2025-11,1768464.92,1768464.92,212215.79,278733.96,278113.81,0.0,0
33QBJCO4614T1ZD,2025-12,1448693.31,1448693.31,173843.2,206186.24,205778.06,0.0,0
33QBJCO4614T1ZD,2026-01,1232928.53,1232928.53,147951.42,157505.61,154588.35,0.0,0
33QBJCO4614T1ZD,2026-02,1591605.64,1591605.64,190992.68,198431.42,195994.76,0.0,0
33QBJCO4614T1ZD,2026-03,1286902.21,1286902.21,154428.27,181026.96,180554.9,0.0,0
07EMJPQ0772D1ZY,2025-04,2275880.94,87576.44,409658.57,296423.94,295587.06,114071.51,0
07EMJPQ0772D1ZY,2025-05,1720311.21,72310.09,309656.03,190249.24,189071.98,120584.05,0
07EMJPQ0772D1ZY,2025-06,1209974.22,88089.47,217795.36,121213.92,118918.03,98877.34,0
07EMJPQ0772D1ZY,2025-07,1141334.31,88876.64,205440.17,75380.09,159760.62,45679.56,0
07EMJPQ0772D1ZY,2025-08,1776357.24,80189.01,319744.3,352075.0,348594.67,0.0,0
07EMJPQ0772D1ZY,2025-09,1665193.04,113302.72,299734.75,266193.67,261217.91,9666.47,0
07EMJPQ0772D1ZY,2025-10,2077052.28,146156.08,373869.42,294521.91,293361.62,80507.81,0
07EMJPQ0772D1ZY,2025-11,2138425.35,139727.39,384916.57,515149.32,508519.91,0.0,0
07EMJPQ0772D1ZY,2025-12,1494137.89,99080.96,268944.81,243462.48,238887.98,0.0,4
07EMJPQ0772D1ZY,2026-01,1958867.09,84380.73,352596.08,307539.75,304253.89,0.0,0
07EMJPQ0772D1ZY,2026-02,1207128.24,83820.95,217283.08,193207.6,192717.44,0.0,0
07EMJPQ0772D1ZY,2026-03,1878351.51,94913.79,338103.26,311181.92,306402.91,11061.67,7
29ODDPG2093U1ZG,2025-04,1896826.83,16083.0,531111.51,171317.21,170871.98,360239.53,0
29ODDPG2093U1ZG,2025-05,2035777.94,20465.44,570017.8,245139.2,240849.04,329168.77,0
29ODDPG2093U1ZG,2025-06,1315244.63,16767.92,368268.5,105592.36,104292.23,263976.26,0
29ODDPG2093U1ZG,2025-07,1176409.71,16966.27,329394.71,152237.89,149343.06,180051.65,25
29ODDPG2093U1ZG,2025-08,817028.93,16916.8,228768.1,72431.19,76118.88,152649.23,0
29ODDPG2093U1ZG,2025-09,1670213.96,21538.37,467659.91,157728.04,155202.41,312457.5,0
29ODDPG2093U1ZG,2025-10,2099886.78,15547.07,587968.31,253317.07,249380.08,338588.23,0
29ODDPG2093U1ZG,2025-11,3089438.01,18628.41,865042.65,299283.1,299084.25,565958.4,0
29ODDPG2093U1ZG,2025-12,1768370.39,17687.53,495143.7,178500.48,175120.03,320023.67,3
29ODDPG2093U1ZG,2026-01,892031.67,18053.13,249768.87,110514.83,109233.8,140535.06,0
29ODDPG2093U1ZG,2026-02,1022895.44,18537.25,286410.72,138218.26,137651.73,148758.99,18
29ODDPG2093U1ZG,2026-03,1593449.21,18024.01,446165.78,154903.51,153971.71,292194.07,6
36RXOCC9463M1Z1,2025-04,1175048.63,51662.1,141005.83,70843.29,70313.38,70692.45,0
36RXOCC9463M1Z1,2025-05,1363016.18,57868.33,163561.94,70582.71,69899.99,93661.95,0
36RXOCC9463M1Z1,2025-06,1161300.92,64161.38,139356.11,95345.78,93960.65,45395.46,0
36RXOCC9463M1Z1,2025-07,1255153.11,59326.94,150618.37,90722.6,89823.19,60795.18,0
36RXOCC9463M1Z1,2025-08,1207414.2,65710.86,144889.7,76752.92,76049.42,68840.28,7
36RXOCC9463M1Z1,2025-09,1387214.73,60518.49,166465.77,64529.65,63792.97,102672.8,0
36RXOCC9463M1Z1,2025-10,2506625.38,59927.87,300795.04,162931.63,162369.57,138425.47,7
36RXOCC9463M1Z1,2025-11,1599062.11,87557.71,191887.46,84960.59,84469.32,107418.15,0
36RXOCC9463M1Z1,2025-12,1682961.58,56348.51,201955.39,62597.7,79343.37,122612.02,1
36RXOCC9463M1Z1,2026-01,3291178.4,77970.32,394941.42,69886.39,68872.06,326069.36,0
36RXOCC9463M1Z1,2026-02,1146435.7,75744.49,137572.28,57249.53,57012.84,80559.44,0
36RXOCC9463M1Z1,2026-03,1782646.15,65755.96,213917.54,112206.09,110110.43,103807.11,0
09KQKPJ3296E1ZB,2025-04,1407734.05,191106.69,253392.13,154880.34,152497.85,100894.29,0
09KQKPJ3296E1ZB,2025-05,1768730.27,186575.01,318371.45,258482.13,254663.32,63708.14,0
09KQKPJ3296E1ZB,2025-06,2988521.27,192555.44,537933.83,338952.69,337464.67,200469.16,0
09KQKPJ3296E1ZB,2025-07,1666157.48,155828.33,299908.35,228854.36,225031.35,74877.0,0
09KQKPJ3296E1ZB,2025-08,1251700.85,154408.46,225306.15,188254.98,200235.25,25070.91,0
09KQKPJ3296E1ZB,2025-09,1557096.13,175969.84,280277.3,205459.92,204117.81,76159.49,0
09KQKPJ3296E1ZB,2025-10,2675359.09,273739.4,481564.63,453220.06,504349.24,0.0,0
09KQKPJ3296E1ZB,2025-11,2150825.01,221066.16,387148.5,328682.53,358838.68,5525.21,7
09KQKPJ3296E1ZB,2025-12,1661901.3,183617.7,299142.24,204842.96,200906.07,98236.17,10
09KQKPJ3296E1ZB,2026-01,1182534.98,202945.7,212856.3,159158.16,157467.06,55389.24,0
09KQKPJ3296E1ZB,2026-02,1554003.72,211628.55,279720.66,205697.48,203925.93,75794.73,2
09KQKPJ3296E1ZB,2026-03,1868932.28,251717.41,336407.81,299940.88,298693.52,37714.29,0
27XGQPV4944W1Z5,2025-04,246356.82,51401.79,68979.91,14977.98,14864.91,54115.0,0
27XGQPV4944W1Z5,2025-05,278776.88,50610.94,78057.52,9119.96,15266.79,62790.73,0
27XGQPV4944W1Z5,2025-06,305557.94,28100.36,85556.22,22272.34,22184.14,63372.08,3
27XGQPV4944W1Z5,2025-07,450607.24,39384.83,126170.03,27731.73,27228.51,98941.53,0
27XGQPV4944W1Z5,2025-08,432677.31,42636.58,121149.64,33486.21,33270.25,87879.39,0
27XGQPV4944W1Z5,2025-09,426504.69,40981.42,119421.32,21134.4,20921.57,98499.75,0
27XGQPV4944W1Z5,2025-10,520514.77,48143.81,145744.13,35586.67,35273.81,110470.32,0
27XGQPV4944W1Z5,2025-11,537956.82,46665.64,150627.91,34765.22,34414.48,116213.42,9
27XGQPV4944W1Z5,2025-12,395934.94,39910.57,110861.79,21422.86,21399.36,89462.43,0
27XGQPV4944W1Z5,2026-01,370184.61,53970.02,103651.71,20809.07,20621.65,83030.06,9
27XGQPV4944W1Z5,2026-02,350614.87,44141.05,98172.15,22657.01,22544.42,75627.73,0
27XGQPV4944W1Z5,2026-03,398559.11,36384.79,111596.55,21841.26,21622.26,89974.29,0
36TCAPH0394A1ZP,2025-04,1585833.5,3180.44,444033.38,123922.95,122563.75,321469.63,0
36TCAPH0394A1ZP,2025-05,2165126.61,2966.65,606235.43,192992.09,190848.1,415387.33,0
36TCAPH0394A1ZP,2025-06,2619264.18,2132.83,733394.0,270396.94,269971.58,463422.42,0
36TCAPH0394A1ZP,2025-07,1970798.39,2860.74,551823.54,176016.16,175708.85,376114.69,0
36TCAPH0394A1ZP,2025-08,1876994.43,3424.8,525558.43,135689.65,133914.29,391644.14,1
36TCAPH0394A1ZP,2025-09,1762977.11,2628.28,493633.58,134332.65,133134.27,360499.31,6
36TCAPH0394A1ZP,2025-10,2757075.48,3384.65,771981.14,246526.59,244547.67,527433.48,0
36TCAPH0394A1ZP,2025-11,2478884.81,3030.27,694087.77,184252.29,182693.9,511393.86,0
36TCAPH0394A1ZP,2025-12,2707803.0,2864.48,758184.84,180149.34,177122.65,581062.19,0
36TCAPH0394A1ZP,2026-01,2086192.22,3376.98,584133.82,181441.27,178337.58,405796.24,0
36TCAPH0394A1ZP,2026-02,1268302.91,3265.02,355124.83,103322.49,103241.35,251883.49,0
36TCAPH0394A1ZP,2026-03,1868816.15,3139.9,523268.51,138757.61,136437.05,386831.47,0
07DITPP7588Z1Z5,2025-04,2782326.81,63130.03,333879.2,174927.68,173274.98,160604.23,5
07DITPP7588Z1Z5,2025-05,2519377.23,58366.64,302325.28,177764.01,176993.78,125331.49,0
07DITPP7588Z1Z5,2025-06,2666289.52,54713.02,319954.72,189266.74,186745.29,133209.44,9
07DITPP7588Z1Z5,2025-07,2220301.72,48207.56,266436.22,177440.84,176460.77,89975.45,0
07DITPP7588Z1Z5,2025-08,2659899.24,42679.54,319187.93,147302.24,144596.39,174591.55,0
07DITPP7588Z1Z5,2025-09,2427847.36,50948.38,291341.69,188918.53,185496.05,105845.64,0
07DITPP7588Z1Z5,2025-10,3475947.54,58519.51,417113.72,291733.57,290831.91,126281.81,0
07DITPP7588Z1Z5,2025-11,3392483.39,52680.19,407098.02,251112.84,247842.26,159255.76,9
07DITPP7588Z1Z5,2025-12,3130759.25,39052.43,375691.09,212967.66,212831.89,162859.2,0
07DITPP7588Z1Z5,2026-01,2687960.0,50322.41,322555.2,271295.59,267226.08,55329.12,0
07DITPP7588Z1Z5,2026-02,2583114.2,37179.58,309973.7,218883.11,233759.65,76214.05,0
07DITPP7588Z1Z5,2026-03,2788170.19,55890.05,334580.41,161681.7,223874.69,110705.71,0
36AOBFS9682Z1ZW,2025-04,1242415.23,7283.6,223634.74,10949.03,10850.02,212784.72,0
36AOBFS9682Z1ZW,2025-05,1325919.82,5541.59,238665.57,16012.68,15807.86,222857.71,0
36AOBFS9682Z1ZW,2025-06,1171426.81,6943.73,210856.83,15965.35,15954.93,194901.9,10
36AOBFS9682Z1ZW,2025-07,930128.27,6822.3,167423.08,11490.17,11351.87,156071.22,4
36AOBFS9682Z1ZW,2025-08,966797.5,5900.31,174023.56,13149.67,13043.9,160979.66,0
36AOBFS9682Z1ZW,2025-09,2081903.57,6655.29,374742.64,11017.49,10933.53,363809.11,0
36AOBFS9682Z1ZW,2025-10,1798125.02,7344.85,323662.5,13711.23,13479.81,310182.69,0
36AOBFS9682Z1ZW,2025-11,1990506.19,6875.64,358291.12,19102.18,18763.93,339527.19,0
36AOBFS9682Z1ZW,2025-12,1185870.16,5566.81,213456.64,16243.48,16003.2,197453.43,0
36AOBFS9682Z1ZW,2026-01,1447766.84,6603.86,260598.03,13859.62,13838.72,246759.31,0
36AOBFS9682Z1ZW,2026-02,1318158.32,6413.68,237268.5,17626.7,17352.24,219916.26,0
36AOBFS9682Z1ZW,2026-03,1225569.8,7082.76,220602.57,14376.44,14244.24,206358.33,0
07EAKCZ6413N1ZL,2025-04,1570753.53,1570753.53,282735.64,145327.29,143304.12,139431.51,0
07EAKCZ6413N1ZL,2025-05,2048963.46,2048963.46,368813.42,135494.5,135202.08,233611.35,0
07EAKCZ6413N1ZL,2025-06,1261348.34,1261348.34,227042.7,124615.18,122300.94,104741.76,0
07EAKCZ6413N1ZL,2025-07,1383866.74,1383866.74,249096.01,140564.27,139794.32,109301.7,7
07EAKCZ6413N1ZL,2025-08,1183741.2,1183741.2,213073.42,152028.32,150030.93,63042.48,0
07EAKCZ6413N1ZL,2025-09,1587193.63,1587193.63,285694.85,162156.89,161800.69,123894.16,0
07EAKCZ6413N1ZL,2025-10,3380778.38,3380778.38,608540.11,317183.37,314890.33,293649.78,0
07EAKCZ6413N1ZL,2025-11,2082831.68,2082831.68,374909.7,197062.7,193502.52,181407.18,24
07EAKCZ6413N1ZL,2025-12,1576851.28,1576851.28,283833.23,158679.24,155659.33,128173.9,1
07EAKCZ6413N1ZL,2026-01,1686762.17,1686762.17,303617.19,137663.18,135354.54,168262.65,0
07EAKCZ6413N1ZL,2026-02,1526276.99,1526276.99,274729.86,120370.9,119571.89,155157.97,0
07EAKCZ6413N1ZL,2026-03,1886910.52,1886910.52,339643.89,220904.34,216926.6,122717.29,0
27SKACJ7699G1ZZ,2025-04,4610923.24,2911.06,829966.18,28369.06,28164.51,801801.67,7
27SKACJ7699G1ZZ,2025-05,4811179.48,3456.64,866012.32,37469.78,37294.31,828718.01,41
27SKACJ7699G1ZZ,2025-06,3810913.56,2946.61,685964.42,24474.35,24044.39,661920.03,5
27SKACJ7699G1ZZ,2025-07,4828022.63,2780.24,869044.08,30705.18,30108.75,838935.34,23
27SKACJ7699G1ZZ,2025-08,4037768.88,4407.73,726798.4,32435.06,32344.91,694453.49,30
27SKACJ7699G1ZZ,2025-09,3817361.24,2786.23,687125.03,37845.38,37706.53,649418.51,30
27SKACJ7699G1ZZ,2025-10,5416806.97,2672.8,975025.25,32561.41,32103.65,942921.6,30
27SKACJ7699G1ZZ,2025-11,5699664.66,3344.21,1025939.64,28119.28,27801.44,998138.19,21
27SKACJ7699G1ZZ,2025-12,4082707.78,3371.31,734887.39,30773.48,30407.01,704480.38,19
27SKACJ7699G1ZZ,2026-01,4839583.14,3579.09,871124.98,32107.61,31593.47,839531.51,19
27SKACJ7699G1ZZ,2026-02,4147746.33,4371.95,746594.35,34138.01,33529.56,713064.79,40
27SKACJ7699G1ZZ,2026-03,4721225.72,2881.92,849820.62,34756.34,34453.67,815366.96,34
07JLWFV1389C1ZT,2025-04,996541.84,996541.84,179377.53,61314.61,65584.56,113792.97,0
07JLWFV1389C1ZT,2025-05,938427.09,938427.09,168916.88,86872.52,86018.53,82898.35,0
07JLWFV1389C1ZT,2025-06,969352.21,969352.21,174483.4,84038.89,83058.94,91424.45,0
07JLWFV1389C1ZT,2025-07,1021142.78,1021142.78,183805.7,114151.76,113615.38,70190.32,0
07JLWFV1389C1ZT,2025-08,722576.37,722576.37,130063.75,60036.5,59889.57,70174.18,2
07JLWFV1389C1ZT,2025-09,1092055.12,1092055.12,196569.92,72200.89,71379.18,125190.75,0
07JLWFV1389C1ZT,2025-10,1273306.06,1273306.06,229195.09,93115.46,102236.65,126958.44,0
07JLWFV1389C1ZT,2025-11,1174569.58,1174569.58,211422.52,95688.49,94918.72,116503.8,0
07JLWFV1389C1ZT,2025-12,978620.87,978620.87,176151.76,65260.9,65018.97,111132.79,0
07JLWFV1389C1ZT,2026-01,919443.07,919443.07,165499.75,69233.51,68662.48,96837.27,3
07JLWFV1389C1ZT,2026-02,1000363.36,1000363.36,180065.4,105356.38,103324.92,76740.48,0
07JLWFV1389C1ZT,2026-03,1092381.15,1092381.15,196628.61,89518.81,89314.48,107314.13,0
27WGWFM9702K1ZK,2025-04,732340.37,732340.37,131821.27,80623.86,80244.59,51576.68,0
27WGWFM9702K1ZK,2025-05,754766.29,754766.29,135857.93,75540.16,74155.52,61702.41,0
27WGWFM9702K1ZK,2025-06,739622.49,739622.49,133132.05,73037.2,72685.89,60446.16,0
27WGWFM9702K1ZK,2025-07,597605.75,597605.75,107569.04,66144.37,65305.8,42263.23,8
27WGWFM9702K1ZK,2025-08,783805.47,783805.47,141084.98,80279.13,80116.32,60968.66,0
27WGWFM9702K1ZK,2025-09,839948.94,839948.94,151190.81,70734.22,69620.59,81570.22,0
27WGWFM9702K1ZK,2025-10,1216057.23,1216057.23,218890.3,127609.38,126808.03,92082.28,0
27WGWFM9702K1ZK,2025-11,1367103.91,1367103.91,246078.7,129831.5,127745.57,118333.14,0
27WGWFM9702K1ZK,2025-12,668000.26,668000.26,120240.05,59164.89,58217.42,62022.63,1
27WGWFM9702K1ZK,2026-01,703316.72,703316.72,126597.01,54637.96,56296.9,70300.11,0
27WGWFM9702K1ZK,2026-02,792288.61,792288.61,142611.95,79316.62,79243.67,63368.27,8
27WGWFM9702K1ZK,2026-03,926394.2,926394.2,166750.96,68195.91,67441.51,99309.44,0
24WXFPS1191W1ZY,2025-04,286508.1,86157.84,51571.46,36243.12,36069.77,15501.69,0
24WXFPS1191W1ZY,2025-05,337780.16,124328.59,60800.43,49344.87,48945.34,11855.09,0
24WXFPS1191W1ZY,2025-06,343698.73,115687.52,61865.77,51288.24,50721.95,11143.82,10
24WXFPS1191W1ZY,2025-07,293156.05,100981.43,52768.1,32285.01,31852.05,20916.05,0
24WXFPS1191W1ZY,2025-08,354593.88,125603.75,63826.91,36224.87,35614.83,28212.07,10
24WXFPS1191W1ZY,2025-09,446743.8,135918.2,80413.89,32605.07,32360.24,48053.65,0
24WXFPS1191W1ZY,2025-10,480812.73,107750.08,86546.29,29920.23,29836.66,56709.63,2
24WXFPS1191W1ZY,2025-11,451174.4,93086.45,81211.39,47321.99,46721.75,34489.64,0
24WXFPS1191W1ZY,2025-12,352158.14,88088.12,63388.46,45969.06,45680.46,17708.0,0
24WXFPS1191W1ZY,2026-01,426097.24,107795.49,76697.5,31215.18,31035.78,45661.71,0
24WXFPS1191W1ZY,2026-02,367434.01,116368.63,66138.11,28479.21,28080.34,38057.78,0
24WXFPS1191W1ZY,2026-03,365230.87,110243.08,65741.56,35260.77,34610.13,31131.43,0
33QXXPN1662W1ZS,2025-04,3459369.96,169656.57,415124.39,613724.8,605132.05,0.0,0
33QXXPN1662W1ZS,2025-05,3152045.76,172100.29,378245.49,402651.43,419528.03,0.0,0
33QXXPN1662W1ZS,2025-06,2774914.16,235437.55,332989.7,336808.6,332931.26,0.0,0
33QXXPN1662W1ZS,2025-07,2589940.6,199725.15,310792.9,441115.83,440324.36,0.0,4
33QXXPN1662W1ZS,2025-08,2826871.45,179850.27,339224.57,502183.12,500394.29,0.0,0
33QXXPN1662W1ZS,2025-09,2727673.47,216067.34,327320.83,430094.89,429577.04,0.0,0
33QXXPN1662W1ZS,2025-10,6089422.68,288670.62,730730.72,804418.66,789942.8,0.0,5
33QXXPN1662W1ZS,2025-11,3623489.46,236814.51,434818.73,704332.54,707081.03,0.0,8
33QXXPN1662W1ZS,2025-12,2513224.18,174687.5,301586.9,437326.26,431699.82,0.0,0
33QXXPN1662W1ZS,2026-01,3126214.92,208728.39,375145.79,356805.06,355223.58,0.0,0
33QXXPN1662W1ZS,2026-02,3228398.73,205136.12,387407.86,486115.21,578611.93,0.0,0
33QXXPN1662W1ZS,2026-03,2948693.62,287170.29,353843.23,522361.11,518668.71,0.0,4
27DAACM4032O1ZA,2025-04,2843997.23,19426.3,511919.49,111299.15,109457.73,402461.76,0
27DAACM4032O1ZA,2025-05,2236392.19,23987.26,402550.61,81843.72,81633.35,320917.26,0
27DAACM4032O1ZA,2025-06,2979203.57,25004.2,536256.67,90044.83,89449.4,446807.26,0
27DAACM4032O1ZA,2025-07,2472361.39,15685.84,445025.03,102978.5,101329.71,343695.32,0
27DAACM4032O1ZA,2025-08,2452186.45,17823.49,441393.56,121414.26,121226.51,320167.05,0
27DAACM4032O1ZA,2025-09,2044457.44,22226.56,368002.34,90958.32,90344.97,277657.37,0
27DAACM4032O1ZA,2025-10,3238318.06,28338.89,582897.26,88228.17,86630.02,496267.24,0
27DAACM4032O1ZA,2025-11,3182091.88,30691.71,572776.55,135032.4,144738.3,428038.25,0
27DAACM4032O1ZA,2025-12,2443759.08,21729.13,439876.61,83662.69,105590.83,334285.78,0
27DAACM4032O1ZA,2026-01,2407850.41,22538.65,433413.07,92320.0,91778.22,341634.85,3
27DAACM4032O1ZA,2026-02,1879549.44,20395.18,338318.88,104720.93,103681.74,234637.15,0
27DAACM4032O1ZA,2026-03,2112764.72,25426.95,380297.65,98556.45,96695.31,283602.34,0
36CCZPO4126V1Z9,2025-04,4196465.23,206787.44,755363.74,361557.53,358102.22,397261.52,0
36CCZPO4126V1Z9,2025-05,4550820.82,281375.97,819147.74,455711.13,449435.55,369712.19,2
36CCZPO4126V1Z9,2025-06,11450705.06,293180.02,2061126.91,1718561.29,1718017.15,343109.76,8
36CCZPO4126V1Z9,2025-07,10707896.5,359196.66,1927421.38,1666916.19,1645494.27,281927.11,0
36CCZPO4126V1Z9,2025-08,11727040.2,222522.81,2110867.2,1750933.62,1731792.16,379075.04,0
36CCZPO4126V1Z9,2025-09,9706527.86,303221.74,1747175.03,1580907.23,1560025.81,187149.22,0
36CCZPO4126V1Z9,2025-10,12500841.93,314162.87,2250151.57,1964435.15,1961297.56,288854.01,0
36CCZPO4126V1Z9,2025-11,11708904.07,293779.44,2107602.72,1753108.68,1730266.55,377336.17,0
36CCZPO4126V1Z9,2025-12,11583122.89,233659.72,2084962.14,1748227.2,1713651.33,371310.81,0
36CCZPO4126V1Z9,2026-01,9995905.79,231631.36,1799263.05,1481045.84,1478269.18,320993.87,0
36CCZPO4126V1Z9,2026-02,3703617.91,275742.0,666651.21,391459.12,385635.5,281015.71,0
36CCZPO4126V1Z9,2026-03,4967774.72,275451.83,894199.45,481784.02,472301.37,421898.08,1
36WHACR6101K1ZJ,2025-04,2025146.27,608061.42,364526.33,90361.2,88913.08,275613.24,0
36WHACR6101K1ZJ,2025-05,1710385.58,469330.18,307869.42,102794.91,102271.08,205598.35,4
36WHACR6101K1ZJ,2025-06,2098511.42,674139.16,377732.08,114483.83,112294.91,265437.17,0
36WHACR6101K1ZJ,2025-07,1549217.61,458266.43,278859.17,145660.9,142758.85,136100.31,2
36WHACR6101K1ZJ,2025-08,1731559.93,462385.08,311680.78,85357.13,99168.3,212512.48,3
36WHACR6101K1ZJ,2025-09,1851752.29,581517.53,333315.41,100279.13,99418.98,233896.42,0
36WHACR6101K1ZJ,2025-10,2081282.76,509539.73,374630.9,103259.06,102417.56,272213.34,0
36WHACR6101K1ZJ,2025-11,2215286.31,565926.67,398751.53,102244.63,131568.06,267183.47,0
36WHACR6101K1ZJ,2025-12,2189509.47,585271.04,394111.72,143331.66,141705.47,252406.24,0
36WHACR6101K1ZJ,2026-01,2166294.11,716355.44,389932.93,121352.17,120122.55,269810.38,0
36WHACR6101K1ZJ,2026-02,1908744.15,585530.74,343573.93,158938.63,157340.45,186233.49,0
36WHACR6101K1ZJ,2026-03,1900119.52,500035.88,342021.51,127647.01,132960.48,209061.03,0
33SGLFS7843J1ZW,2025-04,2158606.88,573361.59,259032.83,229355.69,226669.3,32363.53,0
33SGLFS7843J1ZW,2025-05,2563784.62,738625.76,307654.15,482580.38,476650.72,0.0,0
33SGLFS7843J1ZW,2025-06,1829360.94,630113.8,219523.31,282920.56,278973.59,0.0,23
33SGLFS7843J1ZW,2025-07,2145613.99,611539.52,257473.68,302576.34,307149.84,0.0,0
33SGLFS7843J1ZW,2025-08,2116282.16,701155.28,253953.86,367769.99,363793.8,0.0,0
33SGLFS7843J1ZW,2025-09,2220331.22,524919.58,266439.74,221861.56,218467.24,0.0,0
33SGLFS7843J1ZW,2025-10,3633813.46,1050194.84,436057.61,381085.43,376338.72,0.0,0
33SGLFS7843J1ZW,2025-11,3298837.44,892052.15,395860.5,438096.8,431110.08,0.0,0
33SGLFS7843J1ZW,2025-12,2227238.66,659650.08,267268.65,318974.15,317009.34,0.0,0
33SGLFS7843J1ZW,2026-01,2440725.87,563953.67,292887.1,269687.99,265869.84,0.0,0
33SGLFS7843J1ZW,2026-02,3575751.68,540571.75,429090.2,441770.42,436402.43,0.0,0
33SGLFS7843J1ZW,2026-03,2562984.64,582607.08,307558.15,360083.2,359381.33,0.0,0
19LLECB3474G1ZO,2025-04,503511.94,207912.12,90632.16,97188.15,96443.57,0.0,0
19LLECB3474G1ZO,2025-05,508706.05,137755.2,91567.09,63785.18,63784.8,21970.88,0
19LLECB3474G1ZO,2025-06,465160.79,158282.9,83728.94,61865.88,61159.04,22569.9,0
19LLECB3474G1ZO,2025-07,452563.51,142581.49,81461.44,73674.76,72248.24,9213.2,0
19LLECB3474G1ZO,2025-08,429357.1,125641.02,77284.27,58681.0,58091.49,19192.78,10
19LLECB3474G1ZO,2025-09,416227.05,146738.86,74920.86,62296.02,61105.68,13815.18,0
19LLECB3474G1ZO,2025-10,753226.39,332612.39,135580.75,127246.57,126847.23,8733.52,8
19LLECB3474G1ZO,2025-11,651007.79,213134.9,117181.4,79464.81,78014.26,39167.14,0
19LLECB3474G1ZO,2025-12,563893.96,218190.4,101500.92,100336.64,100125.66,1375.26,0
19LLECB3474G1ZO,2026-01,472569.02,221564.73,85062.42,72520.97,71940.81,13121.61,0
19LLECB3474G1ZO,2026-02,492056.09,253943.11,88570.09,85441.43,85068.32,3501.77,0
19LLECB3474G1ZO,2026-03,501223.39,247999.47,90220.21,83112.26,81849.82,8370.39,0
24UBTPI7822B1Z6,2025-04,755159.74,172281.33,90619.16,97633.5,96380.7,0.0,0
24UBTPI7822B1Z6,2025-05,988932.45,166454.21,118671.89,112244.67,110284.72,2625.62,0
24UBTPI7822B1Z6,2025-06,883879.54,207898.11,106065.54,130607.87,128619.75,0.0,0
24UBTPI7822B1Z6,2025-07,847473.45,171662.53,101696.81,78055.88,77494.23,1648.38,28
24UBTPI7822B1Z6,2025-08,914286.28,209476.0,109714.35,131293.08,131125.12,0.0,0
24UBTPI7822B1Z6,2025-09,844275.5,181534.22,101313.06,92572.2,92081.84,0.0,0
24UBTPI7822B1Z6,2025-10,1398104.86,269216.89,167772.58,206256.72,205793.83,0.0,2
24UBTPI7822B1Z6,2025-11,926042.06,243320.48,111125.05,103933.22,102006.76,0.0,0
24UBTPI7822B1Z6,2025-12,811691.95,145009.21,97403.04,130420.89,130262.9,0.0,0
24UBTPI7822B1Z6,2026-01,928107.75,185166.11,111372.94,103082.15,101383.78,0.0,0
24UBTPI7822B1Z6,2026-02,904860.02,199920.57,108583.21,117886.71,115811.79,0.0,0
24UBTPI7822B1Z6,2026-03,888497.91,234846.3,106619.76,122555.37,122298.27,0.0,0
29FAFCL7325B1ZH,2025-04,771782.25,771782.25,138920.8,102919.3,101654.49,37266.32,0
29FAFCL7325B1ZH,2025-05,586478.96,586478.96,105566.21,85684.11,85191.21,20375.0,0
29FAFCL7325B1ZH,2025-06,691260.06,691260.06,124426.81,84057.86,83220.85,41205.96,0
29FAFCL7325B1ZH,2025-07,736722.95,736722.95,132610.13,102274.12,101813.35,30796.78,0
29FAFCL7325B1ZH,2025-08,717357.43,717357.43,129124.34,87352.21,86739.48,42384.86,0
29FAFCL7325B1ZH,2025-09,541589.18,541589.18,97486.05,65301.55,64099.08,33386.98,0
29FAFCL7325B1ZH,2025-10,1106570.87,1106570.87,199182.76,132805.1,131535.38,67647.38,20
29FAFCL7325B1ZH,2025-11,1039643.6,1039643.6,187135.85,148530.57,147377.24,39758.61,3
29FAFCL7325B1ZH,2025-12,887162.38,887162.38,159689.23,121853.34,120116.54,39572.69,0
29FAFCL7325B1ZH,2026-01,633189.81,633189.81,113974.17,79189.86,78287.48,35686.69,0
29FAFCL7325B1ZH,2026-02,645013.3,645013.3,116102.39,101964.77,100299.74,15802.66,0
29FAFCL7325B1ZH,2026-03,780177.02,780177.02,140431.86,121920.23,119581.3,20850.56,0
29QZKFB9935W1Z7,2025-04,673342.88,145956.54,121201.72,93431.1,93375.05,27826.67,0
29QZKFB9935W1Z7,2025-05,750173.42,180813.47,135031.22,115230.74,113539.8,21491.41,0
29QZKFB9935W1Z7,2025-06,938966.76,206797.64,169014.02,106732.03,104978.33,64035.69,0
29QZKFB9935W1Z7,2025-07,913684.46,181263.91,164463.2,109404.36,109399.22,55063.98,0
29QZKFB9935W1Z7,2025-08,669200.63,173642.47,120456.11,92737.7,91669.5,28786.62,7
29QZKFB9935W1Z7,2025-09,721878.76,215673.59,129938.19,84935.35,84668.19,45270.0,3
29QZKFB9935W1Z7,2025-10,869207.06,287820.23,156457.28,114169.37,112287.91,44169.37,10
29QZKFB9935W1Z7,2025-11,878519.92,269763.4,158133.59,103130.83,101628.26,56505.33,0
29QZKFB9935W1Z7,2025-12,745919.98,196722.56,134265.6,102055.44,101161.29,33104.31,0
29QZKFB9935W1Z7,2026-01,794299.16,114786.02,142973.85,58423.54,81537.93,61435.93,0
29QZKFB9935W1Z7,2026-02,530294.68,174688.69,95453.04,50229.24,49987.72,45465.33,0
29QZKFB9935W1Z7,2026-03,640322.17,172872.88,115258.0,70060.9,69800.99,45457.01,12
09LYAPU0444C1ZD,2025-04,7681128.05,58609.77,2150715.86,671275.58,671163.13,1479552.73,0
09LYAPU0444C1ZD,2025-05,7998981.67,57488.1,2239714.85,705382.49,856910.14,1382804.71,0
09LYAPU0444C1ZD,2025-06,8874616.09,77510.6,2484892.53,491590.04,489762.49,1995130.04,3
09LYAPU0444C1ZD,2025-07,9253801.06,68957.88,2591064.29,600738.0,600273.42,1990790.86,5
09LYAPU0444C1ZD,2025-08,8547557.53,46762.99,2393316.12,673901.9,666679.72,1726636.4,0
09LYAPU0444C1ZD,2025-09,8258712.98,46454.77,2312439.61,769276.86,757908.63,1554530.98,0
09LYAPU0444C1ZD,2025-10,12689122.09,54895.89,3552954.21,1060265.46,1062158.47,2490795.74,0
09LYAPU0444C1ZD,2025-11,10110906.31,64358.5,2831053.78,869487.56,862464.91,1968588.86,0
09LYAPU0444C1ZD,2025-12,7600493.81,61863.27,2128138.28,607530.58,606526.38,1521611.89,0
09LYAPU0444C1ZD,2026-01,7386055.67,67165.78,2068095.59,498320.99,492620.82,1575474.77,0
09LYAPU0444C1ZD,2026-02,7026401.03,60559.76,1967392.3,507164.86,576696.05,1390696.25,8
09LYAPU0444C1ZD,2026-03,10217016.32,76673.79,2860764.58,789951.15,792224.36,2068540.22,4
29LMVFA7299N1Z5,2025-04,514114.17,144346.2,92540.54,28850.25,28570.57,63969.96,6
29LMVFA7299N1Z5,2025-05,557338.89,127255.79,100321.0,35193.89,34863.91,65457.09,0
29LMVFA7299N1Z5,2025-06,549652.31,135272.69,98937.41,22969.38,22943.33,75994.08,0
29LMVFA7299N1Z5,2025-07,652160.08,147996.79,117388.81,27328.84,27043.06,90345.76,5
29LMVFA7299N1Z5,2025-08,495753.13,142567.98,89235.56,21063.5,20962.82,68272.74,8
29LMVFA7299N1Z5,2025-09,436291.25,154163.7,78532.42,29252.39,28747.69,49784.73,0
29LMVFA7299N1Z5,2025-10,660893.05,181682.65,118960.76,25588.97,25111.38,93849.37,0
29LMVFA7299N1Z5,2025-11,647467.9,142370.58,116544.24,32098.33,31956.62,84587.62,0
29LMVFA7299N1Z5,2025-12,628229.33,119557.85,113081.27,29710.16,29441.93,83639.35,0
29LMVFA7299N1Z5,2026-01,684080.03,138347.37,123134.4,24315.9,23913.11,99221.29,0
29LMVFA7299N1Z5,2026-02,485760.91,137457.81,87436.98,25501.03,25171.72,62265.26,0
29LMVFA7299N1Z5,2026-03,455415.0,140473.78,81974.69,33921.54,33294.68,48680.01,0
24CKSPP4445E1ZW,2025-04,366765.27,366765.27,66017.75,69858.31,68700.45,0.0,0
24CKSPP4445E1ZW,2025-05,276425.14,276425.14,49756.52,49489.39,48550.5,0.0,0
24CKSPP4445E1ZW,2025-06,347531.76,347531.76,62555.72,80288.73,79794.74,0.0,1
24CKSPP4445E1ZW,2025-07,241855.33,241855.33,43533.96,44382.02,44287.07,0.0,0
24CKSPP4445E1ZW,2025-08,276295.14,276295.14,49733.13,69263.56,69194.05,0.0,0
24CKSPP4445E1ZW,2025-09,252083.49,252083.49,45375.03,47854.27,47764.37,0.0,0
24CKSPP4445E1ZW,2025-10,529044.3,529044.3,95227.97,95631.39,94187.53,0.0,0
24CKSPP4445E1ZW,2025-11,479196.2,479196.2,86255.32,92412.38,91276.03,0.0,3
24CKSPP4445E1ZW,2025-12,273432.46,273432.46,49217.84,40708.25,40366.37,0.0,0
24CKSPP4445E1ZW,2026-01,330826.24,330826.24,59548.72,75222.32,75113.57,0.0,0
24CKSPP4445E1ZW,2026-02,355500.99,355500.99,63990.18,53177.49,52402.81,0.0,0
24CKSPP4445E1ZW,2026-03,317589.02,317589.02,57166.02,64797.26,63544.24,0.0,2
27RJSPZ4248E1Z2,2025-04,823777.69,533199.58,41188.88,149247.95,148078.96,0.0,0
27RJSPZ4248E1Z2,2025-05,648947.63,401559.17,32447.38,122716.7,121544.95,0.0,0
27RJSPZ4248E1Z2,2025-06,637017.55,358428.51,31850.88,110871.7,109021.46,0.0,0
27RJSPZ4248E1Z2,2025-07,855668.9,546764.71,42783.45,166252.97,165979.16,0.0,0
27RJSPZ4248E1Z2,2025-08,783410.47,428052.02,39170.53,134072.47,133556.94,0.0,10
27RJSPZ4248E1Z2,2025-09,660836.35,479530.06,33041.81,111806.21,111018.89,0.0,2
27RJSPZ4248E1Z2,2025-10,1029738.04,579793.5,51486.91,138587.2,138068.89,0.0,0
27RJSPZ4248E1Z2,2025-11,973850.64,600132.22,48692.53,184810.34,183315.73,0.0,0
27RJSPZ4248E1Z2,2025-12,790006.61,355749.4,39500.33,153546.21,150511.63,0.0,0
27RJSPZ4248E1Z2,2026-01,712391.7,423404.27,35619.59,92231.33,152965.72,0.0,4
27RJSPZ4248E1Z2,2026-02,584309.14,380534.93,29215.46,88222.53,87499.86,0.0,0
27RJSPZ4248E1Z2,2026-03,753551.45,422791.97,37677.57,132909.16,131739.75,0.0,0
09VEACW4462R1ZS,2025-04,773530.82,773530.82,92823.7,58139.14,57076.61,35747.09,0
09VEACW4462R1ZS,2025-05,578157.69,578157.69,69378.92,40458.56,40323.71,29055.22,0
09VEACW4462R1ZS,2025-06,667041.28,667041.28,80044.95,33488.72,33115.32,46929.63,0
09VEACW4462R1ZS,2025-07,566719.53,566719.53,68006.34,35187.43,34616.52,33389.83,0
09VEACW4462R1ZS,2025-08,661638.32,661638.32,79396.6,39886.16,49021.0,30375.6,0
09VEACW4462R1ZS,2025-09,857398.91,857398.91,102887.87,51003.04,50037.76,52850.11,0
09VEACW4462R1ZS,2025-10,1014120.58,1014120.58,121694.47,75777.42,74512.51,47181.96,0
09VEACW4462R1ZS,2025-11,755101.13,755101.13,90612.14,47918.91,52905.14,37707.0,0
09VEACW4462R1ZS,2025-12,619958.9,619958.9,74395.07,39472.16,38884.73,35510.34,0
09VEACW4462R1ZS,2026-01,539149.18,539149.18,64697.9,36864.93,36395.42,28302.48,5
09VEACW4462R1ZS,2026-02,565250.58,565250.58,67830.07,33754.46,33676.74,34153.33,0
09VEACW4462R1ZS,2026-03,873095.6,873095.6,104771.47,64651.37,63589.35,41182.12,0
29YNMFR6605H1ZF,2025-04,1958892.53,33901.25,548489.91,150116.3,147859.26,400630.65,0
29YNMFR6605H1ZF,2025-05,2123686.98,25119.05,594632.34,202942.39,199059.71,395572.63,2
29YNMFR6605H1ZF,2025-06,2528544.4,31004.03,707992.43,228202.67,223854.37,484138.06,0
29YNMFR6605H1ZF,2025-07,1984210.33,32107.49,555578.9,214218.32,211694.72,343884.18,0
29YNMFR6605H1ZF,2025-08,2204773.8,30954.14,617336.66,142825.36,140489.89,476846.77,0
29YNMFR6605H1ZF,2025-09,1498656.82,35178.62,419623.91,158349.11,156735.65,262888.26,0
29YNMFR6605H1ZF,2025-10,2802630.62,36354.83,784736.56,293263.84,288536.7,496199.86,0
29YNMFR6605H1ZF,2025-11,2483862.68,29058.05,695481.54,196080.04,193555.48,501926.06,0
29YNMFR6605H1ZF,2025-12,1722483.77,28900.13,482295.47,173352.86,217476.9,264818.56,0
29YNMFR6605H1ZF,2026-01,1728300.49,32457.13,483924.12,138803.23,138632.85,345291.27,0
29YNMFR6605H1ZF,2026-02,2376590.13,25887.38,665445.25,209330.35,206106.59,459338.66,0
29YNMFR6605H1ZF,2026-03,2559697.46,30379.52,716715.26,164467.61,236485.32,480229.94,0
29NSGPP7525U1Z7,2025-04,4342934.5,61013.07,1216021.66,268308.94,263973.99,952047.67,4
29NSGPP7525U1Z7,2025-05,3923632.88,51115.25,1098617.22,214051.15,212996.2,885621.02,0
29NSGPP7525U1Z7,2025-06,3860906.5,55688.9,1081053.83,224009.31,241059.06,839994.77,0
29NSGPP7525U1Z7,2025-07,3824357.96,52004.94,1070820.21,291740.91,287958.69,782861.52,0
29NSGPP7525U1Z7,2025-08,4624305.29,66816.86,1294805.49,254868.27,279700.08,1015105.41,14
29NSGPP7525U1Z7,2025-09,4009438.23,54638.72,1122642.68,223751.18,220051.17,902591.51,0
29NSGPP7525U1Z7,2025-10,7130202.27,53764.65,1996456.64,379762.14,377406.18,1619050.47,0
29NSGPP7525U1Z7,2025-11,5716368.33,50127.36,1600583.13,467374.12,466304.8,1134278.33,0
29NSGPP7525U1Z7,2025-12,4280052.87,49695.21,1198414.81,295696.03,351915.67,846499.14,0
29NSGPP7525U1Z7,2026-01,4846297.65,55643.29,1356963.34,270512.15,266310.08,1090653.26,0
29NSGPP7525U1Z7,2026-02,3648180.61,60718.07,1021490.59,219375.6,217681.98,803808.61,6
29NSGPP7525U1Z7,2026-03,5149603.08,48454.22,1441888.85,293725.74,290532.9,1151355.95,0
07VKQFZ3292M1Z2,2025-04,614260.16,418468.23,30713.01,68831.48,68579.05,0.0,0
07VKQFZ3292M1Z2,2025-05,584139.19,317951.26,29206.96,77467.6,77379.74,0.0,0
07VKQFZ3292M1Z2,2025-06,545012.62,315979.98,27250.63,76497.27,76159.48,0.0,0
07VKQFZ3292M1Z2,2025-07,601756.63,404570.89,30087.83,94625.01,105679.56,0.0,1
07VKQFZ3292M1Z2,2025-08,557439.73,354985.77,27871.99,40130.08,59881.56,0.0,0
07VKQFZ3292M1Z2,2025-09,463462.02,333650.96,23173.1,74999.33,73987.13,0.0,15
07VKQFZ3292M1Z2,2025-10,1024660.19,707953.44,51233.01,111025.96,109195.98,0.0,0
07VKQFZ3292M1Z2,2025-11,761770.65,509744.39,38088.53,100453.32,99070.65,0.0,1
07VKQFZ3292M1Z2,2025-12,478526.14,336488.38,23926.31,70893.51,70354.75,0.0,0
07VKQFZ3292M1Z2,2026-01,477913.08,312390.34,23895.65,64227.4,63296.74,0.0,0
07VKQFZ3292M1Z2,2026-02,575795.94,422471.56,28789.8,66878.47,65964.12,0.0,0
07VKQFZ3292M1Z2,2026-03,553947.54,410738.49,27697.38,91922.7,91096.4,0.0,0
07DSZCO3851G1ZS,2025-04,154889.79,154889.79,7744.49,10791.34,10714.22,0.0,10
07DSZCO3851G1ZS,2025-05,117949.69,117949.69,5897.48,8601.15,8502.43,0.0,17
07DSZCO3851G1ZS,2025-06,122911.94,122911.94,6145.6,11458.45,11246.77,0.0,8
07DSZCO3851G1ZS,2025-07,120659.46,120659.46,6032.97,9337.53,9200.5,0.0,0
07DSZCO3851G1ZS,2025-08,126107.91,126107.91,6305.4,9950.67,9835.59,0.0,0
07DSZCO3851G1ZS,2025-09,162438.06,162438.06,8121.9,15732.41,16121.51,0.0,0
07DSZCO3851G1ZS,2025-10,159566.6,159566.6,7978.33,11474.97,11474.31,0.0,0
07DSZCO3851G1ZS,2025-11,149955.75,149955.75,7497.79,8883.78,12020.28,0.0,7
07DSZCO3851G1ZS,2025-12,108257.86,108257.86,5412.89,11688.9,13573.54,0.0,0
07DSZCO3851G1ZS,2026-01,163960.01,163960.01,8198.0,15470.62,15421.42,0.0,0
07DSZCO3851G1ZS,2026-02,121171.69,121171.69,6058.58,9469.66,9335.57,0.0,0
07DSZCO3851G1ZS,2026-03,145493.2,145493.2,7274.66,11562.52,11359.56,0.0,0
19KREPS2586M1ZP,2025-04,469183.02,469183.02,56301.96,52133.95,51715.72,4586.24,1
19KREPS2586M1ZP,2025-05,620462.65,620462.65,74455.52,68005.08,70305.89,4149.63,0
19KREPS2586M1ZP,2025-06,672355.64,672355.64,80682.68,77661.48,76580.31,4102.37,0
19KREPS2586M1ZP,2025-07,477918.73,477918.73,57350.25,124374.5,124358.48,0.0,0
19KREPS2586M1ZP,2025-08,507133.68,507133.68,60856.04,59155.78,87306.57,0.0,0
19KREPS2586M1ZP,2025-09,506278.13,506278.13,60753.38,64922.46,64599.13,0.0,0
19KREPS2586M1ZP,2025-10,839982.02,839982.02,100797.84,99435.89,110870.16,0.0,0
19KREPS2586M1ZP,2025-11,707468.08,707468.08,84896.17,115288.27,114692.16,0.0,4
19KREPS2586M1ZP,2025-12,536625.28,536625.28,64395.03,84811.09,85247.46,0.0,4
19KREPS2586M1ZP,2026-01,626871.13,626871.13,75224.54,75013.37,74334.82,0.0,0
19KREPS2586M1ZP,2026-02,415994.06,415994.06,49919.29,46023.22,46579.38,0.0,9
19KREPS2586M1ZP,2026-03,549341.71,549341.71,65921.01,54517.51,63155.82,0.0,0
33WSZPQ5138J1ZE,2025-04,5450912.73,5450912.73,654109.53,448865.18,499933.03,154176.5,0
33WSZPQ5138J1ZE,2025-05,5655484.63,5655484.63,678658.16,500916.83,494757.89,183900.27,0
33WSZPQ5138J1ZE,2025-06,5312462.57,5312462.57,637495.51,536611.82,545223.93,92271.58,0
33WSZPQ5138J1ZE,2025-07,5420934.72,5420934.72,650512.17,637855.26,630475.82,20036.35,0
33WSZPQ5138J1ZE,2025-08,5490063.68,5490063.68,658807.64,620355.0,611937.1,46870.54,0
33WSZPQ5138J1ZE,2025-09,5293593.38,5293593.38,635231.21,466968.34,460762.48,174468.73,0
33WSZPQ5138J1ZE,2025-10,7170774.33,7170774.33,860492.92,609598.2,670077.75,190415.17,0
33WSZPQ5138J1ZE,2025-11,6162525.39,6162525.39,739503.05,612082.96,606683.03,132820.02,0
33WSZPQ5138J1ZE,2025-12,5104055.45,5104055.45,612486.65,422398.67,418996.58,193490.07,10
33WSZPQ5138J1ZE,2026-01,5087863.68,5087863.68,610543.64,604890.46,600137.85,10405.79,0
33WSZPQ5138J1ZE,2026-02,5529960.1,5529960.1,663595.21,611831.2,611461.37,52133.84,4
33WSZPQ5138J1ZE,2026-03,7034257.16,7034257.16,844110.86,959272.15,999079.9,0.0,0
07WZQCF9248N1ZN,2025-04,4612115.62,4612115.62,553453.87,410056.06,407702.32,145751.55,0
07WZQCF9248N1ZN,2025-05,4776554.08,4776554.08,573186.49,424225.64,421504.65,151681.84,0
07WZQCF9248N1ZN,2025-06,4407349.28,4407349.28,528881.91,427089.18,418864.7,110017.21,0
07WZQCF9248N1ZN,2025-07,5005590.34,5005590.34,600670.84,465634.45,457895.56,142775.28,0
07WZQCF9248N1ZN,2025-08,5417964.91,5417964.91,650155.79,575974.1,579460.23,70695.56,0
07WZQCF9248N1ZN,2025-09,3887847.88,3887847.88,466541.75,325840.7,331519.69,135022.06,5
07WZQCF9248N1ZN,2025-10,8097694.31,8097694.31,971723.32,742743.54,729270.83,242452.49,0
07WZQCF9248N1ZN,2025-11,5426867.68,5426867.68,651224.12,436157.37,427653.89,223570.23,0
07WZQCF9248N1ZN,2025-12,4871087.67,4871087.67,584530.52,410129.0,408061.7,176468.82,0
07WZQCF9248N1ZN,2026-01,4648877.62,4648877.62,557865.31,369391.61,411716.78,146148.53,0
07WZQCF9248N1ZN,2026-02,3107383.91,3107383.91,372886.07,323168.79,321864.46,51021.61,0
07WZQCF9248N1ZN,2026-03,4158555.68,4158555.68,499026.68,417731.7,416336.42,82690.26,0
27OQVCB1368X1Z1,2025-07,6483482.77,62593.17,1167026.89,600046.88,596349.45,570677.44,8
27OQVCB1368X1Z1,2025-08,6364309.29,52692.8,1145575.65,621300.28,613064.91,532510.74,0
27OQVCB1368X1Z1,2025-09,7066296.95,75984.0,1271933.44,797526.29,787692.27,484241.17,0
27OQVCB1368X1Z1,2025-10,11596989.89,61256.18,2087458.17,1023514.65,1017531.46,1069926.72,0
27OQVCB1368X1Z1,2025-11,9574570.23,73754.03,1723422.65,1258240.98,1255055.86,468366.79,0
27OQVCB1368X1Z1,2025-12,8474133.62,62218.59,1525344.03,906661.44,899865.03,625478.99,0
27OQVCB1368X1Z1,2026-01,6246756.61,78150.62,1124416.24,400144.0,393484.56,730931.68,0
27OQVCB1368X1Z1,2026-02,6066593.54,72246.38,1091986.83,854449.76,852848.1,239138.72,0
27OQVCB1368X1Z1,2026-03,6928386.41,47663.99,1247109.52,540988.3,531303.17,715806.34,0
19QOECF9214A1ZN,2025-04,3193571.11,60729.64,383228.52,216399.78,215906.45,167322.06,0
19QOECF9214A1ZN,2025-05,3306188.07,51243.34,396742.56,229302.67,228715.03,168027.53,0
19QOECF9214A1ZN,2025-06,3118944.46,50834.11,374273.34,252643.07,248234.18,126039.16,4
19QOECF9214A1ZN,2025-07,3726901.31,61602.5,447228.15,266848.03,264040.33,183187.82,0
19QOECF9214A1ZN,2025-08,2859540.65,45808.05,343144.86,180863.8,178445.06,164699.8,5
19QOECF9214A1ZN,2025-09,3317346.83,37577.21,398081.64,272218.32,268992.28,129089.35,0
19QOECF9214A1ZN,2025-10,4400824.14,46235.33,528098.89,331164.63,342004.07,186094.82,0
19QOECF9214A1ZN,2025-11,4956602.23,54488.39,594792.29,233330.4,229170.18,365622.11,0
19QOECF9214A1ZN,2025-12,3306440.21,50614.98,396772.82,237057.61,236569.72,160203.1,0
19QOECF9214A1ZN,2026-01,3109135.11,41579.61,373096.2,157897.48,164985.37,208110.83,0
19QOECF9214A1ZN,2026-02,3813412.68,61196.08,457609.52,241074.85,240868.09,216741.43,0
19QOECF9214A1ZN,2026-03,3586836.82,53849.81,430420.43,217839.87,216191.29,214229.13,0
07TQECY0646U1Z3,2025-04,4263535.96,760474.89,511624.3,548234.92,740210.76,0.0,0
07TQECY0646U1Z3,2025-05,4038813.35,575446.28,484657.59,657233.94,651744.97,0.0,0
07TQECY0646U1Z3,2025-06,4324865.55,647234.3,518983.88,651067.06,639577.96,0.0,0
07TQECY0646U1Z3,2025-07,4270823.56,696632.2,512498.85,1182099.11,1189836.87,0.0,8
07TQECY0646U1Z3,2025-08,12016226.81,529627.07,1441947.19,1565797.55,1600427.58,0.0,7
07TQECY0646U1Z3,2025-09,11205133.26,724754.72,1344616.01,1598046.53,1580245.12,0.0,0
07TQECY0646U1Z3,2025-10,13197672.79,1020387.15,1583720.73,1891334.64,1886640.15,0.0,0
07TQECY0646U1Z3,2025-11,12783648.62,778850.22,1534037.85,1865003.85,1836137.39,0.0,0
07TQECY0646U1Z3,2025-12,11646570.66,645314.76,1397588.46,1713469.16,1708756.16,0.0,8
07TQECY0646U1Z3,2026-01,11782721.68,618706.46,1413926.61,1756765.04,1724038.95,0.0,0
07TQECY0646U1Z3,2026-02,12204960.14,710196.86,1464595.24,1711607.01,1697146.57,0.0,0
07TQECY0646U1Z3,2026-03,4231208.3,688299.48,507745.0,629235.63,617206.14,0.0,0
27YLPPX3858M1Z9,2025-04,8627703.04,8627703.04,1035324.37,1127628.68,1122850.64,0.0,39
27YLPPX3858M1Z9,2025-05,9639825.43,9639825.43,1156779.05,1143999.79,1122557.04,0.0,20
27YLPPX3858M1Z9,2025-06,12427842.4,12427842.4,1491341.09,2059830.71,2036036.23,0.0,27
27YLPPX3858M1Z9,2025-07,9587069.23,9587069.23,1150448.31,1094052.63,1076972.78,0.0,9
27YLPPX3858M1Z9,2025-08,7412152.47,7412152.47,889458.3,942427.19,989551.69,0.0,40
27YLPPX3858M1Z9,2025-09,8507252.88,8507252.88,1020870.35,1091025.57,1073388.68,0.0,17
27YLPPX3858M1Z9,2025-10,13741180.88,13741180.88,1648941.71,1062336.32,1125263.44,0.0,8
27YLPPX3858M1Z9,2025-11,10774603.42,10774603.42,1292952.41,1297849.14,1290750.73,0.0,25
27YLPPX3858M1Z9,2025-12,9258430.47,9258430.47,1111011.66,1107487.64,1105761.83,0.0,5
27YLPPX3858M1Z9,2026-01,6136713.29,6136713.29,736405.59,756710.26,748151.73,0.0,29
27YLPPX3858M1Z9,2026-02,9374266.33,9374266.33,1124911.96,1356604.1,1352336.67,0.0,44
27YLPPX3858M1Z9,2026-03,9237762.44,9237762.44,1108531.49,1188742.65,1170420.65,0.0,43
07GFJCX7158Y1ZE,2025-04,2788988.19,8542.99,139449.38,33307.16,32886.08,106563.3,0
07GFJCX7158Y1ZE,2025-05,2615555.77,8348.79,130777.79,23952.26,23788.21,106989.58,9
07GFJCX7158Y1ZE,2025-06,2409570.51,9858.44,120478.53,30158.03,29992.81,90485.72,0
07GFJCX7158Y1ZE,2025-07,2493560.74,7483.74,124678.03,30394.54,30006.35,94671.68,1
07GFJCX7158Y1ZE,2025-08,2500300.76,6848.23,125015.03,30127.24,29763.88,95251.15,0
07GFJCX7158Y1ZE,2025-09,2103403.47,6196.7,105170.17,25154.75,25085.62,80084.55,0
07GFJCX7158Y1ZE,2025-10,2607299.29,10734.68,130364.99,36674.44,35948.7,94416.3,3
07GFJCX7158Y1ZE,2025-11,2649259.24,8531.75,132462.97,33070.53,32752.24,99710.73,0
07GFJCX7158Y1ZE,2025-12,2565661.59,6963.03,128283.09,35662.71,35180.54,93102.55,0
07GFJCX7158Y1ZE,2026-01,2347544.33,9958.75,117377.22,32211.18,32040.37,85336.85,0
07GFJCX7158Y1ZE,2026-02,2124663.44,9467.85,106233.15,32050.36,31412.2,74820.96,0
07GFJCX7158Y1ZE,2026-03,2461143.08,6307.8,123057.15,26893.13,26864.82,96192.33,0
29KMOCU1585H1ZR,2025-04,4921091.57,98028.27,885796.48,348353.06,347409.2,538387.28,0
29KMOCU1585H1ZR,2025-05,4573568.36,86800.36,823242.32,274788.58,273942.83,549299.49,0
29KMOCU1585H1ZR,2025-06,5860162.48,87914.32,1054829.26,315297.72,311336.4,743492.85,0
29KMOCU1585H1ZR,2025-07,5110624.45,78629.22,919912.4,285260.01,283827.91,636084.49,0
29KMOCU1585H1ZR,2025-08,5061285.11,101151.13,911031.32,390226.9,389111.08,521920.24,4
29KMOCU1585H1ZR,2025-09,4604694.5,88894.54,828845.0,268014.63,262770.57,566074.42,0
29KMOCU1585H1ZR,2025-10,9942205.26,83238.67,1789596.95,817414.28,817135.18,972461.77,0
29KMOCU1585H1ZR,2025-11,7777870.27,84436.57,1400016.65,537662.04,585055.81,814960.85,0
29KMOCU1585H1ZR,2025-12,8027449.04,102677.08,1444940.82,474553.89,471316.01,973624.81,3
29KMOCU1585H1ZR,2026-01,8309989.75,80284.7,1495798.17,414435.94,414360.22,1081437.95,0
29KMOCU1585H1ZR,2026-02,5249124.81,81361.18,944842.47,444621.2,439141.98,505700.49,0
29KMOCU1585H1ZR,2026-03,4948937.11,108361.98,890808.68,370523.97,363822.61,526986.07,0
29KHGPN3243F1Z3,2025-04,155386.02,27634.08,18646.32,4782.75,4743.99,13902.33,0
29KHGPN3243F1Z3,2025-05,125310.85,28060.32,15037.3,7007.09,6977.58,8059.72,0
29KHGPN3243F1Z3,2025-06,136871.91,27995.42,16424.63,5229.72,5191.91,11232.72,2
29KHGPN3243F1Z3,2025-07,166484.68,24468.31,19978.16,3521.78,3487.95,16490.21,0
29KHGPN3243F1Z3,2025-08,110217.09,31775.43,13226.05,4200.56,4458.5,8767.55,0
29KHGPN3243F1Z3,2025-09,91975.08,30913.05,11037.01,7309.87,7200.34,3836.66,0
29KHGPN3243F1Z3,2025-10,175515.7,54044.83,21061.88,11119.02,10904.23,10157.65,0
29KHGPN3243F1Z3,2025-11,193359.39,50727.93,23203.12,9295.92,9133.27,14069.85,0
29KHGPN3243F1Z3,2025-12,132031.2,37936.3,15843.75,8959.18,8814.27,7029.47,0
29KHGPN3243F1Z3,2026-01,197198.63,38475.98,23663.84,5566.55,5543.59,18120.25,0
29KHGPN3243F1Z3,2026-02,92057.03,27762.95,11046.84,4754.32,4740.8,6306.05,0
29KHGPN3243F1Z3,2026-03,138657.53,28853.53,16638.9,4519.29,4510.23,12128.67,10
29YCKPN7947Y1Z9,2025-04,2202532.81,2202532.81,264303.94,307889.19,306793.68,0.0,0
29YCKPN7947Y1Z9,2025-05,2035339.69,2035339.69,244240.76,250625.26,245784.27,0.0,0
29YCKPN7947Y1Z9,2025-06,1827429.41,1827429.41,219291.53,266234.36,264644.03,0.0,0
29YCKPN7947Y1Z9,2025-07,1540968.76,1540968.76,184916.25,175638.84,175381.47,0.0,0
29YCKPN7947Y1Z9,2025-08,1938594.89,1938594.89,232631.39,190699.95,188373.22,0.0,22
29YCKPN7947Y1Z9,2025-09,1943703.65,1943703.65,233244.44,215452.79,212109.2,0.0,8
29YCKPN7947Y1Z9,2025-10,3844690.7,3844690.7,461362.88,491360.11,483541.07,0.0,0
29YCKPN7947Y1Z9,2025-11,2520239.6,2520239.6,302428.75,275812.94,271148.06,0.0,0
29YCKPN7947Y1Z9,2025-12,2246993.99,2246993.99,269639.28,242307.06,239059.98,25224.23,0
29YCKPN7947Y1Z9,2026-01,1729516.27,1729516.27,207541.95,194384.77,198301.36,9240.6,0
29YCKPN7947Y1Z9,2026-02,2256274.4,2256274.4,270752.93,309748.06,308537.33,0.0,0
29YCKPN7947Y1Z9,2026-03,1725962.07,1725962.07,207115.45,236329.7,236091.39,0.0,0
19VHRFA8678F1ZR,2025-04,2289372.82,2289372.82,114468.64,342806.95,336119.86,0.0,0
19VHRFA8678F1ZR,2025-05,1866099.97,1866099.97,93305.0,226223.02,226141.37,0.0,15
19VHRFA8678F1ZR,2025-06,2614123.11,2614123.11,130706.16,284470.14,279332.94,0.0,0
19VHRFA8678F1ZR,2025-07,2118746.51,2118746.51,105937.33,286393.72,281497.11,0.0,0
19VHRFA8678F1ZR,2025-08,2810345.21,2810345.21,140517.26,345666.3,345210.5,0.0,0
19VHRFA8678F1ZR,2025-09,2328058.53,2328058.53,116402.93,260046.16,257359.92,0.0,0
19VHRFA8678F1ZR,2025-10,4553364.84,4553364.84,227668.24,632227.87,642793.39,0.0,0
19VHRFA8678F1ZR,2025-11,3519667.6,3519667.6,175983.38,449285.42,455925.18,0.0,0
19VHRFA8678F1ZR,2025-12,2261549.12,2261549.12,113077.46,260603.37,281493.68,0.0,0
19VHRFA8678F1ZR,2026-01,1961100.03,1961100.03,98055.0,252216.66,251791.12,0.0,0
19VHRFA8678F1ZR,2026-02,1967446.41,1967446.41,98372.32,310213.41,307513.23,0.0,2
19VHRFA8678F1ZR,2026-03,2722875.99,2722875.99,136143.8,387961.34,398530.58,0.0,0
29TYBCK5665H1ZC,2025-04,974391.32,974391.32,116926.96,84388.6,83259.63,33667.33,0
29TYBCK5665H1ZC,2025-05,1088246.98,1088246.98,130589.64,51193.37,70277.95,60311.69,0
29TYBCK5665H1ZC,2025-06,971770.83,971770.83,116612.5,83114.52,82832.68,33779.82,14
29TYBCK5665H1ZC,2025-07,815780.87,815780.87,97893.7,62454.03,62398.1,35495.61,0
29TYBCK5665H1ZC,2025-08,1001822.69,1001822.69,120218.72,97747.15,95827.73,24390.99,0
29TYBCK5665H1ZC,2025-09,939992.76,939992.76,112799.13,60715.46,60386.4,52412.73,4
29TYBCK5665H1ZC,2025-10,1302905.71,1302905.71,156348.68,109272.52,108078.3,48270.38,0
29TYBCK5665H1ZC,2025-11,1327978.93,1327978.93,159357.47,122620.04,120546.15,38811.32,0
29TYBCK5665H1ZC,2025-12,927355.05,927355.05,111282.61,91621.56,90463.22,20819.39,8
29TYBCK5665H1ZC,2026-01,836880.17,836880.17,100425.62,50692.49,58352.23,42073.39,0
29TYBCK5665H1ZC,2026-02,892254.24,892254.24,107070.51,86672.04,86493.71,20576.8,0
29TYBCK5665H1ZC,2026-03,1302743.87,1302743.87,156329.26,94036.65,93482.04,62847.22,3
29JWZCN5020W1ZN,2025-04,661388.55,129200.59,119049.94,24174.24,23873.99,95175.95,0
29JWZCN5020W1ZN,2025-05,711593.49,104838.12,128086.83,34510.22,34088.67,93998.16,0
29JWZCN5020W1ZN,2025-06,683298.05,108023.39,122993.66,22771.87,22691.35,100302.32,0
29JWZCN5020W1ZN,2025-07,638896.85,121201.35,115001.43,16958.51,22292.22,92709.21,0
29JWZCN5020W1ZN,2025-08,680851.16,143915.6,122553.21,17464.66,22221.27,100331.94,0
29JWZCN5020W1ZN,2025-09,722876.39,132916.97,130117.75,17289.49,17009.91,113107.85,0
29JWZCN5020W1ZN,2025-10,858288.37,138346.97,154491.9,21367.36,21311.56,133180.35,10
29JWZCN5020W1ZN,2025-11,926160.27,118860.64,166708.86,21687.57,21490.79,145218.07,0
29JWZCN5020W1ZN,2025-12,640215.93,147336.03,115238.87,18997.7,25187.54,90051.33,0
29JWZCN5020W1ZN,2026-01,591865.73,90674.56,106535.84,20308.7,20116.18,86419.67,0
29JWZCN5020W1ZN,2026-02,674499.8,159459.52,121409.96,16417.17,16304.64,105105.32,0
29JWZCN5020W1ZN,2026-03,678619.3,162587.78,122151.47,20374.11,20259.89,101891.58,7
27BRDPC9462C1ZY,2025-04,3402380.0,531963.39,170119.01,393857.65,391242.11,0.0,0
27BRDPC9462C1ZY,2025-05,3244213.57,458323.04,162210.66,561035.06,550522.51,0.0,0
27BRDPC9462C1ZY,2025-06,2500779.47,519176.75,125038.99,455452.92,499555.72,0.0,0
27BRDPC9462C1ZY,2025-07,2841767.45,530626.92,142088.38,464643.96,457494.38,0.0,0
27BRDPC9462C1ZY,2025-08,2452112.37,401283.1,122605.63,342919.17,338934.12,0.0,1
27BRDPC9462C1ZY,2025-09,2566341.28,445640.28,128317.05,438531.81,437949.9,0.0,0
27BRDPC9462C1ZY,2025-10,3402103.59,618699.98,170105.17,445463.35,462470.95,0.0,0
27BRDPC9462C1ZY,2025-11,3699124.5,738664.97,184956.22,505327.29,503430.7,0.0,0
27BRDPC9462C1ZY,2025-12,2540412.4,595255.01,127020.62,341044.1,338728.75,0.0,0
27BRDPC9462C1ZY,2026-01,2597266.99,414970.41,129863.36,339475.91,337141.5,0.0,0
27BRDPC9462C1ZY,2026-02,3359275.12,578727.6,167963.77,529072.2,528556.72,0.0,0
27BRDPC9462C1ZY,2026-03,3563490.28,659091.03,178174.49,673675.64,670215.27,0.0,8
33JHTPG1836S1ZF,2025-04,1524653.74,310378.45,274437.65,121169.76,120434.8,154002.85,0
33JHTPG1836S1ZF,2025-05,1423674.91,190975.36,256261.48,113904.68,113252.29,143009.19,0
33JHTPG1836S1ZF,2025-06,1369557.89,204104.74,246520.42,177680.72,177402.89,69117.54,0
33JHTPG1836S1ZF,2025-07,1423275.76,241158.42,256189.64,122538.15,121491.74,134697.9,0
33JHTPG1836S1ZF,2025-08,1488705.7,265985.72,267967.03,128321.24,128131.9,139835.13,0
33JHTPG1836S1ZF,2025-09,1472007.1,161339.63,264961.27,155677.12,154498.24,110463.04,0
33JHTPG1836S1ZF,2025-10,2291241.02,226155.94,412423.39,154875.3,152106.85,260316.54,0
33JHTPG1836S1ZF,2025-11,2045548.69,207483.7,368198.78,169003.14,165812.48,202386.3,7
33JHTPG1836S1ZF,2025-12,1518468.97,167255.24,273324.39,195656.98,193075.31,80249.08,4
33JHTPG1836S1ZF,2026-01,1430400.82,182645.86,257472.15,146452.05,146211.94,111260.21,0
33JHTPG1836S1ZF,2026-02,1639312.26,204989.36,295076.2,145835.93,144904.72,150171.48,2
33JHTPG1836S1ZF,2026-03,1732161.23,225190.45,311789.03,127768.86,125782.79,186006.24,0
27AGRPI0183A1ZM,2025-04,1724900.42,29446.62,86245.01,55280.49,54589.03,31655.98,0
27AGRPI0183A1ZM,2025-05,1182023.11,19861.98,59101.16,82254.64,80879.27,0.0,0
27AGRPI0183A1ZM,2025-06,1328823.69,33211.24,66441.17,82150.08,81650.36,0.0,8
27AGRPI0183A1ZM,2025-07,1274131.46,22254.91,63706.57,68025.61,83752.91,0.0,0
27AGRPI0183A1ZM,2025-08,1743273.45,27784.19,87163.67,47570.35,47056.94,0.0,8
27AGRPI0183A1ZM,2025-09,1768855.81,24002.02,88442.78,40026.22,49738.98,21776.89,0
27AGRPI0183A1ZM,2025-10,3172481.6,25410.5,158624.07,67391.83,66922.88,91701.19,0
27AGRPI0183A1ZM,2025-11,2386049.25,23453.98,119302.47,59908.65,59149.04,60153.43,0
27AGRPI0183A1ZM,2025-12,1742778.35,27741.92,87138.91,69452.88,69389.18,17749.72,0
27AGRPI0183A1ZM,2026-01,1811821.17,23158.44,90591.05,68685.07,68425.17,22165.89,0
27AGRPI0183A1ZM,2026-02,1964017.61,22387.8,98200.87,67213.55,66239.83,31961.04,0
27AGRPI0183A1ZM,2026-03,1911511.77,32023.16,95575.58,66199.63,66108.22,29467.36,0
27FOZPG6181H1Z6,2025-04,1888574.73,1888574.73,94428.74,268462.71,267738.88,0.0,31
27FOZPG6181H1Z6,2025-05,1964884.89,1964884.89,98244.24,274369.21,272116.71,0.0,44
27FOZPG6181H1Z6,2025-06,1712835.78,1712835.78,85641.79,225661.26,224774.54,0.0,18
27FOZPG6181H1Z6,2025-07,1591617.27,1591617.27,79580.86,208023.44,206664.18,0.0,27
27FOZPG6181H1Z6,2025-08,2197681.58,2197681.58,109884.08,299474.53,293890.58,0.0,9
27FOZPG6181H1Z6,2025-09,1475392.38,1475392.38,73769.62,186194.91,184974.72,0.0,5
27FOZPG6181H1Z6,2025-10,2332235.15,2332235.15,116611.76,254571.14,251653.16,0.0,28
27FOZPG6181H1Z6,2025-11,1917087.97,1917087.97,95854.4,263683.35,265902.96,0.0,42
27FOZPG6181H1Z6,2025-12,1504167.08,1504167.08,75208.35,169514.51,166945.41,0.0,24
27FOZPG6181H1Z6,2026-01,2089393.14,2089393.14,104469.66,262067.42,257499.88,0.0,17
27FOZPG6181H1Z6,2026-02,2099914.95,2099914.95,104995.75,269202.16,277534.05,0.0,28
27FOZPG6181H1Z6,2026-03,1970775.35,1970775.35,98538.77,183381.95,182965.76,0.0,10
27LGJFP0320D1Z4,2025-04,164644.35,39084.44,19757.32,36888.45,36593.65,0.0,5
27LGJFP0320D1Z4,2025-05,1031419.92,66933.2,123770.39,75391.46,150517.71,0.0,0
27LGJFP0320D1Z4,2025-06,2540259.43,50376.02,304831.13,545746.43,541860.36,0.0,6
27LGJFP0320D1Z4,2025-07,1568610.45,52058.86,188233.25,387062.06,386769.93,0.0,0
27LGJFP0320D1Z4,2025-08,790287.49,45628.15,94834.5,106519.69,104414.45,0.0,0
27LGJFP0320D1Z4,2025-09,1566649.44,38458.69,187997.93,300759.91,295688.92,0.0,0
27LGJFP0320D1Z4,2025-10,1692530.52,74414.15,203103.66,294702.37,293862.46,0.0,3
27LGJFP0320D1Z4,2025-11,1274051.45,62521.31,152886.18,265641.79,261378.16,0.0,0
27LGJFP0320D1Z4,2025-12,1262919.05,54071.99,151550.29,246523.39,243289.47,0.0,0
27LGJFP0320D1Z4,2026-01,1020874.15,55689.85,122504.9,227761.28,223959.02,0.0,0
27LGJFP0320D1Z4,2026-02,1307719.13,54523.98,156926.3,315899.83,311320.06,0.0,0
27LGJFP0320D1Z4,2026-03,1150403.44,64837.82,138048.41,177488.16,174449.19,0.0,0
29KIKCT7567E1Z0,2025-07,1026420.67,120410.16,287397.79,105016.98,103942.15,183455.65,3
29KIKCT7567E1Z0,2025-08,1167261.31,119769.17,326833.15,131230.66,130372.88,196460.27,0
29KIKCT7567E1Z0,2025-09,923023.68,126166.79,258446.63,49704.86,84745.02,173701.62,0
29KIKCT7567E1Z0,2025-10,1257941.09,107511.03,352223.51,96292.41,95692.42,256531.08,0
29KIKCT7567E1Z0,2025-11,1711562.08,139244.73,479237.37,208932.12,208306.24,270931.13,0
29KIKCT7567E1Z0,2025-12,899638.8,123435.68,251898.85,68090.26,67274.19,184624.66,5
29KIKCT7567E1Z0,2026-01,1069195.27,95212.5,299374.67,107103.67,107029.29,192345.38,0
29KIKCT7567E1Z0,2026-02,978657.39,113642.81,274024.06,101163.97,100261.95,173762.1,0
29KIKCT7567E1Z0,2026-03,738475.41,112546.18,206773.12,56350.29,56089.64,150683.48,1
36CSVPC4603G1ZP,2025-04,2189513.16,83113.24,613063.68,191654.63,190492.83,422570.84,0
36CSVPC4603G1ZP,2025-05,2600285.96,66552.24,728080.08,222731.6,218364.74,509715.33,0
36CSVPC4603G1ZP,2025-06,2100631.5,85674.37,588176.82,174986.9,171823.09,416353.73,5
36CSVPC4603G1ZP,2025-07,2087410.66,59041.31,584474.99,208346.2,204274.77,380200.21,0
36CSVPC4603G1ZP,2025-08,1626434.19,70452.95,455401.57,118205.71,131985.24,323416.33,0
36CSVPC4603G1ZP,2025-09,2257276.65,61603.08,632037.45,203271.17,199551.19,432486.26,0
36CSVPC4603G1ZP,2025-10,3795673.6,88177.72,1062788.59,366929.58,361855.1,700933.49,0
36CSVPC4603G1ZP,2025-11,3002119.18,82693.51,840593.37,233192.7,229753.27,610840.1,0
36CSVPC4603G1ZP,2025-12,2691405.83,83389.9,753593.63,215140.95,212660.43,540933.2,0
36CSVPC4603G1ZP,2026-01,1808003.19,97134.82,506240.89,136392.85,133868.31,372372.58,0
36CSVPC4603G1ZP,2026-02,2775625.76,74271.72,777175.22,217906.19,238867.81,538307.41,6
36CSVPC4603G1ZP,2026-03,2481978.44,85332.83,694953.95,243435.76,238878.16,456075.79,0
24TIXFW1914M1ZJ,2025-04,515946.08,515946.08,92870.29,45024.5,44351.72,48518.57,8
24TIXFW1914M1ZJ,2025-05,555239.25,555239.25,99943.06,47332.06,46807.39,53135.67,0
24TIXFW1914M1ZJ,2025-06,555555.8,555555.8,100000.04,50609.49,50171.97,49828.07,0
24TIXFW1914M1ZJ,2025-07,546236.56,546236.56,98322.58,52273.9,51474.75,46847.83,0
24TIXFW1914M1ZJ,2025-08,483118.1,483118.1,86961.26,42183.17,43403.13,43558.13,0
24TIXFW1914M1ZJ,2025-09,633031.22,633031.22,113945.62,61087.34,75558.71,38386.91,0
24TIXFW1914M1ZJ,2025-10,1066069.5,1066069.5,191892.51,117159.71,115651.31,76241.2,0
24TIXFW1914M1ZJ,2025-11,571398.12,571398.12,102851.66,47833.03,46989.23,55862.43,6
24TIXFW1914M1ZJ,2025-12,446533.67,446533.67,80376.06,28752.53,28226.66,52149.4,0
24TIXFW1914M1ZJ,2026-01,655222.22,655222.22,117940.0,51891.37,51764.32,66175.68,0
24TIXFW1914M1ZJ,2026-02,713380.8,713380.8,128408.54,75995.19,74626.67,53781.87,0
24TIXFW1914M1ZJ,2026-03,471034.34,471034.34,84786.18,41182.63,40602.16,44184.02,0
36ZZEFJ9171E1Z6,2025-04,880236.85,880236.85,105628.42,121073.16,119748.78,0.0,0
36ZZEFJ9171E1Z6,2025-05,1031594.12,1031594.12,123791.29,95888.24,93987.26,15683.68,0
36ZZEFJ9171E1Z6,2025-06,801939.62,801939.62,96232.75,84636.48,84420.79,11811.96,0
36ZZEFJ9171E1Z6,2025-07,964206.93,964206.93,115704.83,107516.9,105899.89,9804.94,0
36ZZEFJ9171E1Z6,2025-08,957059.77,957059.77,114847.17,95400.67,93794.91,21052.26,0
36ZZEFJ9171E1Z6,2025-09,805547.99,805547.99,96665.76,105929.47,105165.16,0.0,4
36ZZEFJ9171E1Z6,2025-10,1799580.41,1799580.41,215949.65,163177.93,160929.1,46521.14,0
36ZZEFJ9171E1Z6,2025-11,1181596.64,1181596.64,141791.6,99558.99,123111.02,18680.57,0
36ZZEFJ9171E1Z6,2025-12,788348.66,788348.66,94601.84,62255.19,61059.59,33542.25,0
36ZZEFJ9171E1Z6,2026-01,1039801.36,1039801.36,124776.16,122220.08,120920.2,3855.97,0
36ZZEFJ9171E1Z6,2026-02,922444.59,922444.59,110693.35,94416.28,92832.56,17860.79,6
36ZZEFJ9171E1Z6,2026-03,1118651.44,1118651.44,134238.17,109925.8,107991.29,26246.89,0
24GVCPT5067S1ZL,2025-04,1461890.43,1461890.43,175426.85,99372.01,98697.34,76729.51,0
24GVCPT5067S1ZL,2025-05,1476978.0,1476978.0,177237.36,96257.01,96166.76,81070.6,4
24GVCPT5067S1ZL,2025-06,1275341.61,1275341.61,153040.99,74122.48,73302.21,79738.79,6
24GVCPT5067S1ZL,2025-07,1317138.5,1317138.5,158056.62,115440.83,113803.16,44253.46,0
24GVCPT5067S1ZL,2025-08,1886351.64,1886351.64,226362.2,129667.11,127385.84,98976.35,0
24GVCPT5067S1ZL,2025-09,1711726.49,1711726.49,205407.18,104519.35,104328.51,101078.67,0
24GVCPT5067S1ZL,2025-10,1925412.9,1925412.9,231049.55,104632.87,107315.72,123733.82,0
24GVCPT5067S1ZL,2025-11,1896251.27,1896251.27,227550.15,166621.01,163553.85,63996.31,0
24GVCPT5067S1ZL,2025-12,1595244.38,1595244.38,191429.33,108637.1,106923.44,84505.89,0
24GVCPT5067S1ZL,2026-01,1366371.77,1366371.77,163964.61,96285.3,95117.09,68847.52,0
24GVCPT5067S1ZL,2026-02,1329525.67,1329525.67,159543.08,91876.97,91065.59,68477.49,0
24GVCPT5067S1ZL,2026-03,1640746.98,1640746.98,196889.64,107486.27,107478.23,89411.4,0
19DKOCB0904T1ZC,2025-04,1505988.28,105392.24,180718.6,77673.28,77320.58,103398.02,0
19DKOCB0904T1ZC,2025-05,1364267.12,107947.14,163712.05,79467.64,78498.23,85213.82,0
19DKOCB0904T1ZC,2025-06,1428654.71,115293.31,171438.57,80792.74,80502.84,90935.73,0
19DKOCB0904T1ZC,2025-07,1651776.91,93627.25,198213.23,78966.43,78417.38,119795.85,0
19DKOCB0904T1ZC,2025-08,1367788.42,85988.44,164134.6,52269.87,51785.95,112348.65,0
19DKOCB0904T1ZC,2025-09,1689259.07,134346.42,202711.07,83186.21,82649.08,120061.99,0
19DKOCB0904T1ZC,2025-10,2341950.37,104755.85,281034.06,111129.44,110091.8,170942.26,0
19DKOCB0904T1ZC,2025-11,2057302.22,161242.66,246876.25,72490.33,71395.19,175481.06,0
19DKOCB0904T1ZC,2025-12,1807140.67,157347.46,216856.88,95349.8,93565.57,123291.31,0
19DKOCB0904T1ZC,2026-01,1842736.14,108495.54,221128.35,89323.47,88560.84,132567.51,0
19DKOCB0904T1ZC,2026-02,1483258.52,166257.66,177991.03,70570.64,69643.83,108347.2,0
19DKOCB0904T1ZC,2026-03,2089868.57,134735.96,250784.25,88994.89,88332.12,162452.13,0
29THGPL1432U1Z6,2025-04,941684.58,941684.58,169503.23,119857.26,118588.2,50915.03,8
29THGPL1432U1Z6,2025-05,1411320.67,1411320.67,254037.72,133916.79,156098.66,97939.06,9
29THGPL1432U1Z6,2025-06,1084417.11,1084417.11,195195.08,115875.57,115481.43,79713.65,0
29THGPL1432U1Z6,2025-07,1478735.67,1478735.67,266172.42,128994.17,126668.32,139504.1,0
29THGPL1432U1Z6,2025-08,1173733.68,1173733.68,211272.06,142556.88,141655.59,69616.47,0
29THGPL1432U1Z6,2025-09,1217017.25,1217017.25,219063.1,120697.54,119645.14,99417.97,0
29THGPL1432U1Z6,2025-10,1631648.83,1631648.83,293696.79,143302.35,141536.84,152159.95,0
29THGPL1432U1Z6,2025-11,1880484.98,1880484.98,338487.3,204097.14,206583.4,131903.89,2
29THGPL1432U1Z6,2025-12,1235711.44,1235711.44,222428.06,131955.94,130997.17,91430.89,0
29THGPL1432U1Z6,2026-01,1400480.7,1400480.7,252086.53,132610.73,132293.14,119793.38,0
29THGPL1432U1Z6,2026-02,1158368.98,1158368.98,208506.42,143668.4,142118.79,66387.63,3
29THGPL1432U1Z6,2026-03,1287996.52,1287996.52,231839.37,128895.46,128224.4,103614.97,0
24TFMFX4756Q1ZE,2025-04,2817567.23,2817567.23,507162.1,328125.33,321771.43,185390.67,0
24TFMFX4756Q1ZE,2025-05,3170218.46,3170218.46,570639.32,218275.93,218032.95,352606.38,0
24TFMFX4756Q1ZE,2025-06,2751129.21,2751129.21,495203.26,194130.73,191809.33,303393.93,0
24TFMFX4756Q1ZE,2025-07,1839126.58,1839126.58,331042.78,144817.58,144236.29,186806.5,0
24TFMFX4756Q1ZE,2025-08,2873301.55,2873301.55,517194.28,215000.89,212216.68,304977.6,0
24TFMFX4756Q1ZE,2025-09,3201959.35,3201959.35,576352.68,183978.96,181591.89,394760.79,0
24TFMFX4756Q1ZE,2025-10,4589480.05,4589480.05,826106.41,243204.84,242222.78,583883.63,0
24TFMFX4756Q1ZE,2025-11,3724257.91,3724257.91,670366.42,355069.5,349530.46,320835.96,0
24TFMFX4756Q1ZE,2025-12,3223682.06,3223682.06,580262.77,268040.8,263421.65,316841.12,0
24TFMFX4756Q1ZE,2026-01,3372882.55,3372882.55,607118.86,225331.28,221700.85,385418.01,0
24TFMFX4756Q1ZE,2026-02,2986239.62,2986239.62,537523.13,206537.1,203181.39,334341.74,0
24TFMFX4756Q1ZE,2026-03,4525952.38,4525952.38,814671.43,237728.67,237245.8,577425.63,0
33YGLCK7080I1Z9,2025-04,1343262.6,1343262.6,161191.51,83890.82,82963.16,78228.35,0
33YGLCK7080I1Z9,2025-05,1059812.11,1059812.11,127177.45,74130.53,73626.32,53551.13,0
33YGLCK7080I1Z9,2025-06,1382304.87,1382304.87,165876.58,80091.23,79285.94,86590.64,10
33YGLCK7080I1Z9,2025-07,1209280.09,1209280.09,145113.61,108776.11,107247.72,37865.89,0
33YGLCK7080I1Z9,2025-08,1059962.84,1059962.84,127195.54,62576.22,62254.75,64940.79,0
33YGLCK7080I1Z9,2025-09,1262074.38,1262074.38,151448.93,65546.83,64474.6,86974.33,1
33YGLCK7080I1Z9,2025-10,2499940.41,2499940.41,299992.85,155901.36,154196.05,145796.8,0
33YGLCK7080I1Z9,2025-11,2153055.45,2153055.45,258366.65,144167.53,142841.18,115525.47,0
33YGLCK7080I1Z9,2025-12,1533552.55,1533552.55,184026.31,94651.81,100818.48,83207.82,0
33YGLCK7080I1Z9,2026-01,1385358.69,1385358.69,166243.04,96838.89,112094.65,54148.39,0
33YGLCK7080I1Z9,2026-02,1454909.55,1454909.55,174589.15,82203.27,82196.22,92392.92,7
33YGLCK7080I1Z9,2026-03,1552913.41,1552913.41,186349.61,127221.22,125799.14,60550.47,0
07UYECH2076C1Z0,2025-04,1721299.8,1721299.8,206555.98,177019.3,175788.86,30767.11,0
07UYECH2076C1Z0,2025-05,2908425.52,2908425.52,349011.06,277378.86,275081.22,73929.84,0
07UYECH2076C1Z0,2025-06,3006978.76,3006978.76,360837.45,417770.13,411844.7,0.0,0
07UYECH2076C1Z0,2025-07,2432231.49,2432231.49,291867.78,190748.64,249948.18,0.0,11
07UYECH2076C1Z0,2025-08,1898049.26,1898049.26,227765.91,195121.5,194255.68,24422.58,0
07UYECH2076C1Z0,2025-09,2519522.8,2519522.8,302342.74,221937.11,219693.01,82649.72,0
07UYECH2076C1Z0,2025-10,4878498.25,4878498.25,585419.79,434925.25,432823.62,152596.17,18
07UYECH2076C1Z0,2025-11,3452772.53,3452772.53,414332.7,438474.39,434780.24,0.0,0
07UYECH2076C1Z0,2025-12,2844707.41,2844707.41,341364.89,353079.0,347695.67,0.0,6
07UYECH2076C1Z0,2026-01,2214303.32,2214303.32,265716.4,211606.9,210878.97,28059.1,0
07UYECH2076C1Z0,2026-02,2089722.15,2089722.15,250766.66,251567.56,250125.19,641.47,0
07UYECH2076C1Z0,2026-03,2709719.88,2709719.88,325166.39,291962.39,291388.1,33778.28,0
07RCBCN6226J1ZU,2025-04,614203.42,178779.81,30710.17,108249.15,106888.94,0.0,0
07RCBCN6226J1ZU,2025-05,683796.3,164697.85,34189.81,92329.38,91357.88,0.0,0
07RCBCN6226J1ZU,2025-06,624377.16,246032.34,31218.86,88154.33,88133.52,0.0,10
07RCBCN6226J1ZU,2025-07,480447.35,147533.56,24022.37,67241.0,71239.62,0.0,0
07RCBCN6226J1ZU,2025-08,469444.09,142262.41,23472.21,58933.22,71069.12,0.0,0
07RCBCN6226J1ZU,2025-09,505917.56,177161.97,25295.88,79631.37,78483.35,0.0,0
07RCBCN6226J1ZU,2025-10,922769.22,267444.78,46138.46,127878.55,127833.16,0.0,0
07RCBCN6226J1ZU,2025-11,727939.06,285461.52,36396.96,102852.63,101649.02,0.0,0
07RCBCN6226J1ZU,2025-12,631656.48,197607.5,31582.83,78573.5,85517.12,0.0,0
07RCBCN6226J1ZU,2026-01,369147.79,180150.77,18457.39,23303.58,46028.75,0.0,0
07RCBCN6226J1ZU,2026-02,573800.71,193333.36,28690.04,72857.3,71689.29,0.0,1
07RCBCN6226J1ZU,2026-03,626512.06,221728.15,31325.6,83343.86,82532.53,0.0,2
27HMICA1941B1Z8,2025-04,5271817.82,5271817.82,632618.14,495163.17,552751.94,79866.2,0
27HMICA1941B1Z8,2025-05,4647217.22,4647217.22,557666.07,319832.39,315423.35,242242.71,5
27HMICA1941B1Z8,2025-06,5955106.68,5955106.68,714612.8,436266.23,456230.41,258382.4,0
27HMICA1941B1Z8,2025-07,4957446.81,4957446.81,594893.62,487444.23,480883.98,114009.64,0
27HMICA1941B1Z8,2025-08,5125935.27,5125935.27,615112.23,526086.03,518885.1,96227.14,0
27HMICA1941B1Z8,2025-09,5109379.81,5109379.81,613125.58,363035.92,450070.31,163055.27,0
27HMICA1941B1Z8,2025-10,8543826.76,8543826.76,1025259.21,750749.4,745481.26,279777.95,0
27HMICA1941B1Z8,2025-11,5854942.1,5854942.1,702593.05,629016.66,623001.32,79591.73,0
27HMICA1941B1Z8,2025-12,5606121.33,5606121.33,672734.56,564258.72,554913.86,117820.7,0
27HMICA1941B1Z8,2026-01,4624383.49,4624383.49,554926.02,429086.06,424009.78,130916.24,0
27HMICA1941B1Z8,2026-02,4648784.38,4648784.38,557854.13,443510.61,439626.78,118227.34,0
27HMICA1941B1Z8,2026-03,6766772.69,6766772.69,812012.72,567994.84,571881.34,240131.38,0
19LVRFI4372C1ZN,2025-04,921998.48,191066.33,165959.72,30906.13,30477.04,135482.68,0
19LVRFI4372C1ZN,2025-05,861706.01,146238.26,155107.07,40222.98,39667.4,115439.67,3
19LVRFI4372C1ZN,2025-06,860193.04,233160.41,154834.75,39695.37,38966.51,115868.25,5
19LVRFI4372C1ZN,2025-07,786166.24,173683.39,141509.94,27877.24,27700.16,113809.78,7
19LVRFI4372C1ZN,2025-08,807676.87,261425.77,145381.84,19191.66,18951.73,126430.1,0
19LVRFI4372C1ZN,2025-09,1000846.45,237747.01,180152.35,19562.02,19301.64,160850.71,0
19LVRFI4372C1ZN,2025-10,830612.64,193421.4,149510.28,34081.05,33959.67,115550.61,1
19LVRFI4372C1ZN,2025-11,972010.26,214421.8,174961.83,34782.22,34704.38,140257.45,0
19LVRFI4372C1ZN,2025-12,866285.55,287904.52,155931.39,23645.09,23399.64,132531.75,0
19LVRFI4372C1ZN,2026-01,826388.42,232535.33,148749.92,35354.9,35323.25,113426.67,0
19LVRFI4372C1ZN,2026-02,736726.02,207425.27,132610.67,22357.35,24817.68,107792.99,0
19LVRFI4372C1ZN,2026-03,871752.1,308713.67,156915.38,29406.32,28938.5,127976.88,0
29JTNFR4000O1ZH,2025-04,2168443.71,2168443.71,108422.19,268054.42,263468.19,0.0,0
29JTNFR4000O1ZH,2025-05,2004315.18,2004315.18,100215.76,255488.78,251079.38,0.0,0
29JTNFR4000O1ZH,2025-06,2259883.89,2259883.89,112994.19,318432.47,315812.01,0.0,0
29JTNFR4000O1ZH,2025-07,2015668.33,2015668.33,100783.42,295845.33,290795.27,0.0,3
29JTNFR4000O1ZH,2025-08,3295889.79,3295889.79,164794.49,350786.49,346408.71,0.0,0
29JTNFR4000O1ZH,2025-09,2604247.83,2604247.83,130212.39,330058.31,327413.64,0.0,0
29JTNFR4000O1ZH,2025-10,3725354.94,3725354.94,186267.75,358807.55,352155.76,0.0,0
29JTNFR4000O1ZH,2025-11,4261640.95,4261640.95,213082.05,593517.57,590356.2,0.0,0
29JTNFR4000O1ZH,2025-12,2005531.92,2005531.92,100276.6,205154.68,204673.44,0.0,3
29JTNFR4000O1ZH,2026-01,2388529.74,2388529.74,119426.49,306477.55,304821.01,0.0,4
29JTNFR4000O1ZH,2026-02,3291029.71,3291029.71,164551.49,307185.07,303471.9,0.0,0
29JTNFR4000O1ZH,2026-03,2743968.68,2743968.68,137198.43,256767.07,253634.29,0.0,0
09IVDCU4195R1ZZ,2025-04,2167156.08,25239.45,390088.09,26431.9,25930.65,364157.44,18
09IVDCU4195R1ZZ,2025-05,2143655.54,12808.18,385857.98,20579.01,20237.36,365620.62,0
09IVDCU4195R1ZZ,2025-06,2367747.87,14753.19,426194.61,23341.18,23093.04,403101.58,0
09IVDCU4195R1ZZ,2025-07,2416442.78,16788.83,434959.71,22664.98,22331.66,412628.05,0
09IVDCU4195R1ZZ,2025-08,2438453.51,22151.16,438921.62,19602.35,19533.61,419388.01,2
09IVDCU4195R1ZZ,2025-09,1716593.34,17419.3,308986.79,20405.32,20032.98,288953.81,0
09IVDCU4195R1ZZ,2025-10,3817704.59,14208.52,687186.82,21613.75,21326.66,665860.17,0
09IVDCU4195R1ZZ,2025-11,3945699.46,17068.71,710225.91,23727.24,23351.64,686874.27,0
09IVDCU4195R1ZZ,2025-12,2528325.08,14796.28,455098.5,28608.2,28352.59,426745.91,0
09IVDCU4195R1ZZ,2026-01,2372751.62,14367.54,427095.29,23175.74,22857.68,404237.61,0
09IVDCU4195R1ZZ,2026-02,2129979.89,23899.07,383396.38,25550.26,25143.58,358252.8,0
09IVDCU4195R1ZZ,2026-03,2399281.82,16798.24,431870.73,22704.58,22692.72,409178.01,0
09AKJPY3082X1ZO,2025-04,402443.69,47616.28,72439.86,42739.4,42254.46,30185.4,0
09AKJPY3082X1ZO,2025-05,350765.75,26439.45,63137.84,35212.43,34823.62,28314.22,0
09AKJPY3082X1ZO,2025-06,377636.44,38510.37,67974.57,38323.58,38297.69,29676.88,0
09AKJPY3082X1ZO,2025-07,324942.94,37310.11,58489.73,36286.98,35578.93,22910.8,4
09AKJPY3082X1ZO,2025-08,433185.25,38888.22,77973.35,28565.12,28408.83,49564.52,0
09AKJPY3082X1ZO,2025-09,302274.3,31753.23,54409.37,30440.47,34392.28,20017.09,8
09AKJPY3082X1ZO,2025-10,542402.85,42082.39,97632.51,35267.02,56116.73,41515.79,0
09AKJPY3082X1ZO,2025-11,345586.16,34745.6,62205.51,41667.13,41305.95,20899.56,0
09AKJPY3082X1ZO,2025-12,376687.52,29556.91,67803.75,36099.96,35906.0,31897.76,0
09AKJPY3082X1ZO,2026-01,346433.67,29964.95,62358.05,27478.09,27041.47,35316.58,7
09AKJPY3082X1ZO,2026-02,359234.73,35979.73,64662.25,38366.35,38149.62,26512.63,0
09AKJPY3082X1ZO,2026-03,447463.13,27792.65,80543.37,46731.97,46348.91,34194.46,2
24FAOCG8165P1ZM,2025-04,3193821.46,51344.93,574887.89,466191.86,462660.43,112227.46,0
24FAOCG8165P1ZM,2025-05,3994293.55,32386.75,718972.85,574731.29,573355.22,145617.63,0
24FAOCG8165P1ZM,2025-06,3538684.04,45704.0,636963.13,501714.52,498179.46,138783.67,0
24FAOCG8165P1ZM,2025-07,3394433.28,39341.03,610998.0,333414.51,348003.13,262994.87,0
24FAOCG8165P1ZM,2025-08,2692489.97,43531.52,484648.18,268769.85,265060.73,219587.46,0
24FAOCG8165P1ZM,2025-09,3976655.83,27783.18,715798.07,587919.49,583480.07,132318.01,0
24FAOCG8165P1ZM,2025-10,6790972.05,38221.5,1222374.97,660646.93,773386.23,448988.74,0
24FAOCG8165P1ZM,2025-11,5239527.67,44390.4,943114.98,730474.32,739680.75,203434.24,4
24FAOCG8165P1ZM,2025-12,5151445.46,39370.01,927260.2,611452.34,610263.92,316996.28,0
24FAOCG8165P1ZM,2026-01,3782314.55,47980.68,680816.62,521878.35,515492.42,165324.2,0
24FAOCG8165P1ZM,2026-02,3484391.68,47740.23,627190.53,476316.74,470046.7,157143.83,3
24FAOCG8165P1ZM,2026-03,4056737.24,34422.8,730212.7,539532.2,531277.05,198935.65,0
07QEMCF4165Q1Z8,2025-04,1781226.24,117414.18,89061.32,205890.21,204158.61,0.0,9
07QEMCF4165Q1Z8,2025-05,1624348.43,99490.52,81217.43,219174.38,219127.45,0.0,0
07QEMCF4165Q1Z8,2025-06,894588.54,165947.55,44729.43,149326.78,147431.49,0.0,0
07QEMCF4165Q1Z8,2025-07,1584798.74,127379.64,79239.92,190885.13,189447.27,0.0,6
07QEMCF4165Q1Z8,2025-08,1788831.92,120251.21,89441.6,270750.55,270611.04,0.0,0
07QEMCF4165Q1Z8,2025-09,1046613.38,159504.17,52330.68,161988.11,161730.6,0.0,0
07QEMCF4165Q1Z8,2025-10,2796930.63,253479.59,139846.52,347795.89,342884.15,0.0,0
07QEMCF4165Q1Z8,2025-11,2658665.51,173851.03,132933.27,393497.65,389239.92,0.0,0
07QEMCF4165Q1Z8,2025-12,1669386.45,166177.38,83469.34,279268.29,276020.03,0.0,0
07QEMCF4165Q1Z8,2026-01,1554471.03,197234.54,77723.56,192587.68,189507.74,0.0,0
07QEMCF4165Q1Z8,2026-02,1507420.84,177356.02,75371.04,168957.13,168875.47,0.0,0
07QEMCF4165Q1Z8,2026-03,2359945.64,199253.95,117997.29,293233.99,289499.07,0.0,0
19NVJFK8374H1Z7,2025-04,38.71,38.71,6.97,0.0,0.0,6.97,5
19NVJFK8374H1Z7,2025-05,41.2,41.2,7.42,0.0,0.0,7.42,0
19NVJFK8374H1Z7,2025-06,39.73,39.73,7.15,0.0,0.0,7.15,0
19NVJFK8374H1Z7,2025-07,39.47,39.47,7.1,0.0,0.0,7.1,0
19NVJFK8374H1Z7,2025-08,32.22,32.22,5.8,0.0,0.0,5.8,0
19NVJFK8374H1Z7,2025-09,40.15,40.15,7.23,0.0,0.0,7.23,0
19NVJFK8374H1Z7,2025-10,41.15,41.15,7.41,0.0,0.0,7.41,0
19NVJFK8374H1Z7,2025-11,42.01,42.01,7.56,0.0,0.0,7.56,0
19NVJFK8374H1Z7,2025-12,34.01,34.01,6.12,0.0,0.0,6.12,0
19NVJFK8374H1Z7,2026-01,43.46,43.46,7.82,0.0,0.0,7.82,0
19NVJFK8374H1Z7,2026-02,31.09,31.09,5.6,0.0,0.0,5.6,0
19NVJFK8374H1Z7,2026-03,35.51,35.51,6.39,0.0,0.0,6.39,0
07RDLFX2903J1ZA,2025-04,1362761.53,1362761.53,163531.38,183400.92,180608.71,0.0,0
07RDLFX2903J1ZA,2025-05,871018.87,871018.87,104522.26,88846.08,88324.99,0.0,0
07RDLFX2903J1ZA,2025-06,1151106.68,1151106.68,138132.8,96371.54,95113.05,42139.7,0
07RDLFX2903J1ZA,2025-07,1499527.22,1499527.22,179943.27,170338.77,167354.39,12588.87,6
07RDLFX2903J1ZA,2025-08,1660992.15,1660992.15,199319.06,151206.27,151188.7,48130.35,0
07RDLFX2903J1ZA,2025-09,1547511.29,1547511.29,185701.35,204703.44,201276.69,0.0,0
07RDLFX2903J1ZA,2025-10,2125952.96,2125952.96,255114.35,207143.55,205906.61,33632.41,0
07RDLFX2903J1ZA,2025-11,2500043.12,2500043.12,300005.17,184210.04,182493.59,117511.59,7
07RDLFX2903J1ZA,2025-12,1613004.86,1613004.86,193560.58,223294.32,219840.84,0.0,0
07RDLFX2903J1ZA,2026-01,1307672.08,1307672.08,156920.65,164523.69,163150.67,0.0,21
07RDLFX2903J1ZA,2026-02,1924447.82,1924447.82,230933.74,229583.01,225844.04,0.0,0
07RDLFX2903J1ZA,2026-03,1353453.32,1353453.32,162414.4,154566.67,153353.08,0.0,0
33TGQCR8171O1ZO,2025-04,1517123.57,103305.35,182054.83,150106.7,148878.17,33176.66,21
33TGQCR8171O1ZO,2025-05,1652276.89,74734.0,198273.23,181370.64,178590.3,19682.92,0
33TGQCR8171O1ZO,2025-06,1370271.74,98921.67,164432.61,209677.24,208214.23,0.0,0
33TGQCR8171O1ZO,2025-07,1526524.77,100069.22,183182.98,134764.14,133831.93,5569.42,0
33TGQCR8171O1ZO,2025-08,1511530.07,94835.0,181383.6,234613.02,231765.4,0.0,0
33TGQCR8171O1ZO,2025-09,1721509.52,86730.52,206581.16,137197.96,136111.75,20087.61,9
33TGQCR8171O1ZO,2025-10,2387803.78,89470.85,286536.47,320934.61,317327.3,0.0,9
33TGQCR8171O1ZO,2025-11,1658186.63,85828.43,198982.4,188716.21,187604.94,0.0,0
33TGQCR8171O1ZO,2025-12,1667674.77,79562.78,200120.99,162912.68,161325.57,19382.06,0
33TGQCR8171O1ZO,2026-01,1515354.2,115955.41,181842.5,143541.87,151365.5,30477.0,0
33TGQCR8171O1ZO,2026-02,1536609.12,107840.64,184393.1,175858.42,172528.08,11865.01,0
33TGQCR8171O1ZO,2026-03,1817977.75,90519.76,218157.32,209889.82,207637.31,10520.01,18
33JPIFY7774Y1ZJ,2025-04,2096073.89,333894.61,377293.29,93032.91,92454.08,284839.21,0
33JPIFY7774Y1ZJ,2025-05,2190446.34,417872.28,394280.32,129449.62,129016.67,265263.65,0
33JPIFY7774Y1ZJ,2025-06,2118299.44,468472.18,381293.88,138794.26,137259.22,244034.66,0
33JPIFY7774Y1ZJ,2025-07,1836034.94,471732.76,330486.3,75623.37,86927.4,243558.9,0
33JPIFY7774Y1ZJ,2025-08,2094617.31,551755.51,377031.13,100458.15,99599.26,277431.87,0
33JPIFY7774Y1ZJ,2025-09,1723616.73,440576.75,310251.0,68328.91,67994.22,242256.78,0
33JPIFY7774Y1ZJ,2025-10,2689316.52,411515.7,484076.97,126438.06,124608.59,359468.37,0
33JPIFY7774Y1ZJ,2025-11,2154397.25,357680.87,387791.49,115796.88,114422.09,273369.4,9
33JPIFY7774Y1ZJ,2025-12,1890432.35,410777.19,340277.79,118718.03,116602.55,223675.24,0
33JPIFY7774Y1ZJ,2026-01,2006514.64,483898.17,361172.59,130666.84,130255.18,230917.41,0
33JPIFY7774Y1ZJ,2026-02,1900364.13,487189.62,342065.55,103011.89,102953.83,239111.72,0
33JPIFY7774Y1ZJ,2026-03,2140168.42,452794.3,385230.31,122534.78,121827.48,263402.84,0
19EONPM9540H1Z9,2025-07,1847798.07,1847798.07,332603.65,144107.55,142626.0,189977.65,0
19EONPM9540H1Z9,2025-08,1941944.51,1941944.51,349550.01,122982.81,121976.42,227573.59,15
19EONPM9540H1Z9,2025-09,2419201.58,2419201.58,435456.28,186981.78,186595.46,248860.83,0
19EONPM9540H1Z9,2025-10,4149809.62,4149809.62,746965.73,403252.73,398980.26,347985.47,0
19EONPM9540H1Z9,2025-11,3159605.0,3159605.0,568728.9,276935.25,272163.25,296565.65,0
19EONPM9540H1Z9,2025-12,3538363.82,3538363.82,636905.49,278359.46,286430.49,350475.0,0
19EONPM9540H1Z9,2026-01,2035978.99,2035978.99,366476.22,129632.83,127358.82,239117.4,3
19EONPM9540H1Z9,2026-02,2498479.79,2498479.79,449726.36,200392.18,200313.13,249413.24,0
19EONPM9540H1Z9,2026-03,3262140.18,3262140.18,587185.23,291913.51,288176.15,299009.08,0
24WFDCL0896Z1ZJ,2025-08,978520.28,978520.28,117422.43,114000.49,112540.84,4881.6,0
24WFDCL0896Z1ZJ,2025-09,1093925.06,1093925.06,131271.01,148111.64,147587.01,0.0,0
24WFDCL0896Z1ZJ,2025-10,1693139.82,1693139.82,203176.78,175432.46,173019.69,13841.09,0
24WFDCL0896Z1ZJ,2025-11,1189499.47,1189499.47,142739.94,127960.24,126369.09,16370.85,0
24WFDCL0896Z1ZJ,2025-12,1031511.17,1031511.17,123781.34,105893.35,105063.34,18718.0,0
24WFDCL0896Z1ZJ,2026-01,1174207.28,1174207.28,140904.87,343659.59,339653.25,0.0,0
24WFDCL0896Z1ZJ,2026-02,742851.94,742851.94,89142.23,68889.37,67694.67,0.0,0
24WFDCL0896Z1ZJ,2026-03,1125880.49,1125880.49,135105.66,71597.04,70799.83,0.0,4
27EZKCD0814R1ZP,2025-04,891568.15,891568.15,44578.41,47089.94,46989.36,0.0,1
27EZKCD0814R1ZP,2025-05,682409.48,682409.48,34120.47,40486.69,39843.91,0.0,0
27EZKCD0814R1ZP,2025-06,663011.69,663011.69,33150.58,32685.45,32456.98,0.0,0
27EZKCD0814R1ZP,2025-07,890569.68,890569.68,44528.48,68889.14,68473.05,0.0,0
27EZKCD0814R1ZP,2025-08,765819.01,765819.01,38290.95,50628.06,50199.55,0.0,5
27EZKCD0814R1ZP,2025-09,728563.8,728563.8,36428.19,46057.73,45392.31,0.0,0
27EZKCD0814R1ZP,2025-10,1292723.83,1292723.83,64636.19,56283.26,56261.12,0.0,0
27EZKCD0814R1ZP,2025-11,1119653.73,1119653.73,55982.69,73501.1,72089.2,0.0,0
27EZKCD0814R1ZP,2025-12,622092.13,622092.13,31104.61,45630.69,45139.21,0.0,6
27EZKCD0814R1ZP,2026-01,924404.3,924404.3,46220.22,57565.16,56705.86,0.0,0
27EZKCD0814R1ZP,2026-02,706195.23,706195.23,35309.76,39207.64,38696.99,0.0,0
27EZKCD0814R1ZP,2026-03,1114562.71,1114562.71,55728.14,84937.27,84269.82,0.0,0
33ZLHCE9814T1ZJ,2025-04,3439603.96,3439603.96,412752.48,262598.77,260958.59,151793.89,6
33ZLHCE9814T1ZJ,2025-05,2465754.06,2465754.06,295890.49,124107.45,123914.98,171975.51,0
33ZLHCE9814T1ZJ,2025-06,2903272.39,2903272.39,348392.69,216415.8,218957.82,129434.87,0
33ZLHCE9814T1ZJ,2025-07,2670846.06,2670846.06,320501.53,176289.08,175931.72,144569.81,0
33ZLHCE9814T1ZJ,2025-08,2688668.5,2688668.5,322640.22,232757.18,231935.51,90704.71,0
33ZLHCE9814T1ZJ,2025-09,3411951.41,3411951.41,409434.17,264080.66,261451.16,147983.01,0
33ZLHCE9814T1ZJ,2025-10,4213128.5,4213128.5,505575.42,294220.05,293798.19,211777.23,0
33ZLHCE9814T1ZJ,2025-11,3522977.82,3522977.82,422757.34,273524.47,271199.8,151557.54,0
33ZLHCE9814T1ZJ,2025-12,2643935.65,2643935.65,317272.28,168708.05,166583.45,150688.83,6
33ZLHCE9814T1ZJ,2026-01,2552841.79,2552841.79,306341.01,215905.81,212976.38,93364.63,0
33ZLHCE9814T1ZJ,2026-02,2489824.75,2489824.75,298778.97,179398.73,179344.03,119434.94,0
33ZLHCE9814T1ZJ,2026-03,2937535.14,2937535.14,352504.22,208287.67,204442.8,148061.41,28
36BFZCS9258J1ZW,2025-04,900892.27,900892.27,162160.61,96904.61,96228.26,65932.35,0
36BFZCS9258J1ZW,2025-05,1049505.85,1049505.85,188911.05,143055.55,140412.78,48498.28,0
36BFZCS9258J1ZW,2025-06,886802.86,886802.86,159624.51,83935.97,82357.95,77266.56,10
36BFZCS9258J1ZW,2025-07,673689.15,673689.15,121264.05,73095.15,72356.13,48907.92,0
36BFZCS9258J1ZW,2025-08,649679.44,649679.44,116942.3,78788.43,77746.98,39195.32,0
36BFZCS9258J1ZW,2025-09,748213.29,748213.29,134678.39,76204.32,74771.55,59906.84,0
36BFZCS9258J1ZW,2025-10,1348856.25,1348856.25,242794.13,155532.06,153124.62,89669.51,0
36BFZCS9258J1ZW,2025-11,1129076.1,1129076.1,203233.7,123315.49,121710.07,81523.62,0
36BFZCS9258J1ZW,2025-12,1089413.55,1089413.55,196094.44,107786.31,107325.18,88769.26,0
36BFZCS9258J1ZW,2026-01,835132.95,835132.95,150323.93,340974.84,336731.11,0.0,0
36BFZCS9258J1ZW,2026-02,744874.92,744874.92,134077.49,85452.73,85214.35,0.0,10
36BFZCS9258J1ZW,2026-03,759069.33,759069.33,136632.48,99670.58,99208.53,0.0,1
07VWNPJ8175W1ZK,2025-04,803650.08,222321.77,144657.0,86767.68,85930.74,58726.26,0
07VWNPJ8175W1ZK,2025-05,909130.97,212834.75,163643.58,122817.32,120720.97,42922.6,0
07VWNPJ8175W1ZK,2025-06,965967.11,230281.95,173874.08,94672.41,144595.25,29278.83,0
07VWNPJ8175W1ZK,2025-07,847333.33,216483.51,152520.0,99173.94,98418.11,54101.9,0
07VWNPJ8175W1ZK,2025-08,876853.75,270347.12,157833.68,105124.12,103530.88,54302.8,0
07VWNPJ8175W1ZK,2025-09,938008.58,255146.82,168841.54,122466.24,122444.26,46397.27,3
07VWNPJ8175W1ZK,2025-10,1044208.03,296167.87,187957.46,117584.45,117030.82,70926.64,0
07VWNPJ8175W1ZK,2025-11,1168661.1,328561.7,210359.01,168811.29,168457.01,41902.0,0
07VWNPJ8175W1ZK,2025-12,1032468.2,274052.0,185844.27,91281.11,89868.13,95976.14,0
07VWNPJ8175W1ZK,2026-01,889320.28,264848.29,160077.64,106763.75,106726.6,53351.05,0
07VWNPJ8175W1ZK,2026-02,773174.07,276654.58,139171.34,103284.49,101504.81,37666.53,0
07VWNPJ8175W1ZK,2026-03,1176501.16,265524.59,211770.21,108093.98,107329.58,104440.62,0
29EDPFX6850I1Z1,2025-04,104023.02,71984.39,5201.15,15881.12,15740.31,0.0,0
29EDPFX6850I1Z1,2025-05,138170.75,94555.21,6908.54,19980.19,24648.23,0.0,5
29EDPFX6850I1Z1,2025-06,136603.32,96101.29,6830.16,22221.73,22025.68,0.0,0
29EDPFX6850I1Z1,2025-07,6210194.78,73032.04,310509.73,1091898.4,1070327.78,0.0,0
29EDPFX6850I1Z1,2025-08,6475018.16,99991.26,323750.9,1149803.94,1137849.29,0.0,0
29EDPFX6850I1Z1,2025-09,5631551.58,84512.49,281577.57,990515.31,979506.19,0.0,9
29EDPFX6850I1Z1,2025-10,5506508.57,169676.68,275325.43,967415.56,967268.96,0.0,0
29EDPFX6850I1Z1,2025-11,5985630.27,129213.97,299281.52,1048102.47,1046900.9,0.0,2
29EDPFX6850I1Z1,2025-12,5507984.23,133278.55,275399.21,979284.14,973901.81,0.0,0
29EDPFX6850I1Z1,2026-01,6467196.29,95569.17,323359.82,1145494.68,1140633.47,0.0,8
29EDPFX6850I1Z1,2026-02,6157838.48,105936.07,307891.92,1082527.88,1073556.14,0.0,0
29EDPFX6850I1Z1,2026-03,6225338.74,110617.5,311266.93,1097728.78,1094024.05,0.0,0
24ZZRPQ1415V1ZS,2025-04,528953.52,528953.52,26447.68,87985.46,87959.31,0.0,19
24ZZRPQ1415V1ZS,2025-05,857437.99,857437.99,42871.9,124188.09,121863.84,0.0,5
24ZZRPQ1415V1ZS,2025-06,659379.12,659379.12,32968.96,98275.88,97128.4,0.0,16
24ZZRPQ1415V1ZS,2025-07,631873.85,631873.85,31593.69,120049.87,119978.4,0.0,23
24ZZRPQ1415V1ZS,2025-08,744401.66,744401.66,37220.08,109684.74,109299.24,0.0,25
24ZZRPQ1415V1ZS,2025-09,591521.33,591521.33,29576.07,79680.63,78573.28,0.0,14
24ZZRPQ1415V1ZS,2025-10,1149910.66,1149910.66,57495.53,142519.06,148404.41,0.0,20
24ZZRPQ1415V1ZS,2025-11,806634.34,806634.34,40331.72,116426.77,116353.84,0.0,34
24ZZRPQ1415V1ZS,2025-12,706587.42,706587.42,35329.37,117204.68,114883.79,0.0,36
24ZZRPQ1415V1ZS,2026-01,840661.79,840661.79,42033.09,101112.11,99412.61,0.0,6
24ZZRPQ1415V1ZS,2026-02,729137.79,729137.79,36456.89,87454.96,85840.75,0.0,34
24ZZRPQ1415V1ZS,2026-03,749703.84,749703.84,37485.19,78397.8,91656.34,0.0,7
36XIHPD2581R1Z5,2025-04,2151436.96,318000.48,387258.66,72150.74,70713.29,316545.36,7
36XIHPD2581R1Z5,2025-05,2711286.68,375995.71,488031.61,59992.16,59512.01,428519.6,8
36XIHPD2581R1Z5,2025-06,1959540.53,347201.81,352717.31,75194.53,74140.92,278576.38,0
36XIHPD2581R1Z5,2025-07,2008863.72,384202.93,361595.46,62749.12,62480.17,299115.29,9
36XIHPD2581R1Z5,2025-08,2218892.93,322434.13,399400.72,55967.84,55498.67,343902.05,0
36XIHPD2581R1Z5,2025-09,1991884.27,413485.92,358539.17,64341.86,63555.42,294983.75,0
36XIHPD2581R1Z5,2025-10,2721228.82,434181.91,489821.16,48594.16,47656.15,442165.01,0
36XIHPD2581R1Z5,2025-11,3275438.19,409698.02,589578.87,90384.1,90031.77,499547.1,3
36XIHPD2581R1Z5,2025-12,2037362.79,361537.47,366725.33,74633.08,74302.78,292422.55,23
36XIHPD2581R1Z5,2026-01,2349276.09,330779.87,422869.7,65424.32,71784.84,351084.86,3
36XIHPD2581R1Z5,2026-02,2395818.97,539174.18,431247.41,51139.95,50297.35,380950.07,0
36XIHPD2581R1Z5,2026-03,2318691.76,304289.09,417364.53,79257.14,78649.39,338715.14,0
09RNBPA1994Z1ZK,2025-04,229972.55,136654.78,11498.63,22238.01,21993.68,0.0,0
09RNBPA1994Z1ZK,2025-05,293902.5,142717.61,14695.12,32050.07,31609.82,0.0,0
09RNBPA1994Z1ZK,2025-06,230205.04,108234.68,11510.25,24334.67,23895.25,0.0,0
09RNBPA1994Z1ZK,2025-07,273776.31,155851.53,13688.82,23907.6,23691.21,0.0,0
09RNBPA1994Z1ZK,2025-08,222507.51,112821.83,11125.37,16471.42,16144.21,0.0,0
09RNBPA1994Z1ZK,2025-09,243362.53,119375.22,12168.12,19055.11,18834.64,0.0,0
09RNBPA1994Z1ZK,2025-10,352179.36,198310.04,17608.97,39241.67,38549.41,0.0,0
09RNBPA1994Z1ZK,2025-11,329506.13,215481.68,16475.3,33605.21,33341.3,0.0,0
09RNBPA1994Z1ZK,2025-12,220674.27,110488.58,11033.71,19795.46,19519.48,0.0,26
09RNBPA1994Z1ZK,2026-01,288796.96,131279.54,14439.85,19420.64,19232.1,0.0,0
09RNBPA1994Z1ZK,2026-02,333896.54,141156.26,16694.82,26619.42,26441.93,0.0,0
09RNBPA1994Z1ZK,2026-03,261603.47,157381.74,13080.18,21072.77,20721.87,0.0,0
09GXICT3984R1ZQ,2025-04,337135.98,337135.98,40456.32,24757.96,24589.02,15867.3,0
09GXICT3984R1ZQ,2025-05,322044.23,322044.23,38645.31,26479.43,26336.41,12308.9,0
09GXICT3984R1ZQ,2025-06,339632.08,339632.08,40755.85,21296.86,21019.61,19736.23,0
09GXICT3984R1ZQ,2025-07,320347.12,320347.12,38441.65,24584.01,24096.87,14344.79,0
09GXICT3984R1ZQ,2025-08,307041.2,307041.2,36844.94,33907.8,33812.42,3032.52,0
09GXICT3984R1ZQ,2025-09,369543.83,369543.83,44345.26,25856.37,25383.05,18962.2,26
09GXICT3984R1ZQ,2025-10,544167.95,544167.95,65300.15,46255.22,45687.75,19612.4,0
09GXICT3984R1ZQ,2025-11,539446.99,539446.99,64733.64,67756.8,66992.46,0.0,0
09GXICT3984R1ZQ,2025-12,349059.47,349059.47,41887.14,30326.3,32173.68,7454.64,0
09GXICT3984R1ZQ,2026-01,314628.27,314628.27,37755.39,18447.11,23443.81,14311.59,0
09GXICT3984R1ZQ,2026-02,355508.13,355508.13,42660.98,22911.86,22726.12,19934.86,0
09GXICT3984R1ZQ,2026-03,276912.84,276912.84,33229.54,20711.19,20548.98,12680.56,0
36ROJCS8039W1ZU,2025-04,1438339.16,7547.43,258901.04,62038.0,61684.88,197216.16,7
36ROJCS8039W1ZU,2025-05,2053454.39,8764.09,369621.79,94107.46,92929.0,276692.78,27
36ROJCS8039W1ZU,2025-06,10918697.72,9898.24,1965365.59,1749155.55,1739442.97,225922.62,0
36ROJCS8039W1ZU,2025-07,12542224.99,12502.41,2257600.5,2022567.38,2000486.88,257113.62,1
36ROJCS8039W1ZU,2025-08,11575176.82,10747.22,2083531.82,1858482.37,1855511.95,228019.87,0
36ROJCS8039W1ZU,2025-09,11262960.23,11504.53,2027332.85,1816515.01,1788164.71,239168.15,0
36ROJCS8039W1ZU,2025-10,12265641.27,10234.94,2207815.43,1846298.46,1823935.4,383880.03,0
36ROJCS8039W1ZU,2025-11,12487991.59,9803.96,2247838.48,1753473.29,1753346.64,494491.84,1
36ROJCS8039W1ZU,2025-12,11286987.08,13512.65,2031657.69,1832338.63,1807696.8,223960.89,0
36ROJCS8039W1ZU,2026-01,11798598.49,7608.98,2123747.73,1862354.49,1848565.95,275181.78,0
36ROJCS8039W1ZU,2026-02,12621718.59,8721.34,2271909.34,2018110.99,1997036.97,274872.37,0
36ROJCS8039W1ZU,2026-03,2331573.21,8824.05,419683.16,129520.38,129415.05,290268.1,0
19CXUFC6656X1ZH,2025-04,1272273.55,1272273.55,229009.24,115057.66,114936.35,114072.89,3
19CXUFC6656X1ZH,2025-05,1936126.82,1936126.82,348502.83,136522.3,136235.71,212267.11,0
19CXUFC6656X1ZH,2025-06,1387443.43,1387443.43,249739.82,121793.82,126063.14,123676.68,1
19CXUFC6656X1ZH,2025-07,1447540.71,1447540.71,260557.33,110942.21,109958.67,150598.66,4
19CXUFC6656X1ZH,2025-08,1104478.61,1104478.61,198806.15,134448.89,139922.46,58883.69,0
19CXUFC6656X1ZH,2025-09,1077273.62,1077273.62,193909.25,110462.83,110354.56,83554.7,0
19CXUFC6656X1ZH,2025-10,2261790.84,2261790.84,407122.35,163700.54,169424.45,237697.9,0
19CXUFC6656X1ZH,2025-11,1675782.91,1675782.91,301640.92,148372.18,147835.36,153805.56,0
19CXUFC6656X1ZH,2025-12,1544301.79,1544301.79,277974.32,115050.52,113890.63,164083.69,0
19CXUFC6656X1ZH,2026-01,1323128.04,1323128.04,238163.05,136989.62,135842.67,102320.38,0
19CXUFC6656X1ZH,2026-02,2207770.29,2207770.29,397398.65,187548.49,194723.14,202675.51,4
19CXUFC6656X1ZH,2026-03,1387415.47,1387415.47,249734.78,102255.1,101635.91,148098.87,0
19VNUFB6657M1Z4,2025-04,1542649.53,106239.69,77132.47,130397.27,128181.17,0.0,7
19VNUFB6657M1Z4,2025-05,1181647.17,111976.36,59082.36,119282.57,117340.72,0.0,2
19VNUFB6657M1Z4,2025-06,1798937.71,127079.67,89946.87,229445.17,225285.22,0.0,0
19VNUFB6657M1Z4,2025-07,1156420.15,89206.16,57821.01,85113.04,85112.93,0.0,0
19VNUFB6657M1Z4,2025-08,1494529.93,94615.36,74726.48,129425.57,126889.15,0.0,0
19VNUFB6657M1Z4,2025-09,1697598.23,103774.42,84879.91,192979.47,191722.69,0.0,0
19VNUFB6657M1Z4,2025-10,2391793.49,202294.16,119589.68,212268.1,208497.44,0.0,0
19VNUFB6657M1Z4,2025-11,1946974.59,171373.23,97348.72,235143.1,231701.06,0.0,6
19VNUFB6657M1Z4,2025-12,1296346.19,121357.33,64817.31,76164.38,120872.03,0.0,0
19VNUFB6657M1Z4,2026-01,1282860.93,106687.12,64143.04,113081.83,111527.62,0.0,0
19VNUFB6657M1Z4,2026-02,1189618.51,129051.28,59480.93,129772.39,127634.33,0.0,0
19VNUFB6657M1Z4,2026-03,1405496.27,122442.26,70274.8,146617.87,143918.25,0.0,0
09GINPN7368H1ZD,2025-04,1379405.14,1379405.14,248292.92,76985.93,76313.46,171979.46,0
09GINPN7368H1ZD,2025-05,936081.29,936081.29,168494.63,64575.9,63896.4,104598.24,0
09GINPN7368H1ZD,2025-06,934870.48,934870.48,168276.69,60479.55,61717.6,106559.09,0
09GINPN7368H1ZD,2025-07,1247807.96,1247807.96,224605.43,99002.09,97233.62,127371.82,0
09GINPN7368H1ZD,2025-08,1538191.91,1538191.91,276874.54,120552.97,120095.81,156778.74,0
09GINPN7368H1ZD,2025-09,1000889.02,1000889.02,180160.02,65979.32,65397.98,114762.04,0
09GINPN7368H1ZD,2025-10,1844374.91,1844374.91,331987.48,120373.52,118782.6,213204.88,0
09GINPN7368H1ZD,2025-11,1306326.69,1306326.69,235138.8,74462.52,73859.68,161279.12,0
09GINPN7368H1ZD,2025-12,1045594.48,1045594.48,188207.01,71761.25,70459.32,117747.69,0
09GINPN7368H1ZD,2026-01,1198829.53,1198829.53,215789.32,87708.78,87664.89,128124.42,0
09GINPN7368H1ZD,2026-02,1081649.63,1081649.63,194696.93,74876.78,74171.41,120525.52,0
09GINPN7368H1ZD,2026-03,1101102.94,1101102.94,198198.53,63065.09,61960.73,136237.8,0
19CXSCY8271Y1Z2,2025-04,278504.58,1006.5,77981.28,16030.65,15816.95,62164.33,0
19CXSCY8271Y1Z2,2025-05,297028.89,1416.66,83168.09,20169.03,20122.39,63045.69,8
19CXSCY8271Y1Z2,2025-06,9347025.13,833.13,2617167.04,1624910.67,1593224.38,1023942.66,9
19CXSCY8271Y1Z2,2025-07,10692915.01,1406.86,2994016.2,1866700.84,1856111.92,1137904.28,0
19CXSCY8271Y1Z2,2025-08,9794368.75,976.81,2742423.25,1714862.23,1697391.52,1045031.72,0
19CXSCY8271Y1Z2,2025-09,9639835.52,810.99,2699153.96,1677749.95,1654927.16,1044226.8,0
19CXSCY8271Y1Z2,2025-10,9510160.98,805.43,2662845.07,1662874.5,1633908.06,1028937.01,0
19CXSCY8271Y1Z2,2025-11,9093601.34,1293.93,2546208.37,1584335.52,1575714.82,970493.55,0
19CXSCY8271Y1Z2,2025-12,9611084.73,977.15,2691103.73,764073.24,1674344.73,1016759.01,3
19CXSCY8271Y1Z2,2026-01,9941641.06,833.62,2783659.5,790646.06,1725460.31,1058199.19,0
19CXSCY8271Y1Z2,2026-02,10657990.5,880.23,2984237.34,1871879.98,1835409.69,1148827.65,0
19CXSCY8271Y1Z2,2026-03,229047.68,968.08,64133.35,14445.51,14163.48,49969.87,0
27AHQPS7965I1ZA,2025-04,285619.36,285619.36,34274.32,27647.32,27249.54,7024.78,0
27AHQPS7965I1ZA,2025-05,395835.97,395835.97,47500.32,39534.64,38825.0,8675.31,5
27AHQPS7965I1ZA,2025-06,331962.68,331962.68,39835.52,48595.77,48583.06,0.0,0
27AHQPS7965I1ZA,2025-07,371335.02,371335.02,44560.2,13110.48,39802.82,0.0,0
27AHQPS7965I1ZA,2025-08,238583.67,238583.67,28630.04,15621.45,15339.94,9299.96,2
27AHQPS7965I1ZA,2025-09,237247.59,237247.59,28469.71,22438.48,22328.75,6140.96,8
27AHQPS7965I1ZA,2025-10,484215.18,484215.18,58105.82,49877.64,49308.01,8797.81,0
27AHQPS7965I1ZA,2025-11,409113.51,409113.51,49093.62,50500.69,50438.09,0.0,0
27AHQPS7965I1ZA,2025-12,343491.54,343491.54,41218.98,39731.7,39229.79,644.72,8
27AHQPS7965I1ZA,2026-01,222982.84,222982.84,26757.94,21484.1,21231.81,5526.13,0
27AHQPS7965I1ZA,2026-02,316477.7,316477.7,37977.32,28423.46,28051.61,9925.71,0
27AHQPS7965I1ZA,2026-03,379883.8,379883.8,45586.06,52492.07,51941.1,0.0,0
27ASZPH2322M1Z8,2025-04,332439.71,1516.73,93083.11,27782.01,27337.1,65746.02,0
27ASZPH2322M1Z8,2025-05,477886.86,1844.55,133808.33,42139.84,41769.72,92038.61,0
27ASZPH2322M1Z8,2025-06,559472.17,1039.63,156652.21,58882.64,58116.39,98535.82,0
27ASZPH2322M1Z8,2025-07,389889.84,1430.75,109169.15,43351.46,42529.94,66639.21,0
27ASZPH2322M1Z8,2025-08,430849.34,1590.37,120637.8,38046.28,37618.12,83019.68,9
27ASZPH2322M1Z8,2025-09,410254.61,1587.62,114871.29,38771.4,38130.39,76740.9,0
27ASZPH2322M1Z8,2025-10,685445.43,2357.55,191924.71,47086.89,57946.73,133977.99,9
27ASZPH2322M1Z8,2025-11,585581.96,1539.08,163962.94,64543.4,63421.31,100541.63,0
27ASZPH2322M1Z8,2025-12,494548.14,1878.29,138473.48,47312.47,47131.27,91342.21,0
27ASZPH2322M1Z8,2026-01,445210.46,2124.58,124658.92,49279.26,48865.28,75793.65,0
27ASZPH2322M1Z8,2026-02,404796.94,1790.36,113343.14,34283.78,33605.07,79738.07,0
27ASZPH2322M1Z8,2026-03,452231.46,1463.39,126624.82,41404.92,40687.62,85937.2,0
29ASUPH1184N1ZX,2025-04,5867949.36,4217.1,1056230.93,125816.01,124094.16,932136.77,0
29ASUPH1184N1ZX,2025-05,5577406.69,3209.13,1003933.2,162689.07,161176.16,842757.04,0
29ASUPH1184N1ZX,2025-06,6733021.76,3823.02,1211943.92,184655.03,182100.8,1029843.13,0
29ASUPH1184N1ZX,2025-07,6404546.73,3394.98,1152818.39,152956.76,151720.32,1001098.07,0
29ASUPH1184N1ZX,2025-08,6425987.9,3842.85,1156677.79,80393.92,105010.87,1051666.92,0
29ASUPH1184N1ZX,2025-09,6140551.26,3625.55,1105299.24,122413.67,120570.58,984728.66,11
29ASUPH1184N1ZX,2025-10,10158256.0,4754.32,1828486.11,129522.44,128131.07,1700355.03,0
29ASUPH1184N1ZX,2025-11,9130340.02,4762.58,1643461.17,146601.47,144662.05,1498799.13,5
29ASUPH1184N1ZX,2025-12,7367292.51,4442.98,1326112.67,175630.39,173641.96,1152470.7,0
29ASUPH1184N1ZX,2026-01,5939901.46,3377.49,1069182.27,169946.25,168396.74,900785.53,0
29ASUPH1184N1ZX,2026-02,6098379.02,4025.14,1097708.22,123892.85,123060.34,974647.87,0
29ASUPH1184N1ZX,2026-03,6992934.06,3337.43,1258728.13,136090.57,140448.85,1118279.28,26
29OCOCN5262O1Z2,2025-04,2033087.5,365535.93,365955.75,51188.28,50797.87,315157.87,0
29OCOCN5262O1Z2,2025-05,1806326.46,281792.3,325138.75,57642.11,57595.1,267543.66,0
29OCOCN5262O1Z2,2025-06,1783670.53,359452.57,321060.7,52835.43,52575.61,268485.09,0
29OCOCN5262O1Z2,2025-07,1539201.82,271796.24,277056.32,43971.68,43119.65,233936.67,0
29OCOCN5262O1Z2,2025-08,1719928.78,307169.14,309587.19,49686.25,49179.19,260408.0,6
29OCOCN5262O1Z2,2025-09,1618498.7,320636.72,291329.75,49977.08,49499.09,241830.66,0
29OCOCN5262O1Z2,2025-10,2605119.67,409774.63,468921.55,47276.48,47062.17,421859.39,0
29OCOCN5262O1Z2,2025-11,2044845.11,315867.03,368072.13,47309.69,46853.2,321218.93,0
29OCOCN5262O1Z2,2025-12,1708527.7,291226.98,307534.98,48079.91,47602.34,259932.64,0
29OCOCN5262O1Z2,2026-01,1696820.31,361405.42,305427.65,60224.3,65423.15,240004.5,0
29OCOCN5262O1Z2,2026-02,2034861.04,331226.54,366274.98,38579.02,37964.08,328310.9,0
29OCOCN5262O1Z2,2026-03,2111499.04,385265.49,380069.83,44630.42,44462.27,335607.56,1
36VSVPQ8201Z1ZN,2025-04,3723692.85,116116.51,670264.71,155961.72,258390.03,411874.68,0
36VSVPQ8201Z1ZN,2025-05,4276024.76,89402.52,769684.44,338377.1,332681.08,437003.37,19
36VSVPQ8201Z1ZN,2025-06,5326679.76,126868.26,958802.35,218735.56,216326.65,742475.69,10
36VSVPQ8201Z1ZN,2025-07,4473966.65,90418.65,805314.0,206788.08,203010.1,602303.9,0
36VSVPQ8201Z1ZN,2025-08,4004878.22,97136.28,720878.08,341486.68,337590.38,383287.7,0
36VSVPQ8201Z1ZN,2025-09,4203554.03,112761.62,756639.72,207898.14,205004.87,551634.85,0
36VSVPQ8201Z1ZN,2025-10,7156825.74,137814.24,1288228.63,236263.71,233624.71,1054603.93,0
36VSVPQ8201Z1ZN,2025-11,6113043.72,93716.27,1100347.9,252917.41,249934.85,850413.05,0
36VSVPQ8201Z1ZN,2025-12,4938809.45,111386.48,888985.68,276863.99,274334.89,614650.79,9
36VSVPQ8201Z1ZN,2026-01,3753108.25,111525.84,675559.5,221359.19,217087.9,458471.6,0
36VSVPQ8201Z1ZN,2026-02,3856723.7,120236.09,694210.27,210836.01,209260.73,484949.54,0
36VSVPQ8201Z1ZN,2026-03,4487179.25,130120.1,807692.25,168625.39,167401.94,640290.3,0
09MGECB5653U1Z5,2025-04,3033280.54,3033280.54,363993.66,205260.97,203781.96,160211.71,7
09MGECB5653U1Z5,2025-05,4492596.16,4492596.16,539111.54,369166.42,362143.84,176967.69,0
09MGECB5653U1Z5,2025-06,4264712.21,4264712.21,511765.47,407942.5,435584.43,76181.03,0
09MGECB5653U1Z5,2025-07,3787268.49,3787268.49,454472.22,302719.34,300344.33,154127.88,8
09MGECB5653U1Z5,2025-08,2823350.41,2823350.41,338802.05,247918.62,243977.99,94824.06,0
09MGECB5653U1Z5,2025-09,4327264.48,4327264.48,519271.74,329398.15,322883.9,196387.84,0
09MGECB5653U1Z5,2025-10,5516941.25,5516941.25,662032.95,430505.25,472165.64,189867.32,0
09MGECB5653U1Z5,2025-11,3802014.01,3802014.01,456241.68,285232.2,284511.1,171730.58,0
09MGECB5653U1Z5,2025-12,3259685.83,3259685.83,391162.3,388750.8,387694.38,3467.92,23
09MGECB5653U1Z5,2026-01,3745329.18,3745329.18,449439.5,214452.93,214446.07,234993.43,0
09MGECB5653U1Z5,2026-02,2965042.77,2965042.77,355805.13,216066.7,211935.92,143869.21,0
09MGECB5653U1Z5,2026-03,3809755.87,3809755.87,457170.7,285898.86,295574.63,161596.08,6
24EZMPE3962G1Z9,2025-04,3168256.83,114085.6,158412.83,587929.28,581160.37,0.0,41
24EZMPE3962G1Z9,2025-05,4612811.06,145109.47,230640.54,740074.99,726567.69,0.0,17
24EZMPE3962G1Z9,2025-06,5218211.49,132979.97,260910.57,786074.53,775992.36,0.0,26
24EZMPE3962G1Z9,2025-07,3403739.91,161242.77,170186.98,556672.02,570727.46,0.0,23
24EZMPE3962G1Z9,2025-08,3372071.03,142970.58,168603.55,393155.18,391978.54,0.0,12
24EZMPE3962G1Z9,2025-09,4790237.21,147033.38,239511.86,881830.91,864437.1,0.0,36
24EZMPE3962G1Z9,2025-10,5819873.27,206292.88,290993.65,948542.37,944470.19,0.0,30
24EZMPE3962G1Z9,2025-11,5777627.13,260235.26,288881.38,703521.1,817941.48,0.0,28
24EZMPE3962G1Z9,2025-12,4755848.58,122761.99,237792.44,871050.2,867025.09,0.0,41
24EZMPE3962G1Z9,2026-01,3203046.35,140165.55,160152.31,650287.82,647459.4,0.0,16
24EZMPE3962G1Z9,2026-02,3642802.58,151248.49,182140.11,544311.57,534457.06,0.0,22
24EZMPE3962G1Z9,2026-03,3272586.53,164818.06,163629.32,650753.98,642808.54,0.0,18
29VEACR9515G1ZE,2025-04,3367871.77,326266.48,404144.63,388158.94,381876.55,22268.08,0
29VEACR9515G1ZE,2025-05,3942675.4,422423.41,473121.06,276557.97,294190.39,178930.67,0
29VEACR9515G1ZE,2025-06,3096061.89,360677.06,371527.44,259314.85,254553.96,116973.48,0
29VEACR9515G1ZE,2025-07,3016130.63,369375.45,361935.65,331215.09,327353.8,34581.85,0
29VEACR9515G1ZE,2025-08,3264689.57,259350.21,391762.75,263843.1,258606.9,133155.84,0
29VEACR9515G1ZE,2025-09,2776038.71,417875.72,333124.64,233514.98,230019.51,103105.12,0
29VEACR9515G1ZE,2025-10,3796034.82,506965.76,455524.18,327955.85,326625.72,128898.46,0
29VEACR9515G1ZE,2025-11,4827987.15,579239.71,579358.47,488881.92,485376.47,93981.99,0
29VEACR9515G1ZE,2025-12,3313997.53,370983.56,397679.69,349283.78,346802.92,50876.77,0
29VEACR9515G1ZE,2026-01,3687707.0,333188.54,442524.84,270253.58,266360.22,176164.63,8
29VEACR9515G1ZE,2026-02,3366694.45,281842.41,404003.35,294099.81,288278.59,115724.76,0
29VEACR9515G1ZE,2026-03,3836994.71,577671.5,460439.37,316334.35,314341.22,146098.15,0
24OCJPT5980W1ZV,2025-04,349720.92,44933.64,41966.52,18854.27,18721.03,23245.49,16
24OCJPT5980W1ZV,2025-05,388657.83,50937.01,46638.93,19954.72,19863.08,26775.85,12
24OCJPT5980W1ZV,2025-06,312963.99,47768.54,37555.68,26387.52,26093.71,11461.98,29
24OCJPT5980W1ZV,2025-07,297830.6,43082.2,35739.65,18943.34,18754.6,16985.05,14
24OCJPT5980W1ZV,2025-08,377556.73,47402.93,45306.81,23466.97,23002.67,22304.14,39
24OCJPT5980W1ZV,2025-09,322350.73,50732.72,38682.09,24794.54,24401.48,14280.61,34
24OCJPT5980W1ZV,2025-10,373552.5,63097.78,44826.29,28408.35,27882.43,16943.86,23
24OCJPT5980W1ZV,2025-11,454744.72,67023.94,54569.36,27973.72,27822.55,26746.81,23
24OCJPT5980W1ZV,2025-12,345312.78,37359.66,41437.54,22955.04,22708.06,18729.47,25
24OCJPT5980W1ZV,2026-01,311903.19,55881.29,37428.38,12774.24,12650.57,24777.81,31
24OCJPT5980W1ZV,2026-02,329629.27,51237.47,39555.51,37199.31,36768.89,2786.62,7
24OCJPT5980W1ZV,2026-03,371641.95,69515.4,44597.04,32745.39,32143.04,12453.99,41
19ZSXFA1651S1ZS,2025-04,620081.02,113600.14,31004.05,132591.22,130974.58,0.0,0
19ZSXFA1651S1ZS,2025-05,892081.75,167791.07,44604.08,191745.03,190129.95,0.0,0
19ZSXFA1651S1ZS,2025-06,866842.98,180893.02,43342.15,226656.55,225556.8,0.0,0
19ZSXFA1651S1ZS,2025-07,755552.63,206623.12,37777.63,142886.28,161440.43,0.0,1
19ZSXFA1651S1ZS,2025-08,906710.54,172092.72,45335.53,134010.76,133335.94,0.0,0
19ZSXFA1651S1ZS,2025-09,932287.51,189941.67,46614.38,173998.6,171412.53,0.0,0
19ZSXFA1651S1ZS,2025-10,1410070.84,306314.97,70503.54,270746.28,267687.09,0.0,0
19ZSXFA1651S1ZS,2025-11,1268420.8,259088.87,63421.04,179939.64,218338.95,0.0,0
19ZSXFA1651S1ZS,2025-12,893351.8,175831.11,44667.6,163243.16,160629.8,0.0,0
19ZSXFA1651S1ZS,2026-01,665921.76,127105.62,33296.09,175448.76,173713.47,0.0,0
19ZSXFA1651S1ZS,2026-02,749508.06,153868.08,37475.4,135077.13,133359.46,0.0,2
19ZSXFA1651S1ZS,2026-03,1100053.95,185326.21,55002.7,283015.51,282995.2,0.0,3
19DOYFF1430L1Z1,2025-04,4503239.88,309454.41,540388.76,324214.87,322779.01,217609.75,0
19DOYFF1430L1Z1,2025-05,4871039.34,282547.04,584524.71,333864.04,329011.32,255513.39,0
19DOYFF1430L1Z1,2025-06,5109002.98,260564.42,613080.35,348710.03,374526.18,238554.17,2
19DOYFF1430L1Z1,2025-07,3692103.62,250961.15,443052.44,272035.92,269032.28,174020.16,0
19DOYFF1430L1Z1,2025-08,4351100.16,279811.98,522132.01,301052.06,306870.36,215261.65,0
19DOYFF1430L1Z1,2025-09,5330351.45,311189.99,639642.19,582017.65,574164.85,65477.34,0
19DOYFF1430L1Z1,2025-10,6092407.56,276001.61,731088.88,462876.34,470575.26,260513.63,0
19DOYFF1430L1Z1,2025-11,6210511.23,242651.24,745261.35,488446.24,487785.76,257475.59,2
19DOYFF1430L1Z1,2025-12,4654239.57,287489.23,558508.74,336413.07,335983.79,222524.95,0
19DOYFF1430L1Z1,2026-01,4365134.57,339249.65,523816.15,320062.15,314723.23,209092.91,0
19DOYFF1430L1Z1,2026-02,4541905.17,291763.72,545028.62,414726.68,418268.38,126760.23,0
19DOYFF1430L1Z1,2026-03,4556450.14,292998.56,546774.0,296719.17,291564.24,255209.76,0
36NMKFV3503G1Z6,2025-04,3372618.79,606340.93,168630.95,456235.5,447665.57,0.0,39
36NMKFV3503G1Z6,2025-05,3202018.03,409284.51,160100.89,410054.63,435513.41,0.0,10
36NMKFV3503G1Z6,2025-06,3235322.62,486901.18,161766.15,483605.34,483463.31,0.0,36
36NMKFV3503G1Z6,2025-07,2990082.09,502221.13,149504.11,435207.44,432999.14,0.0,22
36NMKFV3503G1Z6,2025-08,3622607.42,551818.05,181130.36,454257.25,452140.15,0.0,31
36NMKFV3503G1Z6,2025-09,3632470.96,486817.97,181623.54,530328.88,526957.56,0.0,42
36NMKFV3503G1Z6,2025-10,5160225.0,768902.71,258011.26,620379.44,612482.06,0.0,43
36NMKFV3503G1Z6,2025-11,3670906.34,634217.18,183545.33,491506.5,484777.55,0.0,43
36NMKFV3503G1Z6,2025-12,3407485.41,589237.58,170374.27,395973.79,394689.68,0.0,43
36NMKFV3503G1Z6,2026-01,2867912.79,405446.17,143395.64,331673.46,327322.55,0.0,26
36NMKFV3503G1Z6,2026-02,2811229.11,472192.14,140561.47,352771.51,348996.67,0.0,18
36NMKFV3503G1Z6,2026-03,4030081.67,439087.95,201504.08,494361.85,489058.44,0.0,35
29HEYFK8398I1ZL,2025-04,227434.32,6790.67,27292.12,31776.21,31509.95,0.0,16
29HEYFK8398I1ZL,2025-05,217988.5,10633.76,26158.62,37477.01,37142.58,0.0,38
29HEYFK8398I1ZL,2025-06,7686651.63,9637.45,922398.19,923637.76,918243.83,0.0,37
29HEYFK8398I1ZL,2025-07,8234639.08,6785.72,988156.69,986975.13,972287.69,4821.57,41
29HEYFK8398I1ZL,2025-08,8139202.98,7216.04,976704.35,969930.72,969676.82,7027.53,18
29HEYFK8398I1ZL,2025-09,9148478.12,8652.48,1097817.37,1088802.32,1071748.09,26069.28,25
29HEYFK8398I1ZL,2025-10,8986015.4,7720.82,1078321.86,1073552.59,1064881.59,13440.26,18
29HEYFK8398I1ZL,2025-11,8899914.57,8814.06,1067989.74,1055894.67,1041088.63,26901.11,17
29HEYFK8398I1ZL,2025-12,7847019.9,7696.37,941642.38,547198.78,941108.92,533.47,33
29HEYFK8398I1ZL,2026-01,324115.77,10210.13,38893.9,82284.55,81666.15,0.0,13
29HEYFK8398I1ZL,2026-02,291876.49,8132.8,35025.19,42391.15,41936.64,0.0,9
29HEYFK8398I1ZL,2026-03,369382.71,11678.41,44325.93,30223.15,29902.58,0.0,38
27BCWPB1101O1ZI,2025-04,673151.36,21774.04,80778.16,67345.19,67062.12,13716.04,3
27BCWPB1101O1ZI,2025-05,752366.19,32608.38,90283.94,99822.76,98568.1,0.0,0
27BCWPB1101O1ZI,2025-06,589996.73,34833.18,70799.6,37190.78,36627.53,25887.9,0
27BCWPB1101O1ZI,2025-07,842190.22,31950.29,101062.82,58340.53,59428.95,41633.87,0
27BCWPB1101O1ZI,2025-08,481185.43,32924.13,57742.25,41698.41,40950.24,16792.01,0
27BCWPB1101O1ZI,2025-09,499814.33,31061.93,59977.71,45142.86,44345.66,15632.06,0
27BCWPB1101O1ZI,2025-10,1173992.22,23172.15,140879.07,85232.31,84173.47,56705.6,0
27BCWPB1101O1ZI,2025-11,833750.63,40120.75,100050.06,35726.1,65054.41,34995.65,0
27BCWPB1101O1ZI,2025-12,818405.18,29586.86,98208.63,61204.12,60703.51,37505.12,4
27BCWPB1101O1ZI,2026-01,619978.61,28498.15,74397.45,41974.18,46104.08,28293.37,0
27BCWPB1101O1ZI,2026-02,595511.07,38328.81,71461.33,46481.87,46390.82,25070.51,0
27BCWPB1101O1ZI,2026-03,510489.13,36209.07,61258.7,51846.2,50994.68,10264.01,0
27SJLPB0506J1Z0,2025-04,2726279.78,2726279.78,327153.57,108230.97,129476.07,197677.5,0
27SJLPB0506J1Z0,2025-05,2153191.57,2153191.57,258382.99,135875.5,158557.39,99825.6,6
27SJLPB0506J1Z0,2025-06,3482928.35,3482928.35,417951.4,281201.32,279537.75,138413.65,0
27SJLPB0506J1Z0,2025-07,3148692.38,3148692.38,377843.09,172273.41,171848.39,205994.7,0
27SJLPB0506J1Z0,2025-08,3129789.34,3129789.34,375574.72,215567.48,211720.66,163854.07,0
27SJLPB0506J1Z0,2025-09,3126626.97,3126626.97,375195.24,226771.59,262175.38,113019.86,0
27SJLPB0506J1Z0,2025-10,3399631.78,3399631.78,407955.81,224126.78,225921.45,182034.37,0
27SJLPB0506J1Z0,2025-11,3479074.16,3479074.16,417488.9,149612.06,148423.19,269065.71,0
27SJLPB0506J1Z0,2025-12,2791774.6,2791774.6,335012.95,211022.75,210905.02,124107.93,0
27SJLPB0506J1Z0,2026-01,2670124.5,2670124.5,320414.94,158222.2,157281.5,163133.44,8
27SJLPB0506J1Z0,2026-02,2868272.08,2868272.08,344192.65,120905.91,119042.41,225150.24,0
27SJLPB0506J1Z0,2026-03,3564872.95,3564872.95,427784.75,237551.28,234128.67,193656.09,8
24JMGPF9540T1Z6,2025-04,1787013.5,389738.96,321662.42,48593.53,47962.87,273699.56,0
24JMGPF9540T1Z6,2025-05,1602062.87,342526.87,288371.33,54631.33,54076.13,234295.19,0
24JMGPF9540T1Z6,2025-06,1915828.92,423829.75,344849.21,52564.47,51662.36,293186.85,9
24JMGPF9540T1Z6,2025-07,1594705.19,414574.41,287046.94,60765.55,60243.07,226803.88,0
24JMGPF9540T1Z6,2025-08,1573158.82,351894.62,283168.59,51914.59,50918.68,232249.92,0
24JMGPF9540T1Z6,2025-09,1553513.51,445663.83,279632.43,53224.23,52453.65,227178.78,0
24JMGPF9540T1Z6,2025-10,2044409.86,493955.33,367993.77,52030.79,51228.12,316765.65,0
24JMGPF9540T1Z6,2025-11,1601811.83,369903.66,288326.14,57573.54,57406.39,230919.75,0
24JMGPF9540T1Z6,2025-12,1562360.67,366175.14,281224.93,76511.93,75165.14,206059.79,0
24JMGPF9540T1Z6,2026-01,1767194.12,364174.91,318094.94,53575.21,53315.76,264779.19,9
24JMGPF9540T1Z6,2026-02,1797197.46,317493.49,323495.55,51021.21,50598.2,272897.35,0
24JMGPF9540T1Z6,2026-03,1622950.62,551658.29,292131.12,45904.1,45000.94,247130.18,5
27AYNCA1123Q1Z1,2025-04,2228756.08,2228756.08,111437.8,324926.32,324456.01,0.0,0
27AYNCA1123Q1Z1,2025-05,1762558.93,1762558.93,88127.95,342678.33,336625.82,0.0,0
27AYNCA1123Q1Z1,2025-06,2287915.52,2287915.52,114395.78,260118.3,256060.61,0.0,0
27AYNCA1123Q1Z1,2025-07,1761212.53,1761212.53,88060.63,210782.26,214013.86,0.0,0
27AYNCA1123Q1Z1,2025-08,1844726.72,1844726.72,92236.34,296703.24,296520.85,0.0,0
27AYNCA1123Q1Z1,2025-09,1811145.45,1811145.45,90557.27,214079.81,213416.22,0.0,0
27AYNCA1123Q1Z1,2025-10,2967468.75,2967468.75,148373.44,345904.37,341382.01,0.0,0
27AYNCA1123Q1Z1,2025-11,2344093.97,2344093.97,117204.7,299739.95,298970.43,0.0,3
27AYNCA1123Q1Z1,2025-12,1876093.78,1876093.78,93804.69,195803.85,231317.24,0.0,0
27AYNCA1123Q1Z1,2026-01,2326566.79,2326566.79,116328.34,301402.61,301341.35,0.0,0
27AYNCA1123Q1Z1,2026-02,2164305.15,2164305.15,108215.26,261845.86,259783.14,0.0,2
27AYNCA1123Q1Z1,2026-03,2491523.3,2491523.3,124576.16,247431.0,245389.53,0.0,0
09GPRCQ3773T1Z1,2025-04,113017.47,23442.69,31644.89,8505.92,22529.31,9115.58,9
09GPRCQ3773T1Z1,2025-05,136186.0,16392.87,38132.08,10367.81,10989.42,27142.67,0
09GPRCQ3773T1Z1,2025-06,89540.99,22593.32,25071.48,6759.3,6758.14,18313.34,10
09GPRCQ3773T1Z1,2025-07,117563.69,18486.92,32917.83,28702.74,43025.77,0.0,0
09GPRCQ3773T1Z1,2025-08,157608.98,19920.54,44130.51,12049.69,11887.8,22134.78,0
09GPRCQ3773T1Z1,2025-09,88012.5,20112.86,24643.5,8045.63,8044.12,16599.38,9
09GPRCQ3773T1Z1,2025-10,135377.6,19889.35,37905.73,11628.05,15465.3,22440.43,0
09GPRCQ3773T1Z1,2025-11,192970.17,19692.29,54031.65,21222.92,20814.97,33216.69,0
09GPRCQ3773T1Z1,2025-12,156280.17,19233.3,43758.44,9170.2,9153.79,34604.65,0
09GPRCQ3773T1Z1,2026-01,127977.02,18870.17,35833.57,9428.89,9311.29,26522.28,0
09GPRCQ3773T1Z1,2026-02,117686.87,25059.74,32952.32,8099.35,7939.29,25013.02,0
09GPRCQ3773T1Z1,2026-03,133872.81,20636.34,37484.39,10730.78,10689.25,26795.14,5
33XIFFO2886Q1ZH,2025-07,113876.34,102249.78,13665.16,12564.49,12381.29,1283.88,0
33XIFFO2886Q1ZH,2025-08,93108.8,79440.55,11173.06,10265.28,10065.58,1107.47,0
33XIFFO2886Q1ZH,2025-09,93659.31,81581.24,11239.12,11067.6,10863.29,375.83,0
33XIFFO2886Q1ZH,2025-10,155644.38,145930.42,18677.32,20317.7,20186.39,0.0,1
33XIFFO2886Q1ZH,2025-11,147061.6,127613.22,17647.4,10185.71,15198.81,939.52,0
33XIFFO2886Q1ZH,2025-12,97605.68,79371.13,11712.69,4196.0,9888.29,1824.4,0
33XIFFO2886Q1ZH,2026-01,91265.3,68490.87,10951.83,7152.26,7049.99,3901.85,0
33XIFFO2886Q1ZH,2026-02,132685.0,119853.58,15922.2,16746.68,16616.04,0.0,0
33XIFFO2886Q1ZH,2026-03,130402.08,115861.73,15648.25,16651.38,16436.69,0.0,0
24JZLFA0953V1Z6,2025-04,162374.29,112692.54,8118.72,33216.22,32587.82,0.0,0
24JZLFA0953V1Z6,2025-05,201437.05,140676.71,10071.86,31804.58,31698.69,0.0,0
24JZLFA0953V1Z6,2025-06,194940.31,132454.44,9747.01,32135.06,31819.32,0.0,0
24JZLFA0953V1Z6,2025-07,190508.24,125471.17,9525.42,55568.3,55031.16,0.0,0
24JZLFA0953V1Z6,2025-08,221490.81,147543.55,11074.54,46931.25,46284.7,0.0,0
24JZLFA0953V1Z6,2025-09,199669.3,129583.93,9983.47,49440.05,50318.75,0.0,0
24JZLFA0953V1Z6,2025-10,322110.45,180490.87,16105.51,52165.53,51496.0,0.0,0
24JZLFA0953V1Z6,2025-11,294538.56,173214.72,14726.94,50943.45,50476.13,0.0,0
24JZLFA0953V1Z6,2025-12,242980.7,151032.73,12149.04,36785.5,36439.78,0.0,1
24JZLFA0953V1Z6,2026-01,171066.63,114534.39,8553.33,26972.01,26726.12,0.0,0
24JZLFA0953V1Z6,2026-02,242930.1,137798.66,12146.5,49557.58,48662.02,0.0,10
24JZLFA0953V1Z6,2026-03,241037.69,152299.69,12051.87,57908.82,57705.53,0.0,0
29CKMCU6194Z1ZX,2025-04,2632608.58,2632608.58,315913.03,274891.99,270121.51,45791.52,9
29CKMCU6194Z1ZX,2025-05,2848372.22,2848372.22,341804.67,319883.3,316409.16,25395.51,0
29CKMCU6194Z1ZX,2025-06,2319774.72,2319774.72,278372.97,344364.2,341617.5,0.0,0
29CKMCU6194Z1ZX,2025-07,2758022.25,2758022.25,330962.67,385968.25,385168.32,0.0,20
29CKMCU6194Z1ZX,2025-08,2266407.06,2266407.06,271968.85,323887.27,323312.42,0.0,1
29CKMCU6194Z1ZX,2025-09,2518935.05,2518935.05,302272.21,297908.93,295512.67,0.0,0
29CKMCU6194Z1ZX,2025-10,3200660.3,3200660.3,384079.24,456854.0,568408.86,0.0,0
29CKMCU6194Z1ZX,2025-11,3404292.94,3404292.94,408515.15,468075.9,487798.52,0.0,0
29CKMCU6194Z1ZX,2025-12,2458875.82,2458875.82,295065.1,287766.37,285847.93,0.0,0
29CKMCU6194Z1ZX,2026-01,3086852.01,3086852.01,370422.24,505690.55,503473.87,0.0,0
29CKMCU6194Z1ZX,2026-02,2655746.78,2655746.78,318689.61,383461.98,383001.1,0.0,0
29CKMCU6194Z1ZX,2026-03,3138523.06,3138523.06,376622.77,479969.14,470686.37,0.0,0
24PXGCH1653S1ZF,2025-04,2743627.97,3236.52,137181.41,16533.28,16246.96,120934.45,0
24PXGCH1653S1ZF,2025-05,2854454.52,2672.55,142722.73,20658.9,20296.74,122425.99,8
24PXGCH1653S1ZF,2025-06,2519945.6,2882.21,125997.27,21483.17,21278.75,104718.52,0
24PXGCH1653S1ZF,2025-07,2818461.85,3026.71,140923.09,18957.73,18921.66,122001.43,0
24PXGCH1653S1ZF,2025-08,2299944.77,3094.86,114997.23,19463.53,19222.61,95774.63,0
24PXGCH1653S1ZF,2025-09,2934479.86,3720.79,146723.99,20252.99,19875.08,126848.91,4
24PXGCH1653S1ZF,2025-10,4937195.49,2891.64,246859.78,22763.62,22380.48,224479.3,0
24PXGCH1653S1ZF,2025-11,4504134.69,3460.31,225206.75,21084.65,20834.38,204372.37,0
24PXGCH1653S1ZF,2025-12,2373358.49,2440.09,118667.91,21429.71,21124.98,97542.94,7
24PXGCH1653S1ZF,2026-01,2810779.49,2638.99,140538.98,21243.47,21230.07,119308.9,4
24PXGCH1653S1ZF,2026-02,2636693.11,2107.86,131834.66,17973.27,17960.85,113873.82,0
24PXGCH1653S1ZF,2026-03,3058610.49,2970.53,152930.54,12264.34,12172.61,140757.92,0
29YMZPV8243C1ZJ,2025-04,2872859.75,172308.83,517114.74,294949.31,346493.87,170620.87,0
29YMZPV8243C1ZJ,2025-05,3166588.51,173638.1,569985.92,290847.31,351082.4,218903.52,0
29YMZPV8243C1ZJ,2025-06,3614144.14,190832.02,650545.96,473382.27,470149.34,180396.62,0
29YMZPV8243C1ZJ,2025-07,2751434.79,244179.36,495258.27,259594.7,324030.09,171228.18,0
29YMZPV8243C1ZJ,2025-08,2615461.95,161189.72,470783.17,247046.86,294910.68,175872.49,0
29YMZPV8243C1ZJ,2025-09,2760553.12,265335.12,496899.55,332874.94,331620.66,165278.89,0
29YMZPV8243C1ZJ,2025-10,6110555.36,178987.17,1099899.93,641287.62,629389.35,470510.58,0
29YMZPV8243C1ZJ,2025-11,5042829.81,168954.27,907709.35,549849.95,625487.67,282221.68,0
29YMZPV8243C1ZJ,2025-12,3773885.78,215173.36,679299.41,347107.72,346327.18,332972.23,0
29YMZPV8243C1ZJ,2026-01,3834301.12,217741.58,690174.19,336505.3,336308.84,353865.35,1
29YMZPV8243C1ZJ,2026-02,3421963.67,208962.61,615953.47,352754.34,374370.36,241583.11,0
29YMZPV8243C1ZJ,2026-03,4877583.68,168889.56,877965.05,449726.78,443125.97,434839.08,9
09ZJQCG3181F1Z4,2025-04,5309742.27,138174.93,955753.62,203967.2,200658.43,755095.19,0
09ZJQCG3181F1Z4,2025-05,5298349.21,110095.46,953702.87,244440.79,243553.62,710149.26,0
09ZJQCG3181F1Z4,2025-06,5128903.38,118236.77,923202.6,164808.87,164112.43,759090.17,0
09ZJQCG3181F1Z4,2025-07,6179486.15,109637.84,1112307.5,309381.5,309246.19,803061.31,6
09ZJQCG3181F1Z4,2025-08,5847801.03,127752.81,1052604.19,241974.75,237270.66,815333.53,0
09ZJQCG3181F1Z4,2025-09,6856689.04,114327.63,1234204.02,187531.47,201292.04,1032911.98,0
09ZJQCG3181F1Z4,2025-10,9991756.86,110566.46,1798516.21,224551.03,221763.68,1576752.53,4
09ZJQCG3181F1Z4,2025-11,8329194.18,118529.97,1499254.94,233234.84,231468.45,1267786.5,0
09ZJQCG3181F1Z4,2025-12,5965952.27,92842.69,1073871.41,340317.43,335782.65,738088.77,0
09ZJQCG3181F1Z4,2026-01,7337672.71,116380.12,1320781.09,215322.68,213271.75,1107509.34,0
09ZJQCG3181F1Z4,2026-02,6541033.4,129759.24,1177386.01,229332.21,239935.27,937450.74,0
09ZJQCG3181F1Z4,2026-03,6942185.98,120174.77,1249593.5,208065.86,204049.81,1045543.69,7
27SLJCV1018M1ZY,2025-04,5352231.2,650511.13,267611.56,961867.13,948528.48,0.0,16
27SLJCV1018M1ZY,2025-05,4603716.44,599362.87,230185.8,844777.31,833179.57,0.0,37
27SLJCV1018M1ZY,2025-06,5739082.71,628722.27,286954.15,975845.55,1005487.5,0.0,15
27SLJCV1018M1ZY,2025-07,4335425.74,916745.91,216771.28,1207833.45,1206812.14,0.0,30
27SLJCV1018M1ZY,2025-08,4342353.41,790678.42,217117.66,997426.29,988657.36,0.0,36
27SLJCV1018M1ZY,2025-09,4593222.91,820768.97,229661.13,1124116.56,1132321.79,0.0,35
27SLJCV1018M1ZY,2025-10,5902120.58,784767.28,295106.04,688258.41,683242.95,0.0,13
27SLJCV1018M1ZY,2025-11,5527315.26,869038.24,276365.76,757976.81,748974.39,0.0,9
27SLJCV1018M1ZY,2025-12,4308343.32,597784.01,215417.16,803951.06,790550.22,0.0,44
27SLJCV1018M1ZY,2026-01,4201112.82,714457.78,210055.63,679147.82,669162.76,0.0,12
27SLJCV1018M1ZY,2026-02,4800235.49,771949.32,240011.78,606299.67,605924.32,0.0,33
27SLJCV1018M1ZY,2026-03,4635554.0,795263.69,231777.69,752370.6,744123.31,0.0,13
27USGPT3409V1Z7,2025-04,1786121.78,1786121.78,214334.61,160360.99,159737.79,54596.82,10
27USGPT3409V1Z7,2025-05,1465435.28,1465435.28,175852.23,125763.96,123415.39,52436.85,0
27USGPT3409V1Z7,2025-06,1673541.6,1673541.6,200824.99,273557.48,274598.48,0.0,0
27USGPT3409V1Z7,2025-07,1758199.68,1758199.68,210983.96,206482.63,215311.08,0.0,5
27USGPT3409V1Z7,2025-08,1247208.9,1247208.9,149665.07,80459.41,120845.28,0.0,0
27USGPT3409V1Z7,2025-09,2031676.26,2031676.26,243801.15,226471.41,225393.27,0.0,0
27USGPT3409V1Z7,2025-10,3427239.3,3427239.3,411268.72,584881.95,580191.14,0.0,3
27USGPT3409V1Z7,2025-11,2449306.73,2449306.73,293916.81,236050.4,234312.32,0.0,0
27USGPT3409V1Z7,2025-12,1776223.17,1776223.17,213146.78,175744.25,172837.83,0.0,0
27USGPT3409V1Z7,2026-01,1719306.43,1719306.43,206316.77,154484.07,151688.79,0.0,0
27USGPT3409V1Z7,2026-02,1499440.71,1499440.71,179932.89,185163.46,184662.43,0.0,4
27USGPT3409V1Z7,2026-03,1780409.85,1780409.85,213649.18,188879.18,186825.8,0.0,0
19YQTCH4982Y1Z8,2025-04,334361.9,194694.29,60185.14,24950.88,24518.74,35666.4,5
19YQTCH4982Y1Z8,2025-05,392238.6,233639.81,70602.94,27062.01,26589.74,44013.21,0
19YQTCH4982Y1Z8,2025-06,384846.88,213953.65,69272.44,30093.85,29640.47,39631.97,0
19YQTCH4982Y1Z8,2025-07,402292.38,253049.15,72412.63,27137.93,27134.32,45278.31,0
19YQTCH4982Y1Z8,2025-08,435326.31,233861.25,78358.73,23029.27,22905.14,55453.59,0
19YQTCH4982Y1Z8,2025-09,386089.88,267761.06,69496.18,21639.14,21400.97,48095.21,0
19YQTCH4982Y1Z8,2025-10,431214.34,205961.96,77618.58,21232.33,20944.57,56674.02,2
19YQTCH4982Y1Z8,2025-11,365246.19,259213.51,65744.31,21735.69,21353.41,44390.9,0
19YQTCH4982Y1Z8,2025-12,515899.82,299682.42,92861.97,35405.43,35239.69,57622.27,0
19YQTCH4982Y1Z8,2026-01,347565.29,222646.06,62561.75,27466.36,27329.6,35232.15,0
19YQTCH4982Y1Z8,2026-02,387293.73,238035.05,69712.87,22386.59,22165.72,47547.15,0
19YQTCH4982Y1Z8,2026-03,330556.66,192085.9,59500.19,19253.63,19107.19,40393.0,3
27XDDCR0505J1ZS,2025-04,2387339.88,2387339.88,286480.79,208185.81,206623.45,79857.34,22
27XDDCR0505J1ZS,2025-05,2986863.54,2986863.54,358423.62,262356.41,262151.59,96272.04,0
27XDDCR0505J1ZS,2025-06,2834167.05,2834167.05,340100.05,356105.16,354320.42,0.0,0
27XDDCR0505J1ZS,2025-07,2562995.47,2562995.47,307559.46,234234.2,231567.35,61771.73,3
27XDDCR0505J1ZS,2025-08,2749514.02,2749514.02,329941.68,266754.66,264740.35,65201.33,0
27XDDCR0505J1ZS,2025-09,2645218.25,2645218.25,317426.19,266548.04,265421.65,52004.54,0
27XDDCR0505J1ZS,2025-10,5031416.59,5031416.59,603769.99,356447.45,350562.46,253207.53,0
27XDDCR0505J1ZS,2025-11,3454974.62,3454974.62,414596.95,351423.91,345528.72,69068.24,0
27XDDCR0505J1ZS,2025-12,3007529.9,3007529.9,360903.59,348602.89,343523.73,17379.86,0
27XDDCR0505J1ZS,2026-01,2459803.02,2459803.02,295176.36,247994.64,246199.63,48976.73,3
27XDDCR0505J1ZS,2026-02,3089465.58,3089465.58,370735.87,409178.07,401440.66,0.0,0
27XDDCR0505J1ZS,2026-03,3673776.49,3673776.49,440853.18,448452.6,448222.34,0.0,0
36BGLFL0925M1ZN,2025-04,1567898.4,1567898.4,282221.71,97200.8,95356.97,186864.75,0
36BGLFL0925M1ZN,2025-05,1966099.55,1966099.55,353897.92,171968.56,170392.88,183505.04,0
36BGLFL0925M1ZN,2025-06,2273090.43,2273090.43,409156.28,224864.95,220889.66,188266.62,0
36BGLFL0925M1ZN,2025-07,1571709.43,1571709.43,282907.7,143199.41,141904.2,141003.49,0
36BGLFL0925M1ZN,2025-08,1351042.32,1351042.32,243187.62,97315.5,96649.44,146538.18,0
36BGLFL0925M1ZN,2025-09,1590377.08,1590377.08,286267.87,105450.03,104448.81,181819.06,0
36BGLFL0925M1ZN,2025-10,2628878.97,2628878.97,473198.21,208627.28,205961.22,267237.0,0
36BGLFL0925M1ZN,2025-11,2206199.65,2206199.65,397115.94,213987.99,211765.37,185350.57,0
36BGLFL0925M1ZN,2025-12,1805364.08,1805364.08,324965.53,163607.07,160349.42,164616.12,0
36BGLFL0925M1ZN,2026-01,2295486.94,2295486.94,413187.65,182454.5,181507.42,231680.23,0
36BGLFL0925M1ZN,2026-02,1274036.85,1274036.85,229326.63,116787.94,115777.34,113549.3,8
36BGLFL0925M1ZN,2026-03,1755684.14,1755684.14,316023.14,161234.34,159221.35,156801.79,1
29QZYFK7547R1ZY,2025-04,630858.9,256450.22,113554.6,43739.61,43609.21,69945.39,0
29QZYFK7547R1ZY,2025-05,547830.75,212964.8,98609.52,38754.64,38281.93,60327.59,0
29QZYFK7547R1ZY,2025-06,653840.54,268791.25,117691.31,59189.17,58997.6,58693.7,0
29QZYFK7547R1ZY,2025-07,592419.0,291953.31,106635.42,40486.99,40238.58,66396.84,4
29QZYFK7547R1ZY,2025-08,567978.98,259642.49,102236.22,48516.61,48037.96,54198.26,9
29QZYFK7547R1ZY,2025-09,701720.62,272273.1,126309.7,35549.01,34928.02,91381.67,5
29QZYFK7547R1ZY,2025-10,965306.97,269111.48,173755.26,37331.51,37186.53,136568.73,0
29QZYFK7547R1ZY,2025-11,712941.23,240660.56,128329.43,41527.15,41121.86,87207.57,0
29QZYFK7547R1ZY,2025-12,621372.12,269763.5,111846.97,39432.37,38923.13,72923.84,0
29QZYFK7547R1ZY,2026-01,730021.29,298774.54,131403.83,41764.83,41113.2,90290.63,2
29QZYFK7547R1ZY,2026-02,686931.99,312499.62,123647.76,42526.89,41858.04,81789.72,3
29QZYFK7547R1ZY,2026-03,827743.29,301272.78,148993.8,39943.76,45858.41,103135.39,0
33QXNPL1989J1ZG,2025-04,1944324.7,490272.72,233318.97,276448.12,271740.91,0.0,21
33QXNPL1989J1ZG,2025-05,1846989.77,469556.09,221638.78,219907.89,217452.44,0.0,13
33QXNPL1989J1ZG,2025-06,2140895.51,432011.88,256907.47,285882.14,280619.58,0.0,23
33QXNPL1989J1ZG,2025-07,2245732.31,519676.66,269487.86,321159.17,340964.95,0.0,11
33QXNPL1989J1ZG,2025-08,1728398.19,497471.47,207407.79,208013.97,207708.5,0.0,15
33QXNPL1989J1ZG,2025-09,1682510.31,512971.18,201901.24,197189.17,206062.69,0.0,20
33QXNPL1989J1ZG,2025-10,2818493.15,833217.86,338219.18,339432.65,338567.76,0.0,28
33QXNPL1989J1ZG,2025-11,2379008.53,636388.68,285481.02,267452.38,265593.56,0.0,5
33QXNPL1989J1ZG,2025-12,2078887.97,471514.71,249466.57,306683.27,305465.82,0.0,32
33QXNPL1989J1ZG,2026-01,2364683.21,604046.62,283761.99,365885.12,365770.59,0.0,44
33QXNPL1989J1ZG,2026-02,1749761.06,419759.2,209971.32,280038.65,278093.59,0.0,33
33QXNPL1989J1ZG,2026-03,1762633.51,419893.32,211516.01,200112.91,197804.27,0.0,25
36WGHCV4571W1Z8,2025-04,883122.39,119329.51,158962.04,137695.16,135230.9,23731.15,0
36WGHCV4571W1Z8,2025-05,1107093.21,157306.75,199276.78,140792.87,140456.32,58820.46,0
36WGHCV4571W1Z8,2025-06,1025020.6,146157.77,184503.71,152736.23,150360.82,34142.89,0
36WGHCV4571W1Z8,2025-07,966198.27,115547.45,173915.69,113133.66,112860.65,61055.05,0
36WGHCV4571W1Z8,2025-08,820209.91,129575.44,147637.79,111777.46,110919.79,36718.0,0
36WGHCV4571W1Z8,2025-09,763185.17,135911.02,137373.32,134735.1,132250.01,5123.31,0
36WGHCV4571W1Z8,2025-10,1332210.54,191689.68,239797.91,112204.44,110320.47,129477.44,0
36WGHCV4571W1Z8,2025-11,1151464.49,168795.37,207263.61,127796.62,125246.3,82017.31,0
36WGHCV4571W1Z8,2025-12,829804.88,144085.95,149364.88,111316.77,111156.57,38208.31,0
36WGHCV4571W1Z8,2026-01,840509.17,162910.46,151291.65,115703.48,114140.15,37151.5,0
36WGHCV4571W1Z8,2026-02,829896.51,111793.26,149381.38,100218.98,634906.24,0.0,0
36WGHCV4571W1Z8,2026-03,963979.41,139467.89,173516.3,146634.2,146240.34,0.0,7
33DJPCB7474E1ZV,2025-04,997677.23,78441.95,179581.9,19345.34,19081.41,160500.49,0
33DJPCB7474E1ZV,2025-05,1198444.93,53193.71,215720.08,24004.92,23594.27,192125.8,0
33DJPCB7474E1ZV,2025-06,1171697.07,62278.42,210905.47,21753.37,21318.5,189586.98,0
33DJPCB7474E1ZV,2025-07,964922.5,66968.59,173686.04,22658.78,22356.23,151329.8,3
33DJPCB7474E1ZV,2025-08,1239722.33,63973.06,223150.02,24523.63,24467.43,198682.59,21
33DJPCB7474E1ZV,2025-09,1132210.3,61418.88,203797.85,21044.18,20980.87,182816.98,9
33DJPCB7474E1ZV,2025-10,2177922.04,66502.0,392025.98,29745.85,29718.35,362307.63,12
33DJPCB7474E1ZV,2025-11,1870496.97,74092.28,336689.45,23824.2,23409.57,313279.88,3
33DJPCB7474E1ZV,2025-12,1430981.76,79345.25,257576.72,27373.4,31538.81,226037.92,0
33DJPCB7474E1ZV,2026-01,1308171.43,63330.55,235470.88,30623.78,30448.61,205022.27,0
33DJPCB7474E1ZV,2026-02,1061015.92,55760.73,190982.87,33289.43,33095.48,157887.39,7
33DJPCB7474E1ZV,2026-03,1183123.96,79330.83,212962.3,23876.97,23611.85,189350.45,13
27FKAFK7544Y1ZK,2025-04,2769418.45,45392.31,498495.32,84427.81,129412.2,369083.11,0
27FKAFK7544Y1ZK,2025-05,2839931.75,62242.91,511187.72,154714.99,159315.2,351872.53,12
27FKAFK7544Y1ZK,2025-06,2429311.47,58875.87,437276.05,121676.27,119958.48,317317.57,0
27FKAFK7544Y1ZK,2025-07,3115059.09,52501.75,560710.64,140131.94,138651.62,422059.02,0
27FKAFK7544Y1ZK,2025-08,2000197.46,60635.82,360035.54,169584.34,166949.49,193086.04,0
27FKAFK7544Y1ZK,2025-09,2116653.68,55282.31,380997.68,94199.93,92999.66,287998.02,0
27FKAFK7544Y1ZK,2025-10,3607088.29,66546.44,649275.9,186027.22,200080.57,449195.33,0
27FKAFK7544Y1ZK,2025-11,3195345.82,55749.98,575162.22,169170.43,167257.26,407904.96,0
27FKAFK7544Y1ZK,2025-12,2696133.83,66472.28,485304.08,170036.65,178467.54,306836.54,7
27FKAFK7544Y1ZK,2026-01,5840167.76,41146.87,1051230.2,121403.04,119311.15,931919.05,0
27FKAFK7544Y1ZK,2026-02,2802304.97,58386.15,504414.89,148816.01,146154.41,358260.47,0
27FKAFK7544Y1ZK,2026-03,3071074.24,51342.38,552793.37,179531.22,178106.3,374687.07,0
24GKDCM9194P1ZY,2025-04,8970817.06,2017496.47,1614747.06,994872.78,989706.91,625040.16,0
24GKDCM9194P1ZY,2025-05,10660427.07,2335042.33,1918876.87,1251264.76,1235589.99,683286.87,1
24GKDCM9194P1ZY,2025-06,9172248.85,2157364.97,1651004.77,1425380.57,1411313.34,239691.44,0
24GKDCM9194P1ZY,2025-07,9356090.19,1767373.04,1684096.24,1368012.16,1376197.2,307899.04,0
24GKDCM9194P1ZY,2025-08,8627593.5,2147515.62,1552966.82,1222593.92,1222298.37,330668.45,0
24GKDCM9194P1ZY,2025-09,8807013.73,1994460.7,1585262.45,1048544.91,1041650.81,543611.64,0
24GKDCM9194P1ZY,2025-10,16443486.06,2791311.34,2959827.51,2354251.75,2325705.26,634122.25,4
24GKDCM9194P1ZY,2025-11,13429364.17,2203746.81,2417285.57,2066668.94,2027755.36,389530.21,0
24GKDCM9194P1ZY,2025-12,11985776.1,2275502.72,2157439.7,1934638.95,1916693.54,240746.15,3
24GKDCM9194P1ZY,2026-01,10964200.47,2215415.73,1973556.08,1901631.85,1879156.64,94399.44,0
24GKDCM9194P1ZY,2026-02,10844449.86,2252398.97,1952000.96,1386964.21,1360396.08,591604.89,0
24GKDCM9194P1ZY,2026-03,10019229.15,2136151.36,1803461.22,1395429.26,1386299.31,417161.91,0
33FADFG6540R1ZX,2025-04,785809.06,785809.06,39290.45,86790.75,85944.33,0.0,0
33FADFG6540R1ZX,2025-05,896318.73,896318.73,44815.94,98668.47,97577.0,0.0,0
33FADFG6540R1ZX,2025-06,986275.01,986275.01,49313.75,108217.6,107189.87,0.0,0
33FADFG6540R1ZX,2025-07,1484668.44,1484668.44,74233.42,196365.94,192753.85,0.0,0
33FADFG6540R1ZX,2025-08,985981.77,985981.77,49299.09,147368.94,146733.81,0.0,0
33FADFG6540R1ZX,2025-09,1155555.09,1155555.09,57777.75,114778.02,121684.53,0.0,0
33FADFG6540R1ZX,2025-10,1695293.56,1695293.56,84764.68,151411.05,191054.92,0.0,13
33FADFG6540R1ZX,2025-11,1471626.56,1471626.56,73581.33,150553.35,158459.58,0.0,0
33FADFG6540R1ZX,2025-12,1029749.52,1029749.52,51487.48,110685.8,109120.96,0.0,0
33FADFG6540R1ZX,2026-01,863156.08,863156.08,43157.8,89695.44,89471.59,0.0,0
33FADFG6540R1ZX,2026-02,689127.2,689127.2,34456.36,62711.92,76970.91,0.0,0
33FADFG6540R1ZX,2026-03,1440346.2,1440346.2,72017.31,147757.73,148502.02,0.0,0
36TISFS2054W1Z2,2025-04,908786.08,56073.23,163581.48,223159.49,220579.72,0.0,0
36TISFS2054W1Z2,2025-05,750109.17,107851.59,135019.66,214729.76,219431.93,0.0,0
36TISFS2054W1Z2,2025-06,574924.9,88969.76,103486.49,143566.65,142215.6,0.0,0
36TISFS2054W1Z2,2025-07,722131.05,103433.98,129983.58,171253.91,168580.93,0.0,0
36TISFS2054W1Z2,2025-08,709072.49,70990.12,127633.05,197911.77,194060.15,0.0,0
36TISFS2054W1Z2,2025-09,834014.17,65082.9,150122.55,165530.64,162606.83,0.0,0
36TISFS2054W1Z2,2025-10,1490283.69,171562.47,268251.06,431554.33,427433.56,0.0,0
36TISFS2054W1Z2,2025-11,863136.44,99470.6,155364.56,168901.52,187892.87,0.0,0
36TISFS2054W1Z2,2025-12,934285.51,80810.63,168171.38,269262.19,265018.49,0.0,6
36TISFS2054W1Z2,2026-01,582641.38,91638.73,104875.45,159048.42,155899.33,0.0,10
36TISFS2054W1Z2,2026-02,669041.2,95075.27,120427.42,131719.54,131190.03,0.0,0
36TISFS2054W1Z2,2026-03,1012288.1,114463.99,182211.86,178646.65,175903.37,0.0,0
07LMGCK3670M1Z5,2025-04,3024238.05,1142023.84,544362.83,211914.01,209556.5,334806.33,0
07LMGCK3670M1Z5,2025-05,3414733.71,1424043.17,614652.08,131820.24,216277.26,398374.82,0
07LMGCK3670M1Z5,2025-06,2951077.85,839057.13,531194.01,247454.13,245181.04,286012.97,0
07LMGCK3670M1Z5,2025-07,2281892.43,636028.07,410740.64,243400.96,242374.24,168366.4,0
07LMGCK3670M1Z5,2025-08,2539807.9,964021.41,457165.43,177689.19,175226.1,281939.33,0
07LMGCK3670M1Z5,2025-09,2674065.52,954188.04,481331.78,223286.36,219651.92,261679.85,0
07LMGCK3670M1Z5,2025-10,3582015.39,969547.45,644762.77,231333.8,226828.58,417934.2,0
07LMGCK3670M1Z5,2025-11,3183590.76,892921.61,573046.35,175239.37,172204.43,400841.92,10
07LMGCK3670M1Z5,2025-12,3116103.42,1169497.87,560898.63,255481.57,250563.12,310335.51,3
07LMGCK3670M1Z5,2026-01,2828564.65,834026.54,509141.64,220250.91,219111.65,290029.99,0
07LMGCK3670M1Z5,2026-02,3159700.72,1097819.16,568746.11,165239.47,163907.27,404838.83,0
07LMGCK3670M1Z5,2026-03,3023951.57,1129165.89,544311.29,168694.42,165788.05,378523.24,8
33EIWCC0642M1ZR,2025-04,595854.72,7375.98,29792.74,9242.76,9238.99,20553.75,3
33EIWCC0642M1ZR,2025-05,847618.1,7703.12,42380.91,9711.36,9669.26,32711.64,0
33EIWCC0642M1ZR,2025-06,704081.19,5213.83,35204.05,8404.25,8323.83,26880.22,0
33EIWCC0642M1ZR,2025-07,500215.56,6557.72,25010.78,6382.39,6350.93,18659.85,0
33EIWCC0642M1ZR,2025-08,859724.01,5745.22,42986.2,8429.44,8360.61,34625.59,0
33EIWCC0642M1ZR,2025-09,594772.78,7332.51,29738.65,5852.66,5778.12,23960.52,0
33EIWCC0642M1ZR,2025-10,1019910.83,7517.1,50995.54,35463.47,34760.86,16234.68,0
33EIWCC0642M1ZR,2025-11,1056678.33,6468.94,52833.93,8789.77,8782.42,44051.51,0
33EIWCC0642M1ZR,2025-12,655318.02,6042.29,32765.89,10215.85,10056.41,22709.48,0
33EIWCC0642M1ZR,2026-01,600281.49,7372.21,30014.07,6590.15,6505.81,23508.26,0
33EIWCC0642M1ZR,2026-02,730601.46,6607.38,36530.07,7736.39,7694.86,28835.21,0
33EIWCC0642M1ZR,2026-03,838977.3,8349.01,41948.86,9021.01,8855.83,33093.03,0
19UADCU1272D1ZY,2025-10,12293147.5,12293147.5,1475177.7,1461924.16,1438789.76,36387.94,0
19UADCU1272D1ZY,2025-11,10483067.89,10483067.89,1257968.15,1353151.36,1339075.68,0.0,0
19UADCU1272D1ZY,2025-12,11397235.76,11397235.76,1367668.29,1850759.6,1826524.98,0.0,0
19UADCU1272D1ZY,2026-01,7712577.35,7712577.35,925509.28,871418.04,869944.19,0.0,0
19UADCU1272D1ZY,2026-02,6907218.07,6907218.07,828866.17,831424.71,818289.45,0.0,4
19UADCU1272D1ZY,2026-03,7540412.11,7540412.11,904849.45,1183174.97,1213668.34,0.0,0
29AANCG0224Z1ZM,2025-10,505296.72,127587.9,60635.6,80112.79,78541.75,0.0,0
29AANCG0224Z1ZM,2025-11,611935.42,126748.55,73432.26,102928.54,102573.37,0.0,7
29AANCG0224Z1ZM,2025-12,370846.39,81887.84,44501.57,61448.58,60489.67,0.0,0
29AANCG0224Z1ZM,2026-01,332468.2,65385.94,39896.18,32298.46,31896.42,0.0,0
29AANCG0224Z1ZM,2026-02,437552.1,85250.26,52506.25,50082.87,49220.4,0.0,0
29AANCG0224Z1ZM,2026-03,491038.93,86588.76,58924.67,54645.34,53860.16,0.0,0
33RGBCV9005B1Z1,2025-04,6380849.79,849169.2,319042.48,796494.89,783403.28,0.0,0
33RGBCV9005B1Z1,2025-05,5299732.46,669147.89,264986.61,662422.97,658254.34,0.0,0
33RGBCV9005B1Z1,2025-06,4012149.73,630139.6,200607.5,464771.4,459113.31,0.0,10
33RGBCV9005B1Z1,2025-07,4599862.86,497472.8,229993.13,789590.8,779081.16,0.0,0
33RGBCV9005B1Z1,2025-08,4516734.46,687102.89,225836.75,536546.39,529721.19,0.0,0
33RGBCV9005B1Z1,2025-09,4686070.66,614254.59,234303.56,619127.15,614249.72,0.0,26
33RGBCV9005B1Z1,2025-10,7129566.24,1194571.38,356478.3,680033.79,764208.49,0.0,0
33RGBCV9005B1Z1,2025-11,6197379.52,929022.35,309868.98,657309.12,688513.07,0.0,9
33RGBCV9005B1Z1,2025-12,5083198.31,699449.75,254159.91,623513.39,618576.43,0.0,0
33RGBCV9005B1Z1,2026-01,4881520.73,817460.97,244076.04,690611.28,682997.35,0.0,0
33RGBCV9005B1Z1,2026-02,5191938.09,768158.78,259596.9,596931.77,593063.37,0.0,0
33RGBCV9005B1Z1,2026-03,5635087.02,817839.97,281754.39,693536.26,684818.66,0.0,0
27LMJCC1595L1Z6,2025-04,1233211.77,251233.86,61660.58,252797.62,247982.63,0.0,0
27LMJCC1595L1Z6,2025-05,1444117.87,233935.81,72205.9,263183.54,258094.54,0.0,0
27LMJCC1595L1Z6,2025-06,1835249.01,175086.59,91762.47,384566.98,381956.84,0.0,0
27LMJCC1595L1Z6,2025-07,1585124.53,222632.1,79256.22,360303.38,357789.19,0.0,8
27LMJCC1595L1Z6,2025-08,1378730.27,256034.87,68936.51,266071.65,261931.94,0.0,0
27LMJCC1595L1Z6,2025-09,1456724.24,199263.2,72836.21,357712.83,354450.43,0.0,0
27LMJCC1595L1Z6,2025-10,3026902.83,369304.84,151345.13,640085.3,630740.96,0.0,0
27LMJCC1595L1Z6,2025-11,1835405.91,334742.8,91770.3,394326.49,387416.73,0.0,0
27LMJCC1595L1Z6,2025-12,1620820.37,274845.46,81041.02,281302.39,276429.61,0.0,0
27LMJCC1595L1Z6,2026-01,1846322.21,300487.04,92316.12,370872.77,369225.58,0.0,4
27LMJCC1595L1Z6,2026-02,1077379.38,219607.07,53868.96,210033.75,209877.89,0.0,0
27LMJCC1595L1Z6,2026-03,1755123.82,274743.89,87756.18,381009.01,375601.9,0.0,0
33KZAPY3896P1Z4,2025-04,8598334.42,8598334.42,429916.72,1091397.71,1071862.84,0.0,1
33KZAPY3896P1Z4,2025-05,9562041.08,9562041.08,478102.05,757145.51,753245.46,0.0,0
33KZAPY3896P1Z4,2025-06,6758156.14,6758156.14,337907.81,608501.45,606409.53,0.0,10
33KZAPY3896P1Z4,2025-07,6128738.24,6128738.24,306436.91,511283.94,510599.62,0.0,0
33KZAPY3896P1Z4,2025-08,7697646.97,7697646.97,384882.35,781681.52,766872.07,0.0,0
33KZAPY3896P1Z4,2025-09,9274881.08,9274881.08,463744.05,817674.95,805924.31,0.0,0
33KZAPY3896P1Z4,2025-10,10594769.41,10594769.41,529738.47,755160.53,791865.77,0.0,0
33KZAPY3896P1Z4,2025-11,11136702.62,11136702.62,556835.13,977605.55,960269.25,0.0,0
33KZAPY3896P1Z4,2025-12,6404606.08,6404606.08,320230.3,661586.97,651294.61,0.0,0
33KZAPY3896P1Z4,2026-01,7284716.15,7284716.15,364235.81,855759.45,846284.53,0.0,0
33KZAPY3896P1Z4,2026-02,6100046.71,6100046.71,305002.34,485898.66,476767.73,0.0,0
33KZAPY3896P1Z4,2026-03,8364315.66,8364315.66,418215.78,836385.87,824559.4,0.0,2
19ZUJPU2824C1ZT,2025-04,4482456.61,70305.46,537894.82,569841.11,560399.43,0.0,0
19ZUJPU2824C1ZT,2025-05,4238955.1,95989.7,508674.6,656183.11,648277.59,0.0,0
19ZUJPU2824C1ZT,2025-06,11373586.01,94790.46,1364830.33,1905771.31,1899998.8,0.0,1
19ZUJPU2824C1ZT,2025-07,10982661.37,77941.34,1317919.37,1789662.5,1782806.48,0.0,1
19ZUJPU2824C1ZT,2025-08,11478997.89,90758.32,1377479.73,1898186.93,1894424.13,0.0,0
19ZUJPU2824C1ZT,2025-09,12604486.43,89414.1,1512538.37,2154471.62,2131850.09,0.0,0
19ZUJPU2824C1ZT,2025-10,15367568.52,128951.44,1844108.21,2587835.23,2558184.52,0.0,0
19ZUJPU2824C1ZT,2025-11,13130805.68,109504.32,1575696.68,1408104.33,2079072.21,0.0,2
19ZUJPU2824C1ZT,2025-12,10588181.67,97088.05,1270581.81,1838422.34,1826223.67,0.0,0
19ZUJPU2824C1ZT,2026-01,3901554.57,88321.56,468186.54,531133.45,525463.06,0.0,7
19ZUJPU2824C1ZT,2026-02,3520685.48,83613.67,422482.26,609535.23,609515.9,0.0,15
19ZUJPU2824C1ZT,2026-03,4561007.09,92329.82,547320.86,634629.45,627640.68,0.0,1
27KGLCN1119S1Z9,2025-04,7179934.33,87958.43,1292388.16,469367.81,462466.73,829921.42,0
27KGLCN1119S1Z9,2025-05,5687838.51,89513.95,1023810.92,267901.75,270606.46,753204.46,0
27KGLCN1119S1Z9,2025-06,6200521.6,109483.78,1116093.87,374715.16,368271.12,747822.75,0
27KGLCN1119S1Z9,2025-07,5623634.22,117048.27,1012254.15,303011.94,313544.91,698709.24,0
27KGLCN1119S1Z9,2025-08,5453837.16,74717.73,981690.67,280409.96,276369.92,705320.76,0
27KGLCN1119S1Z9,2025-09,6397072.19,105410.38,1151472.99,338419.88,349796.81,801676.18,0
27KGLCN1119S1Z9,2025-10,8043930.76,72673.14,1447907.54,570702.08,583921.9,863985.64,12
27KGLCN1119S1Z9,2025-11,8446944.38,93068.24,1520449.99,572431.53,561180.62,959269.38,0
27KGLCN1119S1Z9,2025-12,5395651.78,119063.74,971217.31,315752.92,315466.07,655751.24,3
27KGLCN1119S1Z9,2026-01,5775681.11,158709.58,1039622.59,439565.24,433563.29,606059.31,0
27KGLCN1119S1Z9,2026-02,4948393.55,97493.61,890710.84,261136.74,259493.02,631217.82,0
27KGLCN1119S1Z9,2026-03,6255767.55,83809.22,1126038.19,360011.12,357810.77,768227.42,0
36NPJCF3666P1ZO,2025-04,3435121.46,8267.19,618321.85,14651.14,14450.71,603871.14,0
36NPJCF3666P1ZO,2025-05,2993546.09,8533.72,538838.3,12381.57,12281.16,526557.14,0
36NPJCF3666P1ZO,2025-06,3437088.55,8868.06,618675.92,9910.13,13745.67,604930.25,29
36NPJCF3666P1ZO,2025-07,3604045.6,8122.36,648728.2,17025.33,17012.8,631715.4,0
36NPJCF3666P1ZO,2025-08,3118573.84,8486.38,561343.31,12215.87,12067.86,549275.45,0
36NPJCF3666P1ZO,2025-09,3694930.69,10392.45,665087.5,12945.85,12913.41,652174.09,6
36NPJCF3666P1ZO,2025-10,5388374.28,9115.59,969907.39,12829.1,12725.36,957182.03,1
36NPJCF3666P1ZO,2025-11,4587775.07,7253.7,825799.53,13548.52,13431.31,812368.22,0
36NPJCF3666P1ZO,2025-12,3729881.48,11004.2,671378.67,13580.68,1960784.47,0.0,22
36NPJCF3666P1ZO,2026-01,3203821.03,10044.67,576687.8,13459.4,1252924.34,0.0,0
36NPJCF3666P1ZO,2026-02,3704598.23,7668.07,666827.67,10552.63,10515.83,0.0,0
36NPJCF3666P1ZO,2026-03,4067322.63,8932.78,732118.07,8213.12,8191.65,0.0,0
27ITQCC0002A1Z3,2025-04,812380.35,812380.35,97485.64,70312.42,69925.0,27560.65,9
27ITQCC0002A1Z3,2025-05,676101.92,676101.92,81132.23,51846.44,51135.5,29996.73,0
27ITQCC0002A1Z3,2025-06,1136378.56,1136378.56,136365.43,96092.5,94681.18,41684.25,0
27ITQCC0002A1Z3,2025-07,893687.32,893687.32,107242.48,68769.38,68040.36,39202.11,0
27ITQCC0002A1Z3,2025-08,1074578.09,1074578.09,128949.37,78217.95,78202.75,50746.62,0
27ITQCC0002A1Z3,2025-09,1107485.99,1107485.99,132898.32,88920.98,87633.01,45265.31,0
27ITQCC0002A1Z3,2025-10,1242013.87,1242013.87,149041.66,124316.85,122979.18,26062.48,0
27ITQCC0002A1Z3,2025-11,1106395.26,1106395.26,132767.43,92304.05,91937.16,40830.27,0
27ITQCC0002A1Z3,2025-12,1224249.23,1224249.23,146909.91,90676.03,90418.89,56491.02,0
27ITQCC0002A1Z3,2026-01,932501.03,932501.03,111900.12,61576.67,60626.71,51273.42,0
27ITQCC0002A1Z3,2026-02,853492.62,853492.62,102419.11,42052.24,48995.95,53423.17,6
27ITQCC0002A1Z3,2026-03,926455.47,926455.47,111174.66,74709.0,74418.69,36755.96,0
29KISFW3188Y1ZL,2025-04,1326027.1,318733.39,238684.88,176509.91,175541.86,63143.02,0
29KISFW3188Y1ZL,2025-05,1211713.67,317535.68,218108.44,165174.82,165122.19,52986.25,0
29KISFW3188Y1ZL,2025-06,1263371.42,271608.92,227406.85,183993.65,182251.32,45155.54,0
29KISFW3188Y1ZL,2025-07,1411451.61,358109.33,254061.29,187284.16,201058.1,53003.19,0
29KISFW3188Y1ZL,2025-08,1713786.94,350634.0,308481.63,283562.03,283347.17,25134.46,0
29KISFW3188Y1ZL,2025-09,1297787.9,285361.14,233601.81,167334.47,164427.11,69174.7,0
29KISFW3188Y1ZL,2025-10,2533155.6,470779.65,455968.0,244551.4,284770.13,171197.86,0
29KISFW3188Y1ZL,2025-11,1635687.79,344862.07,294423.8,210025.05,209224.81,85198.99,5
29KISFW3188Y1ZL,2025-12,1194389.09,267864.56,214990.02,214430.36,211905.19,3084.83,0
29KISFW3188Y1ZL,2026-01,1297633.35,237366.98,233573.99,179396.73,177716.07,55857.91,0
29KISFW3188Y1ZL,2026-02,1345515.2,259708.02,242192.75,159915.75,170397.08,71795.67,0
29KISFW3188Y1ZL,2026-03,1452794.25,315895.72,261502.96,246481.9,243804.11,17698.85,0
36ILZPX6014P1ZO,2025-04,782455.92,117336.42,39122.79,117158.76,131375.62,0.0,6
36ILZPX6014P1ZO,2025-05,680884.02,150246.17,34044.2,111968.88,110996.7,0.0,0
36ILZPX6014P1ZO,2025-06,919568.85,150068.65,45978.44,163312.34,163183.73,0.0,0
36ILZPX6014P1ZO,2025-07,968277.9,141624.77,48413.9,156520.15,154910.03,0.0,0
36ILZPX6014P1ZO,2025-08,1113347.4,174990.52,55667.37,169935.75,166817.6,0.0,6
36ILZPX6014P1ZO,2025-09,793251.53,156978.03,39662.57,147894.61,145735.79,0.0,9
36ILZPX6014P1ZO,2025-10,1408874.09,312513.78,70443.7,231167.59,230512.75,0.0,0
36ILZPX6014P1ZO,2025-11,1126053.66,240499.32,56302.69,182909.16,179322.57,0.0,0
36ILZPX6014P1ZO,2025-12,881124.23,185355.96,44056.21,154352.76,151863.81,0.0,0
36ILZPX6014P1ZO,2026-01,707125.33,126178.56,35356.26,113015.89,112591.59,0.0,7
36ILZPX6014P1ZO,2026-02,590962.14,133841.97,29548.11,92416.59,91651.84,0.0,0
36ILZPX6014P1ZO,2026-03,897705.65,155832.38,44885.28,147159.98,145535.52,0.0,0
07AHSFI4147O1Z9,2025-04,5840062.6,766483.65,292003.15,901493.15,900195.37,0.0,0
07AHSFI4147O1Z9,2025-05,5853266.99,1236400.5,292663.31,746701.1,736084.16,0.0,0
07AHSFI4147O1Z9,2025-06,5468285.38,995029.95,273414.28,669551.64,668709.0,0.0,0
07AHSFI4147O1Z9,2025-07,5489397.77,994804.22,274469.87,862750.99,858982.77,0.0,10
07AHSFI4147O1Z9,2025-08,7115535.34,1485427.06,355776.76,1349017.86,1341832.85,0.0,0
07AHSFI4147O1Z9,2025-09,5570914.36,1022550.36,278545.7,997161.36,994265.08,0.0,0
07AHSFI4147O1Z9,2025-10,9547085.1,1981043.84,477354.26,1490149.9,1526985.28,0.0,0
07AHSFI4147O1Z9,2025-11,9156616.69,1558888.51,457830.84,1163106.0,1158259.7,0.0,0
07AHSFI4147O1Z9,2025-12,6043934.28,1172842.66,302196.74,801804.05,879493.92,0.0,0
07AHSFI4147O1Z9,2026-01,6375227.6,1066519.38,318761.38,835243.26,824496.04,0.0,0
07AHSFI4147O1Z9,2026-02,5368768.48,1058205.39,268438.41,935054.28,926953.58,0.0,0
07AHSFI4147O1Z9,2026-03,7315930.67,1601502.06,365796.55,921529.68,916485.82,0.0,0
24WWIPC6063V1ZA,2025-04,362997.78,48765.26,101639.37,38126.75,38119.25,63520.12,10
24WWIPC6063V1ZA,2025-05,392999.88,40115.83,110039.96,40761.4,40380.46,69659.5,0
24WWIPC6063V1ZA,2025-06,324488.31,35030.32,90856.74,26912.74,26603.07,64253.67,0
24WWIPC6063V1ZA,2025-07,2684278.37,34575.81,751597.94,29594.51,29584.3,722013.64,0
24WWIPC6063V1ZA,2025-08,392731.73,35848.01,109964.88,44708.85,44328.61,65636.28,0
24WWIPC6063V1ZA,2025-09,360432.21,34474.03,100921.02,28639.09,28527.12,72393.89,0
24WWIPC6063V1ZA,2025-10,904430.57,45553.21,253240.55,83139.11,82568.44,170672.11,6
24WWIPC6063V1ZA,2025-11,570568.06,45067.46,159759.05,66821.02,65489.63,94269.41,0
24WWIPC6063V1ZA,2025-12,367896.1,29735.14,103010.91,37171.56,36660.95,66349.96,0
24WWIPC6063V1ZA,2026-01,389762.64,37433.6,109133.54,34260.92,34254.52,74879.02,0
24WWIPC6063V1ZA,2026-02,403912.0,37569.35,113095.35,33970.12,33417.92,79677.43,8
24WWIPC6063V1ZA,2026-03,427881.35,33102.89,119806.78,38290.31,37856.4,81950.38,0
33DTBPP6855T1ZQ,2025-04,4993066.03,724147.71,898751.88,814951.14,853579.73,45172.15,0
33DTBPP6855T1ZQ,2025-05,4092369.89,795060.87,736626.57,503734.92,495338.53,241288.04,0
33DTBPP6855T1ZQ,2025-06,5867545.0,731119.89,1056158.1,942021.71,926869.71,129288.39,29
33DTBPP6855T1ZQ,2025-07,4109675.93,1029267.54,739741.67,600144.3,591866.47,147875.2,0
33DTBPP6855T1ZQ,2025-08,4620835.23,917093.62,831750.34,836019.43,835183.12,0.0,0
33DTBPP6855T1ZQ,2025-09,4239519.31,741242.8,763113.47,411326.56,479751.34,279929.35,0
33DTBPP6855T1ZQ,2025-10,5368262.49,1043111.08,966287.24,855515.67,841942.72,124344.52,0
33DTBPP6855T1ZQ,2025-11,5786046.81,1128624.96,1041488.43,738428.08,725421.39,316067.04,0
33DTBPP6855T1ZQ,2025-12,4461349.6,744755.41,803042.92,645088.42,636265.33,166777.59,0
33DTBPP6855T1ZQ,2026-01,3437919.25,753125.94,618825.46,484925.75,477412.37,141413.09,8
33DTBPP6855T1ZQ,2026-02,4215429.92,676340.29,758777.38,505691.87,501023.86,257753.52,10
33DTBPP6855T1ZQ,2026-03,4649044.45,792370.51,836828.02,676318.76,672561.92,164266.11,9
07YCJPC3605U1ZK,2025-04,3230323.25,276112.27,161516.17,502518.63,493302.43,0.0,0
07YCJPC3605U1ZK,2025-05,2506482.93,319025.8,125324.15,380259.3,377894.2,0.0,1
07YCJPC3605U1ZK,2025-06,2460318.61,335926.81,123015.92,295710.54,293290.67,0.0,0
07YCJPC3605U1ZK,2025-07,2848782.75,397220.35,142439.14,396777.5,395520.83,0.0,0
07YCJPC3605U1ZK,2025-08,3078178.49,317434.9,153908.92,294691.46,354005.34,0.0,0
07YCJPC3605U1ZK,2025-09,3000686.09,380356.23,150034.3,559718.33,553477.16,0.0,0
07YCJPC3605U1ZK,2025-10,4180865.82,471546.67,209043.26,718007.91,710557.06,0.0,9
07YCJPC3605U1ZK,2025-11,3866072.89,502310.28,193303.64,703966.55,699923.69,0.0,0
07YCJPC3605U1ZK,2025-12,2745422.48,392952.8,137271.12,334439.15,331558.47,0.0,0
07YCJPC3605U1ZK,2026-01,3354690.91,462854.23,167734.54,485157.42,477148.93,0.0,0
07YCJPC3605U1ZK,2026-02,3198663.2,385685.37,159933.16,570303.93,559462.31,0.0,0
07YCJPC3605U1ZK,2026-03,3676157.04,378205.36,183807.85,703038.39,694939.97,0.0,7
24PPXPY6638Q1ZZ,2025-04,4002673.49,4002673.49,200133.67,634903.64,654813.84,0.0,0
24PPXPY6638Q1ZZ,2025-05,4809028.65,4809028.65,240451.43,873222.25,864514.79,0.0,5
24PPXPY6638Q1ZZ,2025-06,4496102.59,4496102.59,224805.13,591734.12,606393.79,0.0,0
24PPXPY6638Q1ZZ,2025-07,4056362.46,4056362.46,202818.12,538250.66,529728.57,0.0,19
24PPXPY6638Q1ZZ,2025-08,3916085.5,3916085.5,195804.27,537569.1,557407.73,0.0,0
24PPXPY6638Q1ZZ,2025-09,4832790.06,4832790.06,241639.5,644645.39,634782.88,0.0,0
24PPXPY6638Q1ZZ,2025-10,6604542.04,6604542.04,330227.1,989758.8,1042144.2,0.0,0
24PPXPY6638Q1ZZ,2025-11,6657623.84,6657623.84,332881.19,923921.0,985644.58,0.0,0
24PPXPY6638Q1ZZ,2025-12,5026132.99,5026132.99,251306.65,662511.99,660160.7,0.0,2
24PPXPY6638Q1ZZ,2026-01,4203109.33,4203109.33,210155.47,585273.16,584329.3,0.0,0
24PPXPY6638Q1ZZ,2026-02,5079422.9,5079422.9,253971.15,726585.64,715961.61,0.0,9
24PPXPY6638Q1ZZ,2026-03,5172074.87,5172074.87,258603.74,767300.34,754011.57,0.0,0
27FJNPS2303P1ZJ,2025-04,839239.78,260280.43,41962.0,118330.39,117058.71,0.0,0
27FJNPS2303P1ZJ,2025-05,763376.22,273000.59,38168.81,89422.01,88247.04,0.0,9
27FJNPS2303P1ZJ,2025-06,753573.01,222168.52,37678.64,109889.92,109314.15,0.0,0
27FJNPS2303P1ZJ,2025-07,724746.6,185092.31,36237.34,88310.78,88217.2,0.0,3
27FJNPS2303P1ZJ,2025-08,843121.58,201097.14,42156.08,139658.46,136907.33,0.0,0
27FJNPS2303P1ZJ,2025-09,1308039.54,171705.77,65401.98,147473.46,186263.51,0.0,0
27FJNPS2303P1ZJ,2025-10,2088288.07,264611.22,104414.4,241582.95,241502.58,0.0,0
27FJNPS2303P1ZJ,2025-11,2018355.32,301233.14,100917.77,229987.5,226015.54,0.0,0
27FJNPS2303P1ZJ,2025-12,1865185.49,232837.84,93259.27,181997.66,178762.78,0.0,5
27FJNPS2303P1ZJ,2026-01,1781927.29,288082.4,89096.37,256616.94,253301.52,0.0,0
27FJNPS2303P1ZJ,2026-02,1148399.38,212093.34,57419.98,173316.78,171533.32,0.0,0
27FJNPS2303P1ZJ,2026-03,1761424.58,201457.26,88071.24,211633.51,233239.37,0.0,0
09QFOCN7911O1ZW,2025-04,1130985.26,1130985.26,203577.35,114734.59,112568.82,91008.52,9
09QFOCN7911O1ZW,2025-05,1423085.14,1423085.14,256155.33,126420.7,124114.86,132040.46,0
09QFOCN7911O1ZW,2025-06,1164036.2,1164036.2,209526.52,134748.79,134680.8,74845.72,0
09QFOCN7911O1ZW,2025-07,1151102.18,1151102.18,207198.39,93781.83,92515.2,114683.19,0
09QFOCN7911O1ZW,2025-08,1154607.42,1154607.42,207829.34,128213.23,127732.92,80096.41,9
09QFOCN7911O1ZW,2025-09,1222787.36,1222787.36,220101.72,106041.45,105938.73,114163.0,0
09QFOCN7911O1ZW,2025-10,2191810.06,2191810.06,394525.81,160469.72,174543.77,219982.04,4
09QFOCN7911O1ZW,2025-11,1863207.61,1863207.61,335377.37,169073.08,167355.57,168021.81,0
09QFOCN7911O1ZW,2025-12,1203553.93,1203553.93,216639.71,107039.82,105617.72,111021.98,0
09QFOCN7911O1ZW,2026-01,1415408.94,1415408.94,254773.61,136946.84,136522.56,118251.05,1
09QFOCN7911O1ZW,2026-02,1264692.68,1264692.68,227644.68,82650.59,98690.72,128953.96,18
09QFOCN7911O1ZW,2026-03,1571750.83,1571750.83,282915.15,147153.57,146836.11,136079.04,0
27QHCPI1175K1ZW,2025-04,849394.52,849394.52,101927.34,90678.5,89634.01,12293.33,0
27QHCPI1175K1ZW,2025-05,941352.45,941352.45,112962.29,108209.14,107344.24,5618.06,0
27QHCPI1175K1ZW,2025-06,863137.78,863137.78,103576.53,79078.83,78207.1,25369.43,0
27QHCPI1175K1ZW,2025-07,689755.96,689755.96,82770.72,71833.57,71675.2,11095.52,0
27QHCPI1175K1ZW,2025-08,519671.5,519671.5,62360.58,59654.56,59490.92,2869.66,0
27QHCPI1175K1ZW,2025-09,614635.31,614635.31,73756.24,66879.94,66337.35,7418.88,0
27QHCPI1175K1ZW,2025-10,1260327.4,1260327.4,151239.29,128150.73,127994.86,23244.43,0
27QHCPI1175K1ZW,2025-11,982633.26,982633.26,117915.99,94387.84,93568.96,24347.04,0
27QHCPI1175K1ZW,2025-12,693961.22,693961.22,83275.35,87457.27,85852.07,0.0,0
27QHCPI1175K1ZW,2026-01,508294.26,508294.26,60995.31,46935.48,46695.23,11723.36,0
27QHCPI1175K1ZW,2026-02,737616.82,737616.82,88514.02,82933.08,82431.67,6082.35,0
27QHCPI1175K1ZW,2026-03,722623.78,722623.78,86714.85,63741.31,63452.68,23262.18,0
36WSQPC7745Q1Z8,2025-08,1336893.65,87603.09,66844.66,199243.68,208527.13,0.0,7
36WSQPC7745Q1Z8,2025-09,1059511.57,101770.92,52975.57,153046.64,150545.92,0.0,0
36WSQPC7745Q1Z8,2025-10,1887879.58,187043.77,94393.98,315079.66,314824.08,0.0,5
36WSQPC7745Q1Z8,2025-11,1837736.49,154435.55,91886.83,345411.76,341288.14,0.0,0
36WSQPC7745Q1Z8,2025-12,1572327.63,106280.85,78616.38,230034.55,227120.43,0.0,0
36WSQPC7745Q1Z8,2026-01,1139394.53,97408.29,56969.72,183564.09,182646.69,0.0,0
36WSQPC7745Q1Z8,2026-02,1183328.6,95170.67,59166.42,178035.37,175927.88,0.0,0
36WSQPC7745Q1Z8,2026-03,1282450.9,89083.87,64122.54,219811.39,217766.8,0.0,0
07PUCFP2045F1Z2,2025-04,1858100.58,296721.46,334458.1,168577.45,167070.1,167388.0,0
07PUCFP2045F1Z2,2025-05,2185578.0,380283.1,393404.06,121749.12,119373.09,274030.97,0
07PUCFP2045F1Z2,2025-06,1865556.23,358274.15,335800.1,155943.23,154381.6,181418.5,0
07PUCFP2045F1Z2,2025-07,1985985.36,411181.45,357477.37,137976.47,135515.77,221961.6,0
07PUCFP2045F1Z2,2025-08,1807121.31,295532.03,325281.83,76843.06,111855.58,213426.25,0
07PUCFP2045F1Z2,2025-09,1887144.01,288678.8,339685.92,138976.31,136719.3,202966.62,8
07PUCFP2045F1Z2,2025-10,2620723.5,406441.49,471730.25,132021.58,129879.56,341850.69,0
07PUCFP2045F1Z2,2025-11,2690616.55,342507.99,484310.99,165263.31,164012.42,320298.57,0
07PUCFP2045F1Z2,2025-12,2020948.9,358279.36,363770.8,157990.41,155469.16,208301.64,1
07PUCFP2045F1Z2,2026-01,2306784.2,328971.44,415221.14,147788.18,145493.51,269727.63,8
07PUCFP2045F1Z2,2026-02,2361984.4,416486.85,425157.18,168356.57,166688.92,258468.27,0
07PUCFP2045F1Z2,2026-03,2075317.63,379864.93,373557.18,183498.91,180314.59,193242.58,0
24FVXCJ0034N1ZV,2025-04,1500506.87,92219.37,270091.23,222064.82,220004.01,50087.21,0
24FVXCJ0034N1ZV,2025-05,1600070.91,56099.3,288012.78,221347.27,219266.9,68745.89,0
24FVXCJ0034N1ZV,2025-06,1300061.7,59920.36,234011.11,162781.28,198221.73,35789.38,0
24FVXCJ0034N1ZV,2025-07,1361770.26,75028.28,245118.65,289416.13,292038.12,0.0,0
24FVXCJ0034N1ZV,2025-08,1573286.62,78713.43,283191.6,231048.32,230128.34,6143.79,0
24FVXCJ0034N1ZV,2025-09,1652438.42,68751.51,297438.93,225688.34,222227.13,75211.8,0
24FVXCJ0034N1ZV,2025-10,2169533.65,127122.65,390516.05,333360.28,327912.54,62603.51,0
24FVXCJ0034N1ZV,2025-11,1724392.77,85938.16,310390.7,353751.7,352644.81,0.0,0
24FVXCJ0034N1ZV,2025-12,1596727.01,67562.47,287410.88,258729.55,256412.74,0.0,0
24FVXCJ0034N1ZV,2026-01,1438496.37,68559.01,258929.34,276321.51,272207.43,0.0,0
24FVXCJ0034N1ZV,2026-02,2021801.7,66171.32,363924.31,357032.59,353408.93,0.0,0
24FVXCJ0034N1ZV,2026-03,1854355.88,61722.08,333784.04,264033.71,262451.43,57313.93,3
27XISCR9190W1ZL,2025-04,885838.15,885838.15,159450.87,81169.1,79963.54,79487.32,7
27XISCR9190W1ZL,2025-05,798224.5,798224.5,143680.41,87219.35,86766.9,56913.51,0
27XISCR9190W1ZL,2025-06,723021.08,723021.08,130143.79,85492.79,84930.55,45213.24,0
27XISCR9190W1ZL,2025-07,709756.44,709756.44,127756.16,76687.34,75850.42,51905.74,0
27XISCR9190W1ZL,2025-08,526694.69,526694.69,94805.04,46298.5,48266.82,46538.23,0
27XISCR9190W1ZL,2025-09,689972.62,689972.62,124195.07,89951.64,88310.05,35885.02,0
27XISCR9190W1ZL,2025-10,1161661.24,1161661.24,209099.02,114554.16,113952.69,95146.33,0
27XISCR9190W1ZL,2025-11,1011685.15,1011685.15,182103.33,79362.99,77988.67,104114.66,0
27XISCR9190W1ZL,2025-12,1047747.05,1047747.05,188594.47,85185.62,83559.47,105035.0,0
27XISCR9190W1ZL,2026-01,754958.19,754958.19,135892.47,55600.47,55455.77,80436.71,0
27XISCR9190W1ZL,2026-02,795555.38,795555.38,143199.97,59385.55,60546.01,82653.96,0
27XISCR9190W1ZL,2026-03,991307.79,991307.79,178435.4,85843.95,85373.18,93062.22,0
33ECDCV9508P1ZJ,2025-04,3245053.08,3245053.08,584109.55,337070.95,334668.45,249441.11,0
33ECDCV9508P1ZJ,2025-05,3967709.49,3967709.49,714187.71,468214.29,460296.48,253891.22,0
33ECDCV9508P1ZJ,2025-06,3315571.03,3315571.03,596802.79,288214.48,282943.23,313859.56,27
33ECDCV9508P1ZJ,2025-07,3471558.48,3471558.48,624880.53,319814.37,315367.46,309513.07,0
33ECDCV9508P1ZJ,2025-08,2637253.78,2637253.78,474705.68,270898.11,269129.45,205576.23,0
33ECDCV9508P1ZJ,2025-09,3080584.43,3080584.43,554505.2,348853.34,348136.11,206369.09,0
33ECDCV9508P1ZJ,2025-10,5462346.79,5462346.79,983222.42,638768.52,631048.82,352173.6,1
33ECDCV9508P1ZJ,2025-11,5158815.31,5158815.31,928586.76,525989.4,525182.63,403404.12,0
33ECDCV9508P1ZJ,2025-12,3837271.51,3837271.51,690708.87,425081.74,421492.62,269216.25,0
33ECDCV9508P1ZJ,2026-01,2631735.39,2631735.39,473712.37,298532.44,296886.88,176825.49,0
33ECDCV9508P1ZJ,2026-02,2672070.51,2672070.51,480972.69,230790.65,227988.15,252984.54,0
33ECDCV9508P1ZJ,2026-03,4186659.32,4186659.32,753598.68,582833.76,579756.08,173842.6,0
36TGPFO6470T1Z8,2025-04,2354400.88,2354400.88,423792.16,272457.54,284970.29,138821.87,1
36TGPFO6470T1Z8,2025-05,2423293.78,2423293.78,436192.88,236830.1,235043.21,201149.67,0
36TGPFO6470T1Z8,2025-06,2421997.11,2421997.11,435959.48,175833.75,174818.09,261141.39,0
36TGPFO6470T1Z8,2025-07,2502658.15,2502658.15,450478.47,284859.15,287842.88,162635.59,9
36TGPFO6470T1Z8,2025-08,2227500.4,2227500.4,400950.07,210451.04,206366.12,194583.95,0
36TGPFO6470T1Z8,2025-09,2283796.13,2283796.13,411083.3,197812.36,194906.87,216176.43,0
36TGPFO6470T1Z8,2025-10,3578817.77,3578817.77,644187.2,395225.04,391838.01,252349.18,0
36TGPFO6470T1Z8,2025-11,3131998.19,3131998.19,563759.67,242725.49,240889.64,322870.04,0
36TGPFO6470T1Z8,2025-12,2324367.19,2324367.19,418386.09,200099.12,196889.63,221496.46,28
36TGPFO6470T1Z8,2026-01,1740091.23,1740091.23,313216.42,200420.1,197584.99,115631.43,0
36TGPFO6470T1Z8,2026-02,2471211.77,2471211.77,444818.12,225465.02,222204.5,222613.61,0
36TGPFO6470T1Z8,2026-03,2587528.15,2587528.15,465755.07,244381.08,242634.49,223120.58,0
24NXCCI0972K1ZW,2025-04,1022478.13,1022478.13,122697.38,206779.55,203137.97,0.0,25
24NXCCI0972K1ZW,2025-05,1260457.0,1260457.0,151254.84,245343.5,243016.11,0.0,0
24NXCCI0972K1ZW,2025-06,1181127.62,1181127.62,141735.31,195683.93,191895.45,0.0,0
24NXCCI0972K1ZW,2025-07,972926.96,972926.96,116751.23,186046.29,185940.26,0.0,0
24NXCCI0972K1ZW,2025-08,1089669.42,1089669.42,130760.33,137567.24,136449.29,0.0,0
24NXCCI0972K1ZW,2025-09,1287676.57,1287676.57,154521.19,182419.52,180842.39,0.0,0
24NXCCI0972K1ZW,2025-10,2160217.62,2160217.62,259226.11,367358.07,365489.73,0.0,0
24NXCCI0972K1ZW,2025-11,1383333.95,1383333.95,166000.07,159697.93,157009.59,0.0,0
24NXCCI0972K1ZW,2025-12,995150.8,995150.8,119418.1,125444.53,124046.31,0.0,0
24NXCCI0972K1ZW,2026-01,1572085.09,1572085.09,188650.21,197575.95,195189.74,0.0,5
24NXCCI0972K1ZW,2026-02,1171505.75,1171505.75,140580.69,145700.96,143665.93,0.0,0
24NXCCI0972K1ZW,2026-03,1367846.17,1367846.17,164141.54,120418.83,119840.74,0.0,0
19PYJFU7879S1ZU,2025-04,800498.6,15688.2,40024.93,48035.02,47885.63,0.0,0
19PYJFU7879S1ZU,2025-05,1040774.76,18628.11,52038.74,49173.5,48475.56,0.0,0
19PYJFU7879S1ZU,2025-06,1048513.01,14667.52,52425.65,53678.92,53093.26,0.0,0
19PYJFU7879S1ZU,2025-07,751128.41,14898.19,37556.43,45480.18,45014.03,0.0,0
19PYJFU7879S1ZU,2025-08,756421.23,20214.08,37821.05,72309.5,72275.58,0.0,0
19PYJFU7879S1ZU,2025-09,733583.11,16940.29,36679.16,60279.87,59191.05,0.0,0
19PYJFU7879S1ZU,2025-10,1248960.36,16890.26,62448.01,50244.68,49726.12,0.0,0
19PYJFU7879S1ZU,2025-11,974226.23,17218.69,48711.31,52806.98,51935.63,0.0,0
19PYJFU7879S1ZU,2025-12,850582.49,19692.46,42529.12,49494.56,49177.58,0.0,4
19PYJFU7879S1ZU,2026-01,770722.96,18104.86,38536.14,66067.58,64932.14,0.0,3
19PYJFU7879S1ZU,2026-02,538217.33,15798.15,26910.87,57575.07,56476.23,0.0,0
19PYJFU7879S1ZU,2026-03,876741.91,15883.67,43837.09,37788.48,37345.4,0.0,0
33HJIPE7543R1ZJ,2025-04,1696112.94,1696112.94,203533.55,207029.66,206510.98,0.0,0
33HJIPE7543R1ZJ,2025-05,1753532.5,1753532.5,210423.9,250108.52,246831.48,0.0,0
33HJIPE7543R1ZJ,2025-06,1651409.26,1651409.26,198169.11,122121.76,119928.07,38856.03,0
33HJIPE7543R1ZJ,2025-07,1698889.43,1698889.43,203866.73,127727.64,128090.53,75776.2,0
33HJIPE7543R1ZJ,2025-08,1674640.93,1674640.93,200956.91,126763.68,141727.53,59229.39,0
33HJIPE7543R1ZJ,2025-09,1784911.67,1784911.67,214189.4,207606.3,240248.49,0.0,0
33HJIPE7543R1ZJ,2025-10,3391898.8,3391898.8,407027.86,359348.05,427680.06,0.0,0
33HJIPE7543R1ZJ,2025-11,1899254.34,1899254.34,227910.52,177480.57,200397.33,0.0,8
33HJIPE7543R1ZJ,2025-12,2000689.95,2000689.95,240082.79,210388.21,207355.33,13529.36,0
33HJIPE7543R1ZJ,2026-01,1595047.81,1595047.81,191405.74,127010.99,126644.28,64761.46,0
33HJIPE7543R1ZJ,2026-02,2039262.77,2039262.77,244711.53,177666.61,175799.41,68912.13,0
33HJIPE7543R1ZJ,2026-03,1843902.08,1843902.08,221268.25,186450.69,189121.17,32147.08,0
36WFTPU0769B1ZF,2025-04,5550833.95,53545.06,666100.08,493824.47,485450.92,180649.16,40
36WFTPU0769B1ZF,2025-05,4464535.27,60710.37,535744.23,367981.47,371549.01,164195.22,21
36WFTPU0769B1ZF,2025-06,5042812.07,47035.5,605137.45,467221.56,461965.78,143171.67,44
36WFTPU0769B1ZF,2025-07,3935705.58,52013.03,472284.65,383966.99,378227.32,94057.33,13
36WFTPU0769B1ZF,2025-08,12455014.74,63745.7,1494601.78,1817919.77,1801107.01,0.0,9
36WFTPU0769B1ZF,2025-09,10722021.52,47168.25,1286642.56,1625276.5,1615854.53,0.0,23
36WFTPU0769B1ZF,2025-10,12696748.52,57468.65,1523609.85,1759621.08,1730308.52,0.0,8
36WFTPU0769B1ZF,2025-11,14197439.09,45626.43,1703692.68,2021482.4,2001330.63,0.0,15
36WFTPU0769B1ZF,2025-12,12780011.86,52364.12,1533601.44,1886317.46,1863392.3,0.0,7
36WFTPU0769B1ZF,2026-01,12346278.16,57361.59,1481553.38,1797024.77,1795120.86,0.0,17
36WFTPU0769B1ZF,2026-02,12282359.24,37400.6,1473883.1,1774950.21,1826971.89,0.0,16
36WFTPU0769B1ZF,2026-03,3938134.16,49512.12,472576.11,335501.86,335009.32,0.0,30
07GNUCU1887N1ZB,2025-04,194697.1,4465.3,35045.47,11246.81,11029.6,24015.88,2
07GNUCU1887N1ZB,2025-05,225725.47,5836.01,40630.58,15080.02,14936.46,25694.13,0
07GNUCU1887N1ZB,2025-06,281763.82,5951.67,50717.48,16043.5,15956.21,34761.27,8
07GNUCU1887N1ZB,2025-07,243861.58,5714.44,43895.08,11774.0,11606.08,32289.0,29
07GNUCU1887N1ZB,2025-08,234563.7,4751.19,42221.46,10037.09,9869.59,32351.87,0
07GNUCU1887N1ZB,2025-09,222556.12,7153.06,40060.1,10696.7,10550.49,29509.61,1
07GNUCU1887N1ZB,2025-10,390730.1,4994.09,70331.42,10819.71,10625.96,59705.46,0
07GNUCU1887N1ZB,2025-11,235059.66,5061.37,42310.74,11309.78,11202.71,31108.03,0
07GNUCU1887N1ZB,2025-12,229413.63,4865.5,41294.45,12862.39,12672.22,28622.23,8
07GNUCU1887N1ZB,2026-01,164550.84,4120.66,29619.15,11188.8,11086.96,18532.18,0
07GNUCU1887N1ZB,2026-02,168823.77,5928.31,30388.28,15260.74,15148.97,15239.31,0
07GNUCU1887N1ZB,2026-03,297842.47,4479.98,53611.65,12587.75,12564.21,41047.43,0
07ONNFB9950K1ZP,2025-04,2647951.72,386852.59,476631.29,71564.2,71121.96,405509.33,26
07ONNFB9950K1ZP,2025-05,2449219.32,435388.4,440859.43,81648.81,81088.96,359770.47,32
07ONNFB9950K1ZP,2025-06,2698381.28,394904.3,485708.62,83171.02,81978.13,403730.49,10
07ONNFB9950K1ZP,2025-07,2553539.82,575262.64,459637.14,83576.36,81924.89,377712.26,21
07ONNFB9950K1ZP,2025-08,2677895.08,432944.49,482021.13,65130.65,64579.93,417441.2,24
07ONNFB9950K1ZP,2025-09,2427806.52,579905.5,437005.2,60492.59,60155.17,376850.03,25
07ONNFB9950K1ZP,2025-10,4155635.74,395691.4,748014.43,74879.44,74871.42,673143.01,26
07ONNFB9950K1ZP,2025-11,3055526.83,529954.21,549994.83,76486.09,96716.19,453278.64,22
07ONNFB9950K1ZP,2025-12,2213757.25,428955.95,398476.3,73838.74,73767.89,324708.42,14
07ONNFB9950K1ZP,2026-01,2728969.76,477780.81,491214.56,70030.41,69476.0,421738.55,37
07ONNFB9950K1ZP,2026-02,2639021.3,350968.72,475023.84,86256.1,84981.59,390042.25,11
07ONNFB9950K1ZP,2026-03,2710095.2,444040.52,487817.14,55791.26,55205.1,432612.04,36
07CFNCH5026P1ZP,2025-04,1277635.61,1277635.61,153316.27,104284.9,103424.09,49892.19,0
07CFNCH5026P1ZP,2025-05,1812370.42,1812370.42,217484.45,139241.6,136791.96,80692.49,0
07CFNCH5026P1ZP,2025-06,1646379.19,1646379.19,197565.5,157024.08,154823.33,42742.17,0
07CFNCH5026P1ZP,2025-07,2016727.98,2016727.98,242007.36,189508.46,197600.41,44406.95,0
07CFNCH5026P1ZP,2025-08,1349082.22,1349082.22,161889.87,106892.84,108158.09,53731.78,0
07CFNCH5026P1ZP,2025-09,1643646.85,1643646.85,197237.62,118486.13,117876.23,79361.4,0
07CFNCH5026P1ZP,2025-10,2505309.63,2505309.63,300637.16,214873.05,212099.06,88538.09,0
07CFNCH5026P1ZP,2025-11,2133567.91,2133567.91,256028.15,174220.98,173354.45,82673.7,0
07CFNCH5026P1ZP,2025-12,1524630.61,1524630.61,182955.67,95875.17,94283.95,88671.72,0
07CFNCH5026P1ZP,2026-01,1529190.23,1529190.23,183502.83,101420.36,100733.7,82769.13,0
07CFNCH5026P1ZP,2026-02,1657549.18,1657549.18,198905.9,121284.68,119437.12,79468.79,0
07CFNCH5026P1ZP,2026-03,1943114.97,1943114.97,233173.8,155503.16,153743.94,79429.86,0
36RAFFK0420Z1ZA,2025-04,1627563.02,1627563.02,195307.56,161690.78,159471.91,35835.65,18
36RAFFK0420Z1ZA,2025-05,1912079.11,1912079.11,229449.49,175816.64,173329.01,56120.48,0
36RAFFK0420Z1ZA,2025-06,1479914.69,1479914.69,177589.76,129163.72,127712.58,49877.18,14
36RAFFK0420Z1ZA,2025-07,1422622.98,1422622.98,170714.76,92427.18,90952.69,79762.07,0
36RAFFK0420Z1ZA,2025-08,1448638.35,1448638.35,173836.6,160859.23,160419.93,13416.67,0
36RAFFK0420Z1ZA,2025-09,1878961.26,1878961.26,225475.35,149732.31,149520.57,75954.78,0
36RAFFK0420Z1ZA,2025-10,2423340.87,2423340.87,290800.9,211671.16,208441.53,82359.38,0
36RAFFK0420Z1ZA,2025-11,2740690.21,2740690.21,328882.83,198571.74,197121.58,131761.25,3
36RAFFK0420Z1ZA,2025-12,1534742.33,1534742.33,184169.08,127229.62,125754.47,58414.61,1
36RAFFK0420Z1ZA,2026-01,1334297.98,1334297.98,160115.76,114550.94,112870.09,47245.67,0
36RAFFK0420Z1ZA,2026-02,1348440.52,1348440.52,161812.86,133960.02,132621.76,29191.1,0
36RAFFK0420Z1ZA,2026-03,1708264.3,1708264.3,204991.72,132349.59,131833.99,73157.73,6
19XDYCP3441W1Z7,2025-04,544451.49,24452.63,65334.19,80012.68,79811.69,0.0,0
19XDYCP3441W1Z7,2025-05,605893.19,20269.77,72707.19,88444.17,87795.56,0.0,0
19XDYCP3441W1Z7,2025-06,597718.01,17018.39,71726.16,86633.16,85820.26,0.0,6
19XDYCP3441W1Z7,2025-07,557617.99,23114.94,66914.15,69005.95,68240.47,0.0,6
19XDYCP3441W1Z7,2025-08,770842.69,26078.86,92501.13,317809.64,314320.49,0.0,2
19XDYCP3441W1Z7,2025-09,449064.97,19895.69,53887.78,78664.92,78004.82,0.0,0
19XDYCP3441W1Z7,2025-10,696052.8,26733.24,83526.33,109471.0,108347.91,0.0,0
19XDYCP3441W1Z7,2025-11,1153384.92,16495.74,138406.2,134395.53,133207.4,0.0,5
19XDYCP3441W1Z7,2025-12,879468.79,17671.88,105536.26,99278.71,98018.85,0.0,0
19XDYCP3441W1Z7,2026-01,551151.04,20686.57,66138.12,82250.96,81765.46,0.0,0
19XDYCP3441W1Z7,2026-02,675019.25,20002.93,81002.3,92705.65,92676.28,0.0,5
19XDYCP3441W1Z7,2026-03,719496.96,19133.17,86339.63,81528.53,80717.47,0.0,0
09NGUPK4824Z1ZJ,2025-04,3356004.15,170268.25,402720.49,494101.94,487478.52,0.0,0
09NGUPK4824Z1ZJ,2025-05,2970898.22,128575.42,356507.77,439061.92,431001.32,0.0,0
09NGUPK4824Z1ZJ,2025-06,3877302.46,162514.3,465276.31,314141.63,311424.51,0.0,0
09NGUPK4824Z1ZJ,2025-07,3093341.56,161387.15,371200.98,447911.09,444531.05,0.0,0
09NGUPK4824Z1ZJ,2025-08,3390342.67,122622.17,406841.11,470440.48,470376.87,0.0,0
09NGUPK4824Z1ZJ,2025-09,2656438.53,154517.05,318772.63,473763.93,465150.16,0.0,0
09NGUPK4824Z1ZJ,2025-10,4790694.58,215485.99,574883.34,578554.69,575445.93,0.0,0
09NGUPK4824Z1ZJ,2025-11,3013355.34,219154.54,361602.64,393660.03,388890.64,0.0,10
09NGUPK4824Z1ZJ,2025-12,4321049.82,168633.22,518526.0,777548.28,775454.53,0.0,0
09NGUPK4824Z1ZJ,2026-01,3501043.89,161919.38,420125.27,562915.69,552419.72,0.0,3
09NGUPK4824Z1ZJ,2026-02,3482214.18,154183.98,417865.7,566431.01,563026.69,0.0,8
09NGUPK4824Z1ZJ,2026-03,3117218.58,183158.22,374066.23,414595.02,411109.43,0.0,0
29KMSCO5847X1ZR,2025-04,506290.99,506290.99,25314.55,33559.09,33170.53,0.0,2
29KMSCO5847X1ZR,2025-05,504292.99,504292.99,25214.65,37204.44,36698.58,0.0,0
29KMSCO5847X1ZR,2025-06,746055.72,746055.72,37302.79,45740.7,52194.25,0.0,8
29KMSCO5847X1ZR,2025-07,574220.69,574220.69,28711.03,48247.75,48086.5,0.0,0
29KMSCO5847X1ZR,2025-08,545521.56,545521.56,27276.08,36795.25,36444.5,0.0,0
29KMSCO5847X1ZR,2025-09,570843.89,570843.89,28542.19,48153.21,47760.28,0.0,1
29KMSCO5847X1ZR,2025-10,996016.74,996016.74,49800.84,72829.82,72005.79,0.0,0
29KMSCO5847X1ZR,2025-11,684875.46,684875.46,34243.77,66240.79,65815.2,0.0,0
29KMSCO5847X1ZR,2025-12,520476.95,520476.95,26023.85,29246.96,28776.21,0.0,0
29KMSCO5847X1ZR,2026-01,621958.78,621958.78,31097.94,36290.26,35567.39,0.0,0
29KMSCO5847X1ZR,2026-02,448951.43,448951.43,22447.57,36979.42,36252.68,0.0,15
29KMSCO5847X1ZR,2026-03,752010.9,752010.9,37600.54,48597.0,54465.12,0.0,0
27QZOCE3419Y1ZN,2025-04,506532.59,53199.32,91175.87,40666.98,40614.94,50560.93,3
27QZOCE3419Y1ZN,2025-05,504038.17,51041.73,90726.87,33702.55,33581.9,57144.97,0
27QZOCE3419Y1ZN,2025-06,913376.46,40943.58,164407.76,72194.72,71398.67,93009.09,0
27QZOCE3419Y1ZN,2025-07,521848.56,42915.67,93932.74,26322.52,35420.55,58512.19,0
27QZOCE3419Y1ZN,2025-08,679286.98,58622.38,122271.66,44532.14,43969.98,78301.68,0
27QZOCE3419Y1ZN,2025-09,614728.82,51434.45,110651.19,51852.91,50917.63,59733.56,0
27QZOCE3419Y1ZN,2025-10,1322656.05,54761.89,238078.1,84642.63,83545.98,154532.12,0
27QZOCE3419Y1ZN,2025-11,911296.96,48449.71,164033.44,62790.16,61973.68,102059.75,0
27QZOCE3419Y1ZN,2025-12,645830.02,45933.63,116249.4,34085.81,33978.95,82270.45,0
27QZOCE3419Y1ZN,2026-01,700635.33,53756.06,126114.37,44804.02,44559.56,81554.81,0
27QZOCE3419Y1ZN,2026-02,517081.4,49817.19,93074.64,47935.69,47661.79,45412.86,0
27QZOCE3419Y1ZN,2026-03,910101.74,46710.23,163818.31,61123.93,60755.27,103063.04,0
33OWFPH9983U1Z0,2025-04,3563593.19,3563593.19,641446.77,239887.83,263405.61,378041.17,0
33OWFPH9983U1Z0,2025-05,3110366.43,3110366.43,559865.96,226921.18,225879.68,333986.28,0
33OWFPH9983U1Z0,2025-06,4135675.25,4135675.25,744421.54,323510.71,322323.29,422098.25,0
33OWFPH9983U1Z0,2025-07,3809941.88,3809941.88,685789.54,274371.63,273800.78,411988.76,0
33OWFPH9983U1Z0,2025-08,3208338.74,3208338.74,577500.97,193729.9,192634.89,384866.08,0
33OWFPH9983U1Z0,2025-09,4040929.87,4040929.87,727367.38,181766.66,179133.96,548233.42,0
33OWFPH9983U1Z0,2025-10,4685523.97,4685523.97,843394.31,300914.53,298620.63,544773.69,0
33OWFPH9983U1Z0,2025-11,4602962.96,4602962.96,828533.33,388661.3,402241.26,426292.07,0
33OWFPH9983U1Z0,2025-12,3210902.95,3210902.95,577962.53,222560.94,219742.6,358219.93,18
33OWFPH9983U1Z0,2026-01,3832941.65,3832941.65,689929.5,217138.53,213313.42,476616.08,0
33OWFPH9983U1Z0,2026-02,3186691.6,3186691.6,573604.49,207716.11,203684.02,369920.47,13
33OWFPH9983U1Z0,2026-03,4412626.88,4412626.88,794272.84,300373.08,299474.8,494798.04,8
29EPKCI7274C1ZB,2025-04,5111685.2,1023181.95,613402.21,540180.29,531867.67,81534.54,4
29EPKCI7274C1ZB,2025-05,5062970.97,1186044.53,607556.54,691225.91,682069.36,0.0,0
29EPKCI7274C1ZB,2025-06,4863926.32,1206530.21,583671.16,500856.29,493948.4,15209.94,0
29EPKCI7274C1ZB,2025-07,5732881.83,1304855.6,687945.81,897749.24,881988.07,0.0,0
29EPKCI7274C1ZB,2025-08,4327821.77,999155.56,519338.63,811833.82,803403.37,0.0,0
29EPKCI7274C1ZB,2025-09,4838692.93,1093901.35,580643.16,823283.09,809137.23,0.0,0
29EPKCI7274C1ZB,2025-10,6896406.9,1548331.36,827568.82,886466.03,878733.58,0.0,8
29EPKCI7274C1ZB,2025-11,6874543.84,1520097.78,824945.24,4479985.4,4417807.23,0.0,10
29EPKCI7274C1ZB,2025-12,4436368.98,977730.21,532364.33,546587.58,536977.16,0.0,0
29EPKCI7274C1ZB,2026-01,4813377.57,1031080.66,577605.28,493732.47,604177.63,0.0,4
29EPKCI7274C1ZB,2026-02,5198149.2,1031869.16,623777.9,673073.89,672901.11,0.0,0
29EPKCI7274C1ZB,2026-03,5318396.66,1320470.4,638207.61,921537.72,908588.61,0.0,0
27JWWPY4111Z1ZO,2025-04,2170797.17,2170797.17,260495.66,216635.04,212905.16,47590.5,0
27JWWPY4111Z1ZO,2025-05,2186056.16,2186056.16,262326.74,228642.8,227819.13,34507.61,4
27JWWPY4111Z1ZO,2025-06,2191169.29,2191169.29,262940.31,179185.4,176821.61,86118.7,0
27JWWPY4111Z1ZO,2025-07,2659179.95,2659179.95,319101.59,325302.73,322640.45,0.0,0
27JWWPY4111Z1ZO,2025-08,1815004.28,1815004.28,217800.51,193606.68,192917.45,21344.2,0
27JWWPY4111Z1ZO,2025-09,2997839.54,2997839.54,359740.74,305861.76,304414.62,55326.13,0
27JWWPY4111Z1ZO,2025-10,3408087.01,3408087.01,408970.44,287329.83,282449.96,126520.48,0
27JWWPY4111Z1ZO,2025-11,3254236.82,3254236.82,390508.42,381676.59,378583.73,11924.69,0
27JWWPY4111Z1ZO,2025-12,2252401.43,2252401.43,270288.17,207731.32,204711.75,65576.42,0
27JWWPY4111Z1ZO,2026-01,1705601.73,1705601.73,204672.21,145111.67,143366.58,61305.63,0
27JWWPY4111Z1ZO,2026-02,1885767.42,1885767.42,226292.09,181434.46,181123.07,45169.02,0
27JWWPY4111Z1ZO,2026-03,2348888.1,2348888.1,281866.57,282746.84,282635.86,0.0,0
24TEQCV3103D1ZW,2025-04,594626.16,23444.73,166495.32,22715.26,22702.01,143793.32,3
24TEQCV3103D1ZW,2025-05,774337.67,20979.61,216814.54,36559.75,36282.89,180531.65,0
24TEQCV3103D1ZW,2025-06,624397.64,15222.15,174831.33,29955.64,29903.39,144927.94,0
24TEQCV3103D1ZW,2025-07,534069.13,18394.66,149539.36,18301.88,18074.55,131464.81,1
24TEQCV3103D1ZW,2025-08,580821.7,18796.99,162630.08,22508.9,22078.41,140551.67,0
24TEQCV3103D1ZW,2025-09,554049.19,18245.3,155133.79,27697.41,27264.45,127869.33,0
24TEQCV3103D1ZW,2025-10,938399.27,21000.02,262751.81,22192.04,29650.23,233101.58,0
24TEQCV3103D1ZW,2025-11,634145.67,21065.08,177560.79,27060.46,26927.32,150633.47,0
24TEQCV3103D1ZW,2025-12,921977.19,15875.69,258153.61,41328.99,41261.3,216892.32,0
24TEQCV3103D1ZW,2026-01,652183.57,23025.21,182611.4,28953.54,28887.8,153723.6,2
24TEQCV3103D1ZW,2026-02,459897.01,20456.87,128771.15,21961.22,21951.41,106819.75,9
24TEQCV3103D1ZW,2026-03,817226.49,21532.13,228823.42,42025.91,42020.44,186802.98,0
27ORJCN4265B1Z6,2025-04,1738694.57,57888.4,312965.02,150224.43,170215.56,142749.46,0
27ORJCN4265B1Z6,2025-05,1593557.39,85048.63,286840.32,130905.24,130515.57,156324.75,0
27ORJCN4265B1Z6,2025-06,1545514.66,59029.62,278192.64,109816.12,107747.63,170445.01,0
27ORJCN4265B1Z6,2025-07,7127116.22,37545.6,1282880.92,478146.33,468783.5,814097.42,0
27ORJCN4265B1Z6,2025-08,7089938.63,61097.87,1276188.96,466152.27,462492.44,813696.52,29
27ORJCN4265B1Z6,2025-09,6547884.51,64749.35,1178619.21,429448.2,421647.83,756971.38,0
27ORJCN4265B1Z6,2025-10,7077127.02,81294.51,1273882.84,569310.78,559794.21,714088.63,0
27ORJCN4265B1Z6,2025-11,7132027.46,70876.37,1283764.95,560882.9,557637.38,726127.57,0
27ORJCN4265B1Z6,2025-12,6546578.11,58213.04,1178384.06,409173.33,443195.16,735188.89,6
27ORJCN4265B1Z6,2026-01,7288222.7,69928.61,1311880.09,503186.25,495527.22,816352.87,0
27ORJCN4265B1Z6,2026-02,6879937.88,59268.6,1238388.81,447017.57,445333.52,793055.29,0
27ORJCN4265B1Z6,2026-03,7607025.62,83624.07,1369264.6,600317.59,591474.78,777789.82,0
09KPOCB0813Q1Z2,2025-04,1055516.62,186381.95,126662.0,94449.68,93379.84,33282.17,31
09KPOCB0813Q1Z2,2025-05,990564.66,165152.62,118867.76,102832.36,102756.93,16110.84,33
09KPOCB0813Q1Z2,2025-06,1273247.12,186075.37,152789.65,161093.47,168105.55,0.0,18
09KPOCB0813Q1Z2,2025-07,1607912.34,240685.7,192949.48,133880.48,131558.07,46075.52,30
09KPOCB0813Q1Z2,2025-08,888868.99,137646.3,106664.28,99953.24,98582.86,8081.42,32
09KPOCB0813Q1Z2,2025-09,1010416.06,185167.79,121249.93,120387.59,119659.8,1590.12,15
09KPOCB0813Q1Z2,2025-10,1842971.27,351153.94,221156.56,207367.72,205580.8,15575.76,20
09KPOCB0813Q1Z2,2025-11,1484044.97,194821.82,178085.39,198899.25,198731.92,0.0,40
09KPOCB0813Q1Z2,2025-12,939442.07,200003.39,112733.05,130108.95,128148.12,0.0,24
09KPOCB0813Q1Z2,2026-01,1287432.14,204052.41,154491.85,152951.46,150110.62,0.0,8
09KPOCB0813Q1Z2,2026-02,1442834.33,137915.66,173140.12,132139.39,145058.57,0.0,23
09KPOCB0813Q1Z2,2026-03,1473124.6,220254.89,176774.95,196096.03,195327.38,0.0,27
19ENUCD5671T1ZF,2025-04,2520959.61,2520959.61,126047.98,265387.95,261771.84,0.0,0
19ENUCD5671T1ZF,2025-05,2619984.92,2619984.92,130999.25,282106.39,281467.73,0.0,0
19ENUCD5671T1ZF,2025-06,2523685.88,2523685.88,126184.29,261903.67,276351.62,0.0,6
19ENUCD5671T1ZF,2025-07,2362410.47,2362410.47,118120.52,216146.88,213687.75,0.0,0
19ENUCD5671T1ZF,2025-08,2149108.12,2149108.12,107455.41,238107.36,234261.1,0.0,0
19ENUCD5671T1ZF,2025-09,2210773.57,2210773.57,110538.68,314081.49,314057.46,0.0,1
19ENUCD5671T1ZF,2025-10,4266330.56,4266330.56,213316.53,353240.22,471786.3,0.0,0
19ENUCD5671T1ZF,2025-11,3070458.37,3070458.37,153522.92,257637.57,295412.45,0.0,0
19ENUCD5671T1ZF,2025-12,1980508.8,1980508.8,99025.44,200182.2,200121.02,0.0,0
19ENUCD5671T1ZF,2026-01,2884052.44,2884052.44,144202.62,322481.73,321655.18,0.0,0
19ENUCD5671T1ZF,2026-02,2104132.83,2104132.83,105206.64,200588.98,198494.85,0.0,0
19ENUCD5671T1ZF,2026-03,2801932.08,2801932.08,140096.6,360926.56,360148.46,0.0,0
29MJWFY5124S1ZZ,2025-04,2816039.42,692507.72,140801.98,319266.18,316082.59,0.0,24
29MJWFY5124S1ZZ,2025-05,2992508.75,792092.08,149625.43,328189.82,323626.89,0.0,0
29MJWFY5124S1ZZ,2025-06,2498137.97,730193.04,124906.9,442568.88,434748.92,0.0,0
29MJWFY5124S1ZZ,2025-07,3546982.86,959267.58,177349.14,421051.61,419698.15,0.0,0
29MJWFY5124S1ZZ,2025-08,3197665.22,639656.36,159883.26,446727.12,444354.39,0.0,9
29MJWFY5124S1ZZ,2025-09,3249662.82,671719.36,162483.14,386650.25,379056.88,0.0,0
29MJWFY5124S1ZZ,2025-10,5450630.41,1157081.5,272531.52,662736.12,652242.14,0.0,0
29MJWFY5124S1ZZ,2025-11,4457590.18,864336.7,222879.5,439939.39,431893.24,0.0,0
29MJWFY5124S1ZZ,2025-12,3574367.2,755834.39,178718.37,415569.31,413356.08,0.0,1
29MJWFY5124S1ZZ,2026-01,2887856.03,430658.18,144392.79,295846.12,290339.48,0.0,0
29MJWFY5124S1ZZ,2026-02,3162884.49,662823.77,158144.26,337252.92,339777.96,0.0,0
29MJWFY5124S1ZZ,2026-03,3628765.5,758801.12,181438.27,298446.93,295445.1,0.0,0
07NPBFI4398S1ZB,2025-04,1387283.62,1387283.62,69364.18,152186.68,149536.49,0.0,7
07NPBFI4398S1ZB,2025-05,1400612.9,1400612.9,70030.64,131189.43,130710.06,0.0,8
07NPBFI4398S1ZB,2025-06,1361818.23,1361818.23,68090.91,133038.45,130485.28,0.0,10
07NPBFI4398S1ZB,2025-07,1901835.51,1901835.51,95091.78,195869.11,194433.63,0.0,0
07NPBFI4398S1ZB,2025-08,1349164.57,1349164.57,67458.23,154014.74,165254.47,0.0,0
07NPBFI4398S1ZB,2025-09,1511426.3,1511426.3,75571.32,136900.39,136506.01,0.0,0
07NPBFI4398S1ZB,2025-10,1523200.35,1523200.35,76160.02,143934.38,143102.64,0.0,0
07NPBFI4398S1ZB,2025-11,2193619.8,2193619.8,109680.99,206829.68,203611.19,0.0,3
07NPBFI4398S1ZB,2025-12,1715237.28,1715237.28,85761.86,190347.55,186915.21,0.0,0
07NPBFI4398S1ZB,2026-01,1226431.46,1226431.46,61321.57,123667.29,123353.2,0.0,0
07NPBFI4398S1ZB,2026-02,1329935.16,1329935.16,66496.76,134524.58,133966.89,0.0,0
07NPBFI4398S1ZB,2026-03,1767207.6,1767207.6,88360.38,189640.62,188591.23,0.0,0
33PXIFA8287G1ZK,2025-04,1828800.79,30071.67,91440.04,64971.02,64407.74,27032.3,0
33PXIFA8287G1ZK,2025-05,1698540.67,22707.49,84927.04,80836.15,80128.08,4798.96,0
33PXIFA8287G1ZK,2025-06,2120958.37,30423.6,106047.92,66382.73,65730.98,40316.94,0
33PXIFA8287G1ZK,2025-07,1424558.56,29059.84,71227.93,67204.86,66030.7,5197.24,0
33PXIFA8287G1ZK,2025-08,1599993.21,19313.9,79999.64,54809.61,54625.29,25374.36,6
33PXIFA8287G1ZK,2025-09,1807070.44,21500.5,90353.54,59064.5,58701.4,31652.14,0
33PXIFA8287G1ZK,2025-10,2996885.61,28005.77,149844.28,79676.64,78843.11,71001.16,0
33PXIFA8287G1ZK,2025-11,2574053.39,26017.55,128702.66,61723.68,61651.65,67051.01,21
33PXIFA8287G1ZK,2025-12,1941549.18,24564.31,97077.47,81952.57,81827.32,15250.14,14
33PXIFA8287G1ZK,2026-01,1921194.27,31205.95,96059.73,69649.77,69611.69,26448.04,3
33PXIFA8287G1ZK,2026-02,1589419.92,23247.54,79471.0,71126.67,70181.88,9289.12,0
33PXIFA8287G1ZK,2026-03,1838830.39,24790.99,91941.51,60800.2,59678.95,32262.56,0
09DIOFW1132G1ZJ,2025-04,5114490.86,48308.05,920608.37,532013.66,531334.28,389274.08,32
09DIOFW1132G1ZJ,2025-05,5263626.14,86293.77,947452.7,544696.15,535657.15,411795.55,44
09DIOFW1132G1ZJ,2025-06,5471338.27,70435.0,984840.9,521192.33,518222.62,466618.28,24
09DIOFW1132G1ZJ,2025-07,6052423.8,72415.85,1089436.26,555619.32,547393.67,542042.6,30
09DIOFW1132G1ZJ,2025-08,5982026.45,79355.98,1076764.78,496022.69,493539.79,583224.98,14
09DIOFW1132G1ZJ,2025-09,5323740.21,60937.52,958273.22,399835.16,392393.08,565880.14,36
09DIOFW1132G1ZJ,2025-10,13645487.0,76306.13,2456187.67,1430278.11,1406296.14,1049891.53,44
09DIOFW1132G1ZJ,2025-11,7848358.02,81755.23,1412704.4,508412.79,507882.02,904822.39,7
09DIOFW1132G1ZJ,2025-12,5565586.64,79691.65,1001805.58,443352.9,440355.06,561450.51,6
09DIOFW1132G1ZJ,2026-01,7111611.1,68973.03,1280090.0,548481.31,613271.48,666818.52,30
09DIOFW1132G1ZJ,2026-02,5302124.73,87561.82,954382.47,558470.62,552785.77,401596.7,14
09DIOFW1132G1ZJ,2026-03,5171552.82,64970.34,930879.5,391581.67,388881.67,541997.83,29
29INUPL0087U1ZH,2025-04,549017.82,146552.81,98823.21,54791.95,54592.44,44230.76,0
29INUPL0087U1ZH,2025-05,707691.47,202172.63,127384.46,59690.96,58800.69,68583.77,7
29INUPL0087U1ZH,2025-06,577453.38,135420.85,103941.61,43140.78,42323.33,61618.28,0
29INUPL0087U1ZH,2025-07,611402.28,225940.2,110052.41,43721.91,43417.01,66635.4,0
29INUPL0087U1ZH,2025-08,793809.48,218417.87,142885.73,37796.31,37716.46,105169.27,0
29INUPL0087U1ZH,2025-09,677677.25,227059.65,121981.9,39747.25,39330.8,82651.1,0
29INUPL0087U1ZH,2025-10,1058154.88,174532.27,190467.87,39117.03,374049.81,0.0,0
29INUPL0087U1ZH,2025-11,952982.65,156612.68,171536.88,40344.59,39759.73,0.0,0
29INUPL0087U1ZH,2025-12,925957.49,173895.82,166672.35,44295.5,43444.26,71423.29,0
29INUPL0087U1ZH,2026-01,685467.9,188914.06,123384.21,40967.98,40618.82,82765.39,0
29INUPL0087U1ZH,2026-02,598376.85,149513.71,107707.83,48668.53,48410.06,59297.77,0
29INUPL0087U1ZH,2026-03,685653.42,139745.65,123417.62,38965.41,38503.04,84914.58,0
36IFBFS0439Y1ZW,2025-04,5190178.13,403740.24,259508.91,950753.01,932633.5,0.0,0
36IFBFS0439Y1ZW,2025-05,5882679.23,420706.04,294133.96,1120900.85,1108236.13,0.0,0
36IFBFS0439Y1ZW,2025-06,6356989.14,404769.64,317849.44,963974.53,950840.68,0.0,0
36IFBFS0439Y1ZW,2025-07,4118244.53,454181.31,205912.22,733874.54,727614.25,0.0,0
36IFBFS0439Y1ZW,2025-08,7962259.01,528450.93,398112.94,1143255.37,1182314.94,0.0,0
36IFBFS0439Y1ZW,2025-09,3667028.55,441649.84,183351.42,589485.18,588572.43,0.0,0
36IFBFS0439Y1ZW,2025-10,5439567.17,881615.68,271978.36,1073671.95,1071572.21,0.0,0
36IFBFS0439Y1ZW,2025-11,4362408.35,651584.76,218120.43,724101.14,712750.81,0.0,1
36IFBFS0439Y1ZW,2025-12,4141343.42,470489.82,207067.18,898439.35,883894.19,0.0,0
36IFBFS0439Y1ZW,2026-01,3569221.52,492601.18,178461.08,444695.12,570003.73,0.0,0
36IFBFS0439Y1ZW,2026-02,4221837.16,605744.51,211091.87,766842.75,759606.93,0.0,20
36IFBFS0439Y1ZW,2026-03,4097194.42,460009.07,204859.71,782932.02,778458.19,0.0,0
24FQZPM0169D1ZI,2025-04,1851189.14,7848.31,222142.69,92454.27,92049.81,130092.87,0
24FQZPM0169D1ZI,2025-05,1683606.97,8295.03,202032.83,137772.6,137221.57,64811.26,0
24FQZPM0169D1ZI,2025-06,1643734.52,6266.73,197248.15,115151.05,113169.53,84078.61,0
24FQZPM0169D1ZI,2025-07,1720575.72,7935.92,206469.1,773509.43,771049.58,0.0,0
24FQZPM0169D1ZI,2025-08,1337475.19,6117.36,160497.02,106057.8,111292.85,0.0,0
24FQZPM0169D1ZI,2025-09,1467436.98,5133.97,176092.43,102551.58,100996.89,0.0,0
24FQZPM0169D1ZI,2025-10,2507883.39,6335.82,300946.01,180069.42,178330.59,0.0,0
24FQZPM0169D1ZI,2025-11,2141361.44,8033.55,256963.39,126622.19,126003.33,0.0,0
24FQZPM0169D1ZI,2025-12,1779073.41,7075.2,213488.81,129877.45,128598.11,0.0,0
24FQZPM0169D1ZI,2026-01,1422042.22,6541.58,170645.04,105899.78,104611.34,0.0,3
24FQZPM0169D1ZI,2026-02,1727592.42,7147.41,207311.09,125115.34,125017.16,46513.04,0
24FQZPM0169D1ZI,2026-03,2053606.25,7112.03,246432.73,166860.76,166896.2,79536.53,0
07OYSCO1483V1ZH,2025-04,2320403.02,200530.22,116020.15,476823.16,471744.33,0.0,0
07OYSCO1483V1ZH,2025-05,2489979.34,220631.97,124498.97,383976.09,381585.49,0.0,0
07OYSCO1483V1ZH,2025-06,3075447.1,243585.79,153772.36,357480.86,352805.2,0.0,0
07OYSCO1483V1ZH,2025-07,2181766.35,182065.91,109088.33,444233.11,436225.86,0.0,0
07OYSCO1483V1ZH,2025-08,1974087.31,234929.01,98704.36,372589.03,369286.78,0.0,0
07OYSCO1483V1ZH,2025-09,2350598.17,168937.91,117529.91,479001.95,471169.65,0.0,0
07OYSCO1483V1ZH,2025-10,3648147.21,322154.9,182407.37,631685.67,634886.6,0.0,0
07OYSCO1483V1ZH,2025-11,2457380.16,265433.61,122869.01,525838.91,516025.19,0.0,0
07OYSCO1483V1ZH,2025-12,2359693.96,205322.03,117984.69,447044.09,445035.29,0.0,0
07OYSCO1483V1ZH,2026-01,2237060.93,175788.67,111853.05,464251.94,458499.31,0.0,0
07OYSCO1483V1ZH,2026-02,2008710.19,217711.37,100435.5,356074.01,352966.63,0.0,0
07OYSCO1483V1ZH,2026-03,2357498.38,297478.73,117874.93,391103.7,390523.71,0.0,0
36LXXCY4208W1ZB,2025-04,1337295.52,1337295.52,240713.19,119253.46,116904.29,123808.91,22
36LXXCY4208W1ZB,2025-05,1101677.03,1101677.03,198301.86,87263.3,97741.2,100560.66,8
36LXXCY4208W1ZB,2025-06,1095741.6,1095741.6,197233.49,115392.56,114438.27,82795.22,0
36LXXCY4208W1ZB,2025-07,1122357.52,1122357.52,202024.35,149091.36,148731.41,53292.94,0
36LXXCY4208W1ZB,2025-08,1267140.87,1267140.87,228085.36,153536.04,150733.17,77352.19,0
36LXXCY4208W1ZB,2025-09,1220393.05,1220393.05,219670.75,166234.95,164597.87,55072.87,0
36LXXCY4208W1ZB,2025-10,1335172.72,1335172.72,240331.09,113205.55,112410.77,127920.32,0
36LXXCY4208W1ZB,2025-11,1543001.19,1543001.19,277740.21,143912.83,142995.5,134744.71,0
36LXXCY4208W1ZB,2025-12,1054789.21,1054789.21,189862.06,134456.32,133926.57,55935.49,0
36LXXCY4208W1ZB,2026-01,984552.77,984552.77,177219.5,113865.66,112278.02,64941.48,0
36LXXCY4208W1ZB,2026-02,776932.42,776932.42,139847.84,58509.38,57355.84,82492.0,0
36LXXCY4208W1ZB,2026-03,925219.08,925219.08,166539.43,84882.98,84122.04,82417.39,0
19DGUPK5714A1Z8,2025-04,4000669.57,123028.03,720120.53,783333.29,779571.91,0.0,2
19DGUPK5714A1Z8,2025-05,4236552.86,119146.57,762579.52,686422.69,675603.94,27524.19,0
19DGUPK5714A1Z8,2025-06,13147055.5,117750.62,2366469.97,2408746.13,2396245.09,0.0,27
19DGUPK5714A1Z8,2025-07,14357102.14,125994.28,2584278.37,2560754.87,2538537.73,15965.52,0
19DGUPK5714A1Z8,2025-08,12878886.4,126373.14,2318199.55,2450333.2,2441604.89,0.0,0
19DGUPK5714A1Z8,2025-09,12607290.65,111438.69,2269312.29,2201743.24,2193621.3,0.0,0
19DGUPK5714A1Z8,2025-10,14719960.54,169139.98,2649592.89,1852132.0,2721664.5,0.0,7
19DGUPK5714A1Z8,2025-11,14231498.53,160624.05,2561669.75,2541744.73,2539472.35,0.0,8
19DGUPK5714A1Z8,2025-12,13356226.21,116670.18,2404120.73,2401060.49,2394376.6,0.0,0
19DGUPK5714A1Z8,2026-01,12976765.41,163516.44,2335817.78,2463099.72,2460041.97,0.0,0
19DGUPK5714A1Z8,2026-02,14463987.74,113321.29,2603517.78,2634436.26,2589919.73,0.0,0
19DGUPK5714A1Z8,2026-03,5070264.23,144174.3,912647.53,932493.61,918192.43,0.0,0
29TNFPO8009T1ZI,2025-04,3464120.37,473045.96,415694.44,455397.39,447600.27,0.0,0
29TNFPO8009T1ZI,2025-05,3360547.47,594300.26,403265.72,353529.69,353198.32,18161.58,0
29TNFPO8009T1ZI,2025-06,3674256.18,488835.12,440910.73,563595.68,557125.55,0.0,0
29TNFPO8009T1ZI,2025-07,3766214.63,402705.11,451945.76,822791.2,828724.92,0.0,0
29TNFPO8009T1ZI,2025-08,3706527.66,582339.67,444783.32,467841.48,465181.44,0.0,0
29TNFPO8009T1ZI,2025-09,3695857.21,482090.98,443502.87,533018.02,526297.82,0.0,0
29TNFPO8009T1ZI,2025-10,4892886.31,936308.46,587146.35,610662.62,605319.49,0.0,0
29TNFPO8009T1ZI,2025-11,4172259.01,719724.53,500671.1,569364.39,558080.55,0.0,0
29TNFPO8009T1ZI,2025-12,4156503.62,529289.37,498780.43,615486.35,606093.58,0.0,0
29TNFPO8009T1ZI,2026-01,3135232.3,553821.75,376227.88,449033.6,447005.34,0.0,0
29TNFPO8009T1ZI,2026-02,3555683.22,463234.38,426681.98,451187.05,467515.92,0.0,0
29TNFPO8009T1ZI,2026-03,3759838.27,558330.53,451180.57,545842.32,554924.22,0.0,0
27CDCCN1126M1Z9,2025-04,2304778.26,2304778.26,115238.91,199278.92,196892.81,0.0,0
27CDCCN1126M1Z9,2025-05,2045103.28,2045103.28,102255.16,173574.72,171927.45,0.0,0
27CDCCN1126M1Z9,2025-06,2103714.66,2103714.66,105185.73,166311.91,164258.29,0.0,0
27CDCCN1126M1Z9,2025-07,2171208.13,2171208.13,108560.41,163257.98,162143.51,0.0,0
27CDCCN1126M1Z9,2025-08,2287183.12,2287183.12,114359.16,141495.85,139629.58,0.0,0
27CDCCN1126M1Z9,2025-09,2854553.72,2854553.72,142727.69,287792.67,285689.29,0.0,0
27CDCCN1126M1Z9,2025-10,4157609.5,4157609.5,207880.48,310011.96,314774.33,0.0,0
27CDCCN1126M1Z9,2025-11,3629519.74,3629519.74,181475.99,303650.07,298042.85,0.0,0
27CDCCN1126M1Z9,2025-12,2384362.54,2384362.54,119218.13,198553.16,198028.33,0.0,0
27CDCCN1126M1Z9,2026-01,1954830.15,1954830.15,97741.51,190620.45,190396.87,0.0,1
27CDCCN1126M1Z9,2026-02,2070596.15,2070596.15,103529.81,159170.88,157391.97,0.0,0
27CDCCN1126M1Z9,2026-03,2697202.7,2697202.7,134860.14,376849.68,376005.85,0.0,0
09ZCMCJ0249K1ZE,2025-04,3464308.61,3464308.61,623575.55,231886.69,227722.47,395853.08,0
09ZCMCJ0249K1ZE,2025-05,4003489.56,4003489.56,720628.12,278404.54,277343.04,443285.08,0
09ZCMCJ0249K1ZE,2025-06,3903914.22,3903914.22,702704.56,285502.44,284640.07,418064.49,0
09ZCMCJ0249K1ZE,2025-07,4707645.79,4707645.79,847376.24,338668.57,338500.91,508875.33,17
09ZCMCJ0249K1ZE,2025-08,4101730.08,4101730.08,738311.41,240318.57,240244.15,498067.26,5
09ZCMCJ0249K1ZE,2025-09,3615478.0,3615478.0,650786.04,350660.89,349296.74,301489.3,0
09ZCMCJ0249K1ZE,2025-10,6470692.84,6470692.84,1164724.71,355617.95,351599.33,813125.38,8
09ZCMCJ0249K1ZE,2025-11,7363651.44,7363651.44,1325457.26,395884.03,393058.05,932399.21,0
09ZCMCJ0249K1ZE,2025-12,4419858.97,4419858.97,795574.62,271575.05,268933.19,526641.43,0
09ZCMCJ0249K1ZE,2026-01,3920480.8,3920480.8,705686.54,268750.27,263676.9,442009.65,0
09ZCMCJ0249K1ZE,2026-02,3490508.42,3490508.42,628291.52,143221.37,157577.54,470713.98,4
09ZCMCJ0249K1ZE,2026-03,4146968.43,4146968.43,746454.32,273457.67,271815.47,474638.85,0
09KCPPT9255T1ZR,2025-04,4290721.12,1080930.05,214536.04,433769.41,432607.85,0.0,32
09KCPPT9255T1ZR,2025-05,4715794.64,1395756.08,235789.71,734903.04,720538.19,0.0,34
09KCPPT9255T1ZR,2025-06,4454380.3,1393312.55,222719.03,533155.44,522638.4,0.0,43
09KCPPT9255T1ZR,2025-07,5128700.84,1442248.54,256435.06,698698.54,695230.11,0.0,7
09KCPPT9255T1ZR,2025-08,4805328.97,1316991.41,240266.46,548020.14,543742.38,0.0,27
09KCPPT9255T1ZR,2025-09,4331845.15,1319054.33,216592.25,487643.3,480645.76,0.0,8
09KCPPT9255T1ZR,2025-10,7485802.96,2112388.36,374290.14,981637.29,972844.14,0.0,42
09KCPPT9255T1ZR,2025-11,6299081.11,1936510.04,314954.05,728412.28,714985.26,0.0,40
09KCPPT9255T1ZR,2025-12,4693516.69,1334464.5,234675.84,590453.82,586157.07,0.0,38
09KCPPT9255T1ZR,2026-01,5135673.26,1321210.51,256783.66,754302.95,744545.38,0.0,29
09KCPPT9255T1ZR,2026-02,4245060.82,1094870.45,212253.03,638842.51,630248.99,0.0,16
09KCPPT9255T1ZR,2026-03,6456617.0,2076361.02,322830.83,694385.41,685576.4,0.0,24
33HPICE9833V1ZL,2025-04,2129032.31,398240.3,383225.82,101676.55,101169.65,282056.17,0
33HPICE9833V1ZL,2025-05,1995794.87,414910.33,359243.06,109830.03,108635.4,250607.66,0
33HPICE9833V1ZL,2025-06,1983858.02,303798.51,357094.45,183072.34,182293.17,174801.29,0
33HPICE9833V1ZL,2025-07,2258282.78,477510.34,406490.89,107572.22,107458.4,299032.5,0
33HPICE9833V1ZL,2025-08,1787496.31,399175.4,321749.34,167973.15,165059.64,156689.7,0
33HPICE9833V1ZL,2025-09,1866677.81,334051.92,336002.02,90672.4,89232.09,246769.93,0
33HPICE9833V1ZL,2025-10,2093015.96,314952.88,376742.88,128045.27,127947.34,248795.54,0
33HPICE9833V1ZL,2025-11,2313382.11,430512.53,416408.77,90005.25,100845.57,315563.19,0
33HPICE9833V1ZL,2025-12,2299914.89,383210.96,413984.68,119070.76,117202.79,296781.89,0
33HPICE9833V1ZL,2026-01,1895312.01,399135.88,341156.17,132180.14,130931.08,210225.09,6
33HPICE9833V1ZL,2026-02,1649941.16,372751.31,296989.41,97165.7,96889.09,200100.32,0
33HPICE9833V1ZL,2026-03,1744802.87,319417.88,314064.53,128943.43,127808.76,186255.77,0
33BUKPG8041D1ZX,2025-04,678305.23,249797.7,122094.95,46084.39,45163.12,76931.83,0
33BUKPG8041D1ZX,2025-05,769156.41,243492.81,138448.15,72043.01,71947.7,66500.45,0
33BUKPG8041D1ZX,2025-06,853941.08,301676.05,153709.39,42387.17,41777.94,111931.45,0
33BUKPG8041D1ZX,2025-07,761983.71,293788.15,137157.07,48903.29,48265.21,88891.85,0
33BUKPG8041D1ZX,2025-08,613071.29,243985.52,110352.82,39834.1,39152.02,71200.8,0
33BUKPG8041D1ZX,2025-09,649966.58,214131.86,116993.98,56406.05,55434.99,61559.0,0
33BUKPG8041D1ZX,2025-10,825533.01,281470.02,148595.94,41100.53,40637.46,107958.49,9
33BUKPG8041D1ZX,2025-11,739533.26,211718.24,133116.0,48635.2,47792.15,85323.85,9
33BUKPG8041D1ZX,2025-12,721735.65,194068.93,129912.42,61992.38,61276.65,68635.77,0
33BUKPG8041D1ZX,2026-01,749338.84,264064.94,134880.99,42611.63,42227.03,92653.96,9
33BUKPG8041D1ZX,2026-02,674821.83,294187.13,121467.93,45762.58,45493.81,75974.12,0
33BUKPG8041D1ZX,2026-03,713760.18,230598.89,128476.83,45893.43,45836.56,82640.27,0
24JLZPN6739R1ZI,2025-04,3631391.26,638666.81,435766.93,587119.22,585722.34,0.0,0
24JLZPN6739R1ZI,2025-05,4197803.47,750052.0,503736.42,786231.42,785052.99,0.0,10
24JLZPN6739R1ZI,2025-06,3570309.72,571953.07,428437.17,667124.46,663779.25,0.0,0
24JLZPN6739R1ZI,2025-07,3443437.43,563309.54,413212.46,831786.69,822205.26,0.0,0
24JLZPN6739R1ZI,2025-08,3577974.63,623361.95,429356.96,513983.24,505480.39,0.0,0
24JLZPN6739R1ZI,2025-09,3870542.02,782092.42,464465.04,872657.55,855799.99,0.0,7
24JLZPN6739R1ZI,2025-10,6181151.15,1274297.87,741738.12,1350397.64,1368111.72,0.0,0
24JLZPN6739R1ZI,2025-11,4913090.23,858831.86,589570.83,615774.11,709415.9,0.0,26
24JLZPN6739R1ZI,2025-12,2940720.83,580255.07,352886.5,413719.92,408292.56,0.0,0
24JLZPN6739R1ZI,2026-01,3586459.92,757408.86,430375.17,742271.05,734094.15,0.0,0
24JLZPN6739R1ZI,2026-02,4343588.95,502648.78,521230.69,504253.33,612468.74,0.0,0
24JLZPN6739R1ZI,2026-03,5109999.89,770615.53,613199.99,882476.35,877512.79,0.0,0
27AXBFO3049E1Z7,2025-04,622904.84,622904.84,112122.87,72203.17,78723.67,33399.2,0
27AXBFO3049E1Z7,2025-05,605853.17,605853.17,109053.57,60215.6,59483.84,49569.73,0
27AXBFO3049E1Z7,2025-06,755647.49,755647.49,136016.55,89960.19,98649.95,37366.6,0
27AXBFO3049E1Z7,2025-07,532463.23,532463.23,95843.38,73686.72,72942.6,22900.78,0
27AXBFO3049E1Z7,2025-08,605571.55,605571.55,109002.88,73578.02,72171.74,36831.14,0
27AXBFO3049E1Z7,2025-09,613135.62,613135.62,110364.41,71629.21,71361.46,39002.95,0
27AXBFO3049E1Z7,2025-10,1067822.96,1067822.96,192208.13,140853.37,140005.25,52202.88,0
27AXBFO3049E1Z7,2025-11,761839.71,761839.71,137131.15,104075.88,102866.64,34264.51,0
27AXBFO3049E1Z7,2025-12,524998.68,524998.68,94499.76,61683.18,61258.59,33241.17,9
27AXBFO3049E1Z7,2026-01,651517.1,651517.1,117273.08,78833.73,78581.66,38691.42,0
27AXBFO3049E1Z7,2026-02,535015.26,535015.26,96302.75,77995.35,76716.14,19586.61,0
27AXBFO3049E1Z7,2026-03,522298.6,522298.6,94013.75,59480.42,59067.2,34946.55,4
29PNICV1122M1ZX,2025-04,3814554.38,25470.48,686619.79,314620.42,311013.26,375606.52,42
29PNICV1122M1ZX,2025-05,4774744.85,22979.99,859454.08,396223.64,395989.61,463464.47,19
29PNICV1122M1ZX,2025-06,4860584.51,18854.29,874905.21,393421.84,385567.28,489337.93,26
29PNICV1122M1ZX,2025-07,9067799.8,26948.97,1632203.96,924665.42,907065.81,725138.15,10
29PNICV1122M1ZX,2025-08,8119226.85,26709.86,1461460.83,867793.82,863115.17,598345.66,22
29PNICV1122M1ZX,2025-09,8141741.45,17051.9,1465513.47,844066.51,842424.37,623089.11,43
29PNICV1122M1ZX,2025-10,8279336.91,25998.08,1490280.61,891720.65,882057.26,608223.36,44
29PNICV1122M1ZX,2025-11,9107508.38,31339.96,1639351.49,901811.2,891293.3,748058.2,16
29PNICV1122M1ZX,2025-12,8121881.89,20333.62,1461938.75,823862.62,807603.95,654334.8,23
29PNICV1122M1ZX,2026-01,8851403.6,23817.67,1593252.65,958704.45,950904.58,642348.07,11
29PNICV1122M1ZX,2026-02,8379672.25,23432.5,1508341.0,866642.29,858923.28,649417.72,28
29PNICV1122M1ZX,2026-03,8914710.95,30891.56,1604647.97,876859.05,872600.98,732047.0,36
33QRWPX0253Q1ZE,2025-08,2149269.93,21968.56,601795.57,93813.67,93612.73,508182.84,0
33QRWPX0253Q1ZE,2025-09,1473875.36,22843.47,412685.1,75989.85,74873.81,337811.29,0
33QRWPX0253Q1ZE,2025-10,2236690.2,17512.98,626273.24,193358.49,190640.23,435633.02,0
33QRWPX0253Q1ZE,2025-11,2644520.06,19292.71,740465.62,149271.8,148344.01,592121.61,0
33QRWPX0253Q1ZE,2025-12,1583613.02,22123.23,443411.63,131760.02,129686.34,313725.3,0
33QRWPX0253Q1ZE,2026-01,1618814.76,23327.77,453268.11,85839.59,84370.55,368897.56,0
33QRWPX0253Q1ZE,2026-02,1370421.88,19364.95,383718.13,77160.35,75945.88,307772.25,3
33QRWPX0253Q1ZE,2026-03,1645139.41,21478.41,460639.05,103652.25,103174.27,357464.78,0
09DYPFB2300Y1ZA,2025-07,566706.88,58932.15,102007.24,54538.8,53754.88,48252.36,6
09DYPFB2300Y1ZA,2025-08,660432.06,63325.03,118877.77,45751.78,45233.43,73644.34,9
09DYPFB2300Y1ZA,2025-09,874215.92,35957.17,157358.87,37505.06,37421.69,119937.18,0
09DYPFB2300Y1ZA,2025-10,926540.21,50204.14,166777.24,44671.89,44198.32,122578.92,0
09DYPFB2300Y1ZA,2025-11,797598.63,50079.5,143567.75,57791.34,57442.74,86125.01,0
09DYPFB2300Y1ZA,2025-12,413165.45,49601.91,74369.77,39555.49,39422.29,34947.48,0
09DYPFB2300Y1ZA,2026-01,627312.13,43982.7,112916.19,41181.79,40971.91,71944.28,0
09DYPFB2300Y1ZA,2026-02,607877.27,56041.08,109417.91,50595.99,49632.53,59785.38,0
09DYPFB2300Y1ZA,2026-03,743335.83,51125.3,133800.45,36372.29,35998.03,97802.43,25
19PZTPQ3403Q1Z1,2025-04,3229496.46,3229496.46,581309.36,216425.72,228079.89,353229.48,0
19PZTPQ3403Q1Z1,2025-05,2643333.38,2643333.38,475800.01,210397.52,209846.66,265953.35,0
19PZTPQ3403Q1Z1,2025-06,2716653.57,2716653.57,488997.64,173412.19,173088.72,315908.92,0
19PZTPQ3403Q1Z1,2025-07,2209412.19,2209412.19,397694.19,165346.17,164187.33,233506.86,0
19PZTPQ3403Q1Z1,2025-08,2880697.4,2880697.4,518525.53,193551.33,193043.07,325482.46,0
19PZTPQ3403Q1Z1,2025-09,3587821.94,3587821.94,645807.95,215819.28,236068.05,409739.9,0
19PZTPQ3403Q1Z1,2025-10,4633308.61,4633308.61,833995.55,361956.08,356450.39,477545.16,0
19PZTPQ3403Q1Z1,2025-11,4069465.8,4069465.8,732503.84,176112.8,230662.52,501841.33,0
19PZTPQ3403Q1Z1,2025-12,3188515.06,3188515.06,573932.71,264840.28,263223.37,310709.34,0
19PZTPQ3403Q1Z1,2026-01,2631346.84,2631346.84,473642.43,160825.59,158967.5,314674.93,0
19PZTPQ3403Q1Z1,2026-02,3069836.7,3069836.7,552570.61,202370.44,205980.81,346589.8,0
19PZTPQ3403Q1Z1,2026-03,4019440.86,4019440.86,723499.36,235593.62,230995.74,492503.62,0
07RUDPB3378L1Z1,2025-04,2091040.93,403429.13,376387.37,109219.24,108698.17,267689.2,0
07RUDPB3378L1Z1,2025-05,2118326.19,395416.54,381298.73,142520.16,139869.35,241429.38,0
07RUDPB3378L1Z1,2025-06,1732319.51,389929.53,311817.52,205431.87,204375.67,107441.85,0
07RUDPB3378L1Z1,2025-07,2142206.19,305631.22,385597.11,159096.08,157356.14,228240.97,0
07RUDPB3378L1Z1,2025-08,1773658.51,380195.68,319258.53,123233.2,121471.47,197787.06,0
07RUDPB3378L1Z1,2025-09,2144057.45,428390.36,385930.31,119316.41,118165.6,267764.71,0
07RUDPB3378L1Z1,2025-10,2675025.65,350968.15,481504.64,73016.22,143695.8,337808.84,0
07RUDPB3378L1Z1,2025-11,2566158.13,422609.22,461908.45,127030.52,125652.49,336255.96,0
07RUDPB3378L1Z1,2025-12,2169954.38,396080.6,390591.79,177575.76,177355.98,213235.81,0
07RUDPB3378L1Z1,2026-01,1791219.28,413221.86,322419.46,128989.19,126441.65,195977.82,0
07RUDPB3378L1Z1,2026-02,1784436.24,367776.05,321198.52,134613.73,134329.54,186868.98,0
07RUDPB3378L1Z1,2026-03,2275913.04,416889.64,409664.37,118033.81,116966.44,292697.92,4
29LCRFD9430E1ZP,2025-04,4866066.57,174991.54,1362498.65,192354.79,219249.15,1143249.5,0
29LCRFD9430E1ZP,2025-05,3453695.47,218622.87,967034.74,206638.8,204497.4,762537.34,0
29LCRFD9430E1ZP,2025-06,3177173.49,180192.97,889608.55,194587.04,192131.99,697476.56,0
29LCRFD9430E1ZP,2025-07,3555442.04,188186.09,995523.78,202274.26,201715.7,793808.08,0
29LCRFD9430E1ZP,2025-08,3485547.67,128578.66,975953.34,163305.85,211873.23,764080.11,4
29LCRFD9430E1ZP,2025-09,3517513.91,173054.93,984903.93,263729.51,261253.31,723650.62,0
29LCRFD9430E1ZP,2025-10,6512610.15,156863.28,1823530.87,359394.85,367387.36,1456143.51,0
29LCRFD9430E1ZP,2025-11,5373568.82,147460.24,1504599.28,325548.62,320500.53,1184098.74,0
29LCRFD9430E1ZP,2025-12,4498105.97,162752.35,1259469.68,247622.15,243780.77,1015688.9,0
29LCRFD9430E1ZP,2026-01,3483063.5,165980.84,975257.77,259172.81,257596.18,717661.59,0
29LCRFD9430E1ZP,2026-02,4572815.84,148698.16,1280388.46,198166.27,218403.49,1061984.96,0
29LCRFD9430E1ZP,2026-03,4431639.08,167980.32,1240858.96,330575.2,337920.46,902938.5,0
09OMJCC0790I1ZC,2025-04,1339290.69,1339290.69,160714.88,101441.49,100001.99,60712.9,0
09OMJCC0790I1ZC,2025-05,828421.6,828421.6,99410.59,89969.75,89835.52,9575.07,0
09OMJCC0790I1ZC,2025-06,866983.31,866983.31,104038.0,84063.03,82962.15,21075.85,0
09OMJCC0790I1ZC,2025-07,1058578.31,1058578.31,127029.4,122621.32,127932.57,0.0,0
09OMJCC0790I1ZC,2025-08,1108957.01,1108957.01,133074.84,138872.4,138406.23,0.0,0
09OMJCC0790I1ZC,2025-09,1017586.45,1017586.45,122110.37,87157.25,85823.79,30052.02,0
09OMJCC0790I1ZC,2025-10,1944127.96,1944127.96,233295.36,250628.05,245874.95,0.0,0
09OMJCC0790I1ZC,2025-11,1353828.42,1353828.42,162459.41,117601.18,117424.59,32455.23,0
09OMJCC0790I1ZC,2025-12,710915.22,710915.22,85309.83,67616.92,66905.15,18404.68,0
09OMJCC0790I1ZC,2026-01,970215.39,970215.39,116425.85,127911.19,125782.38,0.0,0
09OMJCC0790I1ZC,2026-02,877714.35,877714.35,105325.72,102149.07,101578.08,0.0,0
09OMJCC0790I1ZC,2026-03,1353301.51,1353301.51,162396.18,101761.73,105200.68,51586.61,8
36FFTPF7971D1ZX,2025-04,1038374.8,1038374.8,186907.46,155846.77,155510.41,31397.06,1
36FFTPF7971D1ZX,2025-05,1128240.93,1128240.93,203083.37,190438.4,189982.74,13100.62,6
36FFTPF7971D1ZX,2025-06,1346274.83,1346274.83,242329.47,179629.54,176296.08,66033.39,0
36FFTPF7971D1ZX,2025-07,1199209.84,1199209.84,215857.77,156107.79,153331.67,62526.1,0
36FFTPF7971D1ZX,2025-08,830757.38,830757.38,149536.33,152804.15,151872.96,0.0,0
36FFTPF7971D1ZX,2025-09,1098668.15,1098668.15,197760.27,141480.03,139916.0,55507.64,0
36FFTPF7971D1ZX,2025-10,1556002.11,1556002.11,280080.38,212410.51,210582.07,69498.31,0
36FFTPF7971D1ZX,2025-11,1097106.2,1097106.2,197479.12,175513.16,174861.05,22618.07,0
36FFTPF7971D1ZX,2025-12,1007987.28,1007987.28,181437.71,132939.99,132704.62,48733.09,0
36FFTPF7971D1ZX,2026-01,1288125.13,1288125.13,231862.52,152040.46,149255.67,82606.86,0
36FFTPF7971D1ZX,2026-02,1155768.97,1155768.97,208038.41,145295.7,145077.81,62960.6,0
36FFTPF7971D1ZX,2026-03,954212.14,954212.14,171758.19,131849.1,130691.24,41066.94,0
24GEUPY6434B1ZZ,2025-04,526862.23,233936.38,94835.21,40092.71,39948.87,54886.34,4
24GEUPY6434B1ZZ,2025-05,581873.45,331695.89,104737.23,56571.3,56169.06,48568.17,0
24GEUPY6434B1ZZ,2025-06,559872.74,292757.51,100777.09,35976.0,35403.94,65373.15,0
24GEUPY6434B1ZZ,2025-07,578408.18,225363.46,104113.48,51809.73,50915.71,53197.77,0
24GEUPY6434B1ZZ,2025-08,555183.31,257758.45,99932.99,41412.54,40639.68,59293.31,0
24GEUPY6434B1ZZ,2025-09,508014.29,315365.44,91442.56,56177.84,55805.22,35637.34,0
24GEUPY6434B1ZZ,2025-10,651247.36,374462.74,117224.53,94701.88,93049.02,24175.51,0
24GEUPY6434B1ZZ,2025-11,781347.26,408305.41,140642.51,83177.53,82136.85,58505.66,0
24GEUPY6434B1ZZ,2025-12,589544.35,327553.12,106117.97,62045.89,62013.88,44104.09,0
24GEUPY6434B1ZZ,2026-01,621412.31,319447.97,111854.22,69767.2,69476.64,42377.59,12
24GEUPY6434B1ZZ,2026-02,534081.93,273481.48,96134.76,72442.1,71249.68,24885.07,0
24GEUPY6434B1ZZ,2026-03,599643.89,369292.48,107935.91,68583.05,67905.45,40030.46,0
09KJBPA0454Y1ZG,2025-09,303754.54,88418.23,54675.82,30917.32,30797.84,23877.98,0
09KJBPA0454Y1ZG,2025-10,451627.78,125481.81,81293.01,38913.45,38284.2,43008.81,0
09KJBPA0454Y1ZG,2025-11,390568.15,89046.39,70302.28,33136.18,32814.58,37487.7,10
09KJBPA0454Y1ZG,2025-12,394380.31,130394.34,70988.46,34078.21,36024.11,34964.35,0
09KJBPA0454Y1ZG,2026-01,360270.53,110259.55,64848.7,34776.69,34391.88,30456.82,0
09KJBPA0454Y1ZG,2026-02,342279.65,108584.41,61610.33,31063.51,30949.72,30660.61,0
09KJBPA0454Y1ZG,2026-03,387153.57,114087.33,69687.63,26935.06,26587.34,43100.29,0
27UNFPE6453I1ZD,2025-04,2461599.71,2461599.71,295391.96,365220.69,358084.79,0.0,13
27UNFPE6453I1ZD,2025-05,2680264.91,2680264.91,321631.79,279985.36,318062.62,0.0,21
27UNFPE6453I1ZD,2025-06,2041967.8,2041967.8,245036.14,226141.41,247538.0,0.0,30
27UNFPE6453I1ZD,2025-07,2270282.27,2270282.27,272433.87,291342.78,287909.01,0.0,18
27UNFPE6453I1ZD,2025-08,2413289.83,2413289.83,289594.78,429729.42,514468.45,0.0,9
27UNFPE6453I1ZD,2025-09,2099311.58,2099311.58,251917.39,269607.37,324552.33,0.0,18
27UNFPE6453I1ZD,2025-10,3852265.58,3852265.58,462271.87,443371.79,635467.99,0.0,23
27UNFPE6453I1ZD,2025-11,3465387.12,3465387.12,415846.45,515986.71,514469.85,0.0,28
27UNFPE6453I1ZD,2025-12,2539158.44,2539158.44,304699.01,309919.57,306074.25,0.0,13
27UNFPE6453I1ZD,2026-01,2288148.57,2288148.57,274577.83,280255.16,276678.96,0.0,6
27UNFPE6453I1ZD,2026-02,2756721.72,2756721.72,330806.61,440203.06,439179.77,0.0,33
27UNFPE6453I1ZD,2026-03,2589655.41,2589655.41,310758.65,459415.02,458848.0,0.0,30
33WGBFO3789K1ZZ,2025-04,813228.25,180446.16,146381.08,84107.16,89403.71,56977.37,0
33WGBFO3789K1ZZ,2025-05,1216862.67,206564.23,219035.28,212536.1,211481.58,7553.7,0
33WGBFO3789K1ZZ,2025-06,1087753.71,206485.77,195795.67,124796.89,123904.16,71891.51,0
33WGBFO3789K1ZZ,2025-07,924636.79,216543.67,166434.62,182635.48,179418.44,0.0,0
33WGBFO3789K1ZZ,2025-08,1324574.16,210797.03,238423.33,170974.75,173198.57,52240.95,0
33WGBFO3789K1ZZ,2025-09,888987.13,258516.93,160017.68,126273.29,124076.56,35941.12,0
33WGBFO3789K1ZZ,2025-10,1615781.95,347617.98,290840.76,401530.39,395164.81,0.0,0
33WGBFO3789K1ZZ,2025-11,1069213.34,250628.45,192458.41,176721.41,176591.45,0.0,0
33WGBFO3789K1ZZ,2025-12,1200544.39,204980.62,216097.99,245725.89,247579.79,0.0,0
33WGBFO3789K1ZZ,2026-01,1097070.13,236715.61,197472.63,143164.43,142631.84,0.0,4
33WGBFO3789K1ZZ,2026-02,940124.69,166078.2,169222.45,168718.86,168675.25,0.0,0
33WGBFO3789K1ZZ,2026-03,1045806.4,297928.33,188245.16,168457.12,165194.48,0.0,0
27GCAPL5574P1ZU,2025-04,713139.42,144884.0,85576.73,89903.87,88908.45,0.0,0
27GCAPL5574P1ZU,2025-05,930505.97,186137.69,111660.72,77312.7,94174.19,14154.81,0
27GCAPL5574P1ZU,2025-06,729213.41,180458.22,87505.61,77278.35,76551.0,10954.61,0
27GCAPL5574P1ZU,2025-07,676920.19,157952.21,81230.42,73648.77,72690.4,8540.02,0
27GCAPL5574P1ZU,2025-08,688906.49,195662.81,82668.79,108038.49,107260.71,0.0,9
27GCAPL5574P1ZU,2025-09,669726.29,156253.08,80367.15,75363.13,74857.82,0.0,0
27GCAPL5574P1ZU,2025-10,947483.12,268246.24,113697.98,146824.15,145424.99,0.0,0
27GCAPL5574P1ZU,2025-11,885409.32,179120.62,106249.12,81539.46,80766.55,0.0,0
27GCAPL5574P1ZU,2025-12,554306.2,133535.3,66516.76,60567.82,59435.21,0.0,0
27GCAPL5574P1ZU,2026-01,660161.45,190828.87,79219.37,73133.09,72633.89,0.0,6
27GCAPL5574P1ZU,2026-02,640801.6,173938.38,76896.2,54171.0,75535.28,0.0,0
27GCAPL5574P1ZU,2026-03,657252.49,180262.43,78870.3,67325.29,67256.81,1314.4,0
36PDNFA2345V1Z4,2025-04,1467926.79,36802.62,411019.5,218281.4,214477.25,196542.25,0
36PDNFA2345V1Z4,2025-05,1515345.25,34153.33,424296.67,138753.35,138054.71,286241.96,9
36PDNFA2345V1Z4,2025-06,1380063.93,35749.24,386417.91,156663.35,155587.36,230830.54,0
36PDNFA2345V1Z4,2025-07,1738661.75,39229.24,486825.29,225887.13,221993.05,264832.24,0
36PDNFA2345V1Z4,2025-08,1672686.23,33017.76,468352.13,194336.76,208990.27,259361.86,0
36PDNFA2345V1Z4,2025-09,1448667.82,33527.76,405626.99,198571.16,194866.11,210760.88,0
36PDNFA2345V1Z4,2025-10,2772382.31,33086.27,776267.05,481748.73,477302.24,298964.81,3
36PDNFA2345V1Z4,2025-11,1926859.81,32990.6,539520.74,268243.81,263934.71,275586.02,0
36PDNFA2345V1Z4,2025-12,1683829.56,36527.52,471472.28,190140.43,189156.46,282315.83,0
36PDNFA2345V1Z4,2026-01,1408780.84,33699.51,394458.62,119472.93,117877.64,276580.98,0
36PDNFA2345V1Z4,2026-02,1924575.13,44557.21,538881.04,164774.18,162052.7,376828.34,0
36PDNFA2345V1Z4,2026-03,2037764.99,53194.5,570574.21,223844.07,220208.92,350365.29,0
27CRYPI6844F1Z4,2025-04,1461106.09,104112.88,73055.31,296334.62,296087.64,0.0,0
27CRYPI6844F1Z4,2025-05,1920835.79,94564.28,96041.78,278962.74,275851.08,0.0,7
27CRYPI6844F1Z4,2025-06,1831608.55,121582.81,91580.42,446938.95,461929.52,0.0,0
27CRYPI6844F1Z4,2025-07,2276929.25,107152.97,113846.46,352577.05,348624.17,0.0,7
27CRYPI6844F1Z4,2025-08,2396619.85,107110.28,119831.0,407012.54,421241.37,0.0,0
27CRYPI6844F1Z4,2025-09,1510997.48,114544.02,75549.87,273922.56,273144.15,0.0,0
27CRYPI6844F1Z4,2025-10,2733985.78,181340.0,136699.28,582224.13,577096.33,0.0,0
27CRYPI6844F1Z4,2025-11,2762122.44,156882.36,138106.12,486316.81,480764.52,0.0,0
27CRYPI6844F1Z4,2025-12,2128147.65,150660.59,106407.38,369197.97,368508.19,0.0,0
27CRYPI6844F1Z4,2026-01,1419326.33,128206.49,70966.32,273075.1,271926.94,0.0,0
27CRYPI6844F1Z4,2026-02,2558313.49,159247.18,127915.66,462441.45,459406.05,0.0,0
27CRYPI6844F1Z4,2026-03,2732784.6,124985.61,136639.22,371776.51,377412.08,0.0,0
36OZGPJ7058E1ZW,2025-04,852877.38,93189.4,238805.67,37022.19,36311.58,202494.09,9
36OZGPJ7058E1ZW,2025-05,1028067.37,86796.21,287858.88,45556.19,45252.91,242605.97,0
36OZGPJ7058E1ZW,2025-06,937339.0,98382.44,262454.91,52243.48,51261.25,211193.66,0
36OZGPJ7058E1ZW,2025-07,732713.9,77992.56,205159.88,48099.11,47673.71,157486.17,0
36OZGPJ7058E1ZW,2025-08,970914.16,76793.45,271855.96,58613.44,58346.95,213509.01,0
36OZGPJ7058E1ZW,2025-09,770060.9,87597.29,215617.04,49550.44,48653.14,166963.9,25
36OZGPJ7058E1ZW,2025-10,936925.08,96082.93,262339.02,54843.16,54002.41,208336.61,0
36OZGPJ7058E1ZW,2025-11,992086.73,93185.47,277784.28,58844.42,58259.83,219524.45,0
36OZGPJ7058E1ZW,2025-12,785404.38,86410.01,219913.21,34248.25,40987.6,178925.61,0
36OZGPJ7058E1ZW,2026-01,905471.87,85262.16,253532.14,67492.25,67478.9,186053.23,0
36OZGPJ7058E1ZW,2026-02,787221.97,81890.91,220422.16,26595.46,45487.06,174935.1,0
36OZGPJ7058E1ZW,2026-03,753620.33,87559.71,211013.69,46776.49,46307.63,164706.06,0
09TRNPU6329Z1ZJ,2025-04,2316725.35,13349.41,417010.57,103340.24,102403.51,314607.07,2
09TRNPU6329Z1ZJ,2025-05,2521873.83,15883.87,453937.28,99352.16,98101.9,355835.38,0
09TRNPU6329Z1ZJ,2025-06,2110181.82,14619.86,379832.72,77642.0,86484.69,293348.03,10
09TRNPU6329Z1ZJ,2025-07,2382576.37,16751.07,428863.73,123993.85,122140.79,306722.94,3
09TRNPU6329Z1ZJ,2025-08,5918898.54,15780.39,1065401.73,119158.22,117195.99,948205.74,3
09TRNPU6329Z1ZJ,2025-09,2458415.55,19645.83,442514.81,82985.02,82140.44,360374.37,6
09TRNPU6329Z1ZJ,2025-10,4049934.0,14002.77,728988.13,244470.03,241755.69,487232.44,0
09TRNPU6329Z1ZJ,2025-11,2821295.3,15987.86,507833.15,146717.53,145778.37,362054.79,27
09TRNPU6329Z1ZJ,2025-12,2277556.82,17039.66,409960.24,109501.11,108430.03,301530.21,12
09TRNPU6329Z1ZJ,2026-01,2061031.61,17359.24,370985.68,103556.91,102474.49,268511.2,7
09TRNPU6329Z1ZJ,2026-02,2715165.95,16860.53,488729.85,102007.38,101185.11,387544.73,0
09TRNPU6329Z1ZJ,2026-03,3017617.6,11487.55,543171.16,126181.04,124033.24,419137.92,0
33ILGPO9629U1ZT,2025-04,1091915.49,1091915.49,131029.86,127027.17,125564.49,5465.36,0
33ILGPO9629U1ZT,2025-05,998782.66,998782.66,119853.92,102312.97,100651.62,19202.3,0
33ILGPO9629U1ZT,2025-06,1064663.33,1064663.33,127759.6,119545.0,118021.02,9738.58,0
33ILGPO9629U1ZT,2025-07,1230601.48,1230601.48,147672.18,103954.3,758507.66,0.0,0
33ILGPO9629U1ZT,2025-08,1340080.82,1340080.82,160809.7,152079.17,856110.2,0.0,0
33ILGPO9629U1ZT,2025-09,1201959.16,1201959.16,144235.1,165187.85,162446.49,0.0,0
33ILGPO9629U1ZT,2025-10,1779442.36,1779442.36,213533.08,217282.35,214031.63,0.0,6
33ILGPO9629U1ZT,2025-11,1350448.95,1350448.95,162053.87,188485.72,185475.04,0.0,0
33ILGPO9629U1ZT,2025-12,1080775.69,1080775.69,129693.08,114969.39,113229.51,0.0,0
33ILGPO9629U1ZT,2026-01,955847.6,955847.6,114701.71,62988.75,112904.86,0.0,0
33ILGPO9629U1ZT,2026-02,1346128.27,1346128.27,161535.39,156968.44,163049.02,0.0,0
33ILGPO9629U1ZT,2026-03,1564273.51,1564273.51,187712.82,220505.94,220105.04,0.0,0
24IIYCW4270L1ZU,2025-04,1918371.45,1918371.45,95918.57,345745.75,349684.32,0.0,0
24IIYCW4270L1ZU,2025-05,1476580.19,1476580.19,73829.01,180215.53,177618.04,0.0,0
24IIYCW4270L1ZU,2025-06,1218051.42,1218051.42,60902.57,150305.69,149508.19,0.0,0
24IIYCW4270L1ZU,2025-07,1249760.65,1249760.65,62488.03,132931.12,131510.97,0.0,0
24IIYCW4270L1ZU,2025-08,1709326.78,1709326.78,85466.34,283370.31,278890.32,0.0,0
24IIYCW4270L1ZU,2025-09,2070769.48,2070769.48,103538.47,331432.59,326701.69,0.0,0
24IIYCW4270L1ZU,2025-10,2095979.51,2095979.51,104798.98,263100.03,262441.63,0.0,0
24IIYCW4270L1ZU,2025-11,2130041.58,2130041.58,106502.08,288505.4,288210.71,0.0,0
24IIYCW4270L1ZU,2025-12,1559904.23,1559904.23,77995.21,173717.31,186989.26,0.0,0
24IIYCW4270L1ZU,2026-01,2192344.83,2192344.83,109617.24,293371.12,345257.93,0.0,0
24IIYCW4270L1ZU,2026-02,2306419.27,2306419.27,115320.96,375015.75,373285.02,0.0,0
24IIYCW4270L1ZU,2026-03,2014400.64,2014400.64,100720.03,297149.95,294201.65,0.0,0
09FHGPT8077P1Z1,2025-04,1717137.16,1717137.16,309084.69,171084.13,192320.48,116764.21,10
09FHGPT8077P1Z1,2025-05,1434438.15,1434438.15,258198.87,156974.86,154747.24,103451.62,21
09FHGPT8077P1Z1,2025-06,1771512.26,1771512.26,318872.21,183856.55,182479.81,136392.4,13
09FHGPT8077P1Z1,2025-07,1506222.73,1506222.73,271120.09,174888.22,193348.43,77771.66,16
09FHGPT8077P1Z1,2025-08,2122111.01,2122111.01,381979.98,279885.09,277622.34,104357.64,40
09FHGPT8077P1Z1,2025-09,1743125.5,1743125.5,313762.59,214206.43,231065.29,82697.3,28
09FHGPT8077P1Z1,2025-10,2280837.9,2280837.9,410550.82,317153.05,313565.56,96985.26,24
09FHGPT8077P1Z1,2025-11,2322766.66,2322766.66,418098.0,294074.61,293173.54,124924.46,29
09FHGPT8077P1Z1,2025-12,1422737.46,1422737.46,256092.74,170154.95,169237.64,86855.1,40
09FHGPT8077P1Z1,2026-01,1698894.65,1698894.65,305801.04,165261.73,162105.9,143695.14,5
09FHGPT8077P1Z1,2026-02,1580049.7,1580049.7,284408.95,184225.8,228691.91,55717.04,35
09FHGPT8077P1Z1,2026-03,1660372.94,1660372.94,298867.13,148790.55,169642.79,129224.34,39
09VCLCO9106B1ZR,2025-04,3756400.46,4325.09,1051792.12,358268.11,357239.0,694553.12,26
09VCLCO9106B1ZR,2025-05,3776032.14,4274.36,1057289.01,249568.87,245068.84,812220.17,24
09VCLCO9106B1ZR,2025-06,4165100.39,4186.33,1166228.1,316401.29,313401.16,852826.94,31
09VCLCO9106B1ZR,2025-07,4112829.53,4780.54,1151592.26,475595.36,471177.03,680415.23,23
09VCLCO9106B1ZR,2025-08,3937103.43,6404.58,1102388.97,293994.84,289536.04,812852.93,8
09VCLCO9106B1ZR,2025-09,4214938.25,5600.43,1180182.7,383095.94,377959.48,802223.22,39
09VCLCO9106B1ZR,2025-10,6319132.38,6137.19,1769357.06,600164.12,659824.92,1109532.15,18
09VCLCO9106B1ZR,2025-11,5575905.37,4211.95,1561253.52,582126.96,581640.96,979612.56,12
09VCLCO9106B1ZR,2025-12,4147069.83,5896.05,1161179.56,358401.38,351471.27,809708.3,40
09VCLCO9106B1ZR,2026-01,3320084.14,4745.38,929623.57,397672.1,391561.84,538061.73,26
09VCLCO9106B1ZR,2026-02,3838121.23,5317.66,1074673.95,322046.81,316629.94,758044.01,33
09VCLCO9106B1ZR,2026-03,4629212.53,4912.26,1296179.49,417854.74,455920.92,840258.57,42
09NLXCL1619J1ZW,2025-04,7357386.43,377887.37,1324329.57,1241983.89,1383966.79,0.0,0
09NLXCL1619J1ZW,2025-05,5616392.71,339916.55,1010950.68,1081457.25,1091261.5,0.0,0
09NLXCL1619J1ZW,2025-06,6210560.8,413137.0,1117900.94,948814.92,932381.6,45571.29,8
09NLXCL1619J1ZW,2025-07,6081584.96,267213.33,1094685.29,1082995.88,1072380.04,22305.25,5
09NLXCL1619J1ZW,2025-08,7107481.38,415067.35,1279346.64,1155179.21,1143758.41,135588.23,8
09NLXCL1619J1ZW,2025-09,6201552.08,417748.89,1116279.38,1018305.95,1015051.11,101228.27,0
09NLXCL1619J1ZW,2025-10,8424239.65,597760.72,1516363.12,1532451.35,1505386.8,10976.32,15
09NLXCL1619J1ZW,2025-11,8963783.96,530500.22,1613481.13,1406224.63,1386034.01,227447.12,0
09NLXCL1619J1ZW,2025-12,7868837.78,330264.98,1416390.81,1454527.81,1475857.53,0.0,0
09NLXCL1619J1ZW,2026-01,5841298.83,490493.14,1051433.77,1315211.42,1308428.51,0.0,0
09NLXCL1619J1ZW,2026-02,6798453.92,378790.43,1223721.72,1406074.2,1447748.14,0.0,0
09NLXCL1619J1ZW,2026-03,6034501.34,396041.41,1086210.25,1360585.34,1353671.61,0.0,23
24YVAFN1399D1ZO,2025-04,385845.46,385845.46,46301.45,55237.19,54250.92,0.0,38
24YVAFN1399D1ZO,2025-05,391520.42,391520.42,46982.45,47452.29,47073.75,0.0,29
24YVAFN1399D1ZO,2025-06,331916.25,331916.25,39829.95,38906.94,38335.67,0.0,34
24YVAFN1399D1ZO,2025-07,308094.19,308094.19,36971.3,29422.21,28964.4,1460.42,28
24YVAFN1399D1ZO,2025-08,310774.86,310774.86,37292.98,36268.61,35591.43,1701.56,9
24YVAFN1399D1ZO,2025-09,306854.53,306854.53,36822.54,29236.81,29102.29,7720.25,8
24YVAFN1399D1ZO,2025-10,562894.91,562894.91,67547.39,76307.23,75313.82,0.0,39
24YVAFN1399D1ZO,2025-11,362872.75,362872.75,43544.73,49773.24,49662.05,0.0,30
24YVAFN1399D1ZO,2025-12,299075.33,299075.33,35889.04,26340.16,25957.33,0.0,6
24YVAFN1399D1ZO,2026-01,293687.18,293687.18,35242.46,39696.65,38936.79,0.0,42
24YVAFN1399D1ZO,2026-02,236491.89,236491.89,28379.03,23887.15,23672.78,0.0,15
24YVAFN1399D1ZO,2026-03,400791.86,400791.86,48095.02,44901.77,44095.71,1059.18,11
19OCVPC1217L1ZZ,2025-04,1637800.1,282758.84,294804.03,139896.86,139458.03,155346.0,13
19OCVPC1217L1ZZ,2025-05,1615964.55,322427.38,290873.61,103055.3,101590.2,189283.41,0
19OCVPC1217L1ZZ,2025-06,1780655.35,338847.46,320517.93,132361.7,130132.43,190385.5,0
19OCVPC1217L1ZZ,2025-07,2142318.73,297705.77,385617.38,91946.04,91145.22,294472.15,0
19OCVPC1217L1ZZ,2025-08,1717522.14,382689.34,309153.98,101131.06,99322.85,209831.13,0
19OCVPC1217L1ZZ,2025-09,1546225.56,337528.79,278320.58,91409.97,91163.1,187157.48,2
19OCVPC1217L1ZZ,2025-10,2029029.84,301609.67,365225.35,98641.24,97693.1,267532.25,0
19OCVPC1217L1ZZ,2025-11,2077564.43,382052.78,373961.61,166906.68,163888.3,210073.31,0
19OCVPC1217L1ZZ,2025-12,1743672.45,267079.21,313861.04,99778.49,98327.64,215533.39,0
19OCVPC1217L1ZZ,2026-01,1667292.94,285729.77,300112.73,95865.57,95432.27,204680.46,0
19OCVPC1217L1ZZ,2026-02,1696796.81,338408.79,305423.42,97288.5,96085.18,209338.25,0
19OCVPC1217L1ZZ,2026-03,1685265.84,350755.36,303347.86,88971.01,88857.66,214490.19,0
27QZECS3062N1Z6,2025-04,1358210.82,1358210.82,244477.95,72187.37,71100.66,173377.29,0
27QZECS3062N1Z6,2025-05,1634736.67,1634736.67,294252.6,113321.43,113087.54,181165.06,0
27QZECS3062N1Z6,2025-06,1300248.46,1300248.46,234044.72,111483.13,111425.26,122619.46,6
27QZECS3062N1Z6,2025-07,1919501.19,1919501.19,345510.22,116337.79,115268.73,230241.48,0
27QZECS3062N1Z6,2025-08,1620988.39,1620988.39,291777.91,119226.19,118721.5,173056.41,0
27QZECS3062N1Z6,2025-09,1426042.37,1426042.37,256687.63,90702.04,90544.3,166143.33,0
27QZECS3062N1Z6,2025-10,2094897.21,2094897.21,377081.5,158542.65,156644.21,220437.29,0
27QZECS3062N1Z6,2025-11,1943656.24,1943656.24,349858.12,136388.92,165832.96,184025.16,0
27QZECS3062N1Z6,2025-12,1252491.93,1252491.93,225448.55,77894.65,76425.17,149023.38,6
27QZECS3062N1Z6,2026-01,1705130.47,1705130.47,306923.48,103914.75,103303.91,203619.57,0
27QZECS3062N1Z6,2026-02,1403540.23,1403540.23,252637.24,103957.1,102121.95,150515.29,10
27QZECS3062N1Z6,2026-03,1933124.25,1933124.25,347962.36,128381.31,128091.11,219871.26,2
33JJLCG4139S1Z7,2025-04,1314314.97,1314314.97,236576.69,183415.35,182463.68,54113.01,0
33JJLCG4139S1Z7,2025-05,878956.13,878956.13,158212.1,122615.02,121347.89,36864.21,0
33JJLCG4139S1Z7,2025-06,927714.24,927714.24,166988.56,90750.62,90483.99,76504.58,0
33JJLCG4139S1Z7,2025-07,1603860.04,1603860.04,288694.81,147300.43,144595.52,144099.29,0
33JJLCG4139S1Z7,2025-08,1195772.61,1195772.61,215239.07,127857.91,126747.36,88491.71,4
33JJLCG4139S1Z7,2025-09,930231.75,930231.75,167441.72,105324.3,105236.76,62204.95,0
33JJLCG4139S1Z7,2025-10,1368444.48,1368444.48,246320.01,144778.21,144252.96,102067.04,0
33JJLCG4139S1Z7,2025-11,1090718.73,1090718.73,196329.37,117944.59,116250.12,80079.25,2
33JJLCG4139S1Z7,2025-12,1053590.62,1053590.62,189646.31,88897.38,93604.39,96041.92,0
33JJLCG4139S1Z7,2026-01,1158168.53,1158168.53,208470.33,132571.57,131971.82,76498.52,0
33JJLCG4139S1Z7,2026-02,1304026.23,1304026.23,234724.72,125711.91,129367.63,105357.09,0
33JJLCG4139S1Z7,2026-03,898796.4,898796.4,161783.35,101795.05,101791.89,59991.46,0
24GURCX8859K1ZX,2025-08,1577995.89,28074.69,78899.78,37437.12,36943.21,41956.58,0
24GURCX8859K1ZX,2025-09,1650837.33,18973.05,82541.87,57338.06,56325.87,26216.01,0
24GURCX8859K1ZX,2025-10,1672621.31,24447.78,83631.07,30353.55,43417.94,40213.13,2
24GURCX8859K1ZX,2025-11,2132449.55,25510.63,106622.46,53330.12,52408.5,54213.96,0
24GURCX8859K1ZX,2025-12,1269277.98,22986.07,63463.89,68470.08,68007.56,0.0,0
24GURCX8859K1ZX,2026-01,1299623.15,21558.58,64981.17,54764.4,54041.2,6396.3,0
24GURCX8859K1ZX,2026-02,1381088.4,30182.41,69054.42,35359.37,35316.11,33738.32,0
24GURCX8859K1ZX,2026-03,1876293.34,21896.5,93814.68,35860.44,35400.32,58414.36,9
19OVYFG0385B1ZK,2025-04,4625541.57,51382.37,832597.49,223760.59,221879.9,610717.58,0
19OVYFG0385B1ZK,2025-05,4022009.82,57058.77,723961.78,194686.6,192088.86,531872.92,5
19OVYFG0385B1ZK,2025-06,10922748.28,60888.04,1966094.68,1004103.66,998514.77,967579.91,10
19OVYFG0385B1ZK,2025-07,10400467.7,47354.26,1872084.19,985179.89,983434.85,888649.34,0
19OVYFG0385B1ZK,2025-08,10983222.51,57471.46,1976980.05,1003333.3,999802.49,977177.56,0
19OVYFG0385B1ZK,2025-09,9910273.05,36796.79,1783849.14,891351.65,887286.61,896562.53,0
19OVYFG0385B1ZK,2025-10,12928738.81,40850.51,2327172.99,1116033.12,1109224.77,1217948.23,2
19OVYFG0385B1ZK,2025-11,11762218.76,59384.8,2117199.37,1029854.54,1022778.58,1094420.8,0
19OVYFG0385B1ZK,2025-12,10425465.75,51248.42,1876583.85,961769.39,942688.23,933895.62,0
19OVYFG0385B1ZK,2026-01,10390333.34,48006.84,1870260.02,933535.53,939728.72,930531.3,0
19OVYFG0385B1ZK,2026-02,3617093.33,54130.91,651076.8,193479.62,189743.58,461333.22,0
19OVYFG0385B1ZK,2026-03,4840037.09,51416.88,871206.67,173025.14,226216.91,644989.76,0
24FVKFV1539O1ZC,2025-04,1923679.89,230593.8,346262.38,206818.34,206352.54,139909.84,4
24FVKFV1539O1ZC,2025-05,2764022.49,205012.41,497524.06,137363.57,136968.67,360555.39,0
24FVKFV1539O1ZC,2025-06,2271617.91,276561.57,408891.21,199711.15,197121.74,211769.47,0
24FVKFV1539O1ZC,2025-07,2562012.04,313107.24,461162.13,229059.31,227778.95,233383.18,0
24FVKFV1539O1ZC,2025-08,2508730.79,316206.67,451571.56,251161.29,249918.82,201652.74,0
24FVKFV1539O1ZC,2025-09,2437612.85,226903.14,438770.32,216251.74,771278.06,0.0,0
24FVKFV1539O1ZC,2025-10,2873682.62,220862.01,517262.82,240759.03,267481.82,0.0,0
24FVKFV1539O1ZC,2025-11,3075287.31,226868.68,553551.72,352452.82,351835.09,118989.88,24
24FVKFV1539O1ZC,2025-12,2367450.31,240119.83,426141.08,215801.58,214135.52,212005.56,0
24FVKFV1539O1ZC,2026-01,2201918.0,244604.98,396345.27,312122.99,306278.38,90066.88,0
24FVKFV1539O1ZC,2026-02,2110115.01,212262.66,379820.69,213970.4,213916.28,165904.4,0
24FVKFV1539O1ZC,2026-03,2312963.74,197463.42,416333.47,168064.86,166735.93,249597.54,0
07YCKCL2747K1ZC,2025-04,4453151.45,4453151.45,801567.26,547142.69,543483.0,258084.26,1
07YCKCL2747K1ZC,2025-05,3946087.17,3946087.17,710295.69,372271.7,371232.36,339063.33,0
07YCKCL2747K1ZC,2025-06,4026143.38,4026143.38,724705.81,330822.19,324602.21,400103.6,0
07YCKCL2747K1ZC,2025-07,4094239.21,4094239.21,736963.06,325156.85,330911.88,406051.17,3
07YCKCL2747K1ZC,2025-08,4411371.0,4411371.0,794046.78,521159.24,518781.67,275265.11,0
07YCKCL2747K1ZC,2025-09,4428932.31,4428932.31,797207.82,418221.65,411113.34,386094.48,0
07YCKCL2747K1ZC,2025-10,9809107.01,9809107.01,1765639.26,1081248.41,1070481.35,695157.91,0
07YCKCL2747K1ZC,2025-11,7211562.85,7211562.85,1298081.31,950227.88,1201846.11,96235.2,0
07YCKCL2747K1ZC,2025-12,3178873.73,3178873.73,572197.27,478470.92,469027.76,103169.51,0
07YCKCL2747K1ZC,2026-01,4062810.42,4062810.42,731305.88,536144.4,544048.14,187257.74,0
07YCKCL2747K1ZC,2026-02,3905775.68,3905775.68,703039.62,445207.43,441770.6,261269.02,0
07YCKCL2747K1ZC,2026-03,5784155.06,5784155.06,1041147.91,788869.61,788345.88,252802.03,0
36FVOPE0458W1ZJ,2025-09,2180985.34,680031.99,392577.36,359237.62,352604.95,39972.41,0
36FVOPE0458W1ZJ,2025-10,3459419.21,1030553.54,622695.44,620408.91,619308.66,3386.78,8
36FVOPE0458W1ZJ,2025-11,3250850.58,1110248.2,585153.12,473101.91,472743.63,112409.48,0
36FVOPE0458W1ZJ,2025-12,2371430.77,828858.67,426857.54,345975.51,339100.03,87757.51,0
36FVOPE0458W1ZJ,2026-01,2052958.66,620354.97,369532.58,311240.38,305770.05,63762.53,0
36FVOPE0458W1ZJ,2026-02,2208160.46,523342.6,397468.89,296447.99,291175.18,106293.71,0
36FVOPE0458W1ZJ,2026-03,2479453.94,704335.02,446301.71,321943.79,346242.64,100059.08,9
07APAFP3387O1ZV,2025-04,129414.12,129414.12,15529.69,15955.92,15736.74,0.0,29
07APAFP3387O1ZV,2025-05,103533.63,103533.63,12424.04,13484.6,13348.12,0.0,0
07APAFP3387O1ZV,2025-06,87930.62,87930.62,10551.67,18039.77,17686.07,0.0,0
07APAFP3387O1ZV,2025-07,126707.51,126707.51,15204.9,23670.53,23469.31,0.0,6
07APAFP3387O1ZV,2025-08,102934.53,102934.53,12352.14,14415.66,14247.69,0.0,0
07APAFP3387O1ZV,2025-09,131640.99,131640.99,15796.92,18882.58,18678.33,0.0,0
07APAFP3387O1ZV,2025-10,173499.66,173499.66,20819.96,35134.84,35130.14,0.0,0
07APAFP3387O1ZV,2025-11,145358.72,145358.72,17443.05,33250.3,32702.19,0.0,0
07APAFP3387O1ZV,2025-12,137711.59,137711.59,16525.39,32784.47,32244.73,0.0,0
07APAFP3387O1ZV,2026-01,92322.19,92322.19,11078.66,16560.03,16316.95,0.0,0
07APAFP3387O1ZV,2026-02,139186.69,139186.69,16702.4,31064.76,30868.26,0.0,0
07APAFP3387O1ZV,2026-03,117277.33,117277.33,14073.28,25053.83,25033.06,0.0,0
19NZFCJ4790M1Z3,2025-04,6383911.82,445685.8,1149104.12,659581.49,651131.77,497972.35,0
19NZFCJ4790M1Z3,2025-05,5961114.8,436118.96,1073000.63,540164.89,535418.22,537582.41,0
19NZFCJ4790M1Z3,2025-06,5219374.71,639805.59,939487.45,498467.05,493228.98,446258.46,0
19NZFCJ4790M1Z3,2025-07,4940058.95,431173.09,889210.62,430342.03,432700.19,456510.43,0
19NZFCJ4790M1Z3,2025-08,5483478.61,517623.35,987026.13,872579.57,864180.39,122845.74,0
19NZFCJ4790M1Z3,2025-09,4705174.69,337717.5,846931.47,287505.22,369772.79,477158.68,10
19NZFCJ4790M1Z3,2025-10,8722197.85,492762.29,1569995.59,1104708.16,1095983.15,474012.44,0
19NZFCJ4790M1Z3,2025-11,6243966.44,437446.14,1123913.97,626098.26,617755.24,506158.72,3
19NZFCJ4790M1Z3,2025-12,7408237.82,440307.52,1333482.85,464335.9,461330.2,872152.65,0
19NZFCJ4790M1Z3,2026-01,5232586.69,441221.88,941865.6,715929.52,770062.97,171802.63,0
19NZFCJ4790M1Z3,2026-02,5805981.43,546188.04,1045076.65,646522.39,638285.26,406791.39,0
19NZFCJ4790M1Z3,2026-03,5513097.64,439342.05,992357.56,456930.45,452856.53,539501.03,2
36EOMFG1137B1ZW,2025-04,12701862.19,6719.98,635093.11,253902.26,250554.75,384538.36,0
36EOMFG1137B1ZW,2025-05,11018072.46,9158.14,550903.62,328716.1,328042.82,222860.79,5
36EOMFG1137B1ZW,2025-06,10132653.51,7745.28,506632.65,321001.22,319915.82,186716.83,0
36EOMFG1137B1ZW,2025-07,11843100.89,8810.76,592155.05,299699.12,297644.31,294510.74,0
36EOMFG1137B1ZW,2025-08,13223837.61,11258.11,661191.86,323940.13,318720.68,342471.18,0
36EOMFG1137B1ZW,2025-09,10045765.41,7343.59,502288.29,223900.27,221766.46,280521.83,4
36EOMFG1137B1ZW,2025-10,20421975.15,9134.93,1021098.76,274948.96,271356.7,749742.06,0
36EOMFG1137B1ZW,2025-11,16376845.82,6565.89,818842.28,334396.38,329641.04,489201.25,0
36EOMFG1137B1ZW,2025-12,12786038.07,8802.52,639301.91,344128.21,340189.66,299112.25,0
36EOMFG1137B1ZW,2026-01,12799961.26,6460.33,639998.08,211199.23,210278.49,429719.58,0
36EOMFG1137B1ZW,2026-02,13428097.49,7272.09,671404.88,331840.56,329703.63,341701.26,0
36EOMFG1137B1ZW,2026-03,12419918.53,7903.76,620995.9,243522.3,242758.49,378237.41,6
36SFSCM0729V1ZM,2025-04,1379088.5,118417.13,248235.91,175695.52,172868.59,75367.32,0
36SFSCM0729V1ZM,2025-05,780570.09,94970.6,140502.62,129659.44,129602.24,10900.38,0
36SFSCM0729V1ZM,2025-06,765075.86,97103.87,137713.66,112887.0,111791.18,25922.47,0
36SFSCM0729V1ZM,2025-07,1099011.49,82220.5,197822.07,183156.35,180886.07,16936.0,0
36SFSCM0729V1ZM,2025-08,1187611.92,102590.26,213770.15,212424.15,209740.08,4030.07,0
36SFSCM0729V1ZM,2025-09,1152117.72,108509.27,207381.19,191369.89,188121.32,19259.87,0
36SFSCM0729V1ZM,2025-10,1312910.87,118744.72,236323.96,159792.41,158412.75,77911.21,9
36SFSCM0729V1ZM,2025-11,1197581.33,118464.35,215564.64,201298.61,199873.74,15690.9,0
36SFSCM0729V1ZM,2025-12,826811.65,83244.82,148826.11,199647.8,199331.14,0.0,10
36SFSCM0729V1ZM,2026-01,835373.54,115966.1,150367.23,149948.47,148796.54,0.0,10
36SFSCM0729V1ZM,2026-02,1206482.36,77338.54,217166.83,227881.11,225826.4,0.0,0
36SFSCM0729V1ZM,2026-03,1250079.5,117097.19,225014.31,160818.52,158099.11,9321.29,8
29JJYCP9781Y1ZG,2025-04,2848525.48,152830.01,512734.58,204938.22,201212.69,311521.89,0
29JJYCP9781Y1ZG,2025-05,3605266.89,179702.15,648948.05,234085.2,232486.61,416461.44,0
29JJYCP9781Y1ZG,2025-06,3635731.94,169249.36,654431.75,207476.88,205437.38,448994.37,0
29JJYCP9781Y1ZG,2025-07,3121501.69,170929.87,561870.32,214259.41,211912.73,349957.58,1
29JJYCP9781Y1ZG,2025-08,3530438.29,204938.95,635478.89,326343.08,323907.89,311571.0,10
29JJYCP9781Y1ZG,2025-09,3317631.75,190586.09,597173.71,216476.51,216026.71,381147.0,0
29JJYCP9781Y1ZG,2025-10,5800541.42,170279.46,1044097.45,385881.0,382812.52,661284.94,0
29JJYCP9781Y1ZG,2025-11,4642090.74,167069.68,835576.33,265149.38,260665.15,574911.18,0
29JJYCP9781Y1ZG,2025-12,3440827.51,171321.07,619348.93,236598.65,233576.94,385772.0,9
29JJYCP9781Y1ZG,2026-01,3305773.66,176735.02,595039.26,200984.25,198656.25,396383.01,0
29JJYCP9781Y1ZG,2026-02,3273482.46,200211.78,589226.85,162302.29,160297.36,428929.49,0
29JJYCP9781Y1ZG,2026-03,4959878.31,156864.78,892778.1,293677.65,293865.46,598912.64,1
24OCBFL7331H1Z2,2025-04,867727.2,217347.91,156190.89,45348.23,44626.43,111564.47,0
24OCBFL7331H1Z2,2025-05,821519.87,153727.55,147873.58,78275.22,76928.37,70945.2,0
24OCBFL7331H1Z2,2025-06,812144.84,166319.59,146186.07,60123.18,59890.18,86295.89,0
24OCBFL7331H1Z2,2025-07,739269.52,138925.42,133068.51,49594.43,60550.04,72518.46,0
24OCBFL7331H1Z2,2025-08,703820.63,106128.96,126687.7,53656.83,53310.91,73376.79,0
24OCBFL7331H1Z2,2025-09,643740.08,153661.91,115873.21,52863.53,51945.55,63927.66,0
24OCBFL7331H1Z2,2025-10,1081059.7,130013.67,194590.74,46684.5,46659.35,147931.39,0
24OCBFL7331H1Z2,2025-11,1115690.12,170239.5,200824.21,53212.64,52683.58,148140.63,0
24OCBFL7331H1Z2,2025-12,907563.02,116570.21,163361.37,64141.75,63878.49,99482.87,0
24OCBFL7331H1Z2,2026-01,782978.55,138352.22,140936.15,64380.48,63906.47,77029.68,0
24OCBFL7331H1Z2,2026-02,860146.01,160911.51,154826.28,44639.72,44151.28,110675.0,0
24OCBFL7331H1Z2,2026-03,912064.43,163458.16,164171.62,61127.1,60122.15,104049.47,0
07RONCX2639G1ZP,2025-04,5039003.5,161204.46,604680.44,418074.2,415941.26,188739.17,0
07RONCX2639G1ZP,2025-05,5936356.49,156852.82,712362.78,414979.07,407399.63,304963.15,0
07RONCX2639G1ZP,2025-06,5430229.03,111958.29,651627.47,418464.01,412524.06,239103.41,0
07RONCX2639G1ZP,2025-07,5935191.89,117472.24,712223.04,420342.58,416793.29,295429.74,4
07RONCX2639G1ZP,2025-08,4932402.17,133536.73,591888.27,293360.72,290364.12,301524.15,0
07RONCX2639G1ZP,2025-09,4566514.74,145794.78,547981.77,351407.84,347784.98,200196.8,3
07RONCX2639G1ZP,2025-10,9615405.34,169608.09,1153848.62,717608.97,715835.6,438013.03,0
07RONCX2639G1ZP,2025-11,7174735.21,139569.71,860968.24,716565.49,715765.34,145202.89,0
07RONCX2639G1ZP,2025-12,5866692.58,178458.94,704003.12,529028.2,526555.69,177447.43,0
07RONCX2639G1ZP,2026-01,5448262.88,124313.02,653791.54,577596.59,567045.85,86745.69,3
07RONCX2639G1ZP,2026-02,4850151.21,127506.49,582018.11,478840.09,474804.89,107213.22,0
07RONCX2639G1ZP,2026-03,5732433.0,132019.77,687891.95,492348.94,483165.21,204726.75,0
07XFEPK8976G1ZD,2025-04,87182.42,55689.09,15692.85,5241.32,5234.0,10458.85,10
07XFEPK8976G1ZD,2025-05,119694.0,58093.1,21544.92,8625.07,8496.99,13047.93,0
07XFEPK8976G1ZD,2025-06,98643.56,48356.09,17755.84,8961.64,8925.61,8830.23,0
07XFEPK8976G1ZD,2025-07,90072.13,45233.5,16212.98,7630.29,7599.27,8613.71,0
07XFEPK8976G1ZD,2025-08,131675.18,62930.05,23701.54,7114.65,7046.85,16654.69,0
07XFEPK8976G1ZD,2025-09,94038.59,46703.65,16926.95,7082.77,7014.33,9912.62,0
07XFEPK8976G1ZD,2025-10,120949.62,58176.05,21770.93,8828.52,8826.17,12944.76,0
07XFEPK8976G1ZD,2025-11,111342.47,50594.58,20041.64,7826.87,7674.24,12367.41,11
07XFEPK8976G1ZD,2025-12,125845.22,63972.88,22652.14,8568.74,8418.69,14233.44,0
07XFEPK8976G1ZD,2026-01,93587.91,42822.24,16845.82,7283.73,7810.02,9035.8,0
07XFEPK8976G1ZD,2026-02,77471.73,42809.81,13944.91,6323.57,6293.43,7651.47,1
07XFEPK8976G1ZD,2026-03,118433.08,55289.74,21317.95,8426.87,8377.73,12940.22,0
07NKCFY9364M1ZG,2025-04,811799.92,231823.58,146123.99,63139.11,62496.43,83627.56,5
07NKCFY9364M1ZG,2025-05,720766.53,240146.83,129737.98,63091.73,62216.95,67521.03,0
07NKCFY9364M1ZG,2025-06,623247.28,173543.93,112184.51,56583.58,55821.85,56362.65,0
07NKCFY9364M1ZG,2025-07,736771.05,197483.61,132618.79,53130.65,52688.22,79930.57,0
07NKCFY9364M1ZG,2025-08,617745.02,177804.5,111194.1,66620.54,66359.86,44834.24,0
07NKCFY9364M1ZG,2025-09,674216.75,151729.94,121359.01,41217.55,40531.92,80827.09,0
07NKCFY9364M1ZG,2025-10,1284607.47,309836.85,231229.34,120530.98,120347.34,110882.0,0
07NKCFY9364M1ZG,2025-11,752717.3,218483.16,135489.12,65952.73,65030.67,70458.45,0
07NKCFY9364M1ZG,2025-12,725299.34,203786.38,130553.88,335496.33,329776.22,0.0,0
07NKCFY9364M1ZG,2026-01,667737.67,150061.48,120192.78,52700.99,51887.43,0.0,0
07NKCFY9364M1ZG,2026-02,728961.69,194430.69,131213.1,57956.31,57912.98,0.0,0
07NKCFY9364M1ZG,2026-03,1017687.19,172186.6,183183.7,81742.06,80855.8,44711.03,0
19ADZCW2759H1Z6,2025-04,2156453.2,207800.49,107822.66,387350.89,389371.44,0.0,5
19ADZCW2759H1Z6,2025-05,2544759.88,261467.34,127238.0,523457.45,519251.32,0.0,0
19ADZCW2759H1Z6,2025-06,1933276.71,196613.1,96663.81,300893.27,298483.79,0.0,3
19ADZCW2759H1Z6,2025-07,2615733.36,312464.19,130786.67,472270.53,463178.17,0.0,0
19ADZCW2759H1Z6,2025-08,2196125.58,215970.58,109806.28,497727.44,497475.7,0.0,0
19ADZCW2759H1Z6,2025-09,1881309.64,226810.46,94065.48,372327.05,367320.2,0.0,0
19ADZCW2759H1Z6,2025-10,3453368.32,433256.15,172668.42,617089.7,611584.39,0.0,0
19ADZCW2759H1Z6,2025-11,3506236.62,307394.67,175311.83,712984.52,708915.49,0.0,0
19ADZCW2759H1Z6,2025-12,2505181.64,265063.33,125259.1,445152.14,441183.7,0.0,0
19ADZCW2759H1Z6,2026-01,2334466.88,165449.28,116723.34,444750.69,442530.94,0.0,0
19ADZCW2759H1Z6,2026-02,2150754.3,207524.39,107537.71,414325.68,414271.19,0.0,0
19ADZCW2759H1Z6,2026-03,2750269.67,270672.73,137513.48,537791.58,573366.69,0.0,0
36WEOCD4789I1Z3,2025-04,3368856.42,966628.4,606394.17,83739.76,96372.77,510021.4,4
36WEOCD4789I1Z3,2025-05,3308000.52,996189.33,595440.12,132735.98,153194.4,442245.72,9
36WEOCD4789I1Z3,2025-06,3703920.86,816034.82,666705.75,108593.55,107021.19,559684.56,8
36WEOCD4789I1Z3,2025-07,2996525.67,975238.79,539374.64,115832.0,113895.92,425478.72,0
36WEOCD4789I1Z3,2025-08,2931313.76,1013706.94,527636.46,83128.27,81632.41,446004.05,0
36WEOCD4789I1Z3,2025-09,2672848.67,788837.89,481112.75,88044.62,104062.53,377050.22,3
36WEOCD4789I1Z3,2025-10,3522448.78,986109.46,634040.79,70023.73,75718.82,558321.97,0
36WEOCD4789I1Z3,2025-11,3237450.8,857527.66,582741.17,134984.11,132782.98,449958.19,0
36WEOCD4789I1Z3,2025-12,3125172.34,972751.05,562531.02,112150.06,112085.38,450445.64,0
36WEOCD4789I1Z3,2026-01,3287186.53,1064225.7,591693.61,127546.02,126493.15,465200.45,0
36WEOCD4789I1Z3,2026-02,2826747.45,929923.26,508814.56,118087.23,115976.72,392837.84,0
36WEOCD4789I1Z3,2026-03,3094104.41,1095047.73,556938.81,85588.18,85433.63,471505.18,0
29YHPPX8019Y1ZV,2025-04,1341315.53,77452.6,160957.86,151301.36,150074.39,10883.47,0
29YHPPX8019Y1ZV,2025-05,1392883.76,118157.11,167146.04,142034.15,141089.26,26056.79,0
29YHPPX8019Y1ZV,2025-06,1219382.88,86085.43,146325.94,133872.29,133400.32,12925.62,0
29YHPPX8019Y1ZV,2025-07,1512716.1,87317.92,181525.94,157457.9,157400.49,24125.45,0
29YHPPX8019Y1ZV,2025-08,1800596.95,79051.26,216071.63,187954.38,185760.6,30311.03,0
29YHPPX8019Y1ZV,2025-09,1807784.12,75203.84,216934.11,169972.59,166798.84,50135.27,0
29YHPPX8019Y1ZV,2025-10,3225659.12,85778.07,387079.09,280753.07,276734.39,110344.7,0
29YHPPX8019Y1ZV,2025-11,4221873.39,87780.68,506624.82,221942.26,221814.98,284809.84,0
29YHPPX8019Y1ZV,2025-12,1900330.29,86286.51,228039.64,230910.96,230040.07,0.0,0
29YHPPX8019Y1ZV,2026-01,1934159.98,112054.15,232099.19,215299.82,214201.01,15897.75,0
29YHPPX8019Y1ZV,2026-02,1692160.15,85777.99,203059.24,157075.55,154341.99,48717.25,0
29YHPPX8019Y1ZV,2026-03,2176328.09,86299.13,261159.4,251037.35,250594.99,10564.41,0
33ABNCK1187P1ZV,2025-04,625606.55,100556.81,31280.33,103050.01,102620.57,0.0,0
33ABNCK1187P1ZV,2025-05,394741.13,93945.78,19737.06,51546.59,51470.6,0.0,0
33ABNCK1187P1ZV,2025-06,422413.98,88132.19,21120.7,59241.67,58459.87,0.0,0
33ABNCK1187P1ZV,2025-07,448940.45,86688.09,22447.02,107979.44,107238.93,0.0,0
33ABNCK1187P1ZV,2025-08,489392.15,98942.11,24469.61,73062.78,72358.36,0.0,0
33ABNCK1187P1ZV,2025-09,524443.07,136752.14,26222.17,75455.92,75426.31,0.0,0
33ABNCK1187P1ZV,2025-10,686956.07,170276.09,34347.8,118743.38,121843.06,0.0,0
33ABNCK1187P1ZV,2025-11,642277.39,111550.03,32113.87,129758.75,129268.8,0.0,0
33ABNCK1187P1ZV,2025-12,564403.65,112210.96,28220.18,98438.49,98012.39,0.0,0
33ABNCK1187P1ZV,2026-01,394617.48,90059.02,19730.87,58248.57,57394.56,0.0,5
33ABNCK1187P1ZV,2026-02,420955.81,100843.48,21047.79,40279.48,61455.23,0.0,8
33ABNCK1187P1ZV,2026-03,459334.92,106243.23,22966.75,79848.31,79258.25,0.0,0
07PYZFF6783W1ZX,2025-04,5434434.11,199316.82,271721.69,162230.16,160852.73,110868.96,0
07PYZFF6783W1ZX,2025-05,5379491.51,139879.2,268974.58,320271.65,315085.69,0.0,0
07PYZFF6783W1ZX,2025-06,4541336.99,118494.43,227066.86,175269.3,174570.43,6385.32,0
07PYZFF6783W1ZX,2025-07,5582536.77,132727.25,279126.85,212927.76,211686.53,67440.32,3
07PYZFF6783W1ZX,2025-08,5745009.04,141470.37,287250.46,195293.23,194912.48,92337.98,0
07PYZFF6783W1ZX,2025-09,4918787.9,140665.46,245939.39,177605.05,176838.58,69100.81,0
07PYZFF6783W1ZX,2025-10,7335720.95,138638.45,366786.03,169996.73,169620.94,197165.09,0
07PYZFF6783W1ZX,2025-11,6785797.5,148775.37,339289.89,207696.96,207223.85,132066.04,0
07PYZFF6783W1ZX,2025-12,5319072.64,146597.52,265953.62,220988.61,219919.43,46034.18,10
07PYZFF6783W1ZX,2026-01,4807194.92,113332.99,240359.74,212088.26,211647.92,28711.82,0
07PYZFF6783W1ZX,2026-02,5575753.29,176562.23,278787.65,135501.38,135444.69,143342.96,0
07PYZFF6783W1ZX,2026-03,6076794.56,172914.7,303839.73,173615.78,171770.19,132069.54,0
33KCNCP1611K1Z3,2025-04,4495633.37,4495633.37,809214.01,546629.74,543823.19,265390.82,0
33KCNCP1611K1Z3,2025-05,4086254.0,4086254.0,735525.72,403107.38,395402.1,340123.62,0
33KCNCP1611K1Z3,2025-06,6330396.9,6330396.9,1139471.44,925913.67,920689.6,218781.84,3
33KCNCP1611K1Z3,2025-07,3681501.28,3681501.28,662670.23,450210.5,449279.02,213391.22,0
33KCNCP1611K1Z3,2025-08,4749429.66,4749429.66,854897.34,657932.81,648174.44,206722.9,2
33KCNCP1611K1Z3,2025-09,4386351.99,4386351.99,789543.36,293059.27,382785.34,406758.02,0
33KCNCP1611K1Z3,2025-10,8864980.31,8864980.31,1595696.45,971037.22,999250.36,596446.09,0
33KCNCP1611K1Z3,2025-11,6050397.12,6050397.12,1089071.48,553651.73,634289.64,454781.84,0
33KCNCP1611K1Z3,2025-12,4628256.04,4628256.04,833086.09,713429.35,710774.35,122311.74,0
33KCNCP1611K1Z3,2026-01,4562471.13,4562471.13,821244.8,366032.23,453724.93,367519.87,0
33KCNCP1611K1Z3,2026-02,3608378.37,3608378.37,649508.11,304888.85,299880.57,349627.54,8
33KCNCP1611K1Z3,2026-03,4269243.81,4269243.81,768463.89,647802.37,635147.82,133316.06,0
36ACIPZ7139F1Z3,2025-04,634232.26,3025.63,31711.61,46729.86,46446.27,0.0,0
36ACIPZ7139F1Z3,2025-05,815046.4,2526.93,40752.33,61682.47,61233.34,0.0,0
36ACIPZ7139F1Z3,2025-06,773474.92,4405.0,38673.75,39460.61,39129.39,0.0,0
36ACIPZ7139F1Z3,2025-07,793032.04,3621.85,39651.59,43026.95,42811.98,0.0,0
36ACIPZ7139F1Z3,2025-08,746330.46,4247.95,37316.52,39930.95,39782.58,0.0,3
36ACIPZ7139F1Z3,2025-09,539902.32,3615.05,26995.11,56761.48,55742.59,0.0,0
36ACIPZ7139F1Z3,2025-10,676363.82,4284.36,33818.19,38943.99,38439.12,0.0,0
36ACIPZ7139F1Z3,2025-11,696957.29,3605.57,34847.87,45182.75,44361.45,0.0,0
36ACIPZ7139F1Z3,2025-12,600117.55,3907.82,30005.89,44402.89,44266.71,0.0,9
36ACIPZ7139F1Z3,2026-01,477324.8,3822.94,23866.25,41064.44,40644.0,0.0,0
36ACIPZ7139F1Z3,2026-02,857080.22,3865.73,42854.02,46207.78,45723.97,0.0,0
36ACIPZ7139F1Z3,2026-03,882626.46,4731.32,44131.33,49338.87,48507.11,0.0,0
33NOJCX0873T1ZB,2025-04,2241676.1,249779.98,403501.69,147370.45,165636.48,237865.21,10
33NOJCX0873T1ZB,2025-05,3142498.04,230007.49,565649.65,228915.47,227753.93,337895.72,4
33NOJCX0873T1ZB,2025-06,2548162.83,243738.85,458669.3,172555.06,169646.36,289022.95,0
33NOJCX0873T1ZB,2025-07,2405905.28,238421.85,433062.94,189466.42,188470.49,244592.45,0
33NOJCX0873T1ZB,2025-08,2742794.33,176472.67,493702.99,155964.01,153943.44,339759.56,0
33NOJCX0873T1ZB,2025-09,2314959.53,229846.58,416692.73,127799.96,142613.0,274079.73,0
33NOJCX0873T1ZB,2025-10,3943460.21,268471.07,709822.82,191460.11,189472.98,520349.84,0
33NOJCX0873T1ZB,2025-11,2645614.75,226103.11,476210.66,135237.71,134775.55,341435.11,2
33NOJCX0873T1ZB,2025-12,2697278.97,181042.6,485510.23,183507.25,180706.07,304804.16,0
33NOJCX0873T1ZB,2026-01,2359681.92,209588.8,424742.74,237039.31,234055.5,190687.25,0
33NOJCX0873T1ZB,2026-02,2387127.24,239544.59,429682.9,136478.75,134139.21,295543.69,0
33NOJCX0873T1ZB,2026-03,2541190.58,288464.09,457414.29,170244.93,167103.49,290310.79,0
27CQYFC7512H1Z2,2025-04,1955523.19,99644.86,547546.5,205835.27,202010.37,345536.13,0
27CQYFC7512H1Z2,2025-05,2186151.3,95762.55,612122.36,259801.56,256872.56,355249.81,0
27CQYFC7512H1Z2,2025-06,3206113.08,79333.72,897711.67,350036.11,348182.13,549529.54,0
27CQYFC7512H1Z2,2025-07,3796039.23,102015.38,1062890.99,484593.46,476759.3,586131.68,3
27CQYFC7512H1Z2,2025-08,2023731.18,119542.51,566644.72,175507.2,175149.85,391494.88,0
27CQYFC7512H1Z2,2025-09,2359896.65,86410.72,660771.06,198651.32,195774.0,464997.06,0
27CQYFC7512H1Z2,2025-10,3326171.52,89253.63,931328.03,468681.23,466432.84,464895.19,8
27CQYFC7512H1Z2,2025-11,3391864.45,75003.11,949722.06,474724.75,473190.57,476531.5,0
27CQYFC7512H1Z2,2025-12,2648567.33,78994.4,741598.85,326052.81,320446.45,421152.4,0
27CQYFC7512H1Z2,2026-01,2180808.22,74897.67,610626.29,241164.43,238240.31,372385.98,0
27CQYFC7512H1Z2,2026-02,2683458.4,89741.35,751368.36,411580.38,409270.0,342098.36,0
27CQYFC7512H1Z2,2026-03,1982870.58,83612.36,555203.77,204598.93,202373.32,352830.45,0
29DEAFA0794W1ZB,2025-04,4730720.47,4730720.47,236536.02,438032.76,431708.11,0.0,0
29DEAFA0794W1ZB,2025-05,4165528.64,4165528.64,208276.43,545646.49,537234.09,0.0,0
29DEAFA0794W1ZB,2025-06,3924479.55,3924479.55,196223.98,449283.69,444778.2,0.0,0
29DEAFA0794W1ZB,2025-07,3350488.86,3350488.86,167524.44,308713.91,302724.83,0.0,0
29DEAFA0794W1ZB,2025-08,3260278.91,3260278.91,163013.95,287271.63,299787.11,0.0,0
29DEAFA0794W1ZB,2025-09,4011843.12,4011843.12,200592.16,405438.78,398917.03,0.0,0
29DEAFA0794W1ZB,2025-10,6626725.66,6626725.66,331336.28,608362.84,602947.64,0.0,0
29DEAFA0794W1ZB,2025-11,5361282.38,5361282.38,268064.12,729202.95,748092.29,0.0,0
29DEAFA0794W1ZB,2025-12,4973809.62,4973809.62,248690.48,610878.55,603105.73,0.0,0
29DEAFA0794W1ZB,2026-01,3474265.99,3474265.99,173713.3,357163.52,382406.35,0.0,0
29DEAFA0794W1ZB,2026-02,3953724.24,3953724.24,197686.21,556127.4,546058.84,0.0,0
29DEAFA0794W1ZB,2026-03,3433356.05,3433356.05,171667.8,277718.67,274645.71,0.0,0
36JJOFX9813T1Z2,2025-04,755375.31,72402.67,135967.55,29530.56,29490.02,106477.53,0
36JJOFX9813T1Z2,2025-05,1301447.69,91605.63,234260.57,40356.77,40238.05,194022.52,0
36JJOFX9813T1Z2,2025-06,722514.33,79956.74,130052.58,38147.02,37865.66,92186.93,0
36JJOFX9813T1Z2,2025-07,749368.49,98857.88,134886.33,30231.65,29900.96,104985.37,0
36JJOFX9813T1Z2,2025-08,875610.54,87663.14,157609.9,38064.54,37488.53,120121.37,0
36JJOFX9813T1Z2,2025-09,822950.67,84382.56,148131.12,20757.88,20593.67,127537.45,0
36JJOFX9813T1Z2,2025-10,922713.55,81558.87,166088.44,26125.11,25758.05,140330.39,2
36JJOFX9813T1Z2,2025-11,880147.9,87426.18,158426.62,36394.15,36238.67,122187.96,0
36JJOFX9813T1Z2,2025-12,904640.06,94380.3,162835.2,32795.6,32561.46,130273.74,18
36JJOFX9813T1Z2,2026-01,860825.23,90646.75,154948.53,27320.63,27123.34,127825.2,0
36JJOFX9813T1Z2,2026-02,593788.1,78526.89,106881.86,21427.55,21069.67,85812.19,17
36JJOFX9813T1Z2,2026-03,835191.28,100766.71,150334.43,30851.67,32703.64,117630.78,0
29KRMFD5218I1ZX,2025-04,1333343.35,1333343.35,160001.2,116088.59,114290.98,45710.22,0
29KRMFD5218I1ZX,2025-05,1057927.73,1057927.73,126951.33,92455.27,91675.13,35276.2,0
29KRMFD5218I1ZX,2025-06,1262628.18,1262628.18,151515.38,98158.65,97189.19,54326.2,5
29KRMFD5218I1ZX,2025-07,1566876.19,1566876.19,188025.14,157912.33,155274.14,32751.0,0
29KRMFD5218I1ZX,2025-08,1565934.18,1565934.18,187912.1,179708.98,183631.3,4280.8,0
29KRMFD5218I1ZX,2025-09,1312876.75,1312876.75,157545.21,121362.15,120820.05,36725.16,0
29KRMFD5218I1ZX,2025-10,2051985.28,2051985.28,246238.23,201124.9,200669.69,45568.55,4
29KRMFD5218I1ZX,2025-11,2583090.27,2583090.27,309970.83,287045.97,286883.5,23087.33,0
29KRMFD5218I1ZX,2025-12,2169199.43,2169199.43,260303.93,174431.68,172192.86,88111.07,5
29KRMFD5218I1ZX,2026-01,1720073.63,1720073.63,206408.84,145065.65,143191.0,63217.83,10
29KRMFD5218I1ZX,2026-02,1829043.57,1829043.57,219485.23,161882.72,160307.15,59178.08,0
29KRMFD5218I1ZX,2026-03,2171410.46,2171410.46,260569.26,232647.27,230784.32,29784.93,0
33ROSFT8987L1ZP,2025-04,2602766.44,2602766.44,312331.97,252746.07,251960.78,60371.19,0
33ROSFT8987L1ZP,2025-05,2148317.88,2148317.88,257798.15,223418.18,220945.81,36852.34,0
33ROSFT8987L1ZP,2025-06,2027178.42,2027178.42,243261.41,123509.08,121759.28,121502.13,0
33ROSFT8987L1ZP,2025-07,2635383.15,2635383.15,316245.98,175557.28,173769.5,142476.48,0
33ROSFT8987L1ZP,2025-08,2740932.29,2740932.29,328911.87,234211.13,233835.99,95075.89,0
33ROSFT8987L1ZP,2025-09,2608468.42,2608468.42,313016.21,190139.98,188839.3,124176.91,0
33ROSFT8987L1ZP,2025-10,3578734.43,3578734.43,429448.13,329701.64,328577.97,100870.16,0
33ROSFT8987L1ZP,2025-11,2403721.74,2403721.74,288446.61,224861.55,221006.65,67439.96,9
33ROSFT8987L1ZP,2025-12,2974532.99,2974532.99,356943.96,251596.15,251033.19,105910.77,0
33ROSFT8987L1ZP,2026-01,1776364.58,1776364.58,213163.75,168806.24,165722.6,47441.15,0
33ROSFT8987L1ZP,2026-02,2600601.42,2600601.42,312072.17,195202.48,193246.68,118825.49,6
33ROSFT8987L1ZP,2026-03,3758917.41,3758917.41,451070.09,305364.54,302213.73,148856.36,1
29HHCPH8699W1ZN,2025-04,1955369.85,547532.19,351966.58,192650.47,188880.73,163085.86,5
29HHCPH8699W1ZN,2025-05,1339829.25,346294.64,241169.26,271627.58,269516.44,0.0,4
29HHCPH8699W1ZN,2025-06,1461497.15,403291.5,263069.48,234138.65,229791.86,4930.45,0
29HHCPH8699W1ZN,2025-07,1244546.33,299483.29,224018.35,139993.71,138211.19,85807.16,0
29HHCPH8699W1ZN,2025-08,1549604.37,382646.36,278928.75,302115.75,299261.7,0.0,0
29HHCPH8699W1ZN,2025-09,1465682.66,359287.49,263822.88,241496.02,237509.38,5980.55,0
29HHCPH8699W1ZN,2025-10,1936587.51,415109.06,348585.75,276002.38,274197.84,74387.91,2
29HHCPH8699W1ZN,2025-11,1544254.81,416735.37,277965.85,295789.16,289909.32,0.0,0
29HHCPH8699W1ZN,2025-12,1589367.75,463932.11,286086.2,234097.14,233247.22,40895.5,10
29HHCPH8699W1ZN,2026-01,1372454.88,458437.45,247041.88,243907.37,241039.22,6002.66,7
29HHCPH8699W1ZN,2026-02,1389324.66,371386.29,250078.43,149598.26,148799.26,101279.17,0
29HHCPH8699W1ZN,2026-03,1360466.86,325554.71,244884.04,120803.47,120019.45,124864.58,0
09PEAFF0484Q1ZD,2025-04,2334093.96,175348.62,280091.26,272911.11,272229.85,7861.41,0
09PEAFF0484Q1ZD,2025-05,2533132.06,150933.93,303975.83,241598.1,237407.02,66568.81,0
09PEAFF0484Q1ZD,2025-06,1688359.23,168095.76,202603.12,237150.71,235373.94,0.0,0
09PEAFF0484Q1ZD,2025-07,2223392.64,164803.36,266807.1,257308.93,282213.14,0.0,0
09PEAFF0484Q1ZD,2025-08,1814244.74,133956.92,217709.36,162862.83,159918.63,9613.88,0
09PEAFF0484Q1ZD,2025-09,1624014.78,148041.46,194881.77,156206.79,155194.69,39687.08,0
09PEAFF0484Q1ZD,2025-10,2756869.15,259454.78,330824.29,246290.57,244836.35,85987.95,8
09PEAFF0484Q1ZD,2025-11,3077042.06,259711.93,369245.03,458207.66,453679.8,0.0,0
09PEAFF0484Q1ZD,2025-12,1884785.75,192352.32,226174.3,193200.89,189995.29,0.0,0
09PEAFF0484Q1ZD,2026-01,2727202.05,217339.95,327264.25,168104.12,191219.3,87789.19,25
09PEAFF0484Q1ZD,2026-02,2621177.42,170708.64,314541.28,282521.03,277289.63,37251.64,0
09PEAFF0484Q1ZD,2026-03,2064053.66,171555.09,247686.43,279333.49,278783.31,0.0,0
27DLQPR2137Z1ZN,2025-04,1639779.31,1639779.31,81988.97,140562.01,138781.7,0.0,26
27DLQPR2137Z1ZN,2025-05,2039473.09,2039473.09,101973.65,209431.13,207707.16,0.0,0
27DLQPR2137Z1ZN,2025-06,1733513.54,1733513.54,86675.68,130378.78,157118.56,0.0,0
27DLQPR2137Z1ZN,2025-07,2026622.01,2026622.01,101331.1,140044.06,138418.29,0.0,0
27DLQPR2137Z1ZN,2025-08,1561370.63,1561370.63,78068.53,134783.2,132628.06,0.0,0
27DLQPR2137Z1ZN,2025-09,2112877.89,2112877.89,105643.89,157496.11,156945.67,0.0,7
27DLQPR2137Z1ZN,2025-10,2234219.39,2234219.39,111710.97,294628.25,292335.88,0.0,0
27DLQPR2137Z1ZN,2025-11,3056218.23,3056218.23,152810.91,228165.86,224862.68,0.0,0
27DLQPR2137Z1ZN,2025-12,1729747.61,1729747.61,86487.38,141661.56,161819.74,0.0,0
27DLQPR2137Z1ZN,2026-01,2337197.88,2337197.88,116859.89,189450.6,216552.87,0.0,0
27DLQPR2137Z1ZN,2026-02,1637551.44,1637551.44,81877.57,97539.23,97006.72,0.0,0
27DLQPR2137Z1ZN,2026-03,2851244.82,2851244.82,142562.24,188810.71,187414.22,0.0,0
27RJVPF6550K1Z5,2025-04,639237.57,341335.28,115062.76,68203.47,67689.7,47373.06,0
27RJVPF6550K1Z5,2025-05,515368.84,255503.15,92766.4,89494.39,88914.8,3851.59,0
27RJVPF6550K1Z5,2025-06,527230.63,253718.07,94901.52,70731.87,69770.76,25130.76,0
27RJVPF6550K1Z5,2025-07,586168.06,248556.59,105510.25,60011.01,59773.65,45736.6,0
27RJVPF6550K1Z5,2025-08,633255.06,366864.89,113985.92,77222.95,76656.4,37329.52,21
27RJVPF6550K1Z5,2025-09,535288.2,250651.46,96351.87,65060.28,64952.48,31399.4,0
27RJVPF6550K1Z5,2025-10,818197.43,335288.74,147275.54,88417.17,87165.97,60109.57,0
27RJVPF6550K1Z5,2025-11,833576.56,236455.07,150043.78,72900.11,72772.19,77271.6,10
27RJVPF6550K1Z5,2025-12,678392.94,297811.26,122110.73,70433.36,69221.0,52889.72,0
27RJVPF6550K1Z5,2026-01,624056.86,287103.49,112330.23,78137.15,77701.45,34628.78,0
27RJVPF6550K1Z5,2026-02,654725.59,332111.79,117850.61,80468.92,79090.44,38760.17,0
27RJVPF6550K1Z5,2026-03,749943.81,324966.85,134989.89,72930.67,72431.11,62558.78,0
36BHUCV1081O1Z3,2025-04,3111111.57,24707.02,560000.08,40859.63,40323.89,519676.2,0
36BHUCV1081O1Z3,2025-05,2322625.18,31497.35,418072.53,39730.04,39686.86,378385.67,0
36BHUCV1081O1Z3,2025-06,2262230.63,16638.83,407201.52,54712.4,54205.2,352996.32,0
36BHUCV1081O1Z3,2025-07,2257770.4,20092.57,406398.68,46127.27,45550.75,360847.94,0
36BHUCV1081O1Z3,2025-08,2905589.71,22898.86,523006.13,47047.94,46565.64,476440.5,0
36BHUCV1081O1Z3,2025-09,2773916.86,28490.17,499305.03,36827.7,36678.15,462626.88,0
36BHUCV1081O1Z3,2025-10,4455547.76,20076.35,801998.61,54327.44,54188.83,747809.79,0
36BHUCV1081O1Z3,2025-11,4263465.72,24688.89,767423.84,54786.02,54200.28,713223.56,0
36BHUCV1081O1Z3,2025-12,3262760.28,21763.19,587296.85,47843.19,47773.95,539522.9,0
36BHUCV1081O1Z3,2026-01,3244747.52,33408.4,584054.55,52003.84,51301.37,532753.18,2
36BHUCV1081O1Z3,2026-02,2908034.37,23090.34,523446.19,43487.56,43388.04,480058.15,0
36BHUCV1081O1Z3,2026-03,3561758.75,23833.37,641116.58,34460.27,34452.46,606664.12,0
27PQNFA1190O1ZP,2025-04,1275624.18,1275624.18,229612.35,116354.67,114862.96,114749.4,0
27PQNFA1190O1ZP,2025-05,1354165.38,1354165.38,243749.77,84491.18,83954.72,159795.04,0
27PQNFA1190O1ZP,2025-06,1253021.21,1253021.21,225543.82,98048.79,97143.59,128400.22,0
27PQNFA1190O1ZP,2025-07,1268442.51,1268442.51,228319.65,98917.13,107551.91,120767.74,7
27PQNFA1190O1ZP,2025-08,1326004.61,1326004.61,238680.83,113364.32,112417.42,126263.41,0
27PQNFA1190O1ZP,2025-09,1669001.2,1669001.2,300420.22,124699.75,123602.47,176817.75,0
27PQNFA1190O1ZP,2025-10,2298558.32,2298558.32,413740.5,157700.59,158721.33,255019.17,0
27PQNFA1190O1ZP,2025-11,1975097.92,1975097.92,355517.63,173902.2,171070.96,184446.67,0
27PQNFA1190O1ZP,2025-12,1207647.55,1207647.55,217376.56,80874.1,79972.91,137403.64,0
27PQNFA1190O1ZP,2026-01,1129764.78,1129764.78,203357.66,60831.09,82143.98,121213.68,0
27PQNFA1190O1ZP,2026-02,1370486.84,1370486.84,246687.63,96350.5,95934.3,150753.33,0
27PQNFA1190O1ZP,2026-03,1791511.11,1791511.11,322472.0,130076.39,127683.45,194788.56,0
07HHNFU5295K1ZS,2025-04,1880249.39,12084.32,225629.93,151293.56,160908.81,64721.12,5
07HHNFU5295K1ZS,2025-05,2103801.44,12404.55,252456.17,203589.8,202457.29,49998.88,0
07HHNFU5295K1ZS,2025-06,1744653.73,11462.03,209358.43,204257.54,201885.01,7473.43,0
07HHNFU5295K1ZS,2025-07,2113760.24,9292.52,253651.22,177773.74,175628.28,78022.94,0
07HHNFU5295K1ZS,2025-08,6558528.07,8254.47,787023.39,134777.61,134324.36,652699.03,0
07HHNFU5295K1ZS,2025-09,1534750.72,10623.83,184170.1,133300.48,132572.15,51597.95,0
07HHNFU5295K1ZS,2025-10,2045859.08,12641.51,245503.1,187904.85,185573.26,59929.84,0
07HHNFU5295K1ZS,2025-11,2681105.57,11690.16,321732.67,247405.92,273283.89,48448.78,0
07HHNFU5295K1ZS,2025-12,1648368.23,11331.63,197804.19,168731.33,168215.66,29588.53,0
07HHNFU5295K1ZS,2026-01,2096053.74,10916.1,251526.46,265579.46,262696.09,0.0,0
07HHNFU5295K1ZS,2026-02,2001316.81,11446.21,240158.01,187038.24,184627.16,44361.23,0
07HHNFU5295K1ZS,2026-03,1445554.76,9413.82,173466.57,150180.93,150143.61,23322.95,0
24GSYCT7256L1Z7,2025-04,1953230.68,706575.12,97661.54,390397.69,384776.13,0.0,6
24GSYCT7256L1Z7,2025-05,1685049.47,500085.69,84252.48,281782.45,280162.31,0.0,1
24GSYCT7256L1Z7,2025-06,1593106.97,513779.52,79655.35,277536.22,275276.69,0.0,0
24GSYCT7256L1Z7,2025-07,1687376.1,547935.98,84368.82,382109.8,377409.35,0.0,29
24GSYCT7256L1Z7,2025-08,1678276.15,554398.84,83913.81,297129.5,293755.43,0.0,10
24GSYCT7256L1Z7,2025-09,2141846.07,483441.51,107092.31,382652.41,379937.58,0.0,9
24GSYCT7256L1Z7,2025-10,2422746.49,684861.71,121137.33,424004.73,430794.04,0.0,0
24GSYCT7256L1Z7,2025-11,1967275.13,765262.68,98363.75,429249.09,421101.44,0.0,0
24GSYCT7256L1Z7,2025-12,1528046.88,386061.71,76402.35,291234.48,289002.77,0.0,0
24GSYCT7256L1Z7,2026-01,1808446.9,582331.97,90422.36,316729.56,313467.89,0.0,0
24GSYCT7256L1Z7,2026-02,1617217.0,484654.69,80860.85,221523.73,270372.56,0.0,0
24GSYCT7256L1Z7,2026-03,2539508.25,591363.66,126975.4,505384.14,498567.62,0.0,8
27ZVICN5879O1ZJ,2025-04,2722230.1,29050.38,490001.43,350651.63,347434.14,142567.29,0
27ZVICN5879O1ZJ,2025-05,2535863.54,25340.91,456455.44,241145.26,240760.59,215694.85,7
27ZVICN5879O1ZJ,2025-06,1763990.98,23070.72,317518.38,129164.93,127484.74,190033.64,0
27ZVICN5879O1ZJ,2025-07,2350432.5,26871.44,423077.84,195424.49,193502.5,229575.34,0
27ZVICN5879O1ZJ,2025-08,2472602.94,23867.68,445068.52,192345.15,189605.35,255463.17,0
27ZVICN5879O1ZJ,2025-09,2378836.78,25823.97,428190.63,218220.42,216265.16,211925.47,0
27ZVICN5879O1ZJ,2025-10,3192743.57,28568.16,574693.85,234695.99,232790.38,341903.47,0
27ZVICN5879O1ZJ,2025-11,2450729.65,23381.33,441131.34,194227.3,190909.93,250221.41,0
27ZVICN5879O1ZJ,2025-12,3632986.38,21636.94,653937.54,224831.02,220921.63,433015.91,0
27ZVICN5879O1ZJ,2026-01,3063520.56,20936.38,551433.72,288977.25,285892.31,265541.41,9
27ZVICN5879O1ZJ,2026-02,2906144.01,24671.31,523105.92,276006.16,272160.82,250945.1,0
27ZVICN5879O1ZJ,2026-03,2250652.62,20213.18,405117.48,221161.27,220367.12,184750.36,0
36HLGCY8125K1Z0,2025-04,3603044.35,46141.5,432365.3,317738.2,316708.89,115656.41,0
36HLGCY8125K1Z0,2025-05,2555009.14,49239.34,306601.11,227143.91,226643.69,79957.42,0
36HLGCY8125K1Z0,2025-06,2527902.38,45111.32,303348.29,209552.89,205645.92,97702.37,0
36HLGCY8125K1Z0,2025-07,2680046.36,56383.79,321605.56,210978.36,229774.53,91831.04,0
36HLGCY8125K1Z0,2025-08,10363712.28,59146.22,1243645.49,1095338.48,1089830.46,153815.03,0
36HLGCY8125K1Z0,2025-09,9868992.66,38808.79,1184279.12,1119622.18,1105934.83,78344.29,0
36HLGCY8125K1Z0,2025-10,10439929.27,46205.46,1252791.51,1012082.84,1098293.46,154498.05,0
36HLGCY8125K1Z0,2025-11,11274257.6,51729.61,1352910.91,1185039.47,1172870.61,180040.31,0
36HLGCY8125K1Z0,2025-12,10453787.66,50105.48,1254454.53,1137143.62,1130948.51,123506.02,7
36HLGCY8125K1Z0,2026-01,10434437.46,43170.38,1252132.49,1172829.29,1160189.76,91942.72,1
36HLGCY8125K1Z0,2026-02,10116485.6,47682.33,1213978.27,1142981.6,1123870.78,90107.49,10
36HLGCY8125K1Z0,2026-03,2022207.12,36191.07,242664.86,166510.97,166395.72,76269.14,0
07AQGFH6014P1Z7,2025-04,1080375.11,53458.84,194467.51,68917.26,67997.3,126470.21,0
07AQGFH6014P1Z7,2025-05,1363426.01,68303.03,245416.68,76893.09,75945.37,169471.3,0
07AQGFH6014P1Z7,2025-06,1100694.65,55056.71,198125.03,76045.88,75429.77,122695.26,0
07AQGFH6014P1Z7,2025-07,1011029.34,45044.66,181985.29,63185.26,62242.27,119743.02,0
07AQGFH6014P1Z7,2025-08,1325696.05,59731.64,238625.27,40055.99,55764.65,182860.62,0
07AQGFH6014P1Z7,2025-09,1386731.76,72456.03,249611.72,49327.13,51092.88,198518.83,0
07AQGFH6014P1Z7,2025-10,1754239.2,66327.62,315763.06,76970.72,76249.49,239513.57,0
07AQGFH6014P1Z7,2025-11,1587054.71,46975.53,285669.82,99110.31,98972.63,186697.2,0
07AQGFH6014P1Z7,2025-12,1229263.75,53237.21,221267.47,92757.86,91290.04,129977.43,0
07AQGFH6014P1Z7,2026-01,1468213.94,55172.48,264278.51,62069.74,61576.18,202702.32,28
07AQGFH6014P1Z7,2026-02,1697272.11,55273.0,305508.98,58182.21,57376.19,248132.79,0
07AQGFH6014P1Z7,2026-03,1283438.23,58686.58,231018.88,53404.81,52920.71,178098.18,6
33WJLPF0379R1Z4,2025-04,5768778.34,366451.26,288438.91,740093.98,730419.11,0.0,0
33WJLPF0379R1Z4,2025-05,4300579.5,221479.4,215028.97,978016.27,966754.45,0.0,0
33WJLPF0379R1Z4,2025-06,5295109.77,322526.21,264755.51,1132779.81,1148556.95,0.0,0
33WJLPF0379R1Z4,2025-07,4616924.48,322343.71,230846.22,901813.43,888332.85,0.0,0
33WJLPF0379R1Z4,2025-08,4126604.94,271779.57,206330.24,895491.13,891047.03,0.0,8
33WJLPF0379R1Z4,2025-09,4272198.56,287366.51,213609.93,832741.35,820146.14,0.0,5
33WJLPF0379R1Z4,2025-10,7413532.73,572046.94,370676.65,1261279.93,1365895.72,0.0,0
33WJLPF0379R1Z4,2025-11,6421662.39,556881.36,321083.12,951163.54,1054903.48,0.0,0
33WJLPF0379R1Z4,2025-12,4757407.06,360509.38,237870.34,860929.28,851959.67,0.0,0
33WJLPF0379R1Z4,2026-01,4556323.75,407764.52,227816.2,678867.95,668500.2,0.0,0
33WJLPF0379R1Z4,2026-02,3381515.78,277025.43,169075.81,640448.63,634605.66,0.0,0
33WJLPF0379R1Z4,2026-03,5355488.94,278817.77,267774.47,1309960.49,1288156.0,0.0,0
19GEEFS7680Q1ZS,2025-04,2751973.33,2751973.33,330236.8,240806.58,240483.14,89753.66,0
19GEEFS7680Q1ZS,2025-05,2910552.26,2910552.26,349266.27,311278.1,331275.04,17991.23,0
19GEEFS7680Q1ZS,2025-06,2085574.61,2085574.61,250268.95,199847.38,197607.57,52661.38,0
19GEEFS7680Q1ZS,2025-07,2265064.6,2265064.6,271807.75,173370.63,196001.37,75806.39,0
19GEEFS7680Q1ZS,2025-08,2572261.29,2572261.29,308671.36,271142.52,268180.73,40490.62,0
19GEEFS7680Q1ZS,2025-09,2357198.18,2357198.18,282863.78,325805.73,319909.15,0.0,0
19GEEFS7680Q1ZS,2025-10,4335965.75,4335965.75,520315.89,440012.51,436650.31,46620.22,0
19GEEFS7680Q1ZS,2025-11,3855991.64,3855991.64,462719.0,525951.0,519973.88,0.0,0
19GEEFS7680Q1ZS,2025-12,2728780.23,2728780.23,327453.63,228769.27,253068.65,17130.1,8
19GEEFS7680Q1ZS,2026-01,3018400.21,3018400.21,362208.03,294566.5,294555.56,67652.46,0
19GEEFS7680Q1ZS,2026-02,2545848.44,2545848.44,305501.81,211672.48,210389.5,95112.31,5
19GEEFS7680Q1ZS,2026-03,3174267.9,3174267.9,380912.15,278280.21,276149.96,104762.19,0
19XGKCV8253N1ZF,2025-04,4169721.22,16590.4,750549.82,370642.64,368348.37,382201.45,0
19XGKCV8253N1ZF,2025-05,4199046.45,15003.76,755828.37,324722.63,318430.31,437398.06,0
19XGKCV8253N1ZF,2025-06,4809431.18,12274.12,865697.59,491044.27,485716.72,379980.87,0
19XGKCV8253N1ZF,2025-07,4842072.84,14034.75,871573.12,274956.73,271068.17,600504.95,9
19XGKCV8253N1ZF,2025-08,3733072.74,19184.62,671953.1,305381.25,299670.31,372282.79,0
19XGKCV8253N1ZF,2025-09,3850788.12,14855.33,693141.86,240620.22,239413.33,453728.53,0
19XGKCV8253N1ZF,2025-10,6667905.94,17465.79,1200223.07,387885.95,384364.75,815858.32,6
19XGKCV8253N1ZF,2025-11,6150120.96,17322.78,1107021.76,450310.39,448343.73,658678.03,0
19XGKCV8253N1ZF,2025-12,4475781.15,14255.24,805640.59,414693.74,430283.53,375357.06,0
19XGKCV8253N1ZF,2026-01,5156525.52,12576.76,928174.61,466536.89,465902.61,462271.99,0
19XGKCV8253N1ZF,2026-02,4786955.18,12827.5,861651.93,372278.49,365657.82,495994.11,0
19XGKCV8253N1ZF,2026-03,4849447.74,18955.88,872900.58,378301.58,387564.36,485336.22,0
33IZJFQ6124L1ZF,2025-05,3195091.87,632748.85,383411.02,567485.5,564228.2,0.0,6
33IZJFQ6124L1ZF,2025-06,3045094.91,405603.08,365411.38,529815.55,536608.6,0.0,0
33IZJFQ6124L1ZF,2025-07,2199335.04,511146.82,263920.2,465528.06,463921.64,0.0,0
33IZJFQ6124L1ZF,2025-08,2675743.86,452216.42,321089.26,463638.86,530679.38,0.0,0
33IZJFQ6124L1ZF,2025-09,3233507.42,554914.37,388020.9,637260.8,633189.92,0.0,0
33IZJFQ6124L1ZF,2025-10,3809396.52,698364.22,457127.59,651518.69,651024.9,0.0,0
33IZJFQ6124L1ZF,2025-11,3247527.52,600799.47,389703.31,508563.28,502036.07,0.0,0
33IZJFQ6124L1ZF,2025-12,2161193.73,642075.35,259343.25,479012.94,476724.69,0.0,4
33IZJFQ6124L1ZF,2026-01,2162437.57,529185.3,259492.52,273888.52,289119.55,0.0,0
33IZJFQ6124L1ZF,2026-02,2654466.75,537641.43,318536.01,510847.56,508165.2,0.0,0
33IZJFQ6124L1ZF,2026-03,2696697.21,665602.39,323603.67,453709.88,445741.52,0.0,0
09JHYPZ3980M1ZL,2025-04,2356742.53,65553.7,424213.66,295810.8,291511.53,132702.13,4
09JHYPZ3980M1ZL,2025-05,2910812.25,102850.87,523946.2,339216.78,346921.75,177024.44,0
09JHYPZ3980M1ZL,2025-06,2621274.6,81646.61,471829.43,301976.87,323047.94,148781.49,0
09JHYPZ3980M1ZL,2025-07,3015671.47,83170.34,542820.86,455203.86,448245.64,94575.22,0
09JHYPZ3980M1ZL,2025-08,2913044.85,68446.85,524348.08,227120.09,277188.06,247160.03,0
09JHYPZ3980M1ZL,2025-09,2397824.2,92465.23,431608.36,284560.07,284542.03,147066.33,8
09JHYPZ3980M1ZL,2025-10,5908702.4,92598.08,1063566.43,580732.5,638899.34,424667.09,6
09JHYPZ3980M1ZL,2025-11,3536287.08,85268.47,636531.66,396898.7,395303.76,241227.9,0
09JHYPZ3980M1ZL,2025-12,2583263.77,80661.97,464987.48,338238.81,336390.14,128597.35,0
09JHYPZ3980M1ZL,2026-01,2903404.81,127354.31,522612.86,302472.75,301423.87,221188.98,0
09JHYPZ3980M1ZL,2026-02,2538403.39,71700.5,456912.62,326111.27,321929.27,134983.35,0
09JHYPZ3980M1ZL,2026-03,2773539.1,77075.65,499237.06,384428.6,381725.02,117512.03,0
27RVUCR6113P1ZW,2025-04,5254628.57,805252.26,945833.14,322514.99,318954.87,626878.27,28
27RVUCR6113P1ZW,2025-05,6437355.25,1222568.25,1158723.91,445529.14,437525.03,721198.88,0
27RVUCR6113P1ZW,2025-06,5662314.21,734448.58,1019216.56,355077.77,353907.2,665309.36,8
27RVUCR6113P1ZW,2025-07,5406295.58,809844.29,973133.19,341390.54,336136.0,636997.19,1
27RVUCR6113P1ZW,2025-08,5412079.82,988591.67,974174.38,196540.74,266359.44,707814.94,0
27RVUCR6113P1ZW,2025-09,5115576.42,853393.45,920803.79,309780.27,306898.3,613905.49,0
27RVUCR6113P1ZW,2025-10,7589491.19,937348.15,1366108.4,228660.32,225136.31,1140972.08,0
27RVUCR6113P1ZW,2025-11,6729001.51,1134734.01,1211220.3,268347.46,269032.86,942187.44,0
27RVUCR6113P1ZW,2025-12,6399575.75,1010211.8,1151923.64,258196.29,282569.68,869353.96,24
27RVUCR6113P1ZW,2026-01,5571446.04,853562.49,1002860.31,408454.67,402837.25,600023.06,0
27RVUCR6113P1ZW,2026-02,5316694.3,897544.94,957004.99,322678.82,317218.82,639786.17,0
27RVUCR6113P1ZW,2026-03,5894407.48,991592.27,1060993.35,216804.11,213623.92,847369.43,0
36RACPU5421M1ZX,2025-04,1963373.76,11209.34,98168.69,75698.5,75693.4,22475.29,0
36RACPU5421M1ZX,2025-05,1668584.75,13531.48,83429.24,81018.88,80624.43,2804.81,0
36RACPU5421M1ZX,2025-06,2039997.53,14250.52,101999.89,54332.52,53997.77,48002.12,9
36RACPU5421M1ZX,2025-07,2708643.84,14860.76,135432.21,36445.27,63151.18,72281.03,0
36RACPU5421M1ZX,2025-08,1890801.4,18347.36,94540.07,103271.56,101501.38,0.0,0
36RACPU5421M1ZX,2025-09,1886456.87,24760.33,94322.83,59607.02,58982.66,28378.86,0
36RACPU5421M1ZX,2025-10,3429844.17,10591.7,171492.2,84212.18,83678.47,87813.72,0
36RACPU5421M1ZX,2025-11,2891958.14,16031.49,144597.92,111550.47,111148.36,33449.56,0
36RACPU5421M1ZX,2025-12,2265736.1,15476.64,113286.82,74362.03,73310.61,39976.21,0
36RACPU5421M1ZX,2026-01,2443957.56,14906.85,122197.87,79656.96,78702.45,43495.42,0
36RACPU5421M1ZX,2026-02,2058149.99,16615.48,102907.5,95011.25,93358.46,9549.04,0
36RACPU5421M1ZX,2026-03,2997473.91,15663.96,149873.69,69992.84,69146.03,80727.66,0
29JPSCM1370S1ZC,2025-04,1761787.25,100233.55,88089.38,218013.91,225602.69,0.0,34
29JPSCM1370S1ZC,2025-05,1600015.47,82330.29,80000.76,223360.64,222895.83,0.0,35
29JPSCM1370S1ZC,2025-06,1667961.32,84208.35,83398.06,232627.73,228683.21,0.0,19
29JPSCM1370S1ZC,2025-07,1751964.44,92885.91,87598.23,285237.32,281394.97,0.0,9
29JPSCM1370S1ZC,2025-08,1632049.39,79486.62,81602.45,151676.75,207930.03,0.0,15
29JPSCM1370S1ZC,2025-09,1360863.43,102883.6,68043.18,144189.19,142322.11,0.0,30
29JPSCM1370S1ZC,2025-10,2150964.2,186633.99,107548.21,354681.23,352049.1,0.0,42
29JPSCM1370S1ZC,2025-11,2163078.81,121710.91,108153.94,260007.49,258681.6,0.0,9
29JPSCM1370S1ZC,2025-12,1693777.89,99419.65,84688.9,197181.69,194537.61,0.0,9
29JPSCM1370S1ZC,2026-01,1539998.02,92165.47,76999.9,184850.74,231414.6,0.0,44
29JPSCM1370S1ZC,2026-02,1498338.33,89432.62,74916.92,130125.09,129159.63,0.0,30
29JPSCM1370S1ZC,2026-03,1423243.36,116294.76,71162.18,193825.55,190109.32,0.0,30
36YWZFR3119J1ZP,2025-04,1158499.97,1158499.97,208530.0,146259.15,145601.47,62928.53,0
36YWZFR3119J1ZP,2025-05,1207686.99,1207686.99,217383.66,106705.57,104770.85,112612.81,5
36YWZFR3119J1ZP,2025-06,1117083.15,1117083.15,201074.97,113632.44,112269.26,88805.7,4
36YWZFR3119J1ZP,2025-07,1714809.5,1714809.5,308665.71,180315.8,180274.24,128391.47,0
36YWZFR3119J1ZP,2025-08,1021688.22,1021688.22,183903.88,88103.11,99665.62,84238.26,0
36YWZFR3119J1ZP,2025-09,1479943.18,1479943.18,266389.77,169595.13,177445.88,88943.89,0
36YWZFR3119J1ZP,2025-10,1867296.31,1867296.31,336113.34,206222.01,203183.86,132929.47,0
36YWZFR3119J1ZP,2025-11,1509981.6,1509981.6,271796.69,149515.29,146983.14,124813.55,0
36YWZFR3119J1ZP,2025-12,1348183.63,1348183.63,242673.05,142239.89,139747.4,102925.66,3
36YWZFR3119J1ZP,2026-01,1153372.43,1153372.43,207607.04,153080.2,150261.82,57345.21,0
36YWZFR3119J1ZP,2026-02,1093711.68,1093711.68,196868.1,113208.61,113033.47,83834.64,0
36YWZFR3119J1ZP,2026-03,1856801.26,1856801.26,334224.23,248445.95,245033.71,89190.52,0
27RETPS8574S1ZD,2025-04,2091237.91,162913.73,376422.84,336049.15,329371.21,47051.63,0
27RETPS8574S1ZD,2025-05,2238114.12,138693.36,402860.53,499820.63,495245.2,0.0,0
27RETPS8574S1ZD,2025-06,1683873.15,186105.08,303097.17,366440.25,360731.53,0.0,5
27RETPS8574S1ZD,2025-07,1566541.49,159170.81,281977.48,393617.26,386251.29,0.0,0
27RETPS8574S1ZD,2025-08,1535634.77,136409.88,276414.26,299098.67,293818.36,0.0,0
27RETPS8574S1ZD,2025-09,1945477.63,227990.25,350185.96,401467.76,428817.71,0.0,0
27RETPS8574S1ZD,2025-10,2911644.86,232415.04,524096.07,531700.08,615715.89,0.0,0
27RETPS8574S1ZD,2025-11,2663156.21,185344.04,479368.13,564454.66,558687.83,0.0,0
27RETPS8574S1ZD,2025-12,1814119.79,178696.61,326541.55,433315.76,425490.26,0.0,9
27RETPS8574S1ZD,2026-01,1629050.61,169483.35,293229.1,262702.55,258413.19,0.0,1
27RETPS8574S1ZD,2026-02,1971870.02,213975.19,354936.6,564518.65,569893.37,0.0,0
27RETPS8574S1ZD,2026-03,2399709.72,185975.64,431947.75,426812.09,420200.36,0.0,0
24KFFCX5018H1ZU,2025-04,1269901.3,1269901.3,228582.23,116135.55,114128.36,114453.87,0
24KFFCX5018H1ZU,2025-05,1703460.78,1703460.78,306622.94,166161.44,178035.44,128587.5,0
24KFFCX5018H1ZU,2025-06,1928829.45,1928829.45,347189.3,154761.66,154217.72,192971.58,0
24KFFCX5018H1ZU,2025-07,1448818.67,1448818.67,260787.36,164945.78,163878.41,96908.95,0
24KFFCX5018H1ZU,2025-08,1892607.41,1892607.41,340669.33,214295.45,213154.83,127514.51,0
24KFFCX5018H1ZU,2025-09,1642637.4,1642637.4,295674.73,188196.33,185858.29,109816.44,27
24KFFCX5018H1ZU,2025-10,3118720.2,3118720.2,561369.64,247465.04,246669.84,314699.8,0
24KFFCX5018H1ZU,2025-11,2090421.93,2090421.93,376275.95,184318.19,183951.44,192324.51,0
24KFFCX5018H1ZU,2025-12,1472343.25,1472343.25,265021.79,183087.38,224012.78,41009.0,4
24KFFCX5018H1ZU,2026-01,1636770.19,1636770.19,294618.63,156199.42,155553.39,139065.24,9
24KFFCX5018H1ZU,2026-02,1351651.22,1351651.22,243297.22,140286.88,139292.41,104004.81,14
24KFFCX5018H1ZU,2026-03,1763312.72,1763312.72,317396.29,184437.4,181576.56,135819.73,0
33BENPL1738A1ZU,2025-04,3320609.37,45116.57,597709.67,49912.69,49321.74,548387.93,0
33BENPL1738A1ZU,2025-05,3829524.81,37888.67,689314.46,65134.7,64313.85,625000.61,0
33BENPL1738A1ZU,2025-06,3733612.3,38805.46,672050.21,48984.48,48572.03,623478.18,0
33BENPL1738A1ZU,2025-07,3200701.1,45947.93,576126.22,49932.3,49544.97,526581.25,0
33BENPL1738A1ZU,2025-08,3814952.11,48572.27,686691.36,50009.92,49732.07,636959.29,0
33BENPL1738A1ZU,2025-09,2713456.34,47637.69,488422.15,55255.56,54262.17,434159.99,0
33BENPL1738A1ZU,2025-10,7648033.8,38746.92,1376646.09,44275.75,43797.25,1332848.84,0
33BENPL1738A1ZU,2025-11,4031033.03,41915.63,725585.94,46895.74,46613.17,678972.77,0
33BENPL1738A1ZU,2025-12,3153775.9,35952.26,567679.66,50492.04,49539.39,518140.27,0
33BENPL1738A1ZU,2026-01,3294038.26,34800.08,592926.87,60567.4,60200.71,532726.16,0
33BENPL1738A1ZU,2026-02,3172678.96,43404.18,571082.2,58838.77,58374.66,512707.54,0
33BENPL1738A1ZU,2026-03,2650781.32,52565.36,477140.63,39245.12,39198.07,437942.57,0
09WEICO7553P1ZP,2025-04,862302.04,862302.04,43115.1,47833.03,52520.28,0.0,0
09WEICO7553P1ZP,2025-05,814531.74,814531.74,40726.59,57735.37,57656.73,0.0,0
09WEICO7553P1ZP,2025-06,900724.63,900724.63,45036.23,56405.33,59330.76,0.0,0
09WEICO7553P1ZP,2025-07,833892.34,833892.34,41694.62,41421.83,40740.12,0.0,0
09WEICO7553P1ZP,2025-08,856209.09,856209.09,42810.45,59969.05,59165.15,0.0,0
09WEICO7553P1ZP,2025-09,797624.63,797624.63,39881.23,49443.54,49118.49,0.0,0
09WEICO7553P1ZP,2025-10,1205512.35,1205512.35,60275.62,66007.61,65054.21,0.0,2
09WEICO7553P1ZP,2025-11,1297442.51,1297442.51,64872.13,93023.0,92336.88,0.0,0
09WEICO7553P1ZP,2025-12,617755.79,617755.79,30887.79,43477.52,42827.7,0.0,0
09WEICO7553P1ZP,2026-01,889301.15,889301.15,44465.06,54428.29,53424.62,0.0,0
09WEICO7553P1ZP,2026-02,770571.71,770571.71,38528.59,35964.84,35590.89,0.0,0
09WEICO7553P1ZP,2026-03,715245.43,715245.43,35762.27,54938.43,54718.21,0.0,10
24GXYPW9839I1Z0,2025-04,836042.8,31238.66,234091.98,86060.96,86038.02,148053.97,0
24GXYPW9839I1Z0,2025-05,962359.01,20453.89,269460.53,98580.88,97149.89,172310.64,8
24GXYPW9839I1Z0,2025-06,1028252.38,28914.66,287910.66,130081.32,128802.54,159108.13,9
24GXYPW9839I1Z0,2025-07,882355.65,36762.57,247059.59,96522.14,95234.01,151825.58,6
24GXYPW9839I1Z0,2025-08,1028270.84,33755.74,287915.84,139250.77,136959.94,150955.9,0
24GXYPW9839I1Z0,2025-09,915718.83,34741.35,256401.28,126102.49,123889.4,132511.88,0
24GXYPW9839I1Z0,2025-10,1079548.81,30659.62,302273.67,100918.51,117769.82,184503.86,0
24GXYPW9839I1Z0,2025-11,1018060.87,39110.47,285057.04,126614.32,124173.66,160883.38,0
24GXYPW9839I1Z0,2025-12,753581.89,31760.22,211002.93,95139.31,104989.22,106013.71,0
24GXYPW9839I1Z0,2026-01,778375.16,27548.11,217945.04,76619.51,87865.04,130080.0,0
24GXYPW9839I1Z0,2026-02,906462.69,34578.08,253809.56,92493.68,111313.27,142496.29,6
24GXYPW9839I1Z0,2026-03,968842.44,34929.74,271275.88,138874.62,136313.97,134961.9,0
36ZWPPW0759N1ZS,2025-04,892209.17,119736.7,160597.65,23102.99,22764.89,137832.75,0
36ZWPPW0759N1ZS,2025-05,1012833.99,136751.58,182310.12,22066.22,21906.11,160404.02,4
36ZWPPW0759N1ZS,2025-06,1092159.8,116511.75,196588.77,22654.73,22610.78,173977.99,5
36ZWPPW0759N1ZS,2025-07,933120.84,92912.68,167961.74,31483.89,31203.16,136758.58,0
36ZWPPW0759N1ZS,2025-08,1055260.23,103158.33,189946.84,21004.64,20661.32,169285.52,2
36ZWPPW0759N1ZS,2025-09,1014946.21,102357.81,182690.32,19926.8,19803.47,162886.84,0
36ZWPPW0759N1ZS,2025-10,1464438.32,130489.53,263598.92,22072.13,21679.87,241919.04,0
36ZWPPW0759N1ZS,2025-11,1314560.42,143954.63,236620.89,19656.88,22646.36,213974.54,0
36ZWPPW0759N1ZS,2025-12,1208530.12,156001.59,217535.43,23709.9,23462.07,194073.36,0
36ZWPPW0759N1ZS,2026-01,1008605.37,97979.78,181548.95,19886.72,19579.36,161969.59,0
36ZWPPW0759N1ZS,2026-02,1062044.74,137419.16,191168.06,16762.44,16752.39,174415.67,0
36ZWPPW0759N1ZS,2026-03,1364176.3,114175.26,245551.75,19134.84,18890.26,226661.48,0
07SAEFK1318P1ZO,2025-04,1815157.94,196232.28,326728.42,279425.75,277084.25,49644.17,5
07SAEFK1318P1ZO,2025-05,1783940.56,129215.43,321109.3,233763.85,231124.38,89984.91,10
07SAEFK1318P1ZO,2025-06,1674943.82,151033.72,301489.89,264443.31,263569.59,37920.3,0
07SAEFK1318P1ZO,2025-07,1628889.25,166896.1,293200.07,259001.99,256222.98,36977.09,0
07SAEFK1318P1ZO,2025-08,2070037.87,153711.37,372606.82,368087.12,362948.86,9657.96,0
07SAEFK1318P1ZO,2025-09,1474927.15,180383.38,265486.89,219019.75,216027.28,49459.61,0
07SAEFK1318P1ZO,2025-10,2602837.28,295828.09,468510.72,496919.72,494872.19,0.0,0
07SAEFK1318P1ZO,2025-11,2239911.25,220241.82,403184.02,444775.18,436091.06,0.0,0
07SAEFK1318P1ZO,2025-12,2285114.27,187013.59,411320.57,318030.81,316031.38,36020.67,0
07SAEFK1318P1ZO,2026-01,1271430.91,132075.08,228857.55,239441.54,238814.12,0.0,0
07SAEFK1318P1ZO,2026-02,1438084.85,148270.9,258855.27,224366.52,222439.81,26458.9,4
07SAEFK1318P1ZO,2026-03,1697263.69,250438.27,305507.47,324601.19,318462.75,0.0,0
33HWAPY9232O1ZP,2025-04,368114.86,121223.62,44173.78,64248.13,63561.87,0.0,0
33HWAPY9232O1ZP,2025-05,512024.11,92447.15,61442.89,88187.57,89093.62,0.0,10
33HWAPY9232O1ZP,2025-06,430369.19,76138.95,51644.3,67028.0,66935.17,0.0,0
33HWAPY9232O1ZP,2025-07,318125.0,74322.84,38175.0,39463.4,39423.99,0.0,6
33HWAPY9232O1ZP,2025-08,355221.02,100021.7,42626.52,65368.53,66159.22,0.0,0
33HWAPY9232O1ZP,2025-09,438485.25,100469.46,52618.24,65829.11,65789.94,0.0,9
33HWAPY9232O1ZP,2025-10,916314.92,130656.24,109957.79,161498.3,160874.07,0.0,0
33HWAPY9232O1ZP,2025-11,863161.98,130747.07,103579.44,160208.15,158259.39,0.0,0
33HWAPY9232O1ZP,2025-12,458606.29,99873.79,55032.75,99399.39,97485.55,0.0,8
33HWAPY9232O1ZP,2026-01,605215.21,92273.33,72625.82,150881.26,150347.87,0.0,0
33HWAPY9232O1ZP,2026-02,494863.1,81334.08,59383.57,103150.5,101284.29,0.0,0
33HWAPY9232O1ZP,2026-03,660008.35,120028.8,79201.01,109737.23,109383.06,0.0,0
24ABUPK0839W1ZL,2025-04,376915.47,274545.22,67844.79,58264.48,57336.21,10508.58,35
24ABUPK0839W1ZL,2025-05,452113.17,296294.56,81380.37,48886.57,48764.47,32615.9,34
24ABUPK0839W1ZL,2025-06,421066.36,254390.08,75791.95,61807.36,61435.93,14356.02,36
24ABUPK0839W1ZL,2025-07,453224.04,285796.03,81580.33,72643.68,77234.21,4346.11,24
24ABUPK0839W1ZL,2025-08,516850.42,273414.79,93033.07,56916.61,56001.58,37031.49,20
24ABUPK0839W1ZL,2025-09,389575.22,219399.76,70123.55,58337.27,66278.53,3845.01,31
24ABUPK0839W1ZL,2025-10,729276.2,450271.82,131269.72,136634.26,135842.46,0.0,14
24ABUPK0839W1ZL,2025-11,578921.28,370057.31,104205.84,90702.73,89061.46,10571.63,16
24ABUPK0839W1ZL,2025-12,371317.63,242756.42,66837.18,47071.7,46455.13,20382.05,35
24ABUPK0839W1ZL,2026-01,425023.77,253513.9,76504.28,734969.63,730566.21,0.0,33
24ABUPK0839W1ZL,2026-02,388882.85,254448.1,69998.92,47927.4,50438.28,0.0,10
24ABUPK0839W1ZL,2026-03,461723.3,299516.39,83110.2,76583.14,76008.78,0.0,14
09HUCPS7722F1Z8,2025-04,1353990.21,134511.68,67699.5,221440.68,266365.05,0.0,0
09HUCPS7722F1Z8,2025-05,1800725.28,119767.34,90036.26,289398.87,284742.64,0.0,0
09HUCPS7722F1Z8,2025-06,2598139.19,135163.8,129906.96,386440.97,383364.49,0.0,0
09HUCPS7722F1Z8,2025-07,1817895.84,127284.23,90894.8,231900.72,231838.59,0.0,0
09HUCPS7722F1Z8,2025-08,1658252.71,119878.55,82912.63,284703.7,364614.59,0.0,0
09HUCPS7722F1Z8,2025-09,2210099.46,121811.83,110504.97,339275.54,336680.32,0.0,0
09HUCPS7722F1Z8,2025-10,2390802.32,152284.44,119540.11,448949.07,448526.1,0.0,0
09HUCPS7722F1Z8,2025-11,1770315.5,153495.1,88515.78,296645.11,292515.77,0.0,0
09HUCPS7722F1Z8,2025-12,2067923.84,136799.75,103396.19,270938.97,265928.19,0.0,0
09HUCPS7722F1Z8,2026-01,1743406.55,101607.27,87170.33,338101.07,334429.02,0.0,0
09HUCPS7722F1Z8,2026-02,1348811.58,104440.72,67440.57,173404.1,171020.41,0.0,0
09HUCPS7722F1Z8,2026-03,2251766.84,117182.13,112588.35,436538.36,431573.62,0.0,0
29VWLFS2832N1ZQ,2025-04,1159238.04,1159238.04,208662.85,88063.57,86899.49,121763.36,6
29VWLFS2832N1ZQ,2025-05,1072173.93,1072173.93,192991.31,88552.87,99116.67,93874.63,0
29VWLFS2832N1ZQ,2025-06,792936.44,792936.44,142728.56,78590.56,91062.05,51666.51,2
29VWLFS2832N1ZQ,2025-07,1083080.42,1083080.42,194954.48,90671.17,89508.91,105445.56,26
29VWLFS2832N1ZQ,2025-08,1005626.74,1005626.74,181012.81,86328.59,84817.35,96195.47,0
29VWLFS2832N1ZQ,2025-09,934542.57,934542.57,168217.66,95294.54,94996.87,73220.8,0
29VWLFS2832N1ZQ,2025-10,1879260.85,1879260.85,338266.95,194493.39,191175.9,147091.06,0
29VWLFS2832N1ZQ,2025-11,1304336.14,1304336.14,234780.51,147045.27,144717.02,90063.49,0
29VWLFS2832N1ZQ,2025-12,912901.42,912901.42,164322.26,93417.25,92542.36,71779.9,0
29VWLFS2832N1ZQ,2026-01,1169876.74,1169876.74,210577.81,110199.92,115485.01,95092.8,0
29VWLFS2832N1ZQ,2026-02,930089.99,930089.99,167416.2,65022.28,65296.7,102119.5,0
29VWLFS2832N1ZQ,2026-03,1041985.39,1041985.39,187557.37,89982.79,88191.14,99366.24,0
24RLQFM2779V1ZX,2025-04,5965009.38,1063769.8,1073701.67,229987.28,226911.03,846790.64,0
24RLQFM2779V1ZX,2025-05,5763812.88,1162123.47,1037486.33,382423.77,380431.36,657054.96,0
24RLQFM2779V1ZX,2025-06,5559233.01,984785.69,1000661.98,433927.45,426868.05,573793.94,0
24RLQFM2779V1ZX,2025-07,5978628.21,1231032.04,1076153.05,219112.95,245739.86,830413.18,0
24RLQFM2779V1ZX,2025-08,5848884.63,1148589.74,1052799.29,174418.33,189541.46,863257.83,5
24RLQFM2779V1ZX,2025-09,5949521.4,1245000.42,1070913.86,208822.69,207798.25,863115.6,0
24RLQFM2779V1ZX,2025-10,7553260.13,987054.75,1359586.8,282876.58,282317.6,1077269.2,0
24RLQFM2779V1ZX,2025-11,7429937.21,1335370.42,1337388.73,349231.74,347347.22,990041.51,0
24RLQFM2779V1ZX,2025-12,6658002.3,1550520.88,1198440.41,342811.92,342183.7,856256.71,6
24RLQFM2779V1ZX,2026-01,7254845.61,1502197.21,1305872.25,274114.7,272494.56,1033377.69,0
24RLQFM2779V1ZX,2026-02,6730414.08,1599250.14,1211474.52,276859.32,272120.54,939353.98,3
24RLQFM2779V1ZX,2026-03,6558770.24,1209628.79,1180578.63,241431.16,240485.18,940093.45,0
19RDDCD3027W1ZC,2025-04,2768012.86,2768012.86,498242.32,306975.92,323280.91,174961.4,0
19RDDCD3027W1ZC,2025-05,2859861.87,2859861.87,514775.14,341070.06,339564.34,175210.8,4
19RDDCD3027W1ZC,2025-06,3524723.9,3524723.9,634450.3,435404.39,471181.79,163268.51,0
19RDDCD3027W1ZC,2025-07,3673202.97,3673202.97,661176.53,425631.34,419937.01,241239.53,0
19RDDCD3027W1ZC,2025-08,3755574.73,3755574.73,676003.45,454480.06,480778.2,195225.25,2
19RDDCD3027W1ZC,2025-09,2353446.47,2353446.47,423620.36,280775.58,275512.52,148107.84,0
19RDDCD3027W1ZC,2025-10,5018042.15,5018042.15,903247.59,625519.07,622165.92,281081.66,0
19RDDCD3027W1ZC,2025-11,4233249.64,4233249.64,761984.94,542159.05,538836.42,223148.51,0
19RDDCD3027W1ZC,2025-12,2988178.13,2988178.13,537872.06,387418.64,386309.54,151562.52,0
19RDDCD3027W1ZC,2026-01,3041445.87,3041445.87,547460.26,469810.6,461041.22,86419.03,0
19RDDCD3027W1ZC,2026-02,3651776.98,3651776.98,657319.86,446018.99,556139.86,101180.0,1
19RDDCD3027W1ZC,2026-03,4046685.4,4046685.4,728403.37,498500.41,493242.28,235161.09,1
29RUQFO0664G1ZA,2025-04,6363157.62,991502.86,318157.88,1377140.22,1372608.3,0.0,0
29RUQFO0664G1ZA,2025-05,7428998.64,1423755.11,371449.93,1822987.52,1846834.43,0.0,0
29RUQFO0664G1ZA,2025-06,5914838.25,1214140.02,295741.91,1005832.95,994684.34,0.0,0
29RUQFO0664G1ZA,2025-07,6713627.2,884771.09,335681.35,960412.07,943331.68,0.0,0
29RUQFO0664G1ZA,2025-08,6780801.56,1017288.95,339040.09,1193236.66,1198794.24,0.0,5
29RUQFO0664G1ZA,2025-09,7211752.22,1558927.2,360587.61,922733.96,905186.69,0.0,0
29RUQFO0664G1ZA,2025-10,10079469.96,2156803.82,503973.48,1351183.29,1335990.03,0.0,0
29RUQFO0664G1ZA,2025-11,9844102.26,1603356.15,492205.1,1591410.89,1712154.29,0.0,6
29RUQFO0664G1ZA,2025-12,7090243.52,783873.79,354512.18,1183687.15,1244050.67,0.0,9
29RUQFO0664G1ZA,2026-01,6544881.74,1262851.81,327244.08,936392.36,917810.97,0.0,0
29RUQFO0664G1ZA,2026-02,7864903.26,940138.75,393245.17,1437795.34,1410182.83,0.0,0
29RUQFO0664G1ZA,2026-03,8226680.58,1450400.31,411334.04,1329715.96,1318876.57,0.0,0
36VWBFD2700A1ZK,2025-04,1599057.92,151914.25,287830.44,212424.24,209243.66,78586.78,0
36VWBFD2700A1ZK,2025-05,1681861.48,163643.3,302735.06,201276.41,200279.98,102455.08,0
36VWBFD2700A1ZK,2025-06,1283500.01,162153.69,231029.99,178993.52,178461.2,52568.79,0
36VWBFD2700A1ZK,2025-07,1172190.88,173722.81,210994.36,168982.89,168755.4,42238.96,24
36VWBFD2700A1ZK,2025-08,1340281.32,144361.79,241250.64,205925.45,204314.75,36935.89,0
36VWBFD2700A1ZK,2025-09,1263859.64,137425.71,227494.72,172578.27,172083.98,55410.74,0
36VWBFD2700A1ZK,2025-10,2085093.02,243596.51,375316.73,493828.79,487477.91,0.0,0
36VWBFD2700A1ZK,2025-11,2452837.25,205546.08,441510.69,371255.25,364212.72,0.0,0
36VWBFD2700A1ZK,2025-12,1463433.41,159454.24,263418.04,209747.98,207086.16,21468.69,0
36VWBFD2700A1ZK,2026-01,1310454.7,137972.89,235881.84,160637.88,157683.46,78198.38,0
36VWBFD2700A1ZK,2026-02,1241092.18,169041.92,223396.62,154999.1,153528.89,69867.73,0
36VWBFD2700A1ZK,2026-03,1706582.46,147941.97,307184.83,234498.3,230861.38,76323.46,0
19CKECW9181U1ZD,2025-04,2530090.28,2530090.28,303610.83,438140.77,433532.17,0.0,4
19CKECW9181U1ZD,2025-05,2782312.46,2782312.46,333877.5,329646.42,327439.37,0.0,2
19CKECW9181U1ZD,2025-06,1925941.63,1925941.63,231113.0,374992.33,389174.91,0.0,0
19CKECW9181U1ZD,2025-07,2729684.51,2729684.51,327562.14,471345.69,468510.35,0.0,0
19CKECW9181U1ZD,2025-08,1685454.93,1685454.93,202254.59,232750.78,230180.54,0.0,4
19CKECW9181U1ZD,2025-09,2383511.69,2383511.69,286021.4,321866.37,319803.24,0.0,7
19CKECW9181U1ZD,2025-10,3430719.4,3430719.4,411686.33,617293.76,607861.92,0.0,4
19CKECW9181U1ZD,2025-11,2943390.85,2943390.85,353206.9,439336.46,435241.04,0.0,0
19CKECW9181U1ZD,2025-12,2258671.49,2258671.49,271040.58,362133.17,357085.77,0.0,0
19CKECW9181U1ZD,2026-01,1977882.07,1977882.07,237345.85,246525.17,343760.06,0.0,0
19CKECW9181U1ZD,2026-02,2403672.68,2403672.68,288440.72,280791.89,280281.08,0.0,0
19CKECW9181U1ZD,2026-03,2608951.33,2608951.33,313074.16,429400.73,421498.1,0.0,0
19SVDPW5866A1ZQ,2025-04,2082452.77,1055605.66,374841.51,94169.17,92890.51,281951.0,0
19SVDPW5866A1ZQ,2025-05,2218330.37,984379.12,399299.47,99811.15,99226.77,300072.71,0
19SVDPW5866A1ZQ,2025-06,1896632.71,854468.77,341393.89,99448.22,97838.75,243555.14,0
19SVDPW5866A1ZQ,2025-07,1433168.98,559052.83,257970.41,80961.03,79616.87,178353.54,0
19SVDPW5866A1ZQ,2025-08,1651319.55,758892.43,297237.52,58449.29,57913.61,239323.9,7
19SVDPW5866A1ZQ,2025-09,1936126.04,850300.51,348502.71,93035.6,92563.02,255939.69,0
19SVDPW5866A1ZQ,2025-10,3190330.37,810654.48,574259.48,89075.9,87982.05,486277.43,0
19SVDPW5866A1ZQ,2025-11,2439785.42,841465.34,439161.38,89283.52,87523.34,351638.04,0
19SVDPW5866A1ZQ,2025-12,2810604.72,868369.6,505908.85,97860.85,97678.79,408230.05,0
19SVDPW5866A1ZQ,2026-01,2577240.53,772920.98,463903.28,98899.03,98026.75,365876.53,0
19SVDPW5866A1ZQ,2026-02,1934041.9,836393.58,348127.54,84840.47,84783.94,263343.61,0
19SVDPW5866A1ZQ,2026-03,2130432.2,818777.54,383477.81,69949.53,73499.86,309977.95,0
19ZPXFL4872N1ZK,2025-04,554311.81,554311.81,66517.42,54397.47,53401.47,13115.95,0
19ZPXFL4872N1ZK,2025-05,439538.45,439538.45,52744.61,42623.47,41789.17,10955.44,0
19ZPXFL4872N1ZK,2025-06,536397.78,536397.78,64367.73,44436.18,43928.74,20438.99,2
19ZPXFL4872N1ZK,2025-07,902723.65,902723.65,108326.84,80488.2,79773.66,28553.18,0
19ZPXFL4872N1ZK,2025-08,446703.56,446703.56,53604.43,56274.24,55558.92,0.0,0
19ZPXFL4872N1ZK,2025-09,608659.26,608659.26,73039.11,59534.3,59180.7,11903.92,0
19ZPXFL4872N1ZK,2025-10,877363.73,877363.73,105283.65,84772.61,83826.71,21456.94,0
19ZPXFL4872N1ZK,2025-11,1043847.52,1043847.52,125261.7,81954.53,80725.44,44536.26,6
19ZPXFL4872N1ZK,2025-12,496928.12,496928.12,59631.37,37225.35,36680.09,22951.28,0
19ZPXFL4872N1ZK,2026-01,596033.36,596033.36,71524.0,53359.52,53319.87,18204.13,0
19ZPXFL4872N1ZK,2026-02,650688.33,650688.33,78082.6,64011.71,62816.12,15266.48,0
19ZPXFL4872N1ZK,2026-03,657187.17,657187.17,78862.46,65400.13,64420.11,14442.35,9
33WJHCB9121S1Z3,2025-04,951764.19,43210.31,114211.71,154042.68,157694.72,0.0,3
33WJHCB9121S1Z3,2025-05,907759.34,35275.1,108931.12,149105.23,146607.49,0.0,0
33WJHCB9121S1Z3,2025-06,615997.72,42031.41,73919.73,95904.95,99053.38,0.0,0
33WJHCB9121S1Z3,2025-07,992395.6,36562.17,119087.48,149275.55,146425.68,0.0,0
33WJHCB9121S1Z3,2025-08,804078.46,36059.39,96489.41,124070.57,123594.68,0.0,0
33WJHCB9121S1Z3,2025-09,441085.83,37650.38,52930.31,71725.76,70935.8,0.0,0
33WJHCB9121S1Z3,2025-10,967106.14,64750.39,116052.73,196473.38,195165.52,0.0,0
33WJHCB9121S1Z3,2025-11,1330528.23,44794.01,159663.38,216540.87,216075.49,0.0,0
33WJHCB9121S1Z3,2025-12,641989.64,40901.18,77038.75,87062.45,85732.81,0.0,10
33WJHCB9121S1Z3,2026-01,562187.49,55172.95,67462.5,116456.7,114702.96,0.0,0
33WJHCB9121S1Z3,2026-02,674319.06,38988.54,80918.29,84676.59,83258.95,0.0,0
33WJHCB9121S1Z3,2026-03,702455.77,43856.34,84294.7,126024.85,125993.16,0.0,0
24VJYPN6291A1ZB,2025-04,4985097.07,854566.06,249254.84,658910.03,655897.21,0.0,6
24VJYPN6291A1ZB,2025-05,5491618.92,1022509.08,274580.96,939104.65,930711.39,0.0,0
24VJYPN6291A1ZB,2025-06,4890607.01,753661.48,244530.34,1185457.36,1162860.65,0.0,0
24VJYPN6291A1ZB,2025-07,5430849.84,1018304.62,271542.46,868891.55,860669.01,0.0,0
24VJYPN6291A1ZB,2025-08,3880993.11,718879.13,194049.67,689655.83,676178.54,0.0,0
24VJYPN6291A1ZB,2025-09,6068760.85,484450.32,303438.05,1142380.66,1137207.52,0.0,3
24VJYPN6291A1ZB,2025-10,7813765.35,1395026.01,390688.27,1355284.46,1336772.47,0.0,0
24VJYPN6291A1ZB,2025-11,6932560.98,1178510.01,346628.05,1233416.35,1229237.69,0.0,0
24VJYPN6291A1ZB,2025-12,4672304.69,898987.76,233615.26,752426.62,742360.84,0.0,0
24VJYPN6291A1ZB,2026-01,4810720.01,893733.39,240536.01,906849.25,894584.14,0.0,0
24VJYPN6291A1ZB,2026-02,3823791.75,828489.6,191189.59,626344.03,624363.89,0.0,1
24VJYPN6291A1ZB,2026-03,5573460.02,890498.52,278673.01,1025794.25,1093810.74,0.0,0
33BIRPR1617O1ZO,2025-04,3517564.48,3517564.48,633161.61,279761.63,276362.66,356798.95,0
33BIRPR1617O1ZO,2025-05,2991780.58,2991780.58,538520.5,285101.18,282166.38,256354.12,0
33BIRPR1617O1ZO,2025-06,2403686.83,2403686.83,432663.63,243035.01,240414.97,192248.66,7
33BIRPR1617O1ZO,2025-07,3151525.68,3151525.68,567274.62,285592.16,311171.79,256102.83,0
33BIRPR1617O1ZO,2025-08,2631330.23,2631330.23,473639.44,246720.57,242042.73,231596.71,0
33BIRPR1617O1ZO,2025-09,3309197.35,3309197.35,595655.52,296020.98,294243.93,301411.59,0
33BIRPR1617O1ZO,2025-10,4877728.38,4877728.38,877991.11,414043.14,410373.08,467618.03,0
33BIRPR1617O1ZO,2025-11,4042308.04,4042308.04,727615.45,312359.05,310083.62,417531.82,0
33BIRPR1617O1ZO,2025-12,2692785.4,2692785.4,484701.37,190703.84,210428.23,274273.14,0
33BIRPR1617O1ZO,2026-01,3907621.36,3907621.36,703371.85,431397.61,424474.38,278897.47,0
33BIRPR1617O1ZO,2026-02,3055239.91,3055239.91,549943.18,271837.51,271025.58,278917.6,0
33BIRPR1617O1ZO,2026-03,5353095.74,5353095.74,963557.23,487893.99,482593.63,480963.6,15
24VANCT4960O1Z1,2025-04,4297476.47,331490.37,515697.19,368720.93,365491.3,150205.9,5
24VANCT4960O1Z1,2025-05,5083924.02,199411.4,610070.89,366252.63,361305.12,248765.77,0
24VANCT4960O1Z1,2025-06,6250338.27,318178.62,750040.59,501057.61,500866.61,249173.98,6
24VANCT4960O1Z1,2025-07,4966926.04,260196.96,596031.13,457807.1,454157.07,141874.06,5
24VANCT4960O1Z1,2025-08,4629124.63,206091.1,555494.95,377272.6,377064.95,178430.0,0
24VANCT4960O1Z1,2025-09,4625507.73,290057.2,555060.91,530580.61,526970.7,28090.21,0
24VANCT4960O1Z1,2025-10,8221016.64,309846.41,986521.99,683674.91,677722.46,308799.52,1
24VANCT4960O1Z1,2025-11,6330444.86,256458.39,759653.37,569197.04,565107.85,194545.52,7
24VANCT4960O1Z1,2025-12,4741651.05,230687.86,568998.11,330749.12,337670.34,231327.77,13
24VANCT4960O1Z1,2026-01,4743386.01,349492.59,569206.31,528897.36,518936.38,50269.93,0
24VANCT4960O1Z1,2026-02,4233758.17,244538.6,508050.99,331984.77,340488.83,167562.17,0
24VANCT4960O1Z1,2026-03,6391406.4,321690.39,766968.81,493538.11,485543.15,281425.66,0
19YSIPF5438X1ZZ,2025-04,5594185.43,1580141.11,1006953.36,464395.6,522326.15,484627.21,10
19YSIPF5438X1ZZ,2025-05,6840393.83,1738694.95,1231270.86,437869.16,433358.87,797911.99,0
19YSIPF5438X1ZZ,2025-06,6617653.47,1692981.86,1191177.67,631410.1,620579.62,570598.06,0
19YSIPF5438X1ZZ,2025-07,5764401.86,1471475.26,1037592.34,557123.48,546003.12,491589.22,0
19YSIPF5438X1ZZ,2025-08,6278307.48,1526686.56,1130095.36,314250.42,308355.4,821739.96,0
19YSIPF5438X1ZZ,2025-09,5294587.52,1484617.03,953025.74,355015.41,351434.21,601591.53,6
19YSIPF5438X1ZZ,2025-10,7792273.18,1462910.42,1402609.19,370821.59,366752.23,1035856.96,0
19YSIPF5438X1ZZ,2025-11,7836153.27,1434006.71,1410507.58,487871.14,484863.27,925644.3,0
19YSIPF5438X1ZZ,2025-12,6082878.58,1482507.94,1094918.13,558524.21,548500.1,546418.03,1
19YSIPF5438X1ZZ,2026-01,5710036.7,1420220.12,1027806.66,458401.4,449390.3,578416.36,0
19YSIPF5438X1ZZ,2026-02,6048774.86,1272993.66,1088779.49,291469.13,288787.49,799992.0,0
19YSIPF5438X1ZZ,2026-03,6230996.6,1717845.74,1121579.37,352338.68,350675.09,770904.28,0
29GYUPW9318M1ZU,2025-04,3195634.98,3195634.98,159781.75,241667.43,240536.01,0.0,0
29GYUPW9318M1ZU,2025-05,1931260.74,1931260.74,96563.04,185736.62,182699.39,0.0,0
29GYUPW9318M1ZU,2025-06,2144556.23,2144556.23,107227.81,227824.12,224822.22,0.0,0
29GYUPW9318M1ZU,2025-07,2579929.71,2579929.71,128996.49,196861.65,193372.2,0.0,0
29GYUPW9318M1ZU,2025-08,1980567.42,1980567.42,99028.37,195194.08,194951.06,0.0,0
29GYUPW9318M1ZU,2025-09,2590817.48,2590817.48,129540.87,234276.71,233353.67,0.0,0
29GYUPW9318M1ZU,2025-10,4296698.53,4296698.53,214834.93,355450.56,351659.5,0.0,0
29GYUPW9318M1ZU,2025-11,2812441.78,2812441.78,140622.09,246245.43,244327.36,0.0,0
29GYUPW9318M1ZU,2025-12,2575463.29,2575463.29,128773.16,164673.29,161654.67,0.0,0
29GYUPW9318M1ZU,2026-01,2104988.48,2104988.48,105249.42,177991.32,175337.36,0.0,0
29GYUPW9318M1ZU,2026-02,3103267.26,3103267.26,155163.36,250398.41,252775.72,0.0,0
29GYUPW9318M1ZU,2026-03,2994868.99,2994868.99,149743.45,234074.14,232278.24,0.0,0
27QTICY1640Y1ZQ,2025-04,1073907.45,201082.42,53695.36,148640.02,146276.6,0.0,0
27QTICY1640Y1ZQ,2025-05,1188778.67,173869.48,59438.93,142525.24,141984.52,0.0,0
27QTICY1640Y1ZQ,2025-06,964252.06,227359.44,48212.6,92547.97,91816.88,0.0,0
27QTICY1640Y1ZQ,2025-07,696017.82,228748.76,34800.89,68541.88,67414.22,0.0,0
27QTICY1640Y1ZQ,2025-08,895866.29,167379.45,44793.31,78443.15,77482.17,0.0,0
27QTICY1640Y1ZQ,2025-09,759284.03,214411.01,37964.2,60157.0,59776.42,0.0,0
27QTICY1640Y1ZQ,2025-10,1143607.42,285018.92,57180.38,92381.88,91022.48,0.0,0
27QTICY1640Y1ZQ,2025-11,1505793.0,263914.28,75289.65,130868.15,140169.17,0.0,0
27QTICY1640Y1ZQ,2025-12,906475.23,243848.56,45323.76,77709.79,76491.93,0.0,0
27QTICY1640Y1ZQ,2026-01,892324.18,175329.95,44616.21,76802.68,75444.99,0.0,0
27QTICY1640Y1ZQ,2026-02,1042901.81,222907.56,52145.1,109326.71,117338.49,0.0,0
27QTICY1640Y1ZQ,2026-03,1600673.35,238914.43,80033.67,247710.65,245127.84,0.0,0
24BXTPM1122F1ZN,2025-04,2940473.29,222231.78,352856.79,233613.77,230968.07,121888.72,0
24BXTPM1122F1ZN,2025-05,2950617.33,289742.39,354074.08,232392.76,228876.49,125197.59,0
24BXTPM1122F1ZN,2025-06,3655330.41,267412.67,438639.64,331940.6,329946.1,108693.54,0
24BXTPM1122F1ZN,2025-07,2904328.59,257293.0,348519.41,166673.25,165784.26,182735.15,0
24BXTPM1122F1ZN,2025-08,3055658.61,206493.26,366679.02,194164.76,230373.41,136305.61,0
24BXTPM1122F1ZN,2025-09,4136673.79,289200.59,496400.86,319730.06,319272.16,177128.7,0
24BXTPM1122F1ZN,2025-10,6636916.88,274939.6,796430.02,594162.5,593784.94,202645.08,5
24BXTPM1122F1ZN,2025-11,6500747.19,285789.64,780089.69,608656.17,609222.68,170867.01,0
24BXTPM1122F1ZN,2025-12,4609734.45,246798.06,553168.14,325396.51,323589.16,229578.98,0
24BXTPM1122F1ZN,2026-01,4779558.25,242690.47,573546.98,325293.65,320975.04,252571.94,0
24BXTPM1122F1ZN,2026-02,4043541.22,238818.08,485224.95,332463.12,332226.24,152998.7,0
24BXTPM1122F1ZN,2026-03,5132779.01,345456.14,615933.48,369410.93,365168.96,250764.52,0
24RKACG1499Z1ZK,2025-04,1483522.37,1483522.37,178022.68,175908.96,175859.02,2163.67,0
24RKACG1499Z1ZK,2025-05,1352906.85,1352906.85,162348.82,147006.47,145021.35,17327.47,0
24RKACG1499Z1ZK,2025-06,1217784.97,1217784.97,146134.2,97259.85,95499.21,50634.98,3
24RKACG1499Z1ZK,2025-07,1262133.89,1262133.89,151456.07,112280.39,110981.41,40474.66,0
24RKACG1499Z1ZK,2025-08,1288837.76,1288837.76,154660.53,141708.67,138882.03,15778.5,0
24RKACG1499Z1ZK,2025-09,1075936.93,1075936.93,129112.43,88278.04,86917.43,42195.0,0
24RKACG1499Z1ZK,2025-10,1789979.95,1789979.95,214797.59,144432.84,143914.69,70882.91,0
24RKACG1499Z1ZK,2025-11,1735810.78,1735810.78,208297.29,116032.14,132074.7,76222.59,0
24RKACG1499Z1ZK,2025-12,1147897.01,1147897.01,137747.64,107783.39,107194.45,30553.19,0
24RKACG1499Z1ZK,2026-01,981462.8,981462.8,117775.54,90371.72,89701.54,28074.0,0
24RKACG1499Z1ZK,2026-02,1278816.43,1278816.43,153457.97,156573.81,153908.75,0.0,0
24RKACG1499Z1ZK,2026-03,1594992.03,1594992.03,191399.04,141500.83,140104.17,50844.1,0
29MRPFM1295Q1ZY,2025-04,1682777.82,240835.08,302900.01,90247.84,89596.01,213304.01,2
29MRPFM1295Q1ZY,2025-05,1391776.4,213101.33,250519.74,87719.81,86656.09,163863.65,0
29MRPFM1295Q1ZY,2025-06,1717303.23,264809.58,309114.59,91202.1,89795.96,219318.62,0
29MRPFM1295Q1ZY,2025-07,1601918.21,252940.59,288345.27,74722.98,74440.56,213904.71,0
29MRPFM1295Q1ZY,2025-08,1825468.26,222391.21,328584.29,77321.3,76404.62,252179.67,5
29MRPFM1295Q1ZY,2025-09,1525473.25,266448.69,274585.17,55145.99,54153.12,220432.05,0
29MRPFM1295Q1ZY,2025-10,2207326.46,262443.41,397318.77,76223.89,75136.79,322181.99,0
29MRPFM1295Q1ZY,2025-11,1467385.07,285985.53,264129.31,92128.73,90743.28,173386.03,0
29MRPFM1295Q1ZY,2025-12,1877869.31,265652.4,338016.46,72379.42,71764.5,266251.96,0
29MRPFM1295Q1ZY,2026-01,1648527.66,231267.69,296734.98,82789.97,82605.47,214129.51,0
29MRPFM1295Q1ZY,2026-02,1465420.71,185320.81,263775.72,53091.4,53081.5,210694.22,0
29MRPFM1295Q1ZY,2026-03,1972732.26,245590.35,355091.8,69722.73,69241.97,285849.83,0
09ZQYPK2227A1Z4,2025-04,6361383.64,13254.08,1145049.05,316354.79,326821.46,818227.59,0
09ZQYPK2227A1Z4,2025-05,6353165.72,13516.48,1143569.82,447832.9,443640.68,699929.14,0
09ZQYPK2227A1Z4,2025-06,5311692.84,9824.36,956104.72,356234.91,360161.7,595943.03,0
09ZQYPK2227A1Z4,2025-07,6088636.04,13717.59,1095954.47,468692.5,464317.42,631637.05,3
09ZQYPK2227A1Z4,2025-08,6898575.25,16903.8,1241743.54,433034.2,439754.89,801988.66,0
09ZQYPK2227A1Z4,2025-09,6956104.75,15353.41,1252098.88,442933.11,443999.02,808099.87,0
09ZQYPK2227A1Z4,2025-10,10983631.27,14603.1,1977053.63,646910.22,646357.78,1330695.85,9
09ZQYPK2227A1Z4,2025-11,9784526.21,11902.33,1761214.71,622525.6,610808.97,1150405.74,0
09ZQYPK2227A1Z4,2025-12,7406108.42,17771.37,1333099.52,358747.85,403945.74,929153.78,0
09ZQYPK2227A1Z4,2026-01,8799788.31,16392.1,1583961.89,421385.41,440238.4,1143723.49,0
09ZQYPK2227A1Z4,2026-02,7280060.07,15151.32,1310410.82,410113.51,408332.63,902078.19,0
09ZQYPK2227A1Z4,2026-03,8383112.52,10909.67,1508960.29,344234.7,343028.11,1165932.18,0
09IARCJ0989Z1ZL,2025-04,880204.19,252573.11,158436.76,55727.24,54765.31,103671.45,0
09IARCJ0989Z1ZL,2025-05,817565.97,148786.03,147161.88,47992.41,47950.23,99211.65,0
09IARCJ0989Z1ZL,2025-06,992601.63,277141.66,178668.3,51815.93,64260.79,114407.51,0
09IARCJ0989Z1ZL,2025-07,771351.06,141472.68,138843.19,38557.22,38376.23,100466.97,0
09IARCJ0989Z1ZL,2025-08,795307.48,180996.94,143155.35,37401.57,36965.21,106190.14,0
09IARCJ0989Z1ZL,2025-09,722963.79,142794.06,130133.48,28297.0,27746.24,102387.24,0
09IARCJ0989Z1ZL,2025-10,1119995.95,178853.38,201599.28,34728.51,34226.4,167372.88,0
09IARCJ0989Z1ZL,2025-11,965589.65,197936.89,173806.12,37413.42,37073.17,136732.95,0
09IARCJ0989Z1ZL,2025-12,843139.16,171660.25,151765.04,39326.4,39028.56,112736.48,0
09IARCJ0989Z1ZL,2026-01,869508.38,197668.6,156511.49,41179.29,40477.76,116033.72,5
09IARCJ0989Z1ZL,2026-02,971344.41,160304.88,174841.99,75172.42,74226.24,100615.74,0
09IARCJ0989Z1ZL,2026-03,826922.59,125606.02,148846.06,42907.19,42335.91,106510.15,0
36CURCY0284O1Z8,2025-04,3230020.95,888510.87,581403.75,219034.15,218660.65,362743.09,0
36CURCY0284O1Z8,2025-05,3291275.91,727966.85,592429.66,196530.85,194280.26,398149.4,0
36CURCY0284O1Z8,2025-06,3387216.2,1032954.92,609698.93,183888.13,182500.32,427198.6,0
36CURCY0284O1Z8,2025-07,2926150.38,801322.45,526707.04,191401.58,188201.75,338505.3,0
36CURCY0284O1Z8,2025-08,2747102.1,990122.63,494478.37,156124.0,155989.14,338489.23,0
36CURCY0284O1Z8,2025-09,2742129.61,756769.3,493583.31,207841.89,204786.2,288797.12,0
36CURCY0284O1Z8,2025-10,2955419.68,750789.53,531975.56,151163.59,148608.57,383366.98,0
36CURCY0284O1Z8,2025-11,3266330.22,1026424.52,587939.43,318123.14,317900.74,270038.7,0
36CURCY0284O1Z8,2025-12,2941227.18,765654.33,529420.89,229861.89,226760.01,302660.88,0
36CURCY0284O1Z8,2026-01,2829922.97,664773.84,509386.13,248267.77,248114.8,261271.33,4
36CURCY0284O1Z8,2026-02,2416976.84,719560.67,435055.83,170818.0,170401.44,264654.39,0
36CURCY0284O1Z8,2026-03,2726149.55,956363.66,490706.92,150025.09,148702.75,342004.17,0
27FFJFO2923P1ZB,2025-04,2627010.92,2627010.92,472861.96,245972.77,243506.12,229355.85,0
27FFJFO2923P1ZB,2025-05,2236107.68,2236107.68,402499.38,175544.27,173524.82,228974.57,5
27FFJFO2923P1ZB,2025-06,2093598.44,2093598.44,376847.72,170986.09,168018.57,208829.14,0
27FFJFO2923P1ZB,2025-07,2156429.16,2156429.16,388157.25,202166.23,199580.44,188576.81,0
27FFJFO2923P1ZB,2025-08,2897863.75,2897863.75,521615.48,234191.24,234005.99,287609.48,0
27FFJFO2923P1ZB,2025-09,1768175.29,1768175.29,318271.55,167686.97,165388.97,152882.58,0
27FFJFO2923P1ZB,2025-10,3156891.09,3156891.09,568240.4,306888.46,302044.59,266195.81,0
27FFJFO2923P1ZB,2025-11,3037290.99,3037290.99,546712.38,338815.21,335686.39,211025.98,0
27FFJFO2923P1ZB,2025-12,2033983.59,2033983.59,366117.05,184932.7,189333.52,176783.53,0
27FFJFO2923P1ZB,2026-01,2408640.42,2408640.42,433555.28,221824.27,217863.99,215691.29,3
27FFJFO2923P1ZB,2026-02,2218846.31,2218846.31,399392.34,231282.92,245143.44,154248.89,0
27FFJFO2923P1ZB,2026-03,2674118.72,2674118.72,481341.37,244216.13,240072.16,241269.21,0
29TYXFC6760B1Z6,2025-04,753440.77,105815.24,90412.89,137185.23,134743.29,0.0,0
29TYXFC6760B1Z6,2025-05,1316755.53,81581.82,158010.67,250421.0,248600.24,0.0,10
29TYXFC6760B1Z6,2025-06,8228193.55,104756.34,987383.22,1509713.17,1492748.23,0.0,0
29TYXFC6760B1Z6,2025-07,7681702.48,103014.29,921804.3,1421131.62,1407752.91,0.0,0
29TYXFC6760B1Z6,2025-08,7653025.09,103603.75,918363.01,1425732.29,1415593.7,0.0,0
29TYXFC6760B1Z6,2025-09,7166803.14,115503.01,860016.37,1313172.41,1289583.26,0.0,1
29TYXFC6760B1Z6,2025-10,8694124.62,141116.57,1043294.96,1568461.2,1551610.07,0.0,0
29TYXFC6760B1Z6,2025-11,7682248.75,129377.36,921869.84,1427944.33,1399404.78,0.0,0
29TYXFC6760B1Z6,2025-12,8395683.57,61380.45,1007482.02,1473084.16,1571275.0,0.0,0
29TYXFC6760B1Z6,2026-01,7142241.71,107799.61,857069.01,1373553.76,1368444.93,0.0,0
29TYXFC6760B1Z6,2026-02,659916.77,106254.65,79190.01,112878.24,111569.61,0.0,0
29TYXFC6760B1Z6,2026-03,992243.54,128517.84,119069.22,213100.04,212507.75,0.0,0
29YKECC9418U1ZE,2025-04,822321.97,133279.22,41116.1,66543.17,65781.68,0.0,0
29YKECC9418U1ZE,2025-05,757050.01,179542.47,37852.5,56030.3,76382.71,0.0,0
29YKECC9418U1ZE,2025-06,558369.53,108742.61,27918.47,62496.17,61710.5,0.0,28
29YKECC9418U1ZE,2025-07,907692.79,155950.88,45384.63,89535.35,88091.51,0.0,7
29YKECC9418U1ZE,2025-08,769542.32,168907.85,38477.12,94711.44,93722.53,0.0,0
29YKECC9418U1ZE,2025-09,940634.3,152927.19,47031.72,89403.94,88797.6,0.0,0
29YKECC9418U1ZE,2025-10,1532138.25,292084.32,76606.91,227601.07,226566.26,0.0,0
29YKECC9418U1ZE,2025-11,1275602.45,217896.09,63780.11,157438.69,154668.26,0.0,0
29YKECC9418U1ZE,2025-12,1047291.4,148525.24,52364.56,145383.35,143142.02,0.0,0
29YKECC9418U1ZE,2026-01,754972.4,130729.06,37748.62,81168.18,79669.82,0.0,0
29YKECC9418U1ZE,2026-02,792881.71,148938.95,39644.09,88164.91,86409.79,0.0,0
29YKECC9418U1ZE,2026-03,1033649.95,178600.34,51682.51,110098.73,111987.08,0.0,4
19AUMPO8595I1ZK,2025-04,3048821.52,46121.86,548787.9,72506.87,71811.14,476976.75,0
19AUMPO8595I1ZK,2025-05,3284124.13,41501.49,591142.35,85853.6,89551.35,501591.0,0
19AUMPO8595I1ZK,2025-06,3478080.89,46023.31,626054.58,90064.18,89366.38,536688.2,0
19AUMPO8595I1ZK,2025-07,2665950.14,46538.57,479871.03,91104.6,89779.85,390091.18,0
19AUMPO8595I1ZK,2025-08,2376102.19,40955.11,427698.39,91779.67,90509.12,337189.27,0
19AUMPO8595I1ZK,2025-09,2546934.15,49962.93,458448.17,92871.89,91507.63,366940.54,0
19AUMPO8595I1ZK,2025-10,4503911.69,40961.42,810704.11,95123.97,93654.72,717049.39,5
19AUMPO8595I1ZK,2025-11,4044840.42,42525.94,728071.26,108798.7,108452.31,619618.95,0
19AUMPO8595I1ZK,2025-12,2608693.03,36608.66,469564.73,77466.79,76572.36,392992.36,0
19AUMPO8595I1ZK,2026-01,2748807.33,40703.78,494785.31,73674.07,73262.02,421523.29,0
19AUMPO8595I1ZK,2026-02,3211380.14,58594.64,578048.4,62647.68,79974.85,498073.56,7
19AUMPO8595I1ZK,2026-03,3322752.2,37034.7,598095.39,103036.31,101038.68,497056.7,0
36TDHFL1369M1Z7,2025-04,1675096.83,71283.26,301517.43,33352.69,32814.9,268702.53,0
36TDHFL1369M1Z7,2025-05,1761934.82,63365.24,317148.27,38454.2,37956.57,279191.7,0
36TDHFL1369M1Z7,2025-06,1554540.42,75804.64,279817.27,39560.77,49727.02,230090.25,0
36TDHFL1369M1Z7,2025-07,1430639.08,98622.3,257515.01,37330.38,37244.04,220270.97,0
36TDHFL1369M1Z7,2025-08,1662200.26,73740.04,299196.06,25083.01,29763.12,269432.93,0
36TDHFL1369M1Z7,2025-09,1400614.01,87317.63,252110.52,39891.15,39342.44,212768.09,0
36TDHFL1369M1Z7,2025-10,1986710.66,88739.53,357607.9,42945.9,42794.96,314812.95,0
36TDHFL1369M1Z7,2025-11,1729712.73,84466.13,311348.27,44826.13,47049.71,264298.56,0
36TDHFL1369M1Z7,2025-12,1747402.68,67226.4,314532.48,30704.91,38614.85,275917.63,2
36TDHFL1369M1Z7,2026-01,1832195.26,85722.61,329795.17,45789.69,45564.36,284230.81,0
36TDHFL1369M1Z7,2026-02,1529135.88,76437.83,275244.47,52683.06,51967.51,223276.96,0
36TDHFL1369M1Z7,2026-03,1416865.21,105123.94,255035.74,48406.25,48178.49,206857.25,0
07KKUPO0563E1ZO,2025-04,4103249.69,10259.17,205162.48,74328.07,74259.4,130903.08,0
07KKUPO0563E1ZO,2025-05,4088641.49,11604.71,204432.08,115188.3,113053.4,91378.67,0
07KKUPO0563E1ZO,2025-06,4600255.91,12149.87,230012.8,60509.58,60106.39,169906.41,0
07KKUPO0563E1ZO,2025-07,5760581.65,8734.82,288029.08,66344.95,65418.75,222610.33,0
07KKUPO0563E1ZO,2025-08,3670654.57,9105.29,183532.72,76636.53,75121.53,108411.19,0
07KKUPO0563E1ZO,2025-09,4644889.17,11570.46,232244.43,72115.12,71361.23,160883.21,0
07KKUPO0563E1ZO,2025-10,6970689.43,9378.69,348534.47,82883.26,81865.44,266669.04,6
07KKUPO0563E1ZO,2025-11,5952549.09,11456.08,297627.48,84673.3,83861.41,213766.07,0
07KKUPO0563E1ZO,2025-12,4291267.38,13265.69,214563.35,97521.38,96156.71,118406.64,0
07KKUPO0563E1ZO,2026-01,4989189.76,8291.87,249459.49,91105.51,481989.57,0.0,0
07KKUPO0563E1ZO,2026-02,4205938.03,9777.1,210296.88,91104.57,89900.78,0.0,0
07KKUPO0563E1ZO,2026-03,5725623.65,10012.58,286281.2,72344.57,71270.56,102876.67,0
07RJRCS2613U1ZH,2025-04,2946995.25,2946995.25,353639.43,262798.61,257915.0,95724.43,0
07RJRCS2613U1ZH,2025-05,2109352.22,2109352.22,253122.27,180209.7,177365.1,75757.17,0
07RJRCS2613U1ZH,2025-06,2338964.95,2338964.95,280675.79,213881.12,212537.82,68137.97,20
07RJRCS2613U1ZH,2025-07,2214192.52,2214192.52,265703.1,165576.49,185248.28,80454.82,0
07RJRCS2613U1ZH,2025-08,2744293.64,2744293.64,329315.24,230774.02,229064.05,100251.18,0
07RJRCS2613U1ZH,2025-09,2438510.88,2438510.88,292621.31,225646.88,221989.46,70631.84,0
07RJRCS2613U1ZH,2025-10,4052344.78,4052344.78,486281.37,394078.76,387993.23,98288.14,0
07RJRCS2613U1ZH,2025-11,3320729.95,3320729.95,398487.59,329948.71,324587.23,73900.36,0
07RJRCS2613U1ZH,2025-12,2019341.72,2019341.72,242321.01,160782.1,161973.55,80347.45,6
07RJRCS2613U1ZH,2026-01,2943145.57,2943145.57,353177.47,255969.08,259377.77,93799.7,0
07RJRCS2613U1ZH,2026-02,1978626.67,1978626.67,237435.2,128234.43,126423.87,111011.33,1
07RJRCS2613U1ZH,2026-03,2657397.87,2657397.87,318887.74,248826.04,244896.72,73991.02,0
09UFXFZ0061Z1ZS,2025-04,3484718.64,3484718.64,174235.93,395909.57,414943.72,0.0,0
09UFXFZ0061Z1ZS,2025-05,4253613.93,4253613.93,212680.7,381405.35,374875.77,0.0,0
09UFXFZ0061Z1ZS,2025-06,4565224.82,4565224.82,228261.24,481001.6,474971.38,0.0,0
09UFXFZ0061Z1ZS,2025-07,4521679.01,4521679.01,226083.95,370851.33,391707.8,0.0,0
09UFXFZ0061Z1ZS,2025-08,3873667.81,3873667.81,193683.39,343366.5,345106.06,0.0,0
09UFXFZ0061Z1ZS,2025-09,4597732.24,4597732.24,229886.61,463888.46,462654.62,0.0,0
09UFXFZ0061Z1ZS,2025-10,5166895.25,5166895.25,258344.76,555846.84,545868.22,0.0,0
09UFXFZ0061Z1ZS,2025-11,6853083.04,6853083.04,342654.15,548864.6,539174.03,0.0,0
09UFXFZ0061Z1ZS,2025-12,3330680.96,3330680.96,166534.05,293789.6,292425.27,0.0,0
09UFXFZ0061Z1ZS,2026-01,2865223.07,2865223.07,143261.15,294178.93,290906.34,0.0,0
09UFXFZ0061Z1ZS,2026-02,4768250.9,4768250.9,238412.54,444980.22,440233.12,0.0,0
09UFXFZ0061Z1ZS,2026-03,4016479.88,4016479.88,200823.99,355569.39,348938.24,0.0,7
19WXIFV2290J1ZS,2025-04,4587860.53,104971.4,825814.89,894248.77,893446.77,0.0,0
19WXIFV2290J1ZS,2025-05,4504174.54,90781.14,810751.43,625522.5,624505.05,118614.51,0
19WXIFV2290J1ZS,2025-06,5620446.95,109861.21,1011680.47,704579.2,736022.77,275657.7,0
19WXIFV2290J1ZS,2025-07,3653395.32,122529.85,657611.14,574197.11,572545.67,85065.47,0
19WXIFV2290J1ZS,2025-08,4001439.11,98714.48,720259.05,620851.51,611830.02,108429.03,0
19WXIFV2290J1ZS,2025-09,3588088.46,136094.41,645855.93,541816.36,531826.67,114029.26,0
19WXIFV2290J1ZS,2025-10,7561188.37,179107.09,1361013.92,903323.21,899113.21,461900.71,0
19WXIFV2290J1ZS,2025-11,7004192.21,181533.4,1260754.61,1087643.0,1067776.57,192978.04,0
19WXIFV2290J1ZS,2025-12,5760753.79,96681.28,1036935.67,446827.28,691696.31,345239.36,27
19WXIFV2290J1ZS,2026-01,3735633.53,76049.22,672414.05,467989.45,463803.83,208610.22,0
19WXIFV2290J1ZS,2026-02,3999813.43,87766.42,719966.42,421735.12,473170.94,246795.48,0
19WXIFV2290J1ZS,2026-03,5944893.45,102487.52,1070080.83,685167.27,680539.4,389541.43,0
09NQMPU7367M1ZA,2025-04,483456.41,61318.54,87022.16,12589.49,12517.98,74504.18,10
09NQMPU7367M1ZA,2025-05,416981.75,75653.06,75056.71,8855.65,10726.89,64329.82,6
09NQMPU7367M1ZA,2025-06,342990.49,59691.78,61738.29,15273.98,15188.79,46549.5,0
09NQMPU7367M1ZA,2025-07,607107.23,91811.4,109279.3,11865.74,11794.1,97485.2,0
09NQMPU7367M1ZA,2025-08,452153.06,62745.82,81387.55,11667.56,11590.52,69797.03,0
09NQMPU7367M1ZA,2025-09,335982.67,77115.06,60476.88,10036.62,9887.05,50589.83,0
09NQMPU7367M1ZA,2025-10,442759.13,83169.86,79696.64,13575.71,13353.37,66343.26,0
09NQMPU7367M1ZA,2025-11,590456.03,77592.13,106282.09,10147.05,10118.51,96163.58,0
09NQMPU7367M1ZA,2025-12,495656.38,111508.85,89218.14,11751.0,14811.15,74407.0,0
09NQMPU7367M1ZA,2026-01,469153.72,85077.31,84447.67,8088.27,8019.5,76428.17,0
09NQMPU7367M1ZA,2026-02,405603.23,73931.27,73008.59,8898.04,8756.34,64252.25,22
09NQMPU7367M1ZA,2026-03,419997.8,83419.98,75599.62,11533.61,11522.65,64076.97,0
33NLZPB0403O1ZO,2025-04,450019.59,26065.59,81003.53,6564.74,6504.46,74499.07,0
33NLZPB0403O1ZO,2025-05,283170.77,24398.23,50970.74,6481.18,6459.14,44511.6,0
33NLZPB0403O1ZO,2025-06,313553.12,28976.61,56439.56,5687.75,5665.59,50773.97,0
33NLZPB0403O1ZO,2025-07,282259.46,27439.42,50806.71,6244.42,6192.2,44614.51,0
33NLZPB0403O1ZO,2025-08,433714.28,22974.65,78068.57,3416.73,3357.22,74711.35,0
33NLZPB0403O1ZO,2025-09,318926.69,23452.84,57406.8,4481.52,4394.37,53012.43,0
33NLZPB0403O1ZO,2025-10,435106.91,30343.46,78319.24,4972.2,4968.08,73351.16,0
33NLZPB0403O1ZO,2025-11,439438.98,26147.3,79099.02,5608.21,5519.75,73579.27,0
33NLZPB0403O1ZO,2025-12,447944.62,31144.52,80630.03,4681.09,4657.64,75972.4,0
33NLZPB0403O1ZO,2026-01,347401.19,29490.82,62532.22,4534.09,4466.99,58065.22,0
33NLZPB0403O1ZO,2026-02,444789.85,33758.45,80062.18,4204.86,4130.45,75931.73,3
33NLZPB0403O1ZO,2026-03,323187.71,25464.31,58173.79,3932.74,3889.41,54284.37,0
36ZKZPX3684Z1ZB,2025-04,0.0,0.0,0.0,0.0,0.0,0.0,7
36ZKZPX3684Z1ZB,2025-05,800000.0,0.0,144000.0,0.0,137586.88,6413.12,0
36ZKZPX3684Z1ZB,2025-06,0.0,0.0,0.0,0.0,0.0,0.0,0
36ZKZPX3684Z1ZB,2025-07,310000.0,0.0,55800.0,24752.49,52683.69,3116.31,0
36ZKZPX3684Z1ZB,2025-08,0.0,0.0,0.0,0.0,0.0,0.0,0
36ZKZPX3684Z1ZB,2025-09,0.0,0.0,0.0,0.0,0.0,0.0,0
36ZKZPX3684Z1ZB,2025-10,630865.66,0.0,113555.82,45000.0,106893.38,6662.44,5
36ZKZPX3684Z1ZB,2025-11,70000.0,0.0,12600.0,9094.86,11805.5,794.5,0
36BLJPL5185M1ZF,2025-04,0.0,0.0,0.0,0.0,0.0,0.0,13
36BLJPL5185M1ZF,2025-05,539847.78,0.0,26992.39,0.0,81000.0,0.0,20
36BLJPL5185M1ZF,2025-06,70323.97,0.0,3516.2,0.0,5400.0,0.0,32
36BLJPL5185M1ZF,2025-07,0.0,0.0,0.0,0.0,0.0,0.0,38
36BLJPL5185M1ZF,2025-08,430948.84,0.0,21547.44,36000.0,36000.0,0.0,31
36BLJPL5185M1ZF,2025-09,600000.0,0.0,30000.0,18477.5,28132.95,0.0,9
36BLJPL5185M1ZF,2025-10,270000.0,0.0,13500.0,10000.0,50336.7,0.0,17
36BLJPL5185M1ZF,2025-11,528957.76,0.0,26447.89,45000.0,45000.0,0.0,15
36GBEPS4396G1Z3,2025-04,0.0,0.0,0.0,0.0,0.0,0.0,0
36GBEPS4396G1Z3,2025-05,0.0,0.0,0.0,0.0,0.0,0.0,0
36GBEPS4396G1Z3,2025-06,0.0,0.0,0.0,0.0,0.0,0.0,0
36GBEPS4396G1Z3,2025-07,250000.0,0.0,12500.0,0.0,12263.54,236.46,4
36GBEPS4396G1Z3,2025-08,73821.28,0.0,3691.06,0.0,3622.8,68.26,0
36GBEPS4396G1Z3,2025-09,369550.05,0.0,18477.5,0.0,17682.41,795.09,9
36GBEPS4396G1Z3,2025-10,200000.0,0.0,10000.0,0.0,9891.35,108.65,0
36GBEPS4396G1Z3,2025-11,0.0,0.0,0.0,0.0,0.0,0.0,6
36KDTPP1597B1ZW,2025-04,0.0,0.0,0.0,0.0,0.0,0.0,0
36KDTPP1597B1ZW,2025-05,323613.99,0.0,58250.52,0.0,56120.53,2129.99,0
36KDTPP1597B1ZW,2025-06,30000.0,0.0,5400.0,0.0,5203.65,196.35,0
36KDTPP1597B1ZW,2025-07,0.0,0.0,0.0,0.0,0.0,0.0,4
36KDTPP1597B1ZW,2025-08,360000.0,0.0,64800.0,3691.06,62501.83,2298.17,4
36KDTPP1597B1ZW,2025-09,180000.0,0.0,32400.0,0.0,32004.59,395.41,0
36KDTPP1597B1ZW,2025-10,250000.0,0.0,45000.0,0.0,42561.28,2438.72,0
36KDTPP1597B1ZW,2025-11,150000.0,0.0,27000.0,0.0,25754.94,1245.06,1
36CDUPW1496X1ZP,2025-04,0.0,0.0,0.0,0.0,0.0,0.0,0
36CDUPW1496X1ZP,2025-05,450000.0,0.0,54000.0,63000.0,121250.52,0.0,0
36CDUPW1496X1ZP,2025-06,0.0,0.0,0.0,0.0,0.0,0.0,0
36CDUPW1496X1ZP,2025-07,206270.75,0.0,24752.49,0.0,23422.19,0.0,2
36CDUPW1496X1ZP,2025-08,80000.0,0.0,9600.0,0.0,9437.07,0.0,0
36CDUPW1496X1ZP,2025-09,305419.46,0.0,36650.33,7500.0,39900.0,0.0,0
36CDUPW1496X1ZP,2025-10,0.0,0.0,0.0,0.0,0.0,0.0,0
36CDUPW1496X1ZP,2025-11,422033.38,0.0,50644.0,7737.73,48281.25,0.0,0
33EJCPO0193P1ZU,2025-04,0.0,0.0,0.0,0.0,0.0,0.0,0
33EJCPO0193P1ZU,2025-05,0.0,0.0,0.0,0.0,0.0,0.0,0
33EJCPO0193P1ZU,2025-06,0.0,0.0,0.0,0.0,0.0,0.0,0
33EJCPO0193P1ZU,2025-07,1281987.0,0.0,230757.66,42679.24,214952.66,15805.0,0
33EJCPO0193P1ZU,2025-08,689704.04,0.0,124146.73,62486.85,118111.63,6035.1,6
33EJCPO0193P1ZU,2025-09,500000.0,0.0,90000.0,0.0,87614.75,2385.25,0
33EJCPO0193P1ZU,2025-10,392309.36,0.0,70615.69,0.0,67897.62,2718.07,6
33EJCPO0193P1ZU,2025-11,648557.8,0.0,116740.4,0.0,114724.69,2015.71,0
33EJCPO0193P1ZU,2025-12,550000.0,0.0,99000.0,0.0,95827.48,3172.52,0
33EJCPO0193P1ZU,2026-01,0.0,0.0,0.0,0.0,0.0,0.0,0
33TVUPH1794R1Z3,2025-04,96026.95,0.0,11523.23,0.0,11010.87,512.36,5
33TVUPH1794R1Z3,2025-05,0.0,0.0,0.0,0.0,0.0,0.0,0
33TVUPH1794R1Z3,2025-06,781641.12,0.0,93796.93,0.0,88868.29,4928.64,0
33TVUPH1794R1Z3,2025-07,345745.83,0.0,41489.5,7000.0,39995.04,1494.46,0
33TVUPH1794R1Z3,2025-08,0.0,0.0,0.0,0.0,0.0,0.0,0
33TVUPH1794R1Z3,2025-09,826674.44,0.0,99200.93,17500.0,107500.0,0.0,0
33TVUPH1794R1Z3,2025-10,335223.29,0.0,40226.8,20965.23,40165.23,0.0,0
33TVUPH1794R1Z3,2025-11,500000.0,0.0,60000.0,86930.82,86930.82,0.0,0
33TVUPH1794R1Z3,2025-12,0.0,0.0,0.0,0.0,0.0,0.0,10
33TVUPH1794R1Z3,2026-01,0.0,0.0,0.0,0.0,0.0,0.0,0
33CVMPT6843L1ZS,2025-04,120000.0,0.0,14400.0,0.0,14069.59,330.41,0
33CVMPT6843L1ZS,2025-05,0.0,0.0,0.0,0.0,0.0,0.0,0
33CVMPT6843L1ZS,2025-06,0.0,0.0,0.0,0.0,0.0,0.0,3
33CVMPT6843L1ZS,2025-07,140000.0,0.0,16800.0,0.0,16022.49,777.51,0
33CVMPT6843L1ZS,2025-08,400000.0,0.0,48000.0,0.0,44934.26,3065.74,0
33CVMPT6843L1ZS,2025-09,0.0,0.0,0.0,0.0,0.0,0.0,0
33CVMPT6843L1ZS,2025-10,220000.0,0.0,26400.0,0.0,25870.43,529.57,0
33CVMPT6843L1ZS,2025-11,0.0,0.0,0.0,0.0,0.0,0.0,0
33CVMPT6843L1ZS,2025-12,400000.0,0.0,48000.0,0.0,66500.0,0.0,0
33CVMPT6843L1ZS,2026-01,0.0,0.0,0.0,0.0,0.0,0.0,0
33XHPPR2970M1Z1,2025-04,0.0,0.0,0.0,0.0,0.0,0.0,21
33XHPPR2970M1Z1,2025-05,0.0,0.0,0.0,0.0,0.0,0.0,36
33XHPPR2970M1Z1,2025-06,724820.61,0.0,36241.03,0.0,35609.79,631.24,21
33XHPPR2970M1Z1,2025-07,1193584.86,0.0,59679.24,40606.55,55659.57,4019.67,6
33XHPPR2970M1Z1,2025-08,289736.93,0.0,14486.85,0.0,13876.24,610.61,26
33XHPPR2970M1Z1,2025-09,1050000.0,0.0,52500.0,0.0,50398.61,2101.39,23
33XHPPR2970M1Z1,2025-10,78506.64,0.0,3925.33,7200.0,13401.6,0.0,7
33XHPPR2970M1Z1,2025-11,273143.68,0.0,13657.18,29809.58,29809.58,0.0,27
33XHPPR2970M1Z1,2025-12,905412.39,0.0,45270.62,45000.0,45000.0,0.0,33
33XHPPR2970M1Z1,2026-01,0.0,0.0,0.0,0.0,0.0,0.0,38
24TVKPG5615N1ZT,2025-04,383474.6,0.0,69025.43,0.0,67944.28,1081.15,35
24TVKPG5615N1ZT,2025-05,950635.79,0.0,171114.44,17953.56,164442.23,6672.21,5
24TVKPG5615N1ZT,2025-06,509566.34,0.0,91721.94,0.0,87804.44,3917.5,10
24TVKPG5615N1ZT,2025-07,60000.0,0.0,10800.0,0.0,10605.77,194.23,9
24TVKPG5615N1ZT,2025-08,354265.69,0.0,63767.82,6446.05,62649.54,1118.28,41
24TVKPG5615N1ZT,2025-09,977385.11,0.0,175929.32,0.0,168176.87,7752.45,25
24TVKPG5615N1ZT,2025-10,836010.61,0.0,150481.91,20000.0,146058.74,4423.17,30
24WJRPM0068Q1ZY,2025-04,209005.63,0.0,10450.28,0.0,10212.22,238.06,18
24WJRPM0068Q1ZY,2025-05,30000.0,0.0,1500.0,0.0,1404.43,95.57,21
24WJRPM0068Q1ZY,2025-06,263809.74,0.0,13190.49,27000.0,27000.0,0.0,32
24WJRPM0068Q1ZY,2025-07,110000.0,0.0,5500.0,3779.17,14579.17,0.0,7
24WJRPM0068Q1ZY,2025-08,181306.78,0.0,9065.34,0.0,8568.52,0.0,22
24WJRPM0068Q1ZY,2025-09,1100000.0,0.0,55000.0,186299.86,186299.86,0.0,12
24WJRPM0068Q1ZY,2025-10,920000.0,0.0,46000.0,0.0,45349.02,0.0,12
24HLHPP2662K1ZO,2025-04,652107.35,0.0,32605.37,69025.43,69025.43,0.0,31
24HLHPP2662K1ZO,2025-05,397403.21,0.0,19870.16,3714.44,19431.23,0.0,37
24HLHPP2662K1ZO,2025-06,321109.23,0.0,16055.46,32874.58,55721.94,0.0,31
24HLHPP2662K1ZO,2025-07,75583.4,0.0,3779.17,0.0,3657.45,0.0,39
24HLHPP2662K1ZO,2025-08,295343.45,0.0,14767.17,0.0,16200.0,0.0,18
24HLHPP2662K1ZO,2025-09,1065100.01,0.0,53255.01,0.0,49710.19,0.0,42
24HLHPP2662K1ZO,2025-10,709840.34,0.0,35492.02,77981.91,77981.91,0.0,6
33UEZPT4171B1ZO,2025-05,676063.17,0.0,33803.16,100162.86,100162.86,0.0,13
33UEZPT4171B1ZO,2025-06,90000.0,0.0,4500.0,0.0,19876.13,0.0,5
33UEZPT4171B1ZO,2025-07,0.0,0.0,0.0,0.0,0.0,0.0,25
33UEZPT4171B1ZO,2025-08,110000.0,0.0,5500.0,0.0,5171.55,0.0,37
33UEZPT4171B1ZO,2025-09,0.0,0.0,0.0,0.0,0.0,0.0,31
33UEZPT4171B1ZO,2025-10,0.0,0.0,0.0,0.0,0.0,0.0,19
33UEZPT4171B1ZO,2025-11,0.0,0.0,0.0,0.0,0.0,0.0,18
33UEZPT4171B1ZO,2025-12,0.0,0.0,0.0,0.0,0.0,0.0,12
33UEZPT4171B1ZO,2026-01,0.0,0.0,0.0,0.0,0.0,0.0,11
33SLEPR8898N1ZJ,2025-05,700000.0,0.0,126000.0,0.0,146834.49,0.0,0
33SLEPR8898N1ZJ,2025-06,53447.63,0.0,9620.57,0.0,9413.48,0.0,0
33SLEPR8898N1ZJ,2025-07,0.0,0.0,0.0,0.0,0.0,0.0,0
33SLEPR8898N1ZJ,2025-08,0.0,0.0,0.0,0.0,0.0,0.0,9
33SLEPR8898N1ZJ,2025-09,426958.24,0.0,76852.48,22800.0,75915.77,0.0,0
33SLEPR8898N1ZJ,2025-10,300000.0,0.0,54000.0,0.0,51099.58,0.0,0
33SLEPR8898N1ZJ,2025-11,0.0,0.0,0.0,0.0,0.0,0.0,2
33SLEPR8898N1ZJ,2025-12,200000.0,0.0,36000.0,18238.57,34845.97,0.0,0
33SLEPR8898N1ZJ,2026-01,336369.22,0.0,60546.46,45000.0,58301.37,0.0,0
33LOJPC3860N1ZI,2025-05,0.0,0.0,0.0,0.0,0.0,0.0,0
33LOJPC3860N1ZI,2025-06,0.0,0.0,0.0,0.0,0.0,0.0,0
33LOJPC3860N1ZI,2025-07,0.0,0.0,0.0,0.0,0.0,0.0,0
33LOJPC3860N1ZI,2025-08,80000.0,0.0,4000.0,0.0,3739.78,260.22,4
33LOJPC3860N1ZI,2025-09,150000.0,0.0,7500.0,0.0,10849.2,0.0,0
33LOJPC3860N1ZI,2025-10,200000.0,0.0,10000.0,0.0,9824.21,0.0,0
33LOJPC3860N1ZI,2025-11,254095.41,0.0,12704.77,0.0,12238.33,0.0,7
33LOJPC3860N1ZI,2025-12,318771.37,0.0,15938.57,13200.0,15577.87,0.0,3
33LOJPC3860N1ZI,2026-01,117874.49,0.0,5893.72,0.0,5492.49,0.0,3
33FWMPL0667G1ZC,2025-05,834690.54,0.0,100162.86,0.0,94555.03,5607.83,0
33FWMPL0667G1ZC,2025-06,0.0,0.0,0.0,0.0,0.0,0.0,0
33FWMPL0667G1ZC,2025-07,0.0,0.0,0.0,0.0,0.0,0.0,0
33FWMPL0667G1ZC,2025-08,80000.0,0.0,9600.0,0.0,9431.61,168.39,0
33FWMPL0667G1ZC,2025-09,190000.0,0.0,22800.0,0.0,21428.1,1371.9,0
33FWMPL0667G1ZC,2025-10,130000.0,0.0,15600.0,0.0,15228.65,371.35,0
33FWMPL0667G1ZC,2025-11,0.0,0.0,0.0,0.0,0.0,0.0,10
33FWMPL0667G1ZC,2025-12,200000.0,0.0,24000.0,0.0,23255.96,744.04,0
33FWMPL0667G1ZC,2026-01,0.0,0.0,0.0,0.0,0.0,0.0,0
33WGUPH4795C1ZJ,2025-05,815747.15,0.0,146834.49,0.0,138644.97,8189.52,41
33WGUPH4795C1ZJ,2025-06,56975.32,0.0,10255.56,0.0,9888.57,366.99,23
33WGUPH4795C1ZJ,2025-07,0.0,0.0,0.0,0.0,0.0,0.0,6
33WGUPH4795C1ZJ,2025-08,33319.62,0.0,5997.53,0.0,5886.69,110.84,43
33WGUPH4795C1ZJ,2025-09,150000.0,0.0,27000.0,0.0,26278.92,721.08,23
33WGUPH4795C1ZJ,2025-10,0.0,0.0,0.0,0.0,0.0,0.0,18
33WGUPH4795C1ZJ,2025-11,350000.0,0.0,63000.0,12704.77,59294.24,3705.76,10
33WGUPH4795C1ZJ,2025-12,0.0,0.0,0.0,0.0,0.0,0.0,33
33WGUPH4795C1ZJ,2026-01,250000.0,0.0,45000.0,0.0,44256.07,743.93,21
24TSTPO7061E1ZX,2025-08,1059632.79,0.0,190733.9,97298.74,184210.9,6523.0,36
24TSTPO7061E1ZX,2025-09,750000.0,0.0,135000.0,0.0,127073.65,7926.35,33
24TSTPO7061E1ZX,2025-10,595221.23,0.0,107139.82,0.0,101530.56,5609.26,38
24TSTPO7061E1ZX,2025-11,383206.07,0.0,68977.09,0.0,68219.5,757.59,25
24TSTPO7061E1ZX,2025-12,1257859.95,0.0,226414.79,0.0,222997.93,3416.86,5
24TSTPO7061E1ZX,2026-01,1831304.35,0.0,329634.78,337472.91,337472.91,0.0,26
24TSTPO7061E1ZX,2026-02,0.0,0.0,0.0,0.0,0.0,0.0,39
24TSTPO7061E1ZX,2026-03,1500000.0,0.0,270000.0,0.0,260071.66,2090.21,12
24FTNPN2546V1ZL,2025-08,1220548.57,0.0,219698.74,82770.18,210367.33,9331.41,14
24FTNPN2546V1ZL,2025-09,764103.26,0.0,137538.59,0.0,135000.0,2538.59,0
24FTNPN2546V1ZL,2025-10,455771.15,0.0,82038.81,21600.0,76439.11,5599.7,0
24FTNPN2546V1ZL,2025-11,150000.0,0.0,27000.0,0.0,25182.11,1817.89,0
24FTNPN2546V1ZL,2025-12,850000.0,0.0,153000.0,0.0,148196.97,4803.03,0
24FTNPN2546V1ZL,2026-01,1984849.51,0.0,357272.91,0.0,346752.82,10520.09,5
24FTNPN2546V1ZL,2026-02,200000.0,0.0,36000.0,0.0,34698.61,1301.39,0
24FTNPN2546V1ZL,2026-03,1057668.44,0.0,190380.32,171000.0,179038.83,11341.49,0
24XCLPJ8723W1ZZ,2025-08,523366.82,0.0,62804.01,0.0,59254.5,3549.51,0
24XCLPJ8723W1ZZ,2025-09,285969.84,0.0,34316.38,0.0,33717.72,598.66,7
24XCLPJ8723W1ZZ,2025-10,90000.0,0.0,10800.0,0.0,10673.15,126.85,0
24XCLPJ8723W1ZZ,2025-11,300000.0,0.0,36000.0,0.0,36000.0,0.0,0
24XCLPJ8723W1ZZ,2025-12,1079432.83,0.0,129531.94,117000.0,226414.79,0.0,0
24XCLPJ8723W1ZZ,2026-01,0.0,0.0,0.0,0.0,0.0,0.0,4
24XCLPJ8723W1ZZ,2026-02,76966.56,0.0,9235.99,0.0,9138.23,0.0,0
24XCLPJ8723W1ZZ,2026-03,1658015.33,0.0,198961.84,63000.0,189766.05,0.0,8
33DGJPJ0826V1ZS,2025-04,200000.0,0.0,36000.0,0.0,35579.17,420.83,32
33DGJPJ0826V1ZS,2025-05,273690.52,0.0,49264.29,0.0,48026.76,1237.53,7
33DGJPJ0826V1ZS,2025-06,0.0,0.0,0.0,0.0,0.0,0.0,10
33DGJPJ0826V1ZS,2025-07,283361.26,0.0,51005.03,0.0,49578.88,1426.15,6
33DGJPJ0826V1ZS,2025-08,88281.19,0.0,15890.61,0.0,14894.96,995.65,36
33DGJPJ0826V1ZS,2025-09,40000.0,0.0,7200.0,0.0,6702.37,497.63,22
33DGJPJ0826V1ZS,2025-10,409473.25,0.0,73705.19,0.0,69262.11,4443.08,6
33JNVPZ7405E1Z9,2025-04,0.0,0.0,0.0,0.0,0.0,0.0,16
33JNVPZ7405E1Z9,2025-05,328264.81,0.0,59087.67,0.0,55587.65,3500.02,8
33JNVPZ7405E1Z9,2025-06,0.0,0.0,0.0,0.0,0.0,0.0,36
33JNVPZ7405E1Z9,2025-07,468172.69,0.0,84271.08,0.0,83351.0,920.08,31
33JNVPZ7405E1Z9,2025-08,120000.0,0.0,21600.0,12517.03,21163.89,436.11,5
33JNVPZ7405E1Z9,2025-09,93400.33,0.0,16812.06,19750.01,19750.01,0.0,30
33JNVPZ7405E1Z9,2025-10,0.0,0.0,0.0,0.0,0.0,0.0,17
33KXOPK5629M1ZN,2025-04,0.0,0.0,0.0,0.0,0.0,0.0,0
33KXOPK5629M1ZN,2025-05,250000.0,0.0,12500.0,75951.96,75951.96,0.0,0
33KXOPK5629M1ZN,2025-06,0.0,0.0,0.0,0.0,0.0,0.0,0
33KXOPK5629M1ZN,2025-07,79975.42,0.0,3998.77,0.0,3731.67,0.0,0
33KXOPK5629M1ZN,2025-08,166334.93,0.0,8316.75,0.0,15890.61,0.0,5
33KXOPK5629M1ZN,2025-09,0.0,0.0,0.0,0.0,0.0,0.0,0
33KXOPK5629M1ZN,2025-10,378314.05,0.0,18915.7,0.0,18243.0,0.0,0
33UKMPW7874B1Z5,2025-04,90000.0,0.0,16200.0,0.0,15962.73,237.27,0
33UKMPW7874B1Z5,2025-05,130000.0,0.0,23400.0,19800.0,32400.0,0.0,0
33UKMPW7874B1Z5,2025-06,0.0,0.0,0.0,0.0,0.0,0.0,0
33UKMPW7874B1Z5,2025-07,290000.0,0.0,52200.0,0.0,48557.88,0.0,0
33UKMPW7874B1Z5,2025-08,69539.06,0.0,12517.03,0.0,12354.24,0.0,0
33UKMPW7874B1Z5,2025-09,69722.29,0.0,12550.01,0.0,12118.8,0.0,0
33UKMPW7874B1Z5,2025-10,381502.16,0.0,68670.39,8402.79,67446.43,0.0,0
33OXGPE6948I1ZX,2025-05,650000.0,0.0,78000.0,0.0,74626.83,3373.17,0
33OXGPE6948I1ZX,2025-06,0.0,0.0,0.0,0.0,0.0,0.0,0
33OXGPE6948I1ZX,2025-07,270000.0,0.0,32400.0,38604.26,38604.26,0.0,0
33OXGPE6948I1ZX,2025-08,890000.0,0.0,106800.0,63000.0,156004.14,0.0,0
33OXGPE6948I1ZX,2025-09,737197.41,0.0,88463.69,0.0,100635.99,0.0,0
33OXGPE6948I1ZX,2025-10,623623.88,0.0,74834.87,8142.61,71462.91,0.0,0
33WNYPH9908T1Z4,2025-05,928634.77,0.0,46431.74,99000.0,99000.0,0.0,24
33WNYPH9908T1Z4,2025-06,2132971.42,0.0,106648.57,0.0,99706.61,0.0,20
33WNYPH9908T1Z4,2025-07,893159.33,0.0,44657.97,99000.0,171000.0,0.0,29
33WNYPH9908T1Z4,2025-08,460000.0,0.0,23000.0,19200.0,60787.91,0.0,35
33WNYPH9908T1Z4,2025-09,600247.06,0.0,30012.35,7378.0,29089.15,0.0,34
33WNYPH9908T1Z4,2025-10,1099202.07,0.0,54960.1,38834.87,51447.67,0.0,25
33LCUPZ4020Z1ZZ,2025-05,1176254.45,0.0,211725.8,78000.0,208955.82,2769.98,37
33LCUPZ4020Z1ZZ,2025-06,1350000.0,0.0,243000.0,27802.25,239267.32,3732.68,23
33LCUPZ4020Z1ZZ,2025-07,1364468.11,0.0,245604.26,5500.0,240773.92,4830.34,8
33LCUPZ4020Z1ZZ,2025-08,1257733.62,0.0,226392.05,0.0,210736.98,15655.07,36
33LCUPZ4020Z1ZZ,2025-09,531126.29,0.0,95602.73,2376.36,91093.15,4509.58,36
33LCUPZ4020Z1ZZ,2025-10,347297.43,0.0,62513.54,0.0,60289.38,2224.16,44
