date,zone,consumption_m3
2024-01-01,Z1,2034.5
2024-01-02,Z1,1957.6
2024-01-03,Z1,1989.4
2024-01-04,Z1,2063.4
2024-01-05,Z1,1992.7
2024-01-06,Z1,2033.9
2024-01-07,Z1,2075.0
2024-01-08,Z1,1977.4
2024-01-09,Z1,2004.9
2024-01-10,Z1,1892.5
2024-01-11,Z1,2099.2
2024-01-12,Z1,2167.3
2024-01-13,Z1,2220.7
2024-01-14,Z1,2312.1
2024-01-15,Z1,2133.8
2024-01-16,Z1,2083.2
2024-01-17,Z1,2097.9
2024-01-18,Z1,2032.7
2024-01-19,Z1,2147.8
2024-01-20,Z1,2167.3
2024-01-21,Z1,2243.0
2024-01-22,Z1,2125.0
2024-01-23,Z1,2150.4
2024-01-24,Z1,2090.9
2024-01-25,Z1,2041.9
2024-01-26,Z1,2102.4
2024-01-27,Z1,2169.9
2024-01-28,Z1,2226.6
2024-01-29,Z1,2112.5
2024-01-30,Z1,2100.8
2024-01-31,Z1,2227.1
2024-02-01,Z1,2204.7
2024-02-02,Z1,2176.6
2024-02-03,Z1,2167.7
2024-02-04,Z1,2305.0
2024-02-05,Z1,2258.5
2024-02-06,Z1,2227.2
2024-02-07,Z1,2206.5
2024-02-08,Z1,2191.9
2024-02-09,Z1,2231.4
2024-02-10,Z1,2324.7
2024-02-11,Z1,2396.6
2024-02-12,Z1,2192.1
2024-02-13,Z1,2191.9
2024-02-14,Z1,2205.1
2024-02-15,Z1,2221.2
2024-02-16,Z1,2261.0
2024-02-17,Z1,2360.1
2024-02-18,Z1,2440.4
2024-02-19,Z1,2289.5
2024-02-20,Z1,2258.1
2024-02-21,Z1,2267.5
2024-02-22,Z1,2202.8
2024-02-23,Z1,2209.9
2024-02-24,Z1,2311.0
2024-02-25,Z1,2273.2
2024-02-26,Z1,2168.1
2024-02-27,Z1,2264.8
2024-02-28,Z1,2197.1
2024-02-29,Z1,2294.6
2024-03-01,Z1,2258.5
2024-03-02,Z1,2375.2
2024-03-03,Z1,2435.3
2024-03-04,Z1,2318.5
2024-03-05,Z1,2312.2
2024-03-06,Z1,2396.1
2024-03-07,Z1,2375.4
2024-03-08,Z1,2360.3
2024-03-09,Z1,2491.9
2024-03-10,Z1,2454.0
2024-03-11,Z1,2290.8
2024-03-12,Z1,2265.3
2024-03-13,Z1,2297.3
2024-03-14,Z1,2301.5
2024-03-15,Z1,2434.9
2024-03-16,Z1,2429.6
2024-03-17,Z1,2362.6
2024-03-18,Z1,2281.2
2024-03-19,Z1,2315.1
2024-03-20,Z1,2136.0
2024-03-21,Z1,2265.4
2024-03-22,Z1,2329.6
2024-03-23,Z1,2401.2
2024-03-24,Z1,2440.8
2024-03-25,Z1,2268.5
2024-03-26,Z1,2346.1
2024-03-27,Z1,2345.9
2024-03-28,Z1,2425.4
2024-03-29,Z1,2494.7
2024-03-30,Z1,2573.6
2024-03-31,Z1,2610.6
2024-04-01,Z1,2456.6
2024-04-02,Z1,2393.8
2024-04-03,Z1,2419.1
2024-04-04,Z1,2386.8
2024-04-05,Z1,2392.7
2024-04-06,Z1,2430.3
2024-04-07,Z1,2514.5
2024-04-08,Z1,2356.3
2024-04-09,Z1,2230.3
2024-04-10,Z1,2264.1
2024-04-11,Z1,2357.2
2024-04-12,Z1,2112.2
2024-04-13,Z1,2342.9
2024-04-14,Z1,2503.1
2024-04-15,Z1,2403.5
2024-04-16,Z1,2351.2
2024-04-17,Z1,2357.1
2024-04-18,Z1,2469.2
2024-04-19,Z1,2382.0
2024-04-20,Z1,2441.0
2024-04-21,Z1,2510.6
2024-04-22,Z1,2372.7
2024-04-23,Z1,2371.8
2024-04-24,Z1,2396.4
2024-04-25,Z1,2426.9
2024-04-26,Z1,2536.3
2024-04-27,Z1,2554.0
2024-04-28,Z1,2758.6
2024-04-29,Z1,2530.3
2024-04-30,Z1,2459.6
2024-05-01,Z1,2502.2
2024-05-02,Z1,2506.9
2024-05-03,Z1,2624.1
2024-05-04,Z1,2756.2
2024-05-05,Z1,2735.4
2024-05-06,Z1,2654.4
2024-05-07,Z1,2292.8
2024-05-08,Z1,2327.1
2024-05-09,Z1,2309.1
2024-05-10,Z1,2157.4
2024-05-11,Z1,2419.7
2024-05-12,Z1,2397.5
2024-05-13,Z1,2277.9
2024-05-14,Z1,2222.9
2024-05-15,Z1,2244.6
2024-05-16,Z1,2076.9
2024-05-17,Z1,2238.6
2024-05-18,Z1,2291.2
2024-05-19,Z1,2406.1
2024-05-20,Z1,2229.4
2024-05-21,Z1,2320.4
2024-05-22,Z1,2170.8
2024-05-23,Z1,2348.8
2024-05-24,Z1,2437.4
2024-05-25,Z1,2443.9
2024-05-26,Z1,2512.9
2024-05-27,Z1,2405.6
2024-05-28,Z1,2406.0
2024-05-29,Z1,2465.7
2024-05-30,Z1,2467.8
2024-05-31,Z1,2486.3
2024-06-01,Z1,2488.4
2024-06-02,Z1,2328.6
2024-06-03,Z1,2097.2
2024-06-04,Z1,2193.8
2024-06-05,Z1,2103.1
2024-06-06,Z1,2216.8
2024-06-07,Z1,2193.9
2024-06-08,Z1,2154.4
2024-06-09,Z1,2220.7
2024-06-10,Z1,1924.8
2024-06-11,Z1,2126.8
2024-06-12,Z1,2076.5
2024-06-13,Z1,2117.8
2024-06-14,Z1,2048.5
2024-06-15,Z1,2308.2
2024-06-16,Z1,2322.9
2024-06-17,Z1,2209.9
2024-06-18,Z1,2221.1
2024-06-19,Z1,2028.8
2024-06-20,Z1,2220.3
2024-06-21,Z1,2200.9
2024-06-22,Z1,2003.6
2024-06-23,Z1,2225.0
2024-06-24,Z1,2156.1
2024-06-25,Z1,2147.5
2024-06-26,Z1,2117.1
2024-06-27,Z1,1935.6
2024-06-28,Z1,2026.7
2024-06-29,Z1,2264.0
2024-06-30,Z1,2127.3
2024-07-01,Z1,2101.1
2024-07-02,Z1,2184.3
2024-07-03,Z1,2197.2
2024-07-04,Z1,2283.7
2024-07-05,Z1,2226.8
2024-07-06,Z1,2072.9
2024-07-07,Z1,2046.9
2024-07-08,Z1,2010.8
2024-07-09,Z1,2067.4
2024-07-10,Z1,2187.0
2024-07-11,Z1,2065.1
2024-07-12,Z1,2223.7
2024-07-13,Z1,2199.7
2024-07-14,Z1,1958.7
2024-07-15,Z1,2046.8
2024-07-16,Z1,1994.1
2024-07-17,Z1,2024.0
2024-07-18,Z1,1922.0
2024-07-19,Z1,1953.7
2024-07-20,Z1,1998.3
2024-07-21,Z1,2089.3
2024-07-22,Z1,1909.1
2024-07-23,Z1,1833.6
2024-07-24,Z1,1778.8
2024-07-25,Z1,1790.9
2024-07-26,Z1,1867.6
2024-07-27,Z1,1858.9
2024-07-28,Z1,2100.0
2024-07-29,Z1,2073.5
2024-07-30,Z1,2073.7
2024-07-31,Z1,2065.6
2024-08-01,Z1,2030.0
2024-08-02,Z1,1915.3
2024-08-03,Z1,2177.8
2024-08-04,Z1,2205.7
2024-08-05,Z1,2223.9
2024-08-06,Z1,2061.1
2024-08-07,Z1,1821.9
2024-08-08,Z1,2002.5
2024-08-09,Z1,2141.0
2024-08-10,Z1,2254.2
2024-08-11,Z1,2215.9
2024-08-12,Z1,1941.3
2024-08-13,Z1,2116.4
2024-08-14,Z1,2256.5
2024-08-15,Z1,2309.9
2024-08-16,Z1,2132.9
2024-08-17,Z1,2229.4
2024-08-18,Z1,2175.0
2024-08-19,Z1,1934.3
2024-08-20,Z1,2007.1
2024-08-21,Z1,2117.1
2024-08-22,Z1,2062.9
2024-08-23,Z1,2082.6
2024-08-24,Z1,1910.7
2024-08-25,Z1,1980.1
2024-08-26,Z1,2022.4
2024-08-27,Z1,2005.2
2024-08-28,Z1,1993.5
2024-08-29,Z1,2064.5
2024-08-30,Z1,1771.7
2024-08-31,Z1,1819.4
2024-09-01,Z1,1893.8
2024-09-02,Z1,1812.8
2024-09-03,Z1,1874.7
2024-09-04,Z1,1993.0
2024-09-05,Z1,2213.9
2024-09-06,Z1,2135.3
2024-09-07,Z1,1981.9
2024-09-08,Z1,2026.6
2024-09-09,Z1,1912.3
2024-09-10,Z1,2086.1
2024-09-11,Z1,2108.2
2024-09-12,Z1,2135.2
2024-09-13,Z1,2162.6
2024-09-14,Z1,2218.9
2024-09-15,Z1,2262.3
2024-09-16,Z1,2012.0
2024-09-17,Z1,2089.1
2024-09-18,Z1,2083.1
2024-09-19,Z1,2163.4
2024-09-20,Z1,2182.4
2024-09-21,Z1,2146.3
2024-09-22,Z1,2270.3
2024-09-23,Z1,2030.0
2024-09-24,Z1,2015.0
2024-09-25,Z1,1983.5
2024-09-26,Z1,1980.4
2024-09-27,Z1,2123.8
2024-09-28,Z1,2232.3
2024-09-29,Z1,2305.6
2024-09-30,Z1,2187.9
2024-10-01,Z1,2260.0
2024-10-02,Z1,2249.9
2024-10-03,Z1,2225.5
2024-10-04,Z1,2178.0
2024-10-05,Z1,2264.1
2024-10-06,Z1,2330.9
2024-10-07,Z1,2170.6
2024-10-08,Z1,2081.7
2024-10-09,Z1,2122.9
2024-10-10,Z1,2137.1
2024-10-11,Z1,2122.5
2024-10-12,Z1,2135.7
2024-10-13,Z1,2233.4
2024-10-14,Z1,2103.2
2024-10-15,Z1,1980.0
2024-10-16,Z1,2024.8
2024-10-17,Z1,2010.8
2024-10-18,Z1,2102.4
2024-10-19,Z1,2309.4
2024-10-20,Z1,2122.9
2024-10-21,Z1,2086.4
2024-10-22,Z1,2026.1
2024-10-23,Z1,2162.2
2024-10-24,Z1,2178.2
2024-10-25,Z1,2113.8
2024-10-26,Z1,2221.2
2024-10-27,Z1,2368.5
2024-10-28,Z1,2147.5
2024-10-29,Z1,2178.9
2024-10-30,Z1,2066.3
2024-10-31,Z1,1986.1
2024-11-01,Z1,2070.9
2024-11-02,Z1,2161.5
2024-11-03,Z1,2244.3
2024-11-04,Z1,2188.1
2024-11-05,Z1,2225.5
2024-11-06,Z1,2255.4
2024-11-07,Z1,2239.0
2024-11-08,Z1,2290.6
2024-11-09,Z1,2337.7
2024-11-10,Z1,2385.0
2024-11-11,Z1,2181.2
2024-11-12,Z1,2170.5
2024-11-13,Z1,2148.9
2024-11-14,Z1,2169.6
2024-11-15,Z1,2174.3
2024-11-16,Z1,2297.6
2024-11-17,Z1,2282.2
2024-11-18,Z1,2162.2
2024-11-19,Z1,2139.3
2024-11-20,Z1,2177.7
2024-11-21,Z1,2194.8
2024-11-22,Z1,2132.6
2024-11-23,Z1,2183.9
2024-11-24,Z1,2185.7
2024-11-25,Z1,2027.3
2024-11-26,Z1,2133.1
2024-11-27,Z1,2094.9
2024-11-28,Z1,2050.4
2024-11-29,Z1,2115.5
2024-11-30,Z1,2200.5
2024-12-01,Z1,2153.7
2024-12-02,Z1,1957.9
2024-12-03,Z1,1985.1
2024-12-04,Z1,2105.5
2024-12-05,Z1,1986.1
2024-12-06,Z1,2057.9
2024-12-07,Z1,2215.5
2024-12-08,Z1,2223.4
2024-12-09,Z1,2084.8
2024-12-10,Z1,2141.9
2024-12-11,Z1,2008.2
2024-12-12,Z1,2029.5
2024-12-13,Z1,2070.6
2024-12-14,Z1,2061.6
2024-12-15,Z1,2184.9
2024-12-16,Z1,2083.7
2024-12-17,Z1,2104.3
2024-12-18,Z1,2084.4
2024-12-19,Z1,2169.6
2024-12-20,Z1,2239.1
2024-12-21,Z1,2309.9
2024-12-22,Z1,2285.1
2024-12-23,Z1,2155.6
2024-12-24,Z1,2085.0
2024-12-25,Z1,2052.9
2024-12-26,Z1,1998.6
2024-12-27,Z1,2040.7
2024-12-28,Z1,2223.8
2024-12-29,Z1,2248.1
2024-12-30,Z1,2165.3
2024-12-31,Z1,2155.4
2025-01-01,Z1,2104.3
2025-01-02,Z1,2078.6
2025-01-03,Z1,2147.4
2025-01-04,Z1,2249.8
2025-01-05,Z1,2253.4
2025-01-06,Z1,2141.9
2025-01-07,Z1,2173.2
2025-01-08,Z1,2121.6
2025-01-09,Z1,2078.6
2025-01-10,Z1,2185.1
2025-01-11,Z1,2208.0
2025-01-12,Z1,2180.5
2025-01-13,Z1,2171.5
2025-01-14,Z1,2108.8
2025-01-15,Z1,2094.9
2025-01-16,Z1,2166.7
2025-01-17,Z1,2112.8
2025-01-18,Z1,2078.4
2025-01-19,Z1,2177.5
2025-01-20,Z1,2071.8
2025-01-21,Z1,2142.9
2025-01-22,Z1,2163.5
2025-01-23,Z1,2177.7
2025-01-24,Z1,2179.0
2025-01-25,Z1,2196.5
2025-01-26,Z1,2245.2
2025-01-27,Z1,2170.0
2025-01-28,Z1,2183.6
2025-01-29,Z1,2199.4
2025-01-30,Z1,2240.4
2025-01-31,Z1,2344.1
2025-02-01,Z1,2398.4
2025-02-02,Z1,2457.7
2025-02-03,Z1,2269.1
2025-02-04,Z1,2275.7
2025-02-05,Z1,2299.5
2025-02-06,Z1,2316.3
2025-02-07,Z1,2297.2
2025-02-08,Z1,2394.1
2025-02-09,Z1,2389.2
2025-02-10,Z1,2275.5
2025-02-11,Z1,2343.0
2025-02-12,Z1,2273.7
2025-02-13,Z1,2237.3
2025-02-14,Z1,2204.3
2025-02-15,Z1,2221.6
2025-02-16,Z1,2329.0
2025-02-17,Z1,2311.4
2025-02-18,Z1,2310.4
2025-02-19,Z1,2307.9
2025-02-20,Z1,2372.5
2025-02-21,Z1,2400.2
2025-02-22,Z1,2482.9
2025-02-23,Z1,2542.5
2025-02-24,Z1,2333.3
2025-02-25,Z1,2235.9
2025-02-26,Z1,2213.2
2025-02-27,Z1,2208.8
2025-02-28,Z1,2228.9
2025-03-01,Z1,2326.3
2025-03-02,Z1,2504.9
2025-03-03,Z1,2483.6
2025-03-04,Z1,2386.9
2025-03-05,Z1,2320.9
2025-03-06,Z1,2251.6
2025-03-07,Z1,2345.7
2025-03-08,Z1,2509.7
2025-03-09,Z1,2432.6
2025-03-10,Z1,2285.6
2025-03-11,Z1,2280.6
2025-03-12,Z1,2355.5
2025-03-13,Z1,2419.0
2025-03-14,Z1,2436.1
2025-03-15,Z1,2559.3
2025-03-16,Z1,2602.1
2025-03-17,Z1,2494.9
2025-03-18,Z1,2462.4
2025-03-19,Z1,2478.1
2025-03-20,Z1,2429.3
2025-03-21,Z1,2398.6
2025-03-22,Z1,2448.8
2025-03-23,Z1,2417.6
2025-03-24,Z1,2370.1
2025-03-25,Z1,2392.8
2025-03-26,Z1,2437.3
2025-03-27,Z1,2521.0
2025-03-28,Z1,2635.8
2025-03-29,Z1,2759.3
2025-03-30,Z1,2771.4
2025-03-31,Z1,2538.3
2025-04-01,Z1,2462.0
2025-04-02,Z1,2298.1
2025-04-03,Z1,2104.4
2025-04-04,Z1,2214.6
2025-04-05,Z1,2409.5
2025-04-06,Z1,2494.0
2025-04-07,Z1,2355.4
2025-04-08,Z1,2255.4
2025-04-09,Z1,2308.8
2025-04-10,Z1,2377.5
2025-04-11,Z1,2425.7
2025-04-12,Z1,2622.8
2025-04-13,Z1,2703.8
2025-04-14,Z1,2474.3
2025-04-15,Z1,2436.8
2025-04-16,Z1,2412.8
2025-04-17,Z1,2412.0
2025-04-18,Z1,2507.8
2025-04-19,Z1,2507.4
2025-04-20,Z1,2664.9
2025-04-21,Z1,2556.6
2025-04-22,Z1,2488.3
2025-04-23,Z1,2491.5
2025-04-24,Z1,2657.0
2025-04-25,Z1,2637.0
2025-04-26,Z1,2717.3
2025-04-27,Z1,2400.4
2025-04-28,Z1,2547.1
2025-04-29,Z1,2488.6
2025-04-30,Z1,2525.5
2025-05-01,Z1,2489.8
2025-05-02,Z1,2577.2
2025-05-03,Z1,2607.7
2025-05-04,Z1,2701.7
2025-05-05,Z1,2554.7
2025-05-06,Z1,2496.4
2025-05-07,Z1,2421.5
2025-05-08,Z1,2439.4
2025-05-09,Z1,2454.8
2025-05-10,Z1,2606.5
2025-05-11,Z1,2594.3
2025-05-12,Z1,2434.4
2025-05-13,Z1,2322.5
2025-05-14,Z1,2315.5
2025-05-15,Z1,2188.1
2025-05-16,Z1,2470.3
2025-05-17,Z1,2471.3
2025-05-18,Z1,2455.8
2025-05-19,Z1,2079.0
2025-05-20,Z1,2210.6
2025-05-21,Z1,2085.0
2025-05-22,Z1,2198.2
2025-05-23,Z1,2272.8
2025-05-24,Z1,2336.1
2025-05-25,Z1,2265.2
2025-05-26,Z1,2092.3
2025-05-27,Z1,2171.5
2025-05-28,Z1,2047.3
2025-05-29,Z1,2204.4
2025-05-30,Z1,2321.1
2025-05-31,Z1,2492.6
2025-06-01,Z1,2462.4
2025-06-02,Z1,2304.7
2025-06-03,Z1,2342.2
2025-06-04,Z1,2317.0
2025-06-05,Z1,2270.2
2025-06-06,Z1,2420.7
2025-06-07,Z1,2537.7
2025-06-08,Z1,2622.5
2025-06-09,Z1,2093.9
2025-06-10,Z1,2296.6
2025-06-11,Z1,2204.5
2025-06-12,Z1,2156.3
2025-06-13,Z1,2394.0
2025-06-14,Z1,2373.7
2025-06-15,Z1,2288.7
2025-06-16,Z1,2171.1
2025-06-17,Z1,2260.8
2025-06-18,Z1,2180.0
2025-06-19,Z1,2232.7
2025-06-20,Z1,2266.5
2025-06-21,Z1,2431.2
2025-06-22,Z1,2370.3
2025-06-23,Z1,2193.2
2025-06-24,Z1,1932.0
2025-06-25,Z1,1960.6
2025-06-26,Z1,2035.1
2025-06-27,Z1,2192.0
2025-06-28,Z1,2345.5
2025-06-29,Z1,2380.9
2025-06-30,Z1,2113.9
2025-07-01,Z1,1951.2
2025-07-02,Z1,2044.8
2025-07-03,Z1,2125.8
2025-07-04,Z1,2128.9
2025-07-05,Z1,2301.4
2025-07-06,Z1,2386.3
2025-07-07,Z1,2231.6
2025-07-08,Z1,2220.2
2025-07-09,Z1,2204.1
2025-07-10,Z1,2245.4
2025-07-11,Z1,2245.6
2025-07-12,Z1,2291.4
2025-07-13,Z1,2342.2
2025-07-14,Z1,2237.0
2025-07-15,Z1,2187.4
2025-07-16,Z1,2213.8
2025-07-17,Z1,2138.5
2025-07-18,Z1,2160.8
2025-07-19,Z1,2234.3
2025-07-20,Z1,2317.4
2025-07-21,Z1,2173.8
2025-07-22,Z1,2096.7
2025-07-23,Z1,2012.5
2025-07-24,Z1,1899.6
2025-07-25,Z1,1948.9
2025-07-26,Z1,1946.7
2025-07-27,Z1,2267.2
2025-07-28,Z1,2198.2
2025-07-29,Z1,2107.9
2025-07-30,Z1,2112.6
2025-07-31,Z1,2234.9
2025-08-01,Z1,2279.0
2025-08-02,Z1,2370.1
2025-08-03,Z1,2290.4
2025-08-04,Z1,2115.8
2025-08-05,Z1,2032.2
2025-08-06,Z1,2081.9
2025-08-07,Z1,2067.6
2025-08-08,Z1,2236.7
2025-08-09,Z1,2152.4
2025-08-10,Z1,2117.5
2025-08-11,Z1,2027.8
2025-08-12,Z1,2137.0
2025-08-13,Z1,1917.3
2025-08-14,Z1,2007.5
2025-08-15,Z1,2155.0
2025-08-16,Z1,2135.2
2025-08-17,Z1,2051.4
2025-08-18,Z1,1879.8
2025-08-19,Z1,1937.7
2025-08-20,Z1,2067.0
2025-08-21,Z1,2208.0
2025-08-22,Z1,2135.9
2025-08-23,Z1,2243.0
2025-08-24,Z1,2286.8
2025-08-25,Z1,2229.4
2025-08-26,Z1,1941.4
2025-08-27,Z1,1921.6
2025-08-28,Z1,1963.3
2025-08-29,Z1,2200.7
2025-08-30,Z1,2331.2
2025-08-31,Z1,2189.7
2025-09-01,Z1,2025.0
2025-09-02,Z1,1987.8
2025-09-03,Z1,2137.0
2025-09-04,Z1,2131.8
2025-09-05,Z1,2182.1
2025-09-06,Z1,2220.6
2025-09-07,Z1,2248.3
2025-09-08,Z1,2201.8
2025-09-09,Z1,2262.7
2025-09-10,Z1,2075.0
2025-09-11,Z1,2007.6
2025-09-12,Z1,2001.1
2025-09-13,Z1,2074.1
2025-09-14,Z1,2246.0
2025-09-15,Z1,2110.0
2025-09-16,Z1,2091.7
2025-09-17,Z1,2128.1
2025-09-18,Z1,2119.8
2025-09-19,Z1,2165.2
2025-09-20,Z1,2269.3
2025-09-21,Z1,2112.2
2025-09-22,Z1,2077.2
2025-09-23,Z1,2119.7
2025-09-24,Z1,2183.7
2025-09-25,Z1,1938.6
2025-09-26,Z1,1991.1
2025-09-27,Z1,1955.3
2025-09-28,Z1,2167.5
2025-09-29,Z1,2137.3
2025-09-30,Z1,2130.4
2025-10-01,Z1,2187.0
2025-10-02,Z1,2096.8
2025-10-03,Z1,2238.6
2025-10-04,Z1,2380.6
2025-10-05,Z1,2374.1
2025-10-06,Z1,2101.7
2025-10-07,Z1,2112.5
2025-10-08,Z1,2245.3
2025-10-09,Z1,2134.9
2025-10-10,Z1,2258.5
2025-10-11,Z1,2323.9
2025-10-12,Z1,2488.1
2025-10-13,Z1,2180.4
2025-10-14,Z1,2220.1
2025-10-15,Z1,2196.0
2025-10-16,Z1,2302.0
2025-10-17,Z1,2325.8
2025-10-18,Z1,2376.5
2025-10-19,Z1,2393.5
2025-10-20,Z1,2137.3
2025-10-21,Z1,2214.3
2025-10-22,Z1,2081.2
2025-10-23,Z1,2000.6
2025-10-24,Z1,1907.7
2025-10-25,Z1,2023.0
2025-10-26,Z1,2238.5
2025-10-27,Z1,2072.9
2025-10-28,Z1,1893.6
2025-10-29,Z1,1806.9
2025-10-30,Z1,2119.7
2025-10-31,Z1,2066.5
2025-11-01,Z1,2221.3
2025-11-02,Z1,2308.6
2025-11-03,Z1,2137.6
2025-11-04,Z1,2050.2
2025-11-05,Z1,2191.5
2025-11-06,Z1,2192.4
2025-11-07,Z1,2340.6
2025-11-08,Z1,2360.6
2025-11-09,Z1,2351.0
2025-11-10,Z1,2220.4
2025-11-11,Z1,2239.0
2025-11-12,Z1,2252.0
2025-11-13,Z1,2281.9
2025-11-14,Z1,2217.7
2025-11-15,Z1,2237.5
2025-11-16,Z1,2265.3
2025-11-17,Z1,2167.2
2025-11-18,Z1,2253.0
2025-11-19,Z1,2202.9
2025-11-20,Z1,2194.6
2025-11-21,Z1,2262.9
2025-11-22,Z1,2348.8
2025-11-23,Z1,2467.0
2025-11-24,Z1,2180.7
2025-11-25,Z1,2118.5
2025-11-26,Z1,2105.5
2025-11-27,Z1,2046.1
2025-11-28,Z1,2067.9
2025-11-29,Z1,2097.7
2025-11-30,Z1,2170.3
2025-12-01,Z1,2172.1
2025-12-02,Z1,2163.5
2025-12-03,Z1,2115.4
2025-12-04,Z1,2147.9
2025-12-05,Z1,2216.2
2025-12-06,Z1,2237.1
2025-12-07,Z1,2286.3
2025-12-08,Z1,2191.6
2025-12-09,Z1,2160.5
2025-12-10,Z1,2183.4
2025-12-11,Z1,2186.1
2025-12-12,Z1,2227.8
2025-12-13,Z1,2242.4
2025-12-14,Z1,2293.9
2025-12-15,Z1,2137.0
2025-12-16,Z1,2083.2
2025-12-17,Z1,2095.4
2025-12-18,Z1,2175.0
2025-12-19,Z1,2135.0
2025-12-20,Z1,2162.5
2025-12-21,Z1,2212.4
2025-12-22,Z1,2166.3
2025-12-23,Z1,2049.5
2025-12-24,Z1,2007.3
2025-12-25,Z1,2021.8
2025-12-26,Z1,2129.2
2025-12-27,Z1,2217.4
2025-12-28,Z1,2282.9
2025-12-29,Z1,2088.4
2025-12-30,Z1,2089.0
2025-12-31,Z1,2141.2
2026-01-01,Z1,2204.4
2026-01-02,Z1,2243.8
2026-01-03,Z1,2241.0
2026-01-04,Z1,2255.7
2026-01-05,Z1,2133.5
2026-01-06,Z1,2128.3
2026-01-07,Z1,2143.9
2026-01-08,Z1,2058.9
2026-01-09,Z1,1979.0
2026-01-10,Z1,2126.8
2026-01-11,Z1,2229.0
2026-01-12,Z1,2093.0
2026-01-13,Z1,2122.0
2026-01-14,Z1,2162.1
2026-01-15,Z1,2211.1
2026-01-16,Z1,2297.9
2026-01-17,Z1,2395.0
2026-01-18,Z1,2423.0
2026-01-19,Z1,2219.4
2026-01-20,Z1,2154.2
2026-01-21,Z1,2099.6
2026-01-22,Z1,2081.3
2026-01-23,Z1,2193.5
2026-01-24,Z1,2371.4
2026-01-25,Z1,2440.1
2026-01-26,Z1,2227.8
2026-01-27,Z1,2228.6
2026-01-28,Z1,2291.7
2026-01-29,Z1,2273.0
2026-01-30,Z1,2300.2
2026-01-31,Z1,2322.4
2026-02-01,Z1,2367.4
2026-02-02,Z1,2250.5
2026-02-03,Z1,2210.2
2026-02-04,Z1,2123.5
2026-02-05,Z1,2171.4
2026-02-06,Z1,2195.1
2026-02-07,Z1,2246.1
2026-02-08,Z1,2400.3
2026-02-09,Z1,2345.6
2026-02-10,Z1,2339.1
2026-02-11,Z1,2286.8
2026-02-12,Z1,2339.3
2026-02-13,Z1,2348.8
2026-02-14,Z1,2415.2
2026-02-15,Z1,2425.3
2026-02-16,Z1,2291.6
2026-02-17,Z1,2240.9
2026-02-18,Z1,2162.8
2026-02-19,Z1,2226.4
2026-02-20,Z1,2299.1
2026-02-21,Z1,2476.1
2026-02-22,Z1,2555.3
2026-02-23,Z1,2333.9
2026-02-24,Z1,2178.1
2026-02-25,Z1,2219.5
2026-02-26,Z1,2253.2
2026-02-27,Z1,2257.6
2026-02-28,Z1,2385.5
2026-03-01,Z1,2458.1
2026-03-02,Z1,2341.2
2026-03-03,Z1,2374.1
2026-03-04,Z1,2382.7
2026-03-05,Z1,2365.1
2026-03-06,Z1,2439.5
2026-03-07,Z1,2588.9
2026-03-08,Z1,2648.4
2026-03-09,Z1,2488.7
2026-03-10,Z1,2386.1
2026-03-11,Z1,2404.6
2026-03-12,Z1,2424.6
2026-03-13,Z1,2518.9
2026-03-14,Z1,2593.3
2026-03-15,Z1,2630.7
2026-03-16,Z1,2480.3
2026-03-17,Z1,2317.3
2026-03-18,Z1,2079.1
2026-03-19,Z1,2251.2
2026-03-20,Z1,2310.9
2026-03-21,Z1,2444.6
2026-03-22,Z1,2420.4
2026-03-23,Z1,2415.2
2026-03-24,Z1,2354.1
2026-03-25,Z1,2338.7
2026-03-26,Z1,2459.7
2026-03-27,Z1,2488.0
2026-03-28,Z1,2571.6
2026-03-29,Z1,2696.9
2026-03-30,Z1,2472.1
2026-03-31,Z1,2257.8
2026-04-01,Z1,2418.3
2026-04-02,Z1,2379.0
2026-04-03,Z1,2377.4
2026-04-04,Z1,2395.6
2026-04-05,Z1,2444.7
2026-04-06,Z1,2407.0
2026-04-07,Z1,2394.5
2026-04-08,Z1,2503.0
2026-04-09,Z1,2422.9
2026-04-10,Z1,2526.8
2026-04-11,Z1,2742.1
2026-04-12,Z1,2736.9
2026-04-13,Z1,2538.0
2026-04-14,Z1,2530.7
2026-04-15,Z1,2519.0
2026-04-16,Z1,2551.4
2026-04-17,Z1,2715.3
2026-04-18,Z1,2852.4
2026-04-19,Z1,2814.8
2026-04-20,Z1,2675.1
2026-04-21,Z1,2580.6
2026-04-22,Z1,2686.3
2026-04-23,Z1,2638.4
2026-04-24,Z1,2659.7
2026-04-25,Z1,2758.1
2026-04-26,Z1,2926.6
2026-04-27,Z1,2791.0
2026-04-28,Z1,2679.6
2026-04-29,Z1,2707.8
2026-04-30,Z1,2665.6
2026-05-01,Z1,2615.6
2026-05-02,Z1,2782.9
2026-05-03,Z1,2816.8
2026-05-04,Z1,2660.6
2026-05-05,Z1,2599.1
2026-05-06,Z1,2509.9
2026-05-07,Z1,2516.6
2026-05-08,Z1,2427.6
2026-05-09,Z1,2553.9
2026-05-10,Z1,2626.0
2026-05-11,Z1,2450.9
2026-05-12,Z1,2428.8
2026-05-13,Z1,2475.9
2026-05-14,Z1,2500.5
2026-05-15,Z1,2607.3
2026-05-16,Z1,2617.1
2026-05-17,Z1,2635.2
2026-05-18,Z1,2481.6
2026-05-19,Z1,2530.3
2026-05-20,Z1,2582.7
2026-05-21,Z1,2630.2
2026-05-22,Z1,2578.6
2026-05-23,Z1,2665.0
2026-05-24,Z1,2656.0
2026-05-25,Z1,2399.4
2026-05-26,Z1,2388.9
2026-05-27,Z1,2264.3
2026-05-28,Z1,2485.3
2026-05-29,Z1,2554.8
2026-05-30,Z1,2661.0
2026-05-31,Z1,2700.0
2026-06-01,Z1,2488.8
2026-06-02,Z1,2401.6
2026-06-03,Z1,2343.0
2026-06-04,Z1,2429.0
2026-06-05,Z1,2475.2
2026-06-06,Z1,2469.5
2026-06-07,Z1,2501.7
2026-06-08,Z1,2205.0
2026-06-09,Z1,2211.7
2026-06-10,Z1,2308.6
2026-06-11,Z1,2387.0
2026-06-12,Z1,2427.7
2026-06-13,Z1,2412.5
2026-06-14,Z1,2559.4
2026-06-15,Z1,2427.8
2026-06-16,Z1,2420.5
2026-06-17,Z1,2483.8
2026-06-18,Z1,2417.7
2026-06-19,Z1,2477.1
2026-06-20,Z1,2637.3
2026-06-21,Z1,2482.9
2026-06-22,Z1,2474.1
2026-06-23,Z1,2307.5
2026-06-24,Z1,2384.8
2026-06-25,Z1,2322.4
2026-06-26,Z1,2295.4
2026-06-27,Z1,2247.4
2026-06-28,Z1,2326.9
2026-06-29,Z1,2193.0
2026-06-30,Z1,2207.4
2026-07-01,Z1,2180.2
2026-07-02,Z1,2115.6
2026-07-03,Z1,2167.7
2026-07-04,Z1,2097.7
2026-07-05,Z1,2363.8
2026-07-06,Z1,2385.5
2026-07-07,Z1,2400.8
2026-07-08,Z1,2332.9
2026-07-09,Z1,2319.6
2026-07-10,Z1,2368.2
2026-07-11,Z1,2478.8
2026-07-12,Z1,2519.2
2026-07-13,Z1,2401.0
2026-07-14,Z1,2438.8
2026-07-15,Z1,2400.9
2026-07-16,Z1,2414.3
2026-07-17,Z1,2153.5
2026-07-18,Z1,2213.3
2026-07-19,Z1,2421.1
2026-07-20,Z1,2231.5
2026-07-21,Z1,2055.4
2026-07-22,Z1,2077.5
2026-07-23,Z1,2286.7
2026-07-24,Z1,2343.6
2026-07-25,Z1,2360.5
2026-07-26,Z1,2327.8
2026-07-27,Z1,2144.0
2026-07-28,Z1,2221.7
2026-07-29,Z1,1993.5
2026-07-30,Z1,2010.8
2026-07-31,Z1,2306.2
2026-08-01,Z1,2451.4
2026-08-02,Z1,2499.9
2026-08-03,Z1,2299.2
2026-08-04,Z1,2123.2
2026-08-05,Z1,2101.4
2026-08-06,Z1,2195.0
2026-08-07,Z1,2055.2
2026-08-08,Z1,2136.4
2026-08-09,Z1,2340.0
2026-08-10,Z1,2257.0
2026-08-11,Z1,2192.9
2026-08-12,Z1,2112.6
2026-08-13,Z1,2297.5
2026-08-14,Z1,2260.1
2026-08-15,Z1,2471.0
2026-08-16,Z1,2406.7
2026-08-17,Z1,2335.5
2026-08-18,Z1,2391.6
2026-08-19,Z1,2260.7
2026-08-20,Z1,2286.0
2026-08-21,Z1,2343.5
2026-08-22,Z1,2437.3
2026-08-23,Z1,2153.4
2026-08-24,Z1,2104.6
2026-08-25,Z1,2131.2
2026-08-26,Z1,2268.4
2026-08-27,Z1,2268.3
2026-08-28,Z1,2316.9
2026-08-29,Z1,2371.2
2026-08-30,Z1,2308.3
2026-08-31,Z1,2237.1
2026-09-01,Z1,2235.2
2026-09-02,Z1,2259.8
2026-09-03,Z1,2234.3
2026-09-04,Z1,2345.2
2026-09-05,Z1,2338.8
2026-09-06,Z1,2419.1
2026-09-07,Z1,2234.8
2026-09-08,Z1,2294.2
2026-09-09,Z1,2300.2
2026-09-10,Z1,2328.2
2026-09-11,Z1,2348.3
2026-09-12,Z1,2391.9
2026-09-13,Z1,2303.7
2026-09-14,Z1,2099.6
2026-09-15,Z1,2304.1
2026-09-16,Z1,2354.1
2026-09-17,Z1,2426.8
2026-09-18,Z1,2364.3
2026-09-19,Z1,2590.2
2026-09-20,Z1,2580.0
2026-09-21,Z1,2391.1
2026-09-22,Z1,2367.0
2026-09-23,Z1,2258.7
2026-09-24,Z1,2188.7
2026-09-25,Z1,2363.4
2026-09-26,Z1,2454.4
2026-09-27,Z1,2535.8
2024-01-01,Z2,2160.0
2024-01-02,Z2,2116.0
2024-01-03,Z2,2144.7
2024-01-04,Z2,2192.4
2024-01-05,Z2,2222.2
2024-01-06,Z2,2324.0
2024-01-07,Z2,2294.1
2024-01-08,Z2,2209.9
2024-01-09,Z2,2231.0
2024-01-10,Z2,2058.8
2024-01-11,Z2,2315.3
2024-01-12,Z2,2324.3
2024-01-13,Z2,2320.4
2024-01-14,Z2,2361.3
2024-01-15,Z2,2170.1
2024-01-16,Z2,2213.2
2024-01-17,Z2,2223.1
2024-01-18,Z2,2194.8
2024-01-19,Z2,2318.1
2024-01-20,Z2,2357.8
2024-01-21,Z2,2464.7
2024-01-22,Z2,2375.5
2024-01-23,Z2,2351.5
2024-01-24,Z2,2197.9
2024-01-25,Z2,2171.1
2024-01-26,Z2,2182.4
2024-01-27,Z2,2271.2
2024-01-28,Z2,2349.3
2024-01-29,Z2,2280.5
2024-01-30,Z2,2303.6
2024-01-31,Z2,2358.4
2024-02-01,Z2,2357.2
2024-02-02,Z2,2385.3
2024-02-03,Z2,2377.5
2024-02-04,Z2,2497.7
2024-02-05,Z2,2451.8
2024-02-06,Z2,2406.0
2024-02-07,Z2,2469.0
2024-02-08,Z2,2495.8
2024-02-09,Z2,2425.6
2024-02-10,Z2,2541.7
2024-02-11,Z2,2627.8
2024-02-12,Z2,2430.2
2024-02-13,Z2,2373.3
2024-02-14,Z2,2354.7
2024-02-15,Z2,2359.6
2024-02-16,Z2,2413.4
2024-02-17,Z2,2492.1
2024-02-18,Z2,2604.5
2024-02-19,Z2,2410.0
2024-02-20,Z2,2392.1
2024-02-21,Z2,2410.4
2024-02-22,Z2,2537.6
2024-02-23,Z2,2445.3
2024-02-24,Z2,2639.2
2024-02-25,Z2,2581.3
2024-02-26,Z2,2454.3
2024-02-27,Z2,2470.0
2024-02-28,Z2,2453.9
2024-02-29,Z2,2493.8
2024-03-01,Z2,2606.5
2024-03-02,Z2,2684.6
2024-03-03,Z2,2765.9
2024-03-04,Z2,2539.4
2024-03-05,Z2,2498.1
2024-03-06,Z2,2525.0
2024-03-07,Z2,2582.0
2024-03-08,Z2,2664.8
2024-03-09,Z2,2738.7
2024-03-10,Z2,2690.4
2024-03-11,Z2,2522.5
2024-03-12,Z2,2536.3
2024-03-13,Z2,2526.1
2024-03-14,Z2,2459.2
2024-03-15,Z2,2644.6
2024-03-16,Z2,2673.0
2024-03-17,Z2,2746.8
2024-03-18,Z2,2555.6
2024-03-19,Z2,2609.6
2024-03-20,Z2,2387.6
2024-03-21,Z2,2489.4
2024-03-22,Z2,2614.4
2024-03-23,Z2,2692.4
2024-03-24,Z2,2737.9
2024-03-25,Z2,2560.2
2024-03-26,Z2,2535.5
2024-03-27,Z2,2504.1
2024-03-28,Z2,2657.1
2024-03-29,Z2,2704.5
2024-03-30,Z2,2756.0
2024-03-31,Z2,2792.6
2024-04-01,Z2,2703.5
2024-04-02,Z2,2663.4
2024-04-03,Z2,2656.0
2024-04-04,Z2,2769.2
2024-04-05,Z2,2875.2
2024-04-06,Z2,2916.8
2024-04-07,Z2,3027.0
2024-04-08,Z2,2770.5
2024-04-09,Z2,2639.3
2024-04-10,Z2,2648.5
2024-04-11,Z2,2653.2
2024-04-12,Z2,2373.1
2024-04-13,Z2,2525.3
2024-04-14,Z2,2810.7
2024-04-15,Z2,2625.8
2024-04-16,Z2,2584.9
2024-04-17,Z2,2672.0
2024-04-18,Z2,2770.0
2024-04-19,Z2,2808.5
2024-04-20,Z2,2759.9
2024-04-21,Z2,2739.9
2024-04-22,Z2,2615.0
2024-04-23,Z2,2695.9
2024-04-24,Z2,2690.8
2024-04-25,Z2,2789.2
2024-04-26,Z2,2843.4
2024-04-27,Z2,2857.6
2024-04-28,Z2,2937.9
2024-04-29,Z2,2766.4
2024-04-30,Z2,2751.9
2024-05-01,Z2,2741.6
2024-05-02,Z2,2731.2
2024-05-03,Z2,2800.1
2024-05-04,Z2,2929.4
2024-05-05,Z2,3025.3
2024-05-06,Z2,2858.9
2024-05-07,Z2,2516.2
2024-05-08,Z2,2491.7
2024-05-09,Z2,2498.9
2024-05-10,Z2,2349.4
2024-05-11,Z2,2687.2
2024-05-12,Z2,2682.6
2024-05-13,Z2,2528.8
2024-05-14,Z2,2581.8
2024-05-15,Z2,2603.8
2024-05-16,Z2,2332.7
2024-05-17,Z2,2444.4
2024-05-18,Z2,2418.0
2024-05-19,Z2,2523.7
2024-05-20,Z2,2262.0
2024-05-21,Z2,2384.8
2024-05-22,Z2,2359.0
2024-05-23,Z2,2555.3
2024-05-24,Z2,2746.4
2024-05-25,Z2,2768.0
2024-05-26,Z2,2828.1
2024-05-27,Z2,2742.0
2024-05-28,Z2,2699.0
2024-05-29,Z2,2752.9
2024-05-30,Z2,2796.3
2024-05-31,Z2,2858.3
2024-06-01,Z2,2873.6
2024-06-02,Z2,2690.0
2024-06-03,Z2,2369.1
2024-06-04,Z2,2370.0
2024-06-05,Z2,2333.4
2024-06-06,Z2,2305.1
2024-06-07,Z2,2280.5
2024-06-08,Z2,2279.3
2024-06-09,Z2,2402.2
2024-06-10,Z2,2098.8
2024-06-11,Z2,2174.5
2024-06-12,Z2,2170.0
2024-06-13,Z2,2186.0
2024-06-14,Z2,2290.3
2024-06-15,Z2,2596.7
2024-06-16,Z2,2543.3
2024-06-17,Z2,2411.3
2024-06-18,Z2,2376.9
2024-06-19,Z2,2129.0
2024-06-20,Z2,2348.2
2024-06-21,Z2,2334.1
2024-06-22,Z2,2181.3
2024-06-23,Z2,2418.0
2024-06-24,Z2,2304.7
2024-06-25,Z2,2259.6
2024-06-26,Z2,2266.4
2024-06-27,Z2,2089.7
2024-06-28,Z2,2133.0
2024-06-29,Z2,2398.7
2024-06-30,Z2,2229.0
2024-07-01,Z2,2275.0
2024-07-02,Z2,2329.4
2024-07-03,Z2,2285.9
2024-07-04,Z2,2344.1
2024-07-05,Z2,2346.5
2024-07-06,Z2,2281.4
2024-07-07,Z2,2288.5
2024-07-08,Z2,2215.9
2024-07-09,Z2,2236.7
2024-07-10,Z2,2374.8
2024-07-11,Z2,2290.2
2024-07-12,Z2,2467.3
2024-07-13,Z2,2553.9
2024-07-14,Z2,2185.0
2024-07-15,Z2,2203.5
2024-07-16,Z2,2230.2
2024-07-17,Z2,2191.0
2024-07-18,Z2,2033.2
2024-07-19,Z2,2053.8
2024-07-20,Z2,2080.5
2024-07-21,Z2,2206.4
2024-07-22,Z2,1980.3
2024-07-23,Z2,1982.8
2024-07-24,Z2,1889.7
2024-07-25,Z2,1910.8
2024-07-26,Z2,2141.1
2024-07-27,Z2,2118.1
2024-07-28,Z2,2407.4
2024-07-29,Z2,2269.1
2024-07-30,Z2,2312.4
2024-07-31,Z2,2247.7
2024-08-01,Z2,2117.2
2024-08-02,Z2,1982.9
2024-08-03,Z2,2181.5
2024-08-04,Z2,2167.3
2024-08-05,Z2,2177.2
2024-08-06,Z2,2159.0
2024-08-07,Z2,1940.6
2024-08-08,Z2,2219.5
2024-08-09,Z2,2365.8
2024-08-10,Z2,2501.7
2024-08-11,Z2,2443.9
2024-08-12,Z2,2138.7
2024-08-13,Z2,2346.8
2024-08-14,Z2,2352.9
2024-08-15,Z2,2396.7
2024-08-16,Z2,2313.4
2024-08-17,Z2,2407.3
2024-08-18,Z2,2373.7
2024-08-19,Z2,2076.6
2024-08-20,Z2,2159.4
2024-08-21,Z2,2257.1
2024-08-22,Z2,2210.8
2024-08-23,Z2,2264.8
2024-08-24,Z2,2176.0
2024-08-25,Z2,2237.4
2024-08-26,Z2,2363.3
2024-08-27,Z2,2351.3
2024-08-28,Z2,2262.1
2024-08-29,Z2,2374.1
2024-08-30,Z2,2017.5
2024-08-31,Z2,2120.6
2024-09-01,Z2,2047.4
2024-09-02,Z2,1993.2
2024-09-03,Z2,2028.5
2024-09-04,Z2,2081.4
2024-09-05,Z2,2172.6
2024-09-06,Z2,2264.7
2024-09-07,Z2,2181.6
2024-09-08,Z2,2167.9
2024-09-09,Z2,1994.9
2024-09-10,Z2,2233.4
2024-09-11,Z2,2254.1
2024-09-12,Z2,2293.8
2024-09-13,Z2,2312.1
2024-09-14,Z2,2479.2
2024-09-15,Z2,2484.4
2024-09-16,Z2,2287.9
2024-09-17,Z2,2352.9
2024-09-18,Z2,2355.4
2024-09-19,Z2,2382.2
2024-09-20,Z2,2415.9
2024-09-21,Z2,2328.9
2024-09-22,Z2,2382.6
2024-09-23,Z2,2178.7
2024-09-24,Z2,2184.4
2024-09-25,Z2,2169.3
2024-09-26,Z2,2213.2
2024-09-27,Z2,2440.8
2024-09-28,Z2,2480.0
2024-09-29,Z2,2565.4
2024-09-30,Z2,2296.0
2024-10-01,Z2,2346.8
2024-10-02,Z2,2342.2
2024-10-03,Z2,2461.1
2024-10-04,Z2,2455.6
2024-10-05,Z2,2452.7
2024-10-06,Z2,2572.7
2024-10-07,Z2,2268.4
2024-10-08,Z2,2195.8
2024-10-09,Z2,2263.9
2024-10-10,Z2,2276.2
2024-10-11,Z2,2336.6
2024-10-12,Z2,2301.5
2024-10-13,Z2,2402.7
2024-10-14,Z2,2346.6
2024-10-15,Z2,2231.2
2024-10-16,Z2,2259.0
2024-10-17,Z2,2210.1
2024-10-18,Z2,2275.2
2024-10-19,Z2,2350.1
2024-10-20,Z2,2331.4
2024-10-21,Z2,2326.8
2024-10-22,Z2,2165.0
2024-10-23,Z2,2289.6
2024-10-24,Z2,2298.8
2024-10-25,Z2,2288.8
2024-10-26,Z2,2397.6
2024-10-27,Z2,2392.9
2024-10-28,Z2,2323.6
2024-10-29,Z2,2358.8
2024-10-30,Z2,2243.2
2024-10-31,Z2,2056.9
2024-11-01,Z2,2192.4
2024-11-02,Z2,2376.2
2024-11-03,Z2,2273.6
2024-11-04,Z2,2244.9
2024-11-05,Z2,2217.8
2024-11-06,Z2,2315.6
2024-11-07,Z2,2303.3
2024-11-08,Z2,2352.7
2024-11-09,Z2,2461.7
2024-11-10,Z2,2589.2
2024-11-11,Z2,2370.0
2024-11-12,Z2,2373.2
2024-11-13,Z2,2312.6
2024-11-14,Z2,2349.7
2024-11-15,Z2,2380.8
2024-11-16,Z2,2449.1
2024-11-17,Z2,2455.0
2024-11-18,Z2,2217.7
2024-11-19,Z2,2221.6
2024-11-20,Z2,2266.1
2024-11-21,Z2,2303.6
2024-11-22,Z2,2265.7
2024-11-23,Z2,2335.0
2024-11-24,Z2,2432.7
2024-11-25,Z2,2173.2
2024-11-26,Z2,2195.1
2024-11-27,Z2,2205.9
2024-11-28,Z2,2217.3
2024-11-29,Z2,2356.8
2024-11-30,Z2,2505.2
2024-12-01,Z2,2474.8
2024-12-02,Z2,2246.1
2024-12-03,Z2,2317.5
2024-12-04,Z2,2331.7
2024-12-05,Z2,2122.4
2024-12-06,Z2,2329.3
2024-12-07,Z2,2475.4
2024-12-08,Z2,2424.3
2024-12-09,Z2,2205.0
2024-12-10,Z2,2317.1
2024-12-11,Z2,2263.6
2024-12-12,Z2,2245.2
2024-12-13,Z2,2279.8
2024-12-14,Z2,2312.4
2024-12-15,Z2,2338.6
2024-12-16,Z2,2247.4
2024-12-17,Z2,2187.8
2024-12-18,Z2,2240.6
2024-12-19,Z2,2389.1
2024-12-20,Z2,2427.4
2024-12-21,Z2,2481.2
2024-12-22,Z2,2426.4
2024-12-23,Z2,2279.9
2024-12-24,Z2,2250.8
2024-12-25,Z2,2206.4
2024-12-26,Z2,2186.5
2024-12-27,Z2,2137.7
2024-12-28,Z2,2359.9
2024-12-29,Z2,2438.9
2024-12-30,Z2,2375.4
2024-12-31,Z2,2241.9
2025-01-01,Z2,2309.1
2025-01-02,Z2,2353.0
2025-01-03,Z2,2423.6
2025-01-04,Z2,2396.0
2025-01-05,Z2,2449.4
2025-01-06,Z2,2283.7
2025-01-07,Z2,2234.6
2025-01-08,Z2,2187.6
2025-01-09,Z2,2169.7
2025-01-10,Z2,2243.5
2025-01-11,Z2,2328.9
2025-01-12,Z2,2423.7
2025-01-13,Z2,2386.2
2025-01-14,Z2,2373.2
2025-01-15,Z2,2199.5
2025-01-16,Z2,2237.7
2025-01-17,Z2,2282.9
2025-01-18,Z2,2219.8
2025-01-19,Z2,2423.4
2025-01-20,Z2,2370.1
2025-01-21,Z2,2339.4
2025-01-22,Z2,2348.8
2025-01-23,Z2,2312.6
2025-01-24,Z2,2371.2
2025-01-25,Z2,2566.2
2025-01-26,Z2,2517.0
2025-01-27,Z2,2449.1
2025-01-28,Z2,2327.8
2025-01-29,Z2,2412.7
2025-01-30,Z2,2472.3
2025-01-31,Z2,2537.1
2025-02-01,Z2,2620.2
2025-02-02,Z2,2592.5
2025-02-03,Z2,2509.9
2025-02-04,Z2,2501.6
2025-02-05,Z2,2505.5
2025-02-06,Z2,2464.6
2025-02-07,Z2,2459.6
2025-02-08,Z2,2592.4
2025-02-09,Z2,2616.6
2025-02-10,Z2,2525.3
2025-02-11,Z2,2551.3
2025-02-12,Z2,2599.1
2025-02-13,Z2,2552.8
2025-02-14,Z2,2640.6
2025-02-15,Z2,2607.8
2025-02-16,Z2,2753.5
2025-02-17,Z2,2679.2
2025-02-18,Z2,2594.6
2025-02-19,Z2,2656.7
2025-02-20,Z2,2671.4
2025-02-21,Z2,2650.5
2025-02-22,Z2,2740.5
2025-02-23,Z2,2717.7
2025-02-24,Z2,2499.1
2025-02-25,Z2,2464.3
2025-02-26,Z2,2517.1
2025-02-27,Z2,2549.7
2025-02-28,Z2,2517.0
2025-03-01,Z2,2649.1
2025-03-02,Z2,2818.8
2025-03-03,Z2,2718.6
2025-03-04,Z2,2718.6
2025-03-05,Z2,2565.2
2025-03-06,Z2,2479.0
2025-03-07,Z2,2516.1
2025-03-08,Z2,2649.5
2025-03-09,Z2,2705.7
2025-03-10,Z2,2472.1
2025-03-11,Z2,2488.3
2025-03-12,Z2,2467.8
2025-03-13,Z2,2581.0
2025-03-14,Z2,2720.4
2025-03-15,Z2,2785.6
2025-03-16,Z2,2873.2
2025-03-17,Z2,2668.0
2025-03-18,Z2,2714.9
2025-03-19,Z2,2656.3
2025-03-20,Z2,2656.2
2025-03-21,Z2,2812.6
2025-03-22,Z2,2808.0
2025-03-23,Z2,2716.5
2025-03-24,Z2,2558.5
2025-03-25,Z2,2569.2
2025-03-26,Z2,2676.5
2025-03-27,Z2,2752.6
2025-03-28,Z2,2772.0
2025-03-29,Z2,2926.4
2025-03-30,Z2,2975.6
2025-03-31,Z2,2854.1
2025-04-01,Z2,2690.2
2025-04-02,Z2,2623.0
2025-04-03,Z2,2350.6
2025-04-04,Z2,2492.0
2025-04-05,Z2,2636.2
2025-04-06,Z2,2735.4
2025-04-07,Z2,2688.4
2025-04-08,Z2,2680.2
2025-04-09,Z2,2720.9
2025-04-10,Z2,2686.4
2025-04-11,Z2,2658.6
2025-04-12,Z2,2708.2
2025-04-13,Z2,2717.0
2025-04-14,Z2,2628.9
2025-04-15,Z2,2660.6
2025-04-16,Z2,2660.1
2025-04-17,Z2,2559.7
2025-04-18,Z2,2686.1
2025-04-19,Z2,2669.4
2025-04-20,Z2,3012.1
2025-04-21,Z2,2734.1
2025-04-22,Z2,2732.2
2025-04-23,Z2,2824.3
2025-04-24,Z2,2870.0
2025-04-25,Z2,2888.3
2025-04-26,Z2,2912.9
2025-04-27,Z2,2591.6
2025-04-28,Z2,2792.2
2025-04-29,Z2,2695.3
2025-04-30,Z2,2811.0
2025-05-01,Z2,2729.6
2025-05-02,Z2,2829.6
2025-05-03,Z2,2922.2
2025-05-04,Z2,2939.2
2025-05-05,Z2,2736.0
2025-05-06,Z2,2652.8
2025-05-07,Z2,2568.2
2025-05-08,Z2,2582.9
2025-05-09,Z2,2599.5
2025-05-10,Z2,2774.9
2025-05-11,Z2,2836.6
2025-05-12,Z2,2718.7
2025-05-13,Z2,2616.3
2025-05-14,Z2,2630.5
2025-05-15,Z2,2352.5
2025-05-16,Z2,2704.8
2025-05-17,Z2,2757.5
2025-05-18,Z2,2788.1
2025-05-19,Z2,2479.0
2025-05-20,Z2,2477.5
2025-05-21,Z2,2196.6
2025-05-22,Z2,2414.8
2025-05-23,Z2,2522.2
2025-05-24,Z2,2553.9
2025-05-25,Z2,2565.5
2025-05-26,Z2,2374.1
2025-05-27,Z2,2338.7
2025-05-28,Z2,2138.0
2025-05-29,Z2,2325.6
2025-05-30,Z2,2438.7
2025-05-31,Z2,2697.7
2025-06-01,Z2,2691.8
2025-06-02,Z2,2388.1
2025-06-03,Z2,2351.3
2025-06-04,Z2,2327.1
2025-06-05,Z2,2385.9
2025-06-06,Z2,2520.1
2025-06-07,Z2,2691.3
2025-06-08,Z2,2803.7
2025-06-09,Z2,2300.4
2025-06-10,Z2,2452.7
2025-06-11,Z2,2271.4
2025-06-12,Z2,2289.8
2025-06-13,Z2,2528.4
2025-06-14,Z2,2566.8
2025-06-15,Z2,2566.9
2025-06-16,Z2,2372.8
2025-06-17,Z2,2542.4
2025-06-18,Z2,2448.1
2025-06-19,Z2,2482.6
2025-06-20,Z2,2449.1
2025-06-21,Z2,2543.3
2025-06-22,Z2,2711.3
2025-06-23,Z2,2481.8
2025-06-24,Z2,2246.2
2025-06-25,Z2,2258.9
2025-06-26,Z2,2278.6
2025-06-27,Z2,2494.6
2025-06-28,Z2,2630.9
2025-06-29,Z2,2564.7
2025-06-30,Z2,2241.1
2025-07-01,Z2,2139.3
2025-07-02,Z2,2216.8
2025-07-03,Z2,2211.1
2025-07-04,Z2,2214.7
2025-07-05,Z2,2386.9
2025-07-06,Z2,2496.1
2025-07-07,Z2,2223.0
2025-07-08,Z2,2269.1
2025-07-09,Z2,2290.7
2025-07-10,Z2,2449.8
2025-07-11,Z2,2533.0
2025-07-12,Z2,2605.0
2025-07-13,Z2,2643.2
2025-07-14,Z2,2501.2
2025-07-15,Z2,2367.3
2025-07-16,Z2,2354.6
2025-07-17,Z2,2286.7
2025-07-18,Z2,2263.2
2025-07-19,Z2,2292.3
2025-07-20,Z2,2444.7
2025-07-21,Z2,2382.5
2025-07-22,Z2,2197.9
2025-07-23,Z2,2126.3
2025-07-24,Z2,2062.6
2025-07-25,Z2,2129.3
2025-07-26,Z2,2095.2
2025-07-27,Z2,2439.4
2025-07-28,Z2,2313.6
2025-07-29,Z2,2308.1
2025-07-30,Z2,2287.5
2025-07-31,Z2,2277.4
2025-08-01,Z2,2412.7
2025-08-02,Z2,2577.1
2025-08-03,Z2,2596.0
2025-08-04,Z2,2436.2
2025-08-05,Z2,2265.0
2025-08-06,Z2,2345.9
2025-08-07,Z2,2196.1
2025-08-08,Z2,2212.6
2025-08-09,Z2,2290.9
2025-08-10,Z2,2264.7
2025-08-11,Z2,2153.3
2025-08-12,Z2,2166.6
2025-08-13,Z2,1978.1
2025-08-14,Z2,2097.7
2025-08-15,Z2,2181.8
2025-08-16,Z2,2298.6
2025-08-17,Z2,2280.6
2025-08-18,Z2,2088.7
2025-08-19,Z2,2161.6
2025-08-20,Z2,2309.0
2025-08-21,Z2,2388.3
2025-08-22,Z2,2385.0
2025-08-23,Z2,2501.6
2025-08-24,Z2,2608.0
2025-08-25,Z2,2376.3
2025-08-26,Z2,2084.1
2025-08-27,Z2,2142.8
2025-08-28,Z2,2158.3
2025-08-29,Z2,2387.9
2025-08-30,Z2,2503.8
2025-08-31,Z2,2410.5
2025-09-01,Z2,2203.6
2025-09-02,Z2,2185.0
2025-09-03,Z2,2329.8
2025-09-04,Z2,2386.7
2025-09-05,Z2,2362.6
2025-09-06,Z2,2464.5
2025-09-07,Z2,2666.1
2025-09-08,Z2,2414.3
2025-09-09,Z2,2484.6
2025-09-10,Z2,2261.8
2025-09-11,Z2,2135.2
2025-09-12,Z2,2154.5
2025-09-13,Z2,2270.3
2025-09-14,Z2,2496.3
2025-09-15,Z2,2355.4
2025-09-16,Z2,2337.2
2025-09-17,Z2,2272.7
2025-09-18,Z2,2367.2
2025-09-19,Z2,2351.3
2025-09-20,Z2,2559.1
2025-09-21,Z2,2400.1
2025-09-22,Z2,2210.7
2025-09-23,Z2,2179.5
2025-09-24,Z2,2306.5
2025-09-25,Z2,2140.5
2025-09-26,Z2,2241.6
2025-09-27,Z2,2096.8
2025-09-28,Z2,2387.5
2025-09-29,Z2,2395.3
2025-09-30,Z2,2319.6
2025-10-01,Z2,2295.6
2025-10-02,Z2,2306.9
2025-10-03,Z2,2319.0
2025-10-04,Z2,2453.5
2025-10-05,Z2,2422.9
2025-10-06,Z2,2214.6
2025-10-07,Z2,2248.9
2025-10-08,Z2,2441.0
2025-10-09,Z2,2382.3
2025-10-10,Z2,2461.0
2025-10-11,Z2,2526.3
2025-10-12,Z2,2682.2
2025-10-13,Z2,2374.9
2025-10-14,Z2,2330.4
2025-10-15,Z2,2375.1
2025-10-16,Z2,2404.5
2025-10-17,Z2,2474.9
2025-10-18,Z2,2512.7
2025-10-19,Z2,2586.9
2025-10-20,Z2,2267.2
2025-10-21,Z2,2490.8
2025-10-22,Z2,2333.8
2025-10-23,Z2,2197.1
2025-10-24,Z2,2178.5
2025-10-25,Z2,2325.6
2025-10-26,Z2,2488.7
2025-10-27,Z2,2366.5
2025-10-28,Z2,2177.7
2025-10-29,Z2,2000.3
2025-10-30,Z2,2334.3
2025-10-31,Z2,2368.5
2025-11-01,Z2,2382.6
2025-11-02,Z2,2482.9
2025-11-03,Z2,2354.9
2025-11-04,Z2,2287.0
2025-11-05,Z2,2316.8
2025-11-06,Z2,2366.0
2025-11-07,Z2,2446.7
2025-11-08,Z2,2451.1
2025-11-09,Z2,2449.5
2025-11-10,Z2,2295.8
2025-11-11,Z2,2284.3
2025-11-12,Z2,2307.5
2025-11-13,Z2,2391.5
2025-11-14,Z2,2346.6
2025-11-15,Z2,2434.1
2025-11-16,Z2,2456.9
2025-11-17,Z2,2324.7
2025-11-18,Z2,2362.6
2025-11-19,Z2,2397.2
2025-11-20,Z2,2380.0
2025-11-21,Z2,2375.0
2025-11-22,Z2,2451.1
2025-11-23,Z2,2552.4
2025-11-24,Z2,2340.2
2025-11-25,Z2,2334.4
2025-11-26,Z2,2318.2
2025-11-27,Z2,2437.5
2025-11-28,Z2,2338.3
2025-11-29,Z2,2373.7
2025-11-30,Z2,2369.0
2025-12-01,Z2,2299.5
2025-12-02,Z2,2330.3
2025-12-03,Z2,2228.4
2025-12-04,Z2,2300.8
2025-12-05,Z2,2420.7
2025-12-06,Z2,2459.0
2025-12-07,Z2,2556.4
2025-12-08,Z2,2439.6
2025-12-09,Z2,2382.3
2025-12-10,Z2,2338.3
2025-12-11,Z2,2254.8
2025-12-12,Z2,2341.6
2025-12-13,Z2,2425.6
2025-12-14,Z2,2437.6
2025-12-15,Z2,2299.6
2025-12-16,Z2,2273.6
2025-12-17,Z2,2330.0
2025-12-18,Z2,2389.7
2025-12-19,Z2,2284.7
2025-12-20,Z2,2412.0
2025-12-21,Z2,2378.0
2025-12-22,Z2,2260.9
2025-12-23,Z2,2341.6
2025-12-24,Z2,2350.7
2025-12-25,Z2,2334.4
2025-12-26,Z2,2289.8
2025-12-27,Z2,2354.7
2025-12-28,Z2,2410.0
2025-12-29,Z2,2271.1
2025-12-30,Z2,2315.0
2025-12-31,Z2,2331.6
2026-01-01,Z2,2387.5
2026-01-02,Z2,2344.3
2026-01-03,Z2,2355.8
2026-01-04,Z2,2421.7
2026-01-05,Z2,2233.0
2026-01-06,Z2,2215.7
2026-01-07,Z2,2198.9
2026-01-08,Z2,2220.2
2026-01-09,Z2,2204.8
2026-01-10,Z2,2356.0
2026-01-11,Z2,2411.7
2026-01-12,Z2,2253.5
2026-01-13,Z2,2410.3
2026-01-14,Z2,2374.2
2026-01-15,Z2,2348.2
2026-01-16,Z2,2396.9
2026-01-17,Z2,2496.1
2026-01-18,Z2,2629.1
2026-01-19,Z2,2412.9
2026-01-20,Z2,2308.3
2026-01-21,Z2,2239.1
2026-01-22,Z2,2248.7
2026-01-23,Z2,2328.9
2026-01-24,Z2,2492.0
2026-01-25,Z2,2623.9
2026-01-26,Z2,2540.2
2026-01-27,Z2,2410.1
2026-01-28,Z2,2463.0
2026-01-29,Z2,2379.4
2026-01-30,Z2,2353.1
2026-01-31,Z2,2372.0
2026-02-01,Z2,2394.9
2026-02-02,Z2,2270.3
2026-02-03,Z2,2273.7
2026-02-04,Z2,2251.8
2026-02-05,Z2,2355.8
2026-02-06,Z2,2366.4
2026-02-07,Z2,2615.4
2026-02-08,Z2,2616.5
2026-02-09,Z2,2482.3
2026-02-10,Z2,2386.3
2026-02-11,Z2,2453.1
2026-02-12,Z2,2512.3
2026-02-13,Z2,2549.4
2026-02-14,Z2,2553.0
2026-02-15,Z2,2658.5
2026-02-16,Z2,2435.4
2026-02-17,Z2,2462.6
2026-02-18,Z2,2455.2
2026-02-19,Z2,2492.2
2026-02-20,Z2,2441.3
2026-02-21,Z2,2528.6
2026-02-22,Z2,2672.5
2026-02-23,Z2,2533.8
2026-02-24,Z2,2392.7
2026-02-25,Z2,2356.1
2026-02-26,Z2,2438.2
2026-02-27,Z2,2544.5
2026-02-28,Z2,2585.5
2026-03-01,Z2,2712.4
2026-03-02,Z2,2652.7
2026-03-03,Z2,2614.4
2026-03-04,Z2,2510.4
2026-03-05,Z2,2602.9
2026-03-06,Z2,2672.9
2026-03-07,Z2,2780.8
2026-03-08,Z2,2783.4
2026-03-09,Z2,2587.5
2026-03-10,Z2,2523.2
2026-03-11,Z2,2644.4
2026-03-12,Z2,2705.2
2026-03-13,Z2,2757.4
2026-03-14,Z2,2825.8
2026-03-15,Z2,2705.4
2026-03-16,Z2,2586.0
2026-03-17,Z2,2457.5
2026-03-18,Z2,2265.6
2026-03-19,Z2,2516.6
2026-03-20,Z2,2458.5
2026-03-21,Z2,2547.7
2026-03-22,Z2,2606.0
2026-03-23,Z2,2613.3
2026-03-24,Z2,2589.6
2026-03-25,Z2,2574.4
2026-03-26,Z2,2725.6
2026-03-27,Z2,2814.2
2026-03-28,Z2,2884.9
2026-03-29,Z2,2977.1
2026-03-30,Z2,2675.5
2026-03-31,Z2,2497.3
2026-04-01,Z2,2656.8
2026-04-02,Z2,2695.1
2026-04-03,Z2,2725.6
2026-04-04,Z2,2826.3
2026-04-05,Z2,2837.4
2026-04-06,Z2,2806.8
2026-04-07,Z2,2687.9
2026-04-08,Z2,2716.6
2026-04-09,Z2,2814.7
2026-04-10,Z2,2855.2
2026-04-11,Z2,2926.1
2026-04-12,Z2,3043.5
2026-04-13,Z2,2857.9
2026-04-14,Z2,2872.3
2026-04-15,Z2,2885.2
2026-04-16,Z2,2881.5
2026-04-17,Z2,3043.8
2026-04-18,Z2,3026.6
2026-04-19,Z2,3016.3
2026-04-20,Z2,2799.8
2026-04-21,Z2,2795.0
2026-04-22,Z2,2768.1
2026-04-23,Z2,2727.7
2026-04-24,Z2,2709.7
2026-04-25,Z2,2885.5
2026-04-26,Z2,2896.5
2026-04-27,Z2,2826.3
2026-04-28,Z2,2878.5
2026-04-29,Z2,2858.1
2026-04-30,Z2,2893.2
2026-05-01,Z2,2863.3
2026-05-02,Z2,3046.4
2026-05-03,Z2,3117.7
2026-05-04,Z2,2890.5
2026-05-05,Z2,2829.5
2026-05-06,Z2,2770.8
2026-05-07,Z2,2768.2
2026-05-08,Z2,2692.7
2026-05-09,Z2,2818.4
2026-05-10,Z2,2892.8
2026-05-11,Z2,2843.4
2026-05-12,Z2,2810.9
2026-05-13,Z2,2819.0
2026-05-14,Z2,2852.1
2026-05-15,Z2,2879.2
2026-05-16,Z2,2995.4
2026-05-17,Z2,2967.6
2026-05-18,Z2,2810.3
2026-05-19,Z2,2884.2
2026-05-20,Z2,2863.5
2026-05-21,Z2,2937.5
2026-05-22,Z2,2756.2
2026-05-23,Z2,2824.3
2026-05-24,Z2,2861.7
2026-05-25,Z2,2740.5
2026-05-26,Z2,2775.8
2026-05-27,Z2,2630.4
2026-05-28,Z2,2758.9
2026-05-29,Z2,2865.8
2026-05-30,Z2,3025.9
2026-05-31,Z2,2950.0
2026-06-01,Z2,2785.1
2026-06-02,Z2,2626.0
2026-06-03,Z2,2626.5
2026-06-04,Z2,2634.5
2026-06-05,Z2,2640.0
2026-06-06,Z2,2613.2
2026-06-07,Z2,2840.3
2026-06-08,Z2,2580.7
2026-06-09,Z2,2521.9
2026-06-10,Z2,2567.6
2026-06-11,Z2,2555.6
2026-06-12,Z2,2607.6
2026-06-13,Z2,2593.2
2026-06-14,Z2,2641.1
2026-06-15,Z2,2622.2
2026-06-16,Z2,2654.0
2026-06-17,Z2,2652.1
2026-06-18,Z2,2654.5
2026-06-19,Z2,2751.4
2026-06-20,Z2,2950.1
2026-06-21,Z2,2740.2
2026-06-22,Z2,2675.7
2026-06-23,Z2,2476.0
2026-06-24,Z2,2481.3
2026-06-25,Z2,2474.6
2026-06-26,Z2,2503.6
2026-06-27,Z2,2455.2
2026-06-28,Z2,2567.7
2026-06-29,Z2,2452.0
2026-06-30,Z2,2446.7
2026-07-01,Z2,2246.5
2026-07-02,Z2,2298.3
2026-07-03,Z2,2182.8
2026-07-04,Z2,2092.4
2026-07-05,Z2,2430.1
2026-07-06,Z2,2481.6
2026-07-07,Z2,2420.3
2026-07-08,Z2,2462.5
2026-07-09,Z2,2540.2
2026-07-10,Z2,2544.1
2026-07-11,Z2,2734.0
2026-07-12,Z2,2794.8
2026-07-13,Z2,2602.5
2026-07-14,Z2,2534.3
2026-07-15,Z2,2506.3
2026-07-16,Z2,2587.6
2026-07-17,Z2,2351.2
2026-07-18,Z2,2330.1
2026-07-19,Z2,2570.0
2026-07-20,Z2,2332.4
2026-07-21,Z2,2173.7
2026-07-22,Z2,2098.0
2026-07-23,Z2,2438.7
2026-07-24,Z2,2491.1
2026-07-25,Z2,2531.1
2026-07-26,Z2,2483.7
2026-07-27,Z2,2228.6
2026-07-28,Z2,2265.6
2026-07-29,Z2,2060.4
2026-07-30,Z2,2030.4
2026-07-31,Z2,2294.9
2026-08-01,Z2,2461.1
2026-08-02,Z2,2494.0
2026-08-03,Z2,2357.4
2026-08-04,Z2,2171.4
2026-08-05,Z2,2289.9
2026-08-06,Z2,2457.6
2026-08-07,Z2,2432.1
2026-08-08,Z2,2533.7
2026-08-09,Z2,2575.7
2026-08-10,Z2,2424.0
2026-08-11,Z2,2424.9
2026-08-12,Z2,2302.2
2026-08-13,Z2,2483.2
2026-08-14,Z2,2416.8
2026-08-15,Z2,2544.1
2026-08-16,Z2,2497.0
2026-08-17,Z2,2463.4
2026-08-18,Z2,2458.0
2026-08-19,Z2,2351.9
2026-08-20,Z2,2456.9
2026-08-21,Z2,2504.9
2026-08-22,Z2,2652.7
2026-08-23,Z2,2398.7
2026-08-24,Z2,2321.0
2026-08-25,Z2,2353.2
2026-08-26,Z2,2486.3
2026-08-27,Z2,2462.1
2026-08-28,Z2,2519.4
2026-08-29,Z2,2587.1
2026-08-30,Z2,2569.5
2026-08-31,Z2,2378.4
2026-09-01,Z2,2480.2
2026-09-02,Z2,2455.7
2026-09-03,Z2,2378.2
2026-09-04,Z2,2618.3
2026-09-05,Z2,2677.8
2026-09-06,Z2,2705.6
2026-09-07,Z2,2428.9
2026-09-08,Z2,2570.6
2026-09-09,Z2,2528.4
2026-09-10,Z2,2479.4
2026-09-11,Z2,2490.1
2026-09-12,Z2,2539.7
2026-09-13,Z2,2494.1
2026-09-14,Z2,2218.2
2026-09-15,Z2,2433.4
2026-09-16,Z2,2565.7
2026-09-17,Z2,2633.6
2026-09-18,Z2,2513.0
2026-09-19,Z2,2742.6
2026-09-20,Z2,2702.5
2026-09-21,Z2,2566.4
2026-09-22,Z2,2552.3
2026-09-23,Z2,2402.3
2026-09-24,Z2,2315.2
2026-09-25,Z2,2627.4
2026-09-26,Z2,2645.6
2026-09-27,Z2,2719.3
2024-01-01,Z3,2643.0
2024-01-02,Z3,2581.8
2024-01-03,Z3,2489.1
2024-01-04,Z3,2645.1
2024-01-05,Z3,2648.6
2024-01-06,Z3,2699.2
2024-01-07,Z3,2738.2
2024-01-08,Z3,2640.8
2024-01-09,Z3,2623.2
2024-01-10,Z3,2488.0
2024-01-11,Z3,2873.7
2024-01-12,Z3,2921.7
2024-01-13,Z3,3074.8
2024-01-14,Z3,3128.4
2024-01-15,Z3,2812.4
2024-01-16,Z3,2792.9
2024-01-17,Z3,2825.8
2024-01-18,Z3,2751.1
2024-01-19,Z3,2892.8
2024-01-20,Z3,2837.0
2024-01-21,Z3,3021.9
2024-01-22,Z3,2938.0
2024-01-23,Z3,2814.4
2024-01-24,Z3,2666.9
2024-01-25,Z3,2645.9
2024-01-26,Z3,2682.0
2024-01-27,Z3,2779.4
2024-01-28,Z3,2852.8
2024-01-29,Z3,2795.7
2024-01-30,Z3,2744.8
2024-01-31,Z3,2927.8
2024-02-01,Z3,2954.9
2024-02-02,Z3,2963.3
2024-02-03,Z3,2995.0
2024-02-04,Z3,3158.6
2024-02-05,Z3,3142.2
2024-02-06,Z3,3072.6
2024-02-07,Z3,3155.8
2024-02-08,Z3,3209.9
2024-02-09,Z3,3188.0
2024-02-10,Z3,3354.7
2024-02-11,Z3,3354.0
2024-02-12,Z3,3001.5
2024-02-13,Z3,2964.9
2024-02-14,Z3,3063.5
2024-02-15,Z3,3099.0
2024-02-16,Z3,3098.6
2024-02-17,Z3,3219.0
2024-02-18,Z3,3401.5
2024-02-19,Z3,3143.6
2024-02-20,Z3,3184.4
2024-02-21,Z3,3325.6
2024-02-22,Z3,3277.9
2024-02-23,Z3,3251.9
2024-02-24,Z3,3385.4
2024-02-25,Z3,3147.0
2024-02-26,Z3,3000.7
2024-02-27,Z3,3046.6
2024-02-28,Z3,2963.4
2024-02-29,Z3,3228.4
2024-03-01,Z3,3332.7
2024-03-02,Z3,3558.9
2024-03-03,Z3,3561.3
2024-03-04,Z3,3319.3
2024-03-05,Z3,3327.5
2024-03-06,Z3,3470.3
2024-03-07,Z3,3506.8
2024-03-08,Z3,3479.4
2024-03-09,Z3,3603.9
2024-03-10,Z3,3429.8
2024-03-11,Z3,3231.2
2024-03-12,Z3,3318.3
2024-03-13,Z3,3475.2
2024-03-14,Z3,3269.2
2024-03-15,Z3,3579.4
2024-03-16,Z3,3444.3
2024-03-17,Z3,3263.1
2024-03-18,Z3,3121.5
2024-03-19,Z3,3241.4
2024-03-20,Z3,2896.9
2024-03-21,Z3,3093.0
2024-03-22,Z3,3357.9
2024-03-23,Z3,3568.8
2024-03-24,Z3,3671.3
2024-03-25,Z3,3439.4
2024-03-26,Z3,3497.1
2024-03-27,Z3,3488.9
2024-03-28,Z3,3679.7
2024-03-29,Z3,3768.0
2024-03-30,Z3,3886.9
2024-03-31,Z3,3866.2
2024-04-01,Z3,3725.3
2024-04-02,Z3,3634.7
2024-04-03,Z3,3734.1
2024-04-04,Z3,3836.6
2024-04-05,Z3,3816.1
2024-04-06,Z3,3748.3
2024-04-07,Z3,4062.1
2024-04-08,Z3,3618.9
2024-04-09,Z3,3242.4
2024-04-10,Z3,3289.2
2024-04-11,Z3,3388.5
2024-04-12,Z3,2884.5
2024-04-13,Z3,3222.0
2024-04-14,Z3,3791.2
2024-04-15,Z3,3592.8
2024-04-16,Z3,3527.3
2024-04-17,Z3,3567.1
2024-04-18,Z3,3720.9
2024-04-19,Z3,3706.6
2024-04-20,Z3,3709.1
2024-04-21,Z3,3785.5
2024-04-22,Z3,3625.3
2024-04-23,Z3,3740.8
2024-04-24,Z3,3706.1
2024-04-25,Z3,3772.8
2024-04-26,Z3,3957.0
2024-04-27,Z3,3944.0
2024-04-28,Z3,4221.6
2024-04-29,Z3,3864.4
2024-04-30,Z3,3779.9
2024-05-01,Z3,3852.8
2024-05-02,Z3,3806.6
2024-05-03,Z3,3940.9
2024-05-04,Z3,4321.5
2024-05-05,Z3,4148.3
2024-05-06,Z3,3999.3
2024-05-07,Z3,3407.3
2024-05-08,Z3,3528.6
2024-05-09,Z3,3653.9
2024-05-10,Z3,3259.1
2024-05-11,Z3,3815.2
2024-05-12,Z3,3535.1
2024-05-13,Z3,3301.7
2024-05-14,Z3,3325.0
2024-05-15,Z3,3473.3
2024-05-16,Z3,3018.0
2024-05-17,Z3,3220.8
2024-05-18,Z3,3166.1
2024-05-19,Z3,3157.0
2024-05-20,Z3,3123.9
2024-05-21,Z3,3418.9
2024-05-22,Z3,3277.6
2024-05-23,Z3,3475.4
2024-05-24,Z3,3682.7
2024-05-25,Z3,3715.2
2024-05-26,Z3,3824.6
2024-05-27,Z3,3666.1
2024-05-28,Z3,3528.8
2024-05-29,Z3,3734.5
2024-05-30,Z3,3677.8
2024-05-31,Z3,3760.4
2024-06-01,Z3,3896.3
2024-06-02,Z3,3593.4
2024-06-03,Z3,3069.6
2024-06-04,Z3,3025.1
2024-06-05,Z3,2913.5
2024-06-06,Z3,3060.8
2024-06-07,Z3,2982.6
2024-06-08,Z3,2936.6
2024-06-09,Z3,3146.6
2024-06-10,Z3,2681.5
2024-06-11,Z3,2916.2
2024-06-12,Z3,2953.5
2024-06-13,Z3,3115.1
2024-06-14,Z3,2835.2
2024-06-15,Z3,3131.9
2024-06-16,Z3,3099.3
2024-06-17,Z3,2996.8
2024-06-18,Z3,2999.2
2024-06-19,Z3,2704.5
2024-06-20,Z3,2968.5
2024-06-21,Z3,3042.3
2024-06-22,Z3,2704.0
2024-06-23,Z3,3222.3
2024-06-24,Z3,3068.9
2024-06-25,Z3,3008.8
2024-06-26,Z3,2903.1
2024-06-27,Z3,2586.5
2024-06-28,Z3,2736.0
2024-06-29,Z3,2918.0
2024-06-30,Z3,2667.0
2024-07-01,Z3,2633.5
2024-07-02,Z3,2835.1
2024-07-03,Z3,2874.5
2024-07-04,Z3,2957.7
2024-07-05,Z3,3029.0
2024-07-06,Z3,2859.2
2024-07-07,Z3,2864.2
2024-07-08,Z3,2635.9
2024-07-09,Z3,2604.1
2024-07-10,Z3,2914.0
2024-07-11,Z3,2804.3
2024-07-12,Z3,2848.9
2024-07-13,Z3,2922.2
2024-07-14,Z3,2475.5
2024-07-15,Z3,2681.5
2024-07-16,Z3,2636.7
2024-07-17,Z3,2618.9
2024-07-18,Z3,2457.4
2024-07-19,Z3,2494.2
2024-07-20,Z3,2450.6
2024-07-21,Z3,2721.2
2024-07-22,Z3,2353.8
2024-07-23,Z3,2376.7
2024-07-24,Z3,2214.3
2024-07-25,Z3,2284.2
2024-07-26,Z3,2491.5
2024-07-27,Z3,2435.1
2024-07-28,Z3,2927.3
2024-07-29,Z3,2873.2
2024-07-30,Z3,3018.7
2024-07-31,Z3,2855.1
2024-08-01,Z3,2768.3
2024-08-02,Z3,2526.3
2024-08-03,Z3,2830.8
2024-08-04,Z3,2852.4
2024-08-05,Z3,2815.3
2024-08-06,Z3,2643.1
2024-08-07,Z3,2194.2
2024-08-08,Z3,2634.1
2024-08-09,Z3,2831.8
2024-08-10,Z3,2940.2
2024-08-11,Z3,2962.4
2024-08-12,Z3,2543.8
2024-08-13,Z3,2892.3
2024-08-14,Z3,3075.5
2024-08-15,Z3,3073.8
2024-08-16,Z3,2946.8
2024-08-17,Z3,2992.6
2024-08-18,Z3,2977.1
2024-08-19,Z3,2653.6
2024-08-20,Z3,2701.1
2024-08-21,Z3,2791.4
2024-08-22,Z3,2751.8
2024-08-23,Z3,2741.4
2024-08-24,Z3,2520.9
2024-08-25,Z3,2564.7
2024-08-26,Z3,2825.9
2024-08-27,Z3,2756.6
2024-08-28,Z3,2670.5
2024-08-29,Z3,2807.5
2024-08-30,Z3,2290.4
2024-08-31,Z3,2353.6
2024-09-01,Z3,2145.7
2024-09-02,Z3,2203.1
2024-09-03,Z3,2452.4
2024-09-04,Z3,2587.3
2024-09-05,Z3,2748.0
2024-09-06,Z3,2761.4
2024-09-07,Z3,2521.1
2024-09-08,Z3,2444.4
2024-09-09,Z3,2258.8
2024-09-10,Z3,2702.6
2024-09-11,Z3,2796.1
2024-09-12,Z3,2779.4
2024-09-13,Z3,2863.1
2024-09-14,Z3,3007.5
2024-09-15,Z3,2931.8
2024-09-16,Z3,2594.2
2024-09-17,Z3,2814.5
2024-09-18,Z3,2793.2
2024-09-19,Z3,2952.6
2024-09-20,Z3,3067.6
2024-09-21,Z3,2924.6
2024-09-22,Z3,2993.9
2024-09-23,Z3,2587.6
2024-09-24,Z3,2579.4
2024-09-25,Z3,2571.3
2024-09-26,Z3,2494.5
2024-09-27,Z3,2833.8
2024-09-28,Z3,3032.5
2024-09-29,Z3,3181.9
2024-09-30,Z3,2702.2
2024-10-01,Z3,2800.6
2024-10-02,Z3,3013.5
2024-10-03,Z3,3018.6
2024-10-04,Z3,2890.5
2024-10-05,Z3,3026.5
2024-10-06,Z3,3134.7
2024-10-07,Z3,2935.0
2024-10-08,Z3,2901.7
2024-10-09,Z3,2912.2
2024-10-10,Z3,2863.0
2024-10-11,Z3,2953.1
2024-10-12,Z3,3063.1
2024-10-13,Z3,3163.4
2024-10-14,Z3,2780.8
2024-10-15,Z3,2684.6
2024-10-16,Z3,2789.1
2024-10-17,Z3,2787.8
2024-10-18,Z3,2824.7
2024-10-19,Z3,3141.4
2024-10-20,Z3,3025.4
2024-10-21,Z3,3051.1
2024-10-22,Z3,2810.9
2024-10-23,Z3,2960.6
2024-10-24,Z3,2986.0
2024-10-25,Z3,2931.6
2024-10-26,Z3,2984.8
2024-10-27,Z3,2951.5
2024-10-28,Z3,2817.1
2024-10-29,Z3,2879.4
2024-10-30,Z3,2739.5
2024-10-31,Z3,2683.6
2024-11-01,Z3,2892.0
2024-11-02,Z3,3020.5
2024-11-03,Z3,2977.3
2024-11-04,Z3,2957.0
2024-11-05,Z3,2929.1
2024-11-06,Z3,3025.4
2024-11-07,Z3,2973.6
2024-11-08,Z3,2981.2
2024-11-09,Z3,3083.1
2024-11-10,Z3,3112.0
2024-11-11,Z3,2888.6
2024-11-12,Z3,3022.5
2024-11-13,Z3,2994.6
2024-11-14,Z3,2920.8
2024-11-15,Z3,3107.2
2024-11-16,Z3,3235.7
2024-11-17,Z3,3126.9
2024-11-18,Z3,2710.5
2024-11-19,Z3,2710.5
2024-11-20,Z3,2590.8
2024-11-21,Z3,2758.1
2024-11-22,Z3,2824.9
2024-11-23,Z3,2926.1
2024-11-24,Z3,2922.5
2024-11-25,Z3,2597.9
2024-11-26,Z3,2743.5
2024-11-27,Z3,2630.2
2024-11-28,Z3,2583.8
2024-11-29,Z3,2838.6
2024-11-30,Z3,3088.8
2024-12-01,Z3,3016.0
2024-12-02,Z3,2709.5
2024-12-03,Z3,2697.7
2024-12-04,Z3,2861.6
2024-12-05,Z3,2581.2
2024-12-06,Z3,2759.4
2024-12-07,Z3,2976.2
2024-12-08,Z3,2966.4
2024-12-09,Z3,2658.1
2024-12-10,Z3,2683.8
2024-12-11,Z3,2575.8
2024-12-12,Z3,2714.8
2024-12-13,Z3,2710.6
2024-12-14,Z3,2766.6
2024-12-15,Z3,2823.0
2024-12-16,Z3,2674.8
2024-12-17,Z3,2691.8
2024-12-18,Z3,2670.5
2024-12-19,Z3,2690.7
2024-12-20,Z3,2828.9
2024-12-21,Z3,3013.0
2024-12-22,Z3,3000.2
2024-12-23,Z3,2902.0
2024-12-24,Z3,2899.2
2024-12-25,Z3,2711.9
2024-12-26,Z3,2522.8
2024-12-27,Z3,2597.7
2024-12-28,Z3,2981.8
2024-12-29,Z3,3169.2
2024-12-30,Z3,3098.0
2024-12-31,Z3,2851.6
2025-01-01,Z3,2769.1
2025-01-02,Z3,2797.1
2025-01-03,Z3,2824.4
2025-01-04,Z3,2909.4
2025-01-05,Z3,2899.3
2025-01-06,Z3,2752.6
2025-01-07,Z3,2793.0
2025-01-08,Z3,2530.0
2025-01-09,Z3,2483.8
2025-01-10,Z3,2550.9
2025-01-11,Z3,2692.9
2025-01-12,Z3,2848.5
2025-01-13,Z3,2782.6
2025-01-14,Z3,2786.0
2025-01-15,Z3,2662.3
2025-01-16,Z3,2698.6
2025-01-17,Z3,2806.0
2025-01-18,Z3,2705.0
2025-01-19,Z3,2935.2
2025-01-20,Z3,2865.1
2025-01-21,Z3,3006.2
2025-01-22,Z3,2947.0
2025-01-23,Z3,2815.0
2025-01-24,Z3,3017.0
2025-01-25,Z3,3091.1
2025-01-26,Z3,3086.8
2025-01-27,Z3,2989.5
2025-01-28,Z3,2907.3
2025-01-29,Z3,2878.4
2025-01-30,Z3,2982.1
2025-01-31,Z3,3140.4
2025-02-01,Z3,3280.3
2025-02-02,Z3,3332.5
2025-02-03,Z3,3203.2
2025-02-04,Z3,3263.3
2025-02-05,Z3,3237.3
2025-02-06,Z3,3127.9
2025-02-07,Z3,3059.0
2025-02-08,Z3,3241.6
2025-02-09,Z3,3235.8
2025-02-10,Z3,3008.9
2025-02-11,Z3,3149.2
2025-02-12,Z3,3217.7
2025-02-13,Z3,3322.1
2025-02-14,Z3,3169.6
2025-02-15,Z3,3225.1
2025-02-16,Z3,3478.6
2025-02-17,Z3,3452.2
2025-02-18,Z3,3384.8
2025-02-19,Z3,3279.0
2025-02-20,Z3,3345.4
2025-02-21,Z3,3135.5
2025-02-22,Z3,3277.6
2025-02-23,Z3,3332.6
2025-02-24,Z3,3196.4
2025-02-25,Z3,3085.2
2025-02-26,Z3,3097.6
2025-02-27,Z3,3256.3
2025-02-28,Z3,3396.8
2025-03-01,Z3,3429.1
2025-03-02,Z3,3650.7
2025-03-03,Z3,3655.4
2025-03-04,Z3,3508.3
2025-03-05,Z3,3346.4
2025-03-06,Z3,3178.3
2025-03-07,Z3,3318.4
2025-03-08,Z3,3656.0
2025-03-09,Z3,3556.7
2025-03-10,Z3,3119.3
2025-03-11,Z3,3241.0
2025-03-12,Z3,3538.6
2025-03-13,Z3,3733.8
2025-03-14,Z3,3750.3
2025-03-15,Z3,3896.3
2025-03-16,Z3,3862.5
2025-03-17,Z3,3748.5
2025-03-18,Z3,3694.1
2025-03-19,Z3,3741.8
2025-03-20,Z3,3589.7
2025-03-21,Z3,3608.2
2025-03-22,Z3,3530.1
2025-03-23,Z3,3468.1
2025-03-24,Z3,3311.1
2025-03-25,Z3,3365.8
2025-03-26,Z3,3574.5
2025-03-27,Z3,3676.2
2025-03-28,Z3,3731.1
2025-03-29,Z3,3849.0
2025-03-30,Z3,4058.6
2025-03-31,Z3,3656.5
2025-04-01,Z3,3330.3
2025-04-02,Z3,3033.4
2025-04-03,Z3,2665.5
2025-04-04,Z3,2826.3
2025-04-05,Z3,3218.6
2025-04-06,Z3,3462.6
2025-04-07,Z3,3438.2
2025-04-08,Z3,3359.8
2025-04-09,Z3,3502.5
2025-04-10,Z3,3699.6
2025-04-11,Z3,3762.4
2025-04-12,Z3,3862.9
2025-04-13,Z3,3879.7
2025-04-14,Z3,3625.6
2025-04-15,Z3,3554.8
2025-04-16,Z3,3592.0
2025-04-17,Z3,3518.3
2025-04-18,Z3,3708.6
2025-04-19,Z3,3459.8
2025-04-20,Z3,3908.5
2025-04-21,Z3,3757.0
2025-04-22,Z3,3768.1
2025-04-23,Z3,3880.0
2025-04-24,Z3,3853.5
2025-04-25,Z3,3873.3
2025-04-26,Z3,3893.5
2025-04-27,Z3,3285.0
2025-04-28,Z3,3666.2
2025-04-29,Z3,3630.1
2025-04-30,Z3,3837.2
2025-05-01,Z3,3894.9
2025-05-02,Z3,3965.3
2025-05-03,Z3,4098.6
2025-05-04,Z3,4071.8
2025-05-05,Z3,3786.4
2025-05-06,Z3,3605.1
2025-05-07,Z3,3583.9
2025-05-08,Z3,3670.8
2025-05-09,Z3,3671.3
2025-05-10,Z3,3686.9
2025-05-11,Z3,3865.6
2025-05-12,Z3,3708.5
2025-05-13,Z3,3645.5
2025-05-14,Z3,3676.8
2025-05-15,Z3,3218.1
2025-05-16,Z3,3644.2
2025-05-17,Z3,3725.3
2025-05-18,Z3,3816.8
2025-05-19,Z3,3360.9
2025-05-20,Z3,3478.9
2025-05-21,Z3,2893.1
2025-05-22,Z3,3007.7
2025-05-23,Z3,3137.3
2025-05-24,Z3,3275.5
2025-05-25,Z3,3216.3
2025-05-26,Z3,2897.9
2025-05-27,Z3,3045.1
2025-05-28,Z3,2690.0
2025-05-29,Z3,2986.2
2025-05-30,Z3,3279.8
2025-05-31,Z3,3563.8
2025-06-01,Z3,3419.6
2025-06-02,Z3,3107.1
2025-06-03,Z3,3199.7
2025-06-04,Z3,3281.1
2025-06-05,Z3,3133.6
2025-06-06,Z3,3454.9
2025-06-07,Z3,3751.7
2025-06-08,Z3,3738.4
2025-06-09,Z3,2734.1
2025-06-10,Z3,3131.4
2025-06-11,Z3,2919.9
2025-06-12,Z3,2969.5
2025-06-13,Z3,3280.7
2025-06-14,Z3,3274.0
2025-06-15,Z3,3192.9
2025-06-16,Z3,2986.7
2025-06-17,Z3,3197.9
2025-06-18,Z3,3080.3
2025-06-19,Z3,3004.9
2025-06-20,Z3,3148.0
2025-06-21,Z3,3381.9
2025-06-22,Z3,3506.8
2025-06-23,Z3,3192.5
2025-06-24,Z3,2727.8
2025-06-25,Z3,2763.6
2025-06-26,Z3,2832.5
2025-06-27,Z3,3014.3
2025-06-28,Z3,3282.5
2025-06-29,Z3,3453.8
2025-06-30,Z3,2850.9
2025-07-01,Z3,2599.4
2025-07-02,Z3,2575.8
2025-07-03,Z3,2668.7
2025-07-04,Z3,2769.4
2025-07-05,Z3,2890.7
2025-07-06,Z3,3131.8
2025-07-07,Z3,2765.0
2025-07-08,Z3,2760.9
2025-07-09,Z3,2892.1
2025-07-10,Z3,3168.3
2025-07-11,Z3,3292.5
2025-07-12,Z3,3407.8
2025-07-13,Z3,3442.9
2025-07-14,Z3,3309.1
2025-07-15,Z3,3183.6
2025-07-16,Z3,3255.7
2025-07-17,Z3,3030.4
2025-07-18,Z3,2978.4
2025-07-19,Z3,3014.6
2025-07-20,Z3,3002.9
2025-07-21,Z3,2948.7
2025-07-22,Z3,2868.5
2025-07-23,Z3,2674.4
2025-07-24,Z3,2536.5
2025-07-25,Z3,2589.9
2025-07-26,Z3,2418.7
2025-07-27,Z3,3131.8
2025-07-28,Z3,2968.4
2025-07-29,Z3,2854.6
2025-07-30,Z3,2791.8
2025-07-31,Z3,2993.9
2025-08-01,Z3,3055.7
2025-08-02,Z3,3250.3
2025-08-03,Z3,3265.9
2025-08-04,Z3,3063.8
2025-08-05,Z3,2850.1
2025-08-06,Z3,3064.6
2025-08-07,Z3,2864.0
2025-08-08,Z3,3007.5
2025-08-09,Z3,2895.1
2025-08-10,Z3,2909.6
2025-08-11,Z3,2690.3
2025-08-12,Z3,2848.5
2025-08-13,Z3,2515.5
2025-08-14,Z3,2669.9
2025-08-15,Z3,2672.9
2025-08-16,Z3,2697.4
2025-08-17,Z3,2709.2
2025-08-18,Z3,2431.7
2025-08-19,Z3,2465.9
2025-08-20,Z3,2674.7
2025-08-21,Z3,2909.3
2025-08-22,Z3,2971.6
2025-08-23,Z3,3020.3
2025-08-24,Z3,3120.7
2025-08-25,Z3,3015.4
2025-08-26,Z3,2477.9
2025-08-27,Z3,2433.6
2025-08-28,Z3,2448.4
2025-08-29,Z3,2873.9
2025-08-30,Z3,3008.0
2025-08-31,Z3,2789.5
2025-09-01,Z3,2612.9
2025-09-02,Z3,2551.0
2025-09-03,Z3,2796.7
2025-09-04,Z3,2805.8
2025-09-05,Z3,2815.1
2025-09-06,Z3,2931.3
2025-09-07,Z3,3114.7
2025-09-08,Z3,2956.4
2025-09-09,Z3,3207.6
2025-09-10,Z3,2863.9
2025-09-11,Z3,2476.8
2025-09-12,Z3,2538.5
2025-09-13,Z3,2699.5
2025-09-14,Z3,2973.0
2025-09-15,Z3,2805.1
2025-09-16,Z3,2843.3
2025-09-17,Z3,2945.4
2025-09-18,Z3,2917.7
2025-09-19,Z3,2895.6
2025-09-20,Z3,3097.8
2025-09-21,Z3,2932.3
2025-09-22,Z3,2698.7
2025-09-23,Z3,2657.7
2025-09-24,Z3,2851.5
2025-09-25,Z3,2553.3
2025-09-26,Z3,2665.9
2025-09-27,Z3,2459.7
2025-09-28,Z3,2856.8
2025-09-29,Z3,2919.9
2025-09-30,Z3,2840.4
2025-10-01,Z3,2905.1
2025-10-02,Z3,2751.4
2025-10-03,Z3,2928.5
2025-10-04,Z3,3113.9
2025-10-05,Z3,3113.0
2025-10-06,Z3,2878.1
2025-10-07,Z3,2796.4
2025-10-08,Z3,3040.5
2025-10-09,Z3,3053.2
2025-10-10,Z3,3146.1
2025-10-11,Z3,3126.8
2025-10-12,Z3,3365.0
2025-10-13,Z3,2782.1
2025-10-14,Z3,2813.6
2025-10-15,Z3,2895.2
2025-10-16,Z3,3101.5
2025-10-17,Z3,3091.3
2025-10-18,Z3,3264.1
2025-10-19,Z3,3283.8
2025-10-20,Z3,2760.1
2025-10-21,Z3,2912.4
2025-10-22,Z3,2813.1
2025-10-23,Z3,2488.6
2025-10-24,Z3,2368.5
2025-10-25,Z3,2603.2
2025-10-26,Z3,2909.9
2025-10-27,Z3,2808.7
2025-10-28,Z3,2571.3
2025-10-29,Z3,2175.7
2025-10-30,Z3,2853.4
2025-10-31,Z3,2968.4
2025-11-01,Z3,3019.4
2025-11-02,Z3,3133.2
2025-11-03,Z3,2886.6
2025-11-04,Z3,2801.1
2025-11-05,Z3,3055.0
2025-11-06,Z3,2967.9
2025-11-07,Z3,2952.5
2025-11-08,Z3,3019.4
2025-11-09,Z3,3046.6
2025-11-10,Z3,2921.3
2025-11-11,Z3,2985.2
2025-11-12,Z3,2942.3
2025-11-13,Z3,2841.0
2025-11-14,Z3,2825.6
2025-11-15,Z3,2790.8
2025-11-16,Z3,2889.1
2025-11-17,Z3,2801.4
2025-11-18,Z3,2809.8
2025-11-19,Z3,2768.9
2025-11-20,Z3,2781.4
2025-11-21,Z3,2937.8
2025-11-22,Z3,3122.1
2025-11-23,Z3,3371.4
2025-11-24,Z3,3115.2
2025-11-25,Z3,2988.5
2025-11-26,Z3,2938.1
2025-11-27,Z3,2917.1
2025-11-28,Z3,2840.5
2025-11-29,Z3,2857.7
2025-11-30,Z3,2830.4
2025-12-01,Z3,2866.3
2025-12-02,Z3,2945.3
2025-12-03,Z3,2895.7
2025-12-04,Z3,2881.8
2025-12-05,Z3,2902.7
2025-12-06,Z3,2832.9
2025-12-07,Z3,3042.8
2025-12-08,Z3,2869.2
2025-12-09,Z3,2845.0
2025-12-10,Z3,2872.4
2025-12-11,Z3,2858.9
2025-12-12,Z3,2815.2
2025-12-13,Z3,2924.4
2025-12-14,Z3,3001.3
2025-12-15,Z3,2784.1
2025-12-16,Z3,2787.3
2025-12-17,Z3,2972.9
2025-12-18,Z3,2902.0
2025-12-19,Z3,2794.1
2025-12-20,Z3,2924.0
2025-12-21,Z3,2831.3
2025-12-22,Z3,2750.5
2025-12-23,Z3,2702.5
2025-12-24,Z3,2660.8
2025-12-25,Z3,2630.4
2025-12-26,Z3,2656.3
2025-12-27,Z3,2881.2
2025-12-28,Z3,2835.3
2025-12-29,Z3,2608.4
2025-12-30,Z3,2685.9
2025-12-31,Z3,2848.1
2026-01-01,Z3,2927.0
2026-01-02,Z3,2939.0
2026-01-03,Z3,2869.9
2026-01-04,Z3,2789.5
2026-01-05,Z3,2654.6
2026-01-06,Z3,2744.5
2026-01-07,Z3,2775.5
2026-01-08,Z3,2651.4
2026-01-09,Z3,2622.2
2026-01-10,Z3,2662.2
2026-01-11,Z3,2641.1
2026-01-12,Z3,2677.4
2026-01-13,Z3,3010.7
2026-01-14,Z3,3050.3
2026-01-15,Z3,2939.7
2026-01-16,Z3,2938.5
2026-01-17,Z3,3161.3
2026-01-18,Z3,3292.0
2026-01-19,Z3,3012.7
2026-01-20,Z3,2763.8
2026-01-21,Z3,2680.4
2026-01-22,Z3,2756.1
2026-01-23,Z3,2692.1
2026-01-24,Z3,2972.4
2026-01-25,Z3,3089.1
2026-01-26,Z3,2955.4
2026-01-27,Z3,2950.6
2026-01-28,Z3,3028.1
2026-01-29,Z3,2875.7
2026-01-30,Z3,2847.3
2026-01-31,Z3,2914.7
2026-02-01,Z3,2941.4
2026-02-02,Z3,2801.5
2026-02-03,Z3,2691.9
2026-02-04,Z3,2840.4
2026-02-05,Z3,2926.7
2026-02-06,Z3,3018.2
2026-02-07,Z3,3197.6
2026-02-08,Z3,3274.0
2026-02-09,Z3,3092.5
2026-02-10,Z3,3026.4
2026-02-11,Z3,2946.3
2026-02-12,Z3,3134.5
2026-02-13,Z3,3207.3
2026-02-14,Z3,3262.1
2026-02-15,Z3,3412.6
2026-02-16,Z3,3089.7
2026-02-17,Z3,3079.5
2026-02-18,Z3,2955.6
2026-02-19,Z3,3073.7
2026-02-20,Z3,3258.7
2026-02-21,Z3,3400.6
2026-02-22,Z3,3486.8
2026-02-23,Z3,3182.1
2026-02-24,Z3,2850.0
2026-02-25,Z3,2889.8
2026-02-26,Z3,2976.1
2026-02-27,Z3,3177.3
2026-02-28,Z3,3371.7
2026-03-01,Z3,3495.6
2026-03-02,Z3,3421.3
2026-03-03,Z3,3475.2
2026-03-04,Z3,3449.6
2026-03-05,Z3,3588.7
2026-03-06,Z3,3641.4
2026-03-07,Z3,3797.9
2026-03-08,Z3,3716.2
2026-03-09,Z3,3410.7
2026-03-10,Z3,3319.7
2026-03-11,Z3,3542.6
2026-03-12,Z3,3586.7
2026-03-13,Z3,3654.0
2026-03-14,Z3,3732.8
2026-03-15,Z3,3756.6
2026-03-16,Z3,3332.4
2026-03-17,Z3,3095.3
2026-03-18,Z3,2652.5
2026-03-19,Z3,3004.0
2026-03-20,Z3,3090.4
2026-03-21,Z3,3366.1
2026-03-22,Z3,3303.9
2026-03-23,Z3,3416.1
2026-03-24,Z3,3327.4
2026-03-25,Z3,3254.5
2026-03-26,Z3,3552.8
2026-03-27,Z3,3691.7
2026-03-28,Z3,3812.8
2026-03-29,Z3,3901.4
2026-03-30,Z3,3686.5
2026-03-31,Z3,3231.3
2026-04-01,Z3,3340.5
2026-04-02,Z3,3392.4
2026-04-03,Z3,3575.6
2026-04-04,Z3,3779.1
2026-04-05,Z3,3806.0
2026-04-06,Z3,3548.4
2026-04-07,Z3,3658.1
2026-04-08,Z3,3640.8
2026-04-09,Z3,3800.7
2026-04-10,Z3,3922.3
2026-04-11,Z3,4038.0
2026-04-12,Z3,4194.9
2026-04-13,Z3,3841.1
2026-04-14,Z3,3939.2
2026-04-15,Z3,3957.3
2026-04-16,Z3,4043.2
2026-04-17,Z3,4161.8
2026-04-18,Z3,4187.5
2026-04-19,Z3,4259.3
2026-04-20,Z3,3893.0
2026-04-21,Z3,3808.6
2026-04-22,Z3,3851.3
2026-04-23,Z3,3758.8
2026-04-24,Z3,3822.9
2026-04-25,Z3,3976.4
2026-04-26,Z3,4094.9
2026-04-27,Z3,4079.0
2026-04-28,Z3,4020.0
2026-04-29,Z3,4121.2
2026-04-30,Z3,4159.1
2026-05-01,Z3,4041.2
2026-05-02,Z3,4161.8
2026-05-03,Z3,4345.1
2026-05-04,Z3,4046.9
2026-05-05,Z3,3926.1
2026-05-06,Z3,3635.5
2026-05-07,Z3,3545.9
2026-05-08,Z3,3471.3
2026-05-09,Z3,3658.9
2026-05-10,Z3,3859.9
2026-05-11,Z3,3924.3
2026-05-12,Z3,3693.2
2026-05-13,Z3,3642.2
2026-05-14,Z3,3769.3
2026-05-15,Z3,3971.9
2026-05-16,Z3,4066.4
2026-05-17,Z3,4050.7
2026-05-18,Z3,3672.6
2026-05-19,Z3,3749.0
2026-05-20,Z3,3772.8
2026-05-21,Z3,3885.2
2026-05-22,Z3,3692.6
2026-05-23,Z3,3719.7
2026-05-24,Z3,3860.7
2026-05-25,Z3,3597.4
2026-05-26,Z3,3504.1
2026-05-27,Z3,3187.8
2026-05-28,Z3,3689.0
2026-05-29,Z3,3865.4
2026-05-30,Z3,4035.7
2026-05-31,Z3,4012.8
2026-06-01,Z3,3748.3
2026-06-02,Z3,3657.2
2026-06-03,Z3,3558.6
2026-06-04,Z3,3624.3
2026-06-05,Z3,3473.5
2026-06-06,Z3,3564.3
2026-06-07,Z3,3723.2
2026-06-08,Z3,3222.8
2026-06-09,Z3,3231.5
2026-06-10,Z3,3385.8
2026-06-11,Z3,3470.2
2026-06-12,Z3,3415.6
2026-06-13,Z3,3442.2
2026-06-14,Z3,3573.6
2026-06-15,Z3,3436.5
2026-06-16,Z3,3599.1
2026-06-17,Z3,3632.3
2026-06-18,Z3,3506.5
2026-06-19,Z3,3620.4
2026-06-20,Z3,3885.2
2026-06-21,Z3,3453.2
2026-06-22,Z3,3385.7
2026-06-23,Z3,3240.9
2026-06-24,Z3,3172.7
2026-06-25,Z3,3046.4
2026-06-26,Z3,3169.9
2026-06-27,Z3,2955.8
2026-06-28,Z3,3433.0
2026-06-29,Z3,3070.9
2026-06-30,Z3,2903.6
2026-07-01,Z3,2849.4
2026-07-02,Z3,2888.8
2026-07-03,Z3,2931.0
2026-07-04,Z3,2669.4
2026-07-05,Z3,3000.4
2026-07-06,Z3,3244.7
2026-07-07,Z3,3181.7
2026-07-08,Z3,3300.8
2026-07-09,Z3,3172.7
2026-07-10,Z3,3317.2
2026-07-11,Z3,3452.8
2026-07-12,Z3,3622.0
2026-07-13,Z3,3521.1
2026-07-14,Z3,3386.3
2026-07-15,Z3,3283.3
2026-07-16,Z3,3282.7
2026-07-17,Z3,2791.4
2026-07-18,Z3,2908.3
2026-07-19,Z3,3359.3
2026-07-20,Z3,3065.9
2026-07-21,Z3,2561.7
2026-07-22,Z3,2393.1
2026-07-23,Z3,2742.3
2026-07-24,Z3,2995.5
2026-07-25,Z3,3132.2
2026-07-26,Z3,3079.7
2026-07-27,Z3,2847.1
2026-07-28,Z3,3032.8
2026-07-29,Z3,2480.1
2026-07-30,Z3,2423.0
2026-07-31,Z3,3007.9
2026-08-01,Z3,3218.8
2026-08-02,Z3,3416.8
2026-08-03,Z3,3180.5
2026-08-04,Z3,2852.9
2026-08-05,Z3,3076.9
2026-08-06,Z3,2997.0
2026-08-07,Z3,2968.4
2026-08-08,Z3,3072.0
2026-08-09,Z3,3148.8
2026-08-10,Z3,2925.2
2026-08-11,Z3,2872.8
2026-08-12,Z3,2818.5
2026-08-13,Z3,3038.2
2026-08-14,Z3,3053.0
2026-08-15,Z3,3330.6
2026-08-16,Z3,3089.5
2026-08-17,Z3,3085.8
2026-08-18,Z3,3165.5
2026-08-19,Z3,2900.5
2026-08-20,Z3,3082.4
2026-08-21,Z3,3108.8
2026-08-22,Z3,3390.0
2026-08-23,Z3,2866.0
2026-08-24,Z3,2855.6
2026-08-25,Z3,2952.4
2026-08-26,Z3,3148.2
2026-08-27,Z3,3068.7
2026-08-28,Z3,3185.9
2026-08-29,Z3,3199.8
2026-08-30,Z3,2996.2
2026-08-31,Z3,2896.0
2026-09-01,Z3,3002.6
2026-09-02,Z3,3160.1
2026-09-03,Z3,2870.8
2026-09-04,Z3,3322.3
2026-09-05,Z3,3362.4
2026-09-06,Z3,3521.4
2026-09-07,Z3,3146.9
2026-09-08,Z3,3330.3
2026-09-09,Z3,3196.7
2026-09-10,Z3,3138.3
2026-09-11,Z3,3142.5
2026-09-12,Z3,3241.4
2026-09-13,Z3,3174.4
2026-09-14,Z3,2796.9
2026-09-15,Z3,3341.4
2026-09-16,Z3,3545.9
2026-09-17,Z3,3508.9
2026-09-18,Z3,3391.4
2026-09-19,Z3,3522.6
2026-09-20,Z3,3374.0
2026-09-21,Z3,3126.0
2026-09-22,Z3,3256.6
2026-09-23,Z3,3041.5
2026-09-24,Z3,2870.7
2026-09-25,Z3,3248.0
2026-09-26,Z3,3353.6
2026-09-27,Z3,3639.2
2024-01-01,Z4,1636.6
2024-01-02,Z4,1620.9
2024-01-03,Z4,1616.4
2024-01-04,Z4,1602.7
2024-01-05,Z4,1681.6
2024-01-06,Z4,1738.1
2024-01-07,Z4,1778.2
2024-01-08,Z4,1754.8
2024-01-09,Z4,1719.8
2024-01-10,Z4,1627.8
2024-01-11,Z4,1741.4
2024-01-12,Z4,1799.8
2024-01-13,Z4,1819.7
2024-01-14,Z4,1840.3
2024-01-15,Z4,1747.5
2024-01-16,Z4,1748.6
2024-01-17,Z4,1675.3
2024-01-18,Z4,1643.2
2024-01-19,Z4,1767.8
2024-01-20,Z4,1806.2
2024-01-21,Z4,1839.5
2024-01-22,Z4,1759.2
2024-01-23,Z4,1739.9
2024-01-24,Z4,1737.5
2024-01-25,Z4,1672.0
2024-01-26,Z4,1708.8
2024-01-27,Z4,1771.2
2024-01-28,Z4,1812.7
2024-01-29,Z4,1736.3
2024-01-30,Z4,1680.2
2024-01-31,Z4,1743.0
2024-02-01,Z4,1807.0
2024-02-02,Z4,1820.9
2024-02-03,Z4,1838.9
2024-02-04,Z4,1902.4
2024-02-05,Z4,1792.0
2024-02-06,Z4,1790.2
2024-02-07,Z4,1852.9
2024-02-08,Z4,1846.7
2024-02-09,Z4,1811.0
2024-02-10,Z4,1853.8
2024-02-11,Z4,1919.4
2024-02-12,Z4,1784.6
2024-02-13,Z4,1797.5
2024-02-14,Z4,1820.5
2024-02-15,Z4,1852.1
2024-02-16,Z4,1892.8
2024-02-17,Z4,1981.9
2024-02-18,Z4,1969.4
2024-02-19,Z4,1824.8
2024-02-20,Z4,1807.4
2024-02-21,Z4,1796.2
2024-02-22,Z4,1778.8
2024-02-23,Z4,1792.6
2024-02-24,Z4,1877.0
2024-02-25,Z4,1858.5
2024-02-26,Z4,1773.0
2024-02-27,Z4,1838.8
2024-02-28,Z4,1826.3
2024-02-29,Z4,1942.1
2024-03-01,Z4,1946.7
2024-03-02,Z4,1999.6
2024-03-03,Z4,2018.3
2024-03-04,Z4,1898.3
2024-03-05,Z4,1881.5
2024-03-06,Z4,1987.1
2024-03-07,Z4,1937.8
2024-03-08,Z4,1969.7
2024-03-09,Z4,2031.6
2024-03-10,Z4,1955.7
2024-03-11,Z4,1908.0
2024-03-12,Z4,1948.4
2024-03-13,Z4,1929.1
2024-03-14,Z4,1896.3
2024-03-15,Z4,1918.1
2024-03-16,Z4,1879.2
2024-03-17,Z4,1917.7
2024-03-18,Z4,1836.5
2024-03-19,Z4,1813.2
2024-03-20,Z4,1735.8
2024-03-21,Z4,1807.1
2024-03-22,Z4,1874.3
2024-03-23,Z4,1979.1
2024-03-24,Z4,1973.4
2024-03-25,Z4,1848.4
2024-03-26,Z4,1892.4
2024-03-27,Z4,1944.8
2024-03-28,Z4,2030.8
2024-03-29,Z4,2016.0
2024-03-30,Z4,2098.7
2024-03-31,Z4,2070.8
2024-04-01,Z4,2030.8
2024-04-02,Z4,1938.5
2024-04-03,Z4,2005.0
2024-04-04,Z4,1994.4
2024-04-05,Z4,2096.9
2024-04-06,Z4,2136.1
2024-04-07,Z4,2133.4
2024-04-08,Z4,1935.1
2024-04-09,Z4,1889.0
2024-04-10,Z4,1934.0
2024-04-11,Z4,1927.3
2024-04-12,Z4,1756.1
2024-04-13,Z4,1930.4
2024-04-14,Z4,2078.4
2024-04-15,Z4,1933.8
2024-04-16,Z4,1900.5
2024-04-17,Z4,1926.1
2024-04-18,Z4,2019.3
2024-04-19,Z4,2061.9
2024-04-20,Z4,2075.5
2024-04-21,Z4,2094.9
2024-04-22,Z4,2004.4
2024-04-23,Z4,1991.0
2024-04-24,Z4,1973.1
2024-04-25,Z4,1970.8
2024-04-26,Z4,1993.1
2024-04-27,Z4,2045.4
2024-04-28,Z4,2152.8
2024-04-29,Z4,2035.8
2024-04-30,Z4,2035.4
2024-05-01,Z4,2047.7
2024-05-02,Z4,2053.5
2024-05-03,Z4,2079.3
2024-05-04,Z4,2176.2
2024-05-05,Z4,2138.7
2024-05-06,Z4,2056.6
2024-05-07,Z4,1887.9
2024-05-08,Z4,1900.4
2024-05-09,Z4,1916.4
2024-05-10,Z4,1773.9
2024-05-11,Z4,2001.7
2024-05-12,Z4,1911.1
2024-05-13,Z4,1884.7
2024-05-14,Z4,1913.5
2024-05-15,Z4,1938.9
2024-05-16,Z4,1816.4
2024-05-17,Z4,1874.4
2024-05-18,Z4,1932.8
2024-05-19,Z4,1902.7
2024-05-20,Z4,1783.2
2024-05-21,Z4,1883.8
2024-05-22,Z4,1844.7
2024-05-23,Z4,1976.2
2024-05-24,Z4,2036.9
2024-05-25,Z4,2102.3
2024-05-26,Z4,2140.9
2024-05-27,Z4,2021.0
2024-05-28,Z4,1926.0
2024-05-29,Z4,1985.7
2024-05-30,Z4,1991.4
2024-05-31,Z4,2018.0
2024-06-01,Z4,2049.4
2024-06-02,Z4,2021.6
2024-06-03,Z4,1780.9
2024-06-04,Z4,1731.9
2024-06-05,Z4,1664.2
2024-06-06,Z4,1739.1
2024-06-07,Z4,1792.2
2024-06-08,Z4,1823.6
2024-06-09,Z4,1916.9
2024-06-10,Z4,1642.0
2024-06-11,Z4,1726.2
2024-06-12,Z4,1693.1
2024-06-13,Z4,1683.8
2024-06-14,Z4,1657.0
2024-06-15,Z4,1804.3
2024-06-16,Z4,1878.8
2024-06-17,Z4,1821.3
2024-06-18,Z4,1859.4
2024-06-19,Z4,1717.0
2024-06-20,Z4,1861.3
2024-06-21,Z4,1786.2
2024-06-22,Z4,1713.2
2024-06-23,Z4,1913.2
2024-06-24,Z4,1836.8
2024-06-25,Z4,1760.3
2024-06-26,Z4,1704.2
2024-06-27,Z4,1551.6
2024-06-28,Z4,1612.6
2024-06-29,Z4,1801.9
2024-06-30,Z4,1740.6
2024-07-01,Z4,1697.0
2024-07-02,Z4,1706.4
2024-07-03,Z4,1718.2
2024-07-04,Z4,1760.9
2024-07-05,Z4,1715.3
2024-07-06,Z4,1638.9
2024-07-07,Z4,1667.8
2024-07-08,Z4,1603.1
2024-07-09,Z4,1587.7
2024-07-10,Z4,1722.7
2024-07-11,Z4,1700.3
2024-07-12,Z4,1743.1
2024-07-13,Z4,1789.4
2024-07-14,Z4,1681.7
2024-07-15,Z4,1689.8
2024-07-16,Z4,1639.6
2024-07-17,Z4,1708.9
2024-07-18,Z4,1612.8
2024-07-19,Z4,1656.9
2024-07-20,Z4,1662.3
2024-07-21,Z4,1718.5
2024-07-22,Z4,1583.1
2024-07-23,Z4,1588.7
2024-07-24,Z4,1558.5
2024-07-25,Z4,1550.7
2024-07-26,Z4,1622.2
2024-07-27,Z4,1621.5
2024-07-28,Z4,1817.3
2024-07-29,Z4,1700.0
2024-07-30,Z4,1777.5
2024-07-31,Z4,1759.9
2024-08-01,Z4,1686.9
2024-08-02,Z4,1642.7
2024-08-03,Z4,1880.4
2024-08-04,Z4,1885.7
2024-08-05,Z4,1873.2
2024-08-06,Z4,1735.7
2024-08-07,Z4,1518.2
2024-08-08,Z4,1603.4
2024-08-09,Z4,1731.9
2024-08-10,Z4,1812.7
2024-08-11,Z4,1810.7
2024-08-12,Z4,1596.1
2024-08-13,Z4,1747.8
2024-08-14,Z4,1733.4
2024-08-15,Z4,1751.1
2024-08-16,Z4,1741.8
2024-08-17,Z4,1804.7
2024-08-18,Z4,1846.3
2024-08-19,Z4,1637.1
2024-08-20,Z4,1685.8
2024-08-21,Z4,1756.1
2024-08-22,Z4,1756.9
2024-08-23,Z4,1811.0
2024-08-24,Z4,1668.8
2024-08-25,Z4,1737.5
2024-08-26,Z4,1734.2
2024-08-27,Z4,1717.4
2024-08-28,Z4,1720.8
2024-08-29,Z4,1771.1
2024-08-30,Z4,1580.5
2024-08-31,Z4,1602.3
2024-09-01,Z4,1546.2
2024-09-02,Z4,1549.7
2024-09-03,Z4,1615.0
2024-09-04,Z4,1669.1
2024-09-05,Z4,1748.8
2024-09-06,Z4,1711.5
2024-09-07,Z4,1662.4
2024-09-08,Z4,1676.1
2024-09-09,Z4,1557.4
2024-09-10,Z4,1705.3
2024-09-11,Z4,1791.0
2024-09-12,Z4,1746.6
2024-09-13,Z4,1754.3
2024-09-14,Z4,1829.0
2024-09-15,Z4,1834.7
2024-09-16,Z4,1705.6
2024-09-17,Z4,1805.2
2024-09-18,Z4,1763.2
2024-09-19,Z4,1814.7
2024-09-20,Z4,1744.2
2024-09-21,Z4,1727.9
2024-09-22,Z4,1805.6
2024-09-23,Z4,1612.1
2024-09-24,Z4,1648.8
2024-09-25,Z4,1622.5
2024-09-26,Z4,1628.4
2024-09-27,Z4,1758.5
2024-09-28,Z4,1771.3
2024-09-29,Z4,1818.8
2024-09-30,Z4,1727.4
2024-10-01,Z4,1693.9
2024-10-02,Z4,1711.4
2024-10-03,Z4,1758.3
2024-10-04,Z4,1845.7
2024-10-05,Z4,1884.6
2024-10-06,Z4,1903.7
2024-10-07,Z4,1809.3
2024-10-08,Z4,1762.7
2024-10-09,Z4,1780.0
2024-10-10,Z4,1728.9
2024-10-11,Z4,1800.0
2024-10-12,Z4,1796.4
2024-10-13,Z4,1821.8
2024-10-14,Z4,1722.3
2024-10-15,Z4,1642.8
2024-10-16,Z4,1666.3
2024-10-17,Z4,1685.0
2024-10-18,Z4,1731.8
2024-10-19,Z4,1870.3
2024-10-20,Z4,1834.2
2024-10-21,Z4,1776.4
2024-10-22,Z4,1686.7
2024-10-23,Z4,1785.4
2024-10-24,Z4,1826.8
2024-10-25,Z4,1888.8
2024-10-26,Z4,1942.8
2024-10-27,Z4,1994.8
2024-10-28,Z4,1945.4
2024-10-29,Z4,1889.1
2024-10-30,Z4,1783.6
2024-10-31,Z4,1715.0
2024-11-01,Z4,1754.6
2024-11-02,Z4,1814.2
2024-11-03,Z4,1818.0
2024-11-04,Z4,1786.2
2024-11-05,Z4,1765.2
2024-11-06,Z4,1783.4
2024-11-07,Z4,1824.2
2024-11-08,Z4,1850.0
2024-11-09,Z4,1884.6
2024-11-10,Z4,1890.4
2024-11-11,Z4,1806.4
2024-11-12,Z4,1816.5
2024-11-13,Z4,1758.3
2024-11-14,Z4,1744.4
2024-11-15,Z4,1805.2
2024-11-16,Z4,1902.4
2024-11-17,Z4,1930.3
2024-11-18,Z4,1789.3
2024-11-19,Z4,1768.7
2024-11-20,Z4,1750.3
2024-11-21,Z4,1742.4
2024-11-22,Z4,1762.3
2024-11-23,Z4,1812.1
2024-11-24,Z4,1851.6
2024-11-25,Z4,1666.1
2024-11-26,Z4,1695.4
2024-11-27,Z4,1683.2
2024-11-28,Z4,1686.8
2024-11-29,Z4,1762.7
2024-11-30,Z4,1844.0
2024-12-01,Z4,1806.9
2024-12-02,Z4,1611.7
2024-12-03,Z4,1621.8
2024-12-04,Z4,1716.8
2024-12-05,Z4,1667.7
2024-12-06,Z4,1810.8
2024-12-07,Z4,1838.2
2024-12-08,Z4,1838.7
2024-12-09,Z4,1726.1
2024-12-10,Z4,1729.8
2024-12-11,Z4,1724.2
2024-12-12,Z4,1710.8
2024-12-13,Z4,1723.4
2024-12-14,Z4,1783.1
2024-12-15,Z4,1840.9
2024-12-16,Z4,1710.8
2024-12-17,Z4,1699.1
2024-12-18,Z4,1634.3
2024-12-19,Z4,1692.2
2024-12-20,Z4,1736.7
2024-12-21,Z4,1794.2
2024-12-22,Z4,1825.5
2024-12-23,Z4,1737.9
2024-12-24,Z4,1656.6
2024-12-25,Z4,1675.6
2024-12-26,Z4,1630.4
2024-12-27,Z4,1682.6
2024-12-28,Z4,1760.1
2024-12-29,Z4,1844.9
2024-12-30,Z4,1772.9
2024-12-31,Z4,1741.4
2025-01-01,Z4,1745.4
2025-01-02,Z4,1744.3
2025-01-03,Z4,1734.7
2025-01-04,Z4,1759.8
2025-01-05,Z4,1788.5
2025-01-06,Z4,1694.9
2025-01-07,Z4,1703.5
2025-01-08,Z4,1703.1
2025-01-09,Z4,1676.6
2025-01-10,Z4,1684.7
2025-01-11,Z4,1752.4
2025-01-12,Z4,1832.4
2025-01-13,Z4,1770.8
2025-01-14,Z4,1805.6
2025-01-15,Z4,1749.6
2025-01-16,Z4,1761.5
2025-01-17,Z4,1795.6
2025-01-18,Z4,1798.5
2025-01-19,Z4,1881.1
2025-01-20,Z4,1734.3
2025-01-21,Z4,1749.0
2025-01-22,Z4,1724.2
2025-01-23,Z4,1698.9
2025-01-24,Z4,1754.3
2025-01-25,Z4,1824.5
2025-01-26,Z4,1882.7
2025-01-27,Z4,1838.1
2025-01-28,Z4,1784.7
2025-01-29,Z4,1774.8
2025-01-30,Z4,1755.4
2025-01-31,Z4,1824.8
2025-02-01,Z4,1914.1
2025-02-02,Z4,1993.8
2025-02-03,Z4,1849.3
2025-02-04,Z4,1896.9
2025-02-05,Z4,1843.6
2025-02-06,Z4,1808.1
2025-02-07,Z4,1867.9
2025-02-08,Z4,1993.5
2025-02-09,Z4,2008.8
2025-02-10,Z4,1895.2
2025-02-11,Z4,1829.5
2025-02-12,Z4,1802.2
2025-02-13,Z4,1846.6
2025-02-14,Z4,1855.1
2025-02-15,Z4,1893.6
2025-02-16,Z4,1977.3
2025-02-17,Z4,1906.0
2025-02-18,Z4,1937.8
2025-02-19,Z4,1915.2
2025-02-20,Z4,1961.4
2025-02-21,Z4,1935.4
2025-02-22,Z4,2007.2
2025-02-23,Z4,2057.8
2025-02-24,Z4,1865.6
2025-02-25,Z4,1929.3
2025-02-26,Z4,1906.0
2025-02-27,Z4,1928.2
2025-02-28,Z4,1946.8
2025-03-01,Z4,2059.0
2025-03-02,Z4,2138.6
2025-03-03,Z4,1957.6
2025-03-04,Z4,2000.2
2025-03-05,Z4,1907.5
2025-03-06,Z4,1891.5
2025-03-07,Z4,1886.0
2025-03-08,Z4,2043.6
2025-03-09,Z4,2028.9
2025-03-10,Z4,1871.0
2025-03-11,Z4,1874.0
2025-03-12,Z4,2007.1
2025-03-13,Z4,2126.2
2025-03-14,Z4,2100.1
2025-03-15,Z4,2137.6
2025-03-16,Z4,2141.0
2025-03-17,Z4,2066.4
2025-03-18,Z4,1999.1
2025-03-19,Z4,1953.6
2025-03-20,Z4,1988.4
2025-03-21,Z4,1990.4
2025-03-22,Z4,1985.9
2025-03-23,Z4,1930.0
2025-03-24,Z4,1894.5
2025-03-25,Z4,1978.5
2025-03-26,Z4,2026.2
2025-03-27,Z4,2110.4
2025-03-28,Z4,2071.7
2025-03-29,Z4,2126.4
2025-03-30,Z4,2135.5
2025-03-31,Z4,1985.0
2025-04-01,Z4,1952.0
2025-04-02,Z4,1884.6
2025-04-03,Z4,1683.5
2025-04-04,Z4,1750.3
2025-04-05,Z4,1867.2
2025-04-06,Z4,2015.0
2025-04-07,Z4,2032.7
2025-04-08,Z4,2025.4
2025-04-09,Z4,1961.2
2025-04-10,Z4,2048.8
2025-04-11,Z4,2085.1
2025-04-12,Z4,2068.1
2025-04-13,Z4,2102.7
2025-04-14,Z4,2030.2
2025-04-15,Z4,2000.5
2025-04-16,Z4,1940.6
2025-04-17,Z4,1980.9
2025-04-18,Z4,1959.6
2025-04-19,Z4,1967.4
2025-04-20,Z4,2165.8
2025-04-21,Z4,2036.1
2025-04-22,Z4,2014.0
2025-04-23,Z4,2048.1
2025-04-24,Z4,2106.4
2025-04-25,Z4,2147.6
2025-04-26,Z4,2188.8
2025-04-27,Z4,1994.7
2025-04-28,Z4,2088.1
2025-04-29,Z4,2043.3
2025-04-30,Z4,2065.6
2025-05-01,Z4,2049.0
2025-05-02,Z4,2040.9
2025-05-03,Z4,2077.3
2025-05-04,Z4,2127.8
2025-05-05,Z4,2007.3
2025-05-06,Z4,2027.1
2025-05-07,Z4,1977.9
2025-05-08,Z4,2011.9
2025-05-09,Z4,2062.2
2025-05-10,Z4,2112.8
2025-05-11,Z4,2192.2
2025-05-12,Z4,2028.6
2025-05-13,Z4,2035.6
2025-05-14,Z4,2044.5
2025-05-15,Z4,1797.2
2025-05-16,Z4,1989.1
2025-05-17,Z4,2087.5
2025-05-18,Z4,2093.7
2025-05-19,Z4,1860.6
2025-05-20,Z4,1942.1
2025-05-21,Z4,1689.9
2025-05-22,Z4,1794.2
2025-05-23,Z4,1830.2
2025-05-24,Z4,1862.2
2025-05-25,Z4,1923.0
2025-05-26,Z4,1785.5
2025-05-27,Z4,1808.0
2025-05-28,Z4,1728.5
2025-05-29,Z4,1805.4
2025-05-30,Z4,1887.3
2025-05-31,Z4,2026.3
2025-06-01,Z4,2008.2
2025-06-02,Z4,1859.8
2025-06-03,Z4,1840.0
2025-06-04,Z4,1825.0
2025-06-05,Z4,1817.2
2025-06-06,Z4,1958.8
2025-06-07,Z4,2074.3
2025-06-08,Z4,2039.6
2025-06-09,Z4,1655.2
2025-06-10,Z4,1784.9
2025-06-11,Z4,1805.6
2025-06-12,Z4,1752.8
2025-06-13,Z4,1942.1
2025-06-14,Z4,1963.2
2025-06-15,Z4,1940.0
2025-06-16,Z4,1794.7
2025-06-17,Z4,1875.4
2025-06-18,Z4,1844.8
2025-06-19,Z4,1874.1
2025-06-20,Z4,1877.7
2025-06-21,Z4,1968.4
2025-06-22,Z4,2025.2
2025-06-23,Z4,1870.8
2025-06-24,Z4,1699.2
2025-06-25,Z4,1703.0
2025-06-26,Z4,1700.7
2025-06-27,Z4,1880.2
2025-06-28,Z4,2017.9
2025-06-29,Z4,1989.6
2025-06-30,Z4,1772.8
2025-07-01,Z4,1646.6
2025-07-02,Z4,1658.1
2025-07-03,Z4,1754.1
2025-07-04,Z4,1685.3
2025-07-05,Z4,1866.4
2025-07-06,Z4,1925.5
2025-07-07,Z4,1755.7
2025-07-08,Z4,1794.1
2025-07-09,Z4,1825.3
2025-07-10,Z4,1847.4
2025-07-11,Z4,1906.0
2025-07-12,Z4,1965.5
2025-07-13,Z4,1962.4
2025-07-14,Z4,1854.2
2025-07-15,Z4,1845.5
2025-07-16,Z4,1897.7
2025-07-17,Z4,1855.0
2025-07-18,Z4,1769.1
2025-07-19,Z4,1830.3
2025-07-20,Z4,1942.9
2025-07-21,Z4,1853.6
2025-07-22,Z4,1778.8
2025-07-23,Z4,1704.2
2025-07-24,Z4,1648.6
2025-07-25,Z4,1646.4
2025-07-26,Z4,1585.0
2025-07-27,Z4,1882.8
2025-07-28,Z4,1819.7
2025-07-29,Z4,1810.5
2025-07-30,Z4,1708.4
2025-07-31,Z4,1802.7
2025-08-01,Z4,1928.9
2025-08-02,Z4,1973.2
2025-08-03,Z4,1983.0
2025-08-04,Z4,1843.0
2025-08-05,Z4,1811.1
2025-08-06,Z4,1794.0
2025-08-07,Z4,1739.7
2025-08-08,Z4,1779.9
2025-08-09,Z4,1766.6
2025-08-10,Z4,1769.5
2025-08-11,Z4,1723.1
2025-08-12,Z4,1804.5
2025-08-13,Z4,1668.6
2025-08-14,Z4,1694.0
2025-08-15,Z4,1828.4
2025-08-16,Z4,1842.5
2025-08-17,Z4,1771.6
2025-08-18,Z4,1567.5
2025-08-19,Z4,1669.2
2025-08-20,Z4,1758.7
2025-08-21,Z4,1922.5
2025-08-22,Z4,1840.3
2025-08-23,Z4,1934.7
2025-08-24,Z4,1962.2
2025-08-25,Z4,1868.6
2025-08-26,Z4,1603.4
2025-08-27,Z4,1655.4
2025-08-28,Z4,1678.2
2025-08-29,Z4,1825.0
2025-08-30,Z4,1934.3
2025-08-31,Z4,1854.5
2025-09-01,Z4,1668.6
2025-09-02,Z4,1666.0
2025-09-03,Z4,1710.0
2025-09-04,Z4,1801.3
2025-09-05,Z4,1854.4
2025-09-06,Z4,1873.0
2025-09-07,Z4,1937.9
2025-09-08,Z4,1830.3
2025-09-09,Z4,1869.2
2025-09-10,Z4,1715.7
2025-09-11,Z4,1609.7
2025-09-12,Z4,1680.7
2025-09-13,Z4,1728.4
2025-09-14,Z4,1917.5
2025-09-15,Z4,1803.3
2025-09-16,Z4,1719.6
2025-09-17,Z4,1813.8
2025-09-18,Z4,1813.8
2025-09-19,Z4,1804.2
2025-09-20,Z4,1961.6
2025-09-21,Z4,1855.3
2025-09-22,Z4,1731.9
2025-09-23,Z4,1680.1
2025-09-24,Z4,1735.6
2025-09-25,Z4,1630.3
2025-09-26,Z4,1710.6
2025-09-27,Z4,1689.0
2025-09-28,Z4,1800.3
2025-09-29,Z4,1751.4
2025-09-30,Z4,1792.5
2025-10-01,Z4,1805.6
2025-10-02,Z4,1767.5
2025-10-03,Z4,1833.5
2025-10-04,Z4,1836.8
2025-10-05,Z4,1927.1
2025-10-06,Z4,1716.9
2025-10-07,Z4,1787.7
2025-10-08,Z4,1855.7
2025-10-09,Z4,1872.8
2025-10-10,Z4,1930.4
2025-10-11,Z4,2001.1
2025-10-12,Z4,2059.4
2025-10-13,Z4,1844.3
2025-10-14,Z4,1817.3
2025-10-15,Z4,1830.1
2025-10-16,Z4,1949.7
2025-10-17,Z4,1905.3
2025-10-18,Z4,1978.6
2025-10-19,Z4,1980.2
2025-10-20,Z4,1746.3
2025-10-21,Z4,1810.8
2025-10-22,Z4,1774.7
2025-10-23,Z4,1696.8
2025-10-24,Z4,1593.3
2025-10-25,Z4,1695.1
2025-10-26,Z4,1831.3
2025-10-27,Z4,1701.1
2025-10-28,Z4,1617.7
2025-10-29,Z4,1548.0
2025-10-30,Z4,1810.5
2025-10-31,Z4,1848.7
2025-11-01,Z4,1833.0
2025-11-02,Z4,1850.0
2025-11-03,Z4,1824.6
2025-11-04,Z4,1742.3
2025-11-05,Z4,1829.0
2025-11-06,Z4,1794.6
2025-11-07,Z4,1845.1
2025-11-08,Z4,1864.8
2025-11-09,Z4,1904.7
2025-11-10,Z4,1822.6
2025-11-11,Z4,1801.2
2025-11-12,Z4,1776.9
2025-11-13,Z4,1806.6
2025-11-14,Z4,1769.2
2025-11-15,Z4,1845.1
2025-11-16,Z4,1980.0
2025-11-17,Z4,1875.6
2025-11-18,Z4,1884.9
2025-11-19,Z4,1848.6
2025-11-20,Z4,1783.5
2025-11-21,Z4,1794.4
2025-11-22,Z4,1942.9
2025-11-23,Z4,1971.5
2025-11-24,Z4,1819.2
2025-11-25,Z4,1786.5
2025-11-26,Z4,1755.0
2025-11-27,Z4,1739.9
2025-11-28,Z4,1773.5
2025-11-29,Z4,1783.7
2025-11-30,Z4,1813.3
2025-12-01,Z4,1743.9
2025-12-02,Z4,1782.8
2025-12-03,Z4,1774.7
2025-12-04,Z4,1790.7
2025-12-05,Z4,1830.8
2025-12-06,Z4,1879.7
2025-12-07,Z4,1929.5
2025-12-08,Z4,1833.8
2025-12-09,Z4,1830.4
2025-12-10,Z4,1809.2
2025-12-11,Z4,1817.0
2025-12-12,Z4,1802.9
2025-12-13,Z4,1838.5
2025-12-14,Z4,1917.4
2025-12-15,Z4,1806.2
2025-12-16,Z4,1802.5
2025-12-17,Z4,1838.5
2025-12-18,Z4,1843.6
2025-12-19,Z4,1836.0
2025-12-20,Z4,1902.9
2025-12-21,Z4,1940.7
2025-12-22,Z4,1818.7
2025-12-23,Z4,1832.1
2025-12-24,Z4,1803.0
2025-12-25,Z4,1814.8
2025-12-26,Z4,1817.4
2025-12-27,Z4,1873.0
2025-12-28,Z4,1868.6
2025-12-29,Z4,1781.7
2025-12-30,Z4,1886.7
2025-12-31,Z4,1842.2
2026-01-01,Z4,1865.8
2026-01-02,Z4,1850.7
2026-01-03,Z4,1849.6
2026-01-04,Z4,1916.3
2026-01-05,Z4,1772.8
2026-01-06,Z4,1733.4
2026-01-07,Z4,1688.8
2026-01-08,Z4,1689.0
2026-01-09,Z4,1656.6
2026-01-10,Z4,1768.6
2026-01-11,Z4,1912.5
2026-01-12,Z4,1794.3
2026-01-13,Z4,1790.9
2026-01-14,Z4,1835.8
2026-01-15,Z4,1807.3
2026-01-16,Z4,1873.6
2026-01-17,Z4,1933.1
2026-01-18,Z4,1961.7
2026-01-19,Z4,1837.1
2026-01-20,Z4,1813.7
2026-01-21,Z4,1767.0
2026-01-22,Z4,1762.7
2026-01-23,Z4,1774.4
2026-01-24,Z4,1830.9
2026-01-25,Z4,1913.2
2026-01-26,Z4,1756.1
2026-01-27,Z4,1751.7
2026-01-28,Z4,1837.3
2026-01-29,Z4,1844.6
2026-01-30,Z4,1863.9
2026-01-31,Z4,1881.7
2026-02-01,Z4,1953.5
2026-02-02,Z4,1869.6
2026-02-03,Z4,1840.0
2026-02-04,Z4,1853.7
2026-02-05,Z4,1879.0
2026-02-06,Z4,1870.4
2026-02-07,Z4,1888.1
2026-02-08,Z4,1958.6
2026-02-09,Z4,1882.1
2026-02-10,Z4,1890.8
2026-02-11,Z4,1827.9
2026-02-12,Z4,1820.6
2026-02-13,Z4,1884.6
2026-02-14,Z4,1948.7
2026-02-15,Z4,1940.8
2026-02-16,Z4,1857.2
2026-02-17,Z4,1768.8
2026-02-18,Z4,1752.7
2026-02-19,Z4,1863.6
2026-02-20,Z4,1974.2
2026-02-21,Z4,1979.0
2026-02-22,Z4,2019.1
2026-02-23,Z4,1876.6
2026-02-24,Z4,1829.8
2026-02-25,Z4,1836.5
2026-02-26,Z4,1852.3
2026-02-27,Z4,1946.0
2026-02-28,Z4,2005.7
2026-03-01,Z4,2096.9
2026-03-02,Z4,1951.1
2026-03-03,Z4,1938.0
2026-03-04,Z4,1875.9
2026-03-05,Z4,1911.2
2026-03-06,Z4,2011.1
2026-03-07,Z4,2083.0
2026-03-08,Z4,2093.2
2026-03-09,Z4,1933.8
2026-03-10,Z4,1889.2
2026-03-11,Z4,1961.5
2026-03-12,Z4,2048.3
2026-03-13,Z4,1981.9
2026-03-14,Z4,2024.7
2026-03-15,Z4,2055.7
2026-03-16,Z4,1934.4
2026-03-17,Z4,1872.3
2026-03-18,Z4,1756.5
2026-03-19,Z4,1875.6
2026-03-20,Z4,1889.9
2026-03-21,Z4,1994.2
2026-03-22,Z4,2047.5
2026-03-23,Z4,1970.8
2026-03-24,Z4,1938.7
2026-03-25,Z4,1949.9
2026-03-26,Z4,2071.7
2026-03-27,Z4,2069.8
2026-03-28,Z4,2148.9
2026-03-29,Z4,2260.3
2026-03-30,Z4,2087.5
2026-03-31,Z4,1908.0
2026-04-01,Z4,1949.2
2026-04-02,Z4,1960.5
2026-04-03,Z4,2055.0
2026-04-04,Z4,2104.5
2026-04-05,Z4,2095.2
2026-04-06,Z4,1977.5
2026-04-07,Z4,1931.4
2026-04-08,Z4,2056.8
2026-04-09,Z4,2072.2
2026-04-10,Z4,2069.4
2026-04-11,Z4,2225.6
2026-04-12,Z4,2273.1
2026-04-13,Z4,2125.7
2026-04-14,Z4,2110.2
2026-04-15,Z4,2095.5
2026-04-16,Z4,2104.4
2026-04-17,Z4,2105.4
2026-04-18,Z4,2173.9
2026-04-19,Z4,2223.0
2026-04-20,Z4,2137.2
2026-04-21,Z4,2077.7
2026-04-22,Z4,2011.0
2026-04-23,Z4,2039.4
2026-04-24,Z4,2192.1
2026-04-25,Z4,2273.9
2026-04-26,Z4,2236.3
2026-04-27,Z4,2165.2
2026-04-28,Z4,2108.0
2026-04-29,Z4,2062.7
2026-04-30,Z4,2079.4
2026-05-01,Z4,2095.0
2026-05-02,Z4,2122.2
2026-05-03,Z4,2150.5
2026-05-04,Z4,2067.7
2026-05-05,Z4,2038.0
2026-05-06,Z4,2006.2
2026-05-07,Z4,1968.9
2026-05-08,Z4,2027.3
2026-05-09,Z4,2042.6
2026-05-10,Z4,2210.5
2026-05-11,Z4,2022.6
2026-05-12,Z4,1953.4
2026-05-13,Z4,2009.3
2026-05-14,Z4,2116.4
2026-05-15,Z4,2146.3
2026-05-16,Z4,2213.8
2026-05-17,Z4,2212.9
2026-05-18,Z4,2039.1
2026-05-19,Z4,2046.0
2026-05-20,Z4,2029.6
2026-05-21,Z4,2071.9
2026-05-22,Z4,2052.8
2026-05-23,Z4,2089.5
2026-05-24,Z4,2194.8
2026-05-25,Z4,1994.1
2026-05-26,Z4,1977.1
2026-05-27,Z4,1870.7
2026-05-28,Z4,2083.3
2026-05-29,Z4,2124.9
2026-05-30,Z4,2229.3
2026-05-31,Z4,2172.2
2026-06-01,Z4,2053.5
2026-06-02,Z4,1978.6
2026-06-03,Z4,1950.6
2026-06-04,Z4,1982.6
2026-06-05,Z4,1955.7
2026-06-06,Z4,1941.0
2026-06-07,Z4,2035.5
2026-06-08,Z4,1789.6
2026-06-09,Z4,1793.8
2026-06-10,Z4,1914.3
2026-06-11,Z4,1921.7
2026-06-12,Z4,1916.0
2026-06-13,Z4,2012.8
2026-06-14,Z4,2055.8
2026-06-15,Z4,1995.6
2026-06-16,Z4,2033.0
2026-06-17,Z4,2061.7
2026-06-18,Z4,1995.7
2026-06-19,Z4,2012.2
2026-06-20,Z4,2067.9
2026-06-21,Z4,2091.0
2026-06-22,Z4,1944.0
2026-06-23,Z4,1834.6
2026-06-24,Z4,1822.1
2026-06-25,Z4,1787.9
2026-06-26,Z4,1904.2
2026-06-27,Z4,1950.7
2026-06-28,Z4,1983.2
2026-06-29,Z4,1837.8
2026-06-30,Z4,1751.5
2026-07-01,Z4,1737.3
2026-07-02,Z4,1724.4
2026-07-03,Z4,1729.1
2026-07-04,Z4,1690.3
2026-07-05,Z4,1884.0
2026-07-06,Z4,1908.0
2026-07-07,Z4,1883.4
2026-07-08,Z4,1885.4
2026-07-09,Z4,1924.3
2026-07-10,Z4,1983.2
2026-07-11,Z4,2083.0
2026-07-12,Z4,2146.9
2026-07-13,Z4,1965.1
2026-07-14,Z4,1884.2
2026-07-15,Z4,1878.1
2026-07-16,Z4,1874.4
2026-07-17,Z4,1756.9
2026-07-18,Z4,1829.3
2026-07-19,Z4,2031.1
2026-07-20,Z4,1861.9
2026-07-21,Z4,1696.6
2026-07-22,Z4,1711.7
2026-07-23,Z4,1886.0
2026-07-24,Z4,1916.1
2026-07-25,Z4,2029.1
2026-07-26,Z4,1975.8
2026-07-27,Z4,1766.0
2026-07-28,Z4,1772.4
2026-07-29,Z4,1651.8
2026-07-30,Z4,1687.3
2026-07-31,Z4,1889.6
2026-08-01,Z4,2015.2
2026-08-02,Z4,1974.8
2026-08-03,Z4,1857.5
2026-08-04,Z4,1727.2
2026-08-05,Z4,1787.8
2026-08-06,Z4,1914.7
2026-08-07,Z4,1884.3
2026-08-08,Z4,1927.7
2026-08-09,Z4,2014.7
2026-08-10,Z4,1822.4
2026-08-11,Z4,1802.7
2026-08-12,Z4,1800.5
2026-08-13,Z4,1861.4
2026-08-14,Z4,1833.0
2026-08-15,Z4,1985.3
2026-08-16,Z4,2011.7
2026-08-17,Z4,1940.5
2026-08-18,Z4,1905.6
2026-08-19,Z4,1822.9
2026-08-20,Z4,1863.2
2026-08-21,Z4,1885.4
2026-08-22,Z4,1939.9
2026-08-23,Z4,1778.0
2026-08-24,Z4,1721.4
2026-08-25,Z4,1720.1
2026-08-26,Z4,1821.2
2026-08-27,Z4,1853.2
2026-08-28,Z4,1965.1
2026-08-29,Z4,1971.2
2026-08-30,Z4,1929.4
2026-08-31,Z4,1855.3
2026-09-01,Z4,1870.0
2026-09-02,Z4,1934.8
2026-09-03,Z4,1887.5
2026-09-04,Z4,1978.6
2026-09-05,Z4,1995.1
2026-09-06,Z4,2000.3
2026-09-07,Z4,1783.5
2026-09-08,Z4,1875.4
2026-09-09,Z4,1853.9
2026-09-10,Z4,1830.8
2026-09-11,Z4,1887.9
2026-09-12,Z4,1966.7
2026-09-13,Z4,1918.6
2026-09-14,Z4,1755.1
2026-09-15,Z4,1869.3
2026-09-16,Z4,1918.7
2026-09-17,Z4,1925.7
2026-09-18,Z4,1876.3
2026-09-19,Z4,1995.4
2026-09-20,Z4,2033.8
2026-09-21,Z4,1912.2
2026-09-22,Z4,1882.1
2026-09-23,Z4,1762.9
2026-09-24,Z4,1757.9
2026-09-25,Z4,1940.4
2026-09-26,Z4,1998.9
2026-09-27,Z4,2154.4
2024-01-01,Z5,1966.2
2024-01-02,Z5,1898.9
2024-01-03,Z5,1872.0
2024-01-04,Z5,1933.8
2024-01-05,Z5,1913.0
2024-01-06,Z5,2033.8
2024-01-07,Z5,2031.0
2024-01-08,Z5,1931.2
2024-01-09,Z5,1965.3
2024-01-10,Z5,1897.9
2024-01-11,Z5,2056.8
2024-01-12,Z5,2072.7
2024-01-13,Z5,2178.6
2024-01-14,Z5,2241.5
2024-01-15,Z5,2021.3
2024-01-16,Z5,2014.1
2024-01-17,Z5,2012.7
2024-01-18,Z5,1984.3
2024-01-19,Z5,2003.5
2024-01-20,Z5,1979.1
2024-01-21,Z5,2065.5
2024-01-22,Z5,1983.4
2024-01-23,Z5,1960.5
2024-01-24,Z5,1965.2
2024-01-25,Z5,1929.9
2024-01-26,Z5,2021.8
2024-01-27,Z5,2010.6
2024-01-28,Z5,2056.1
2024-01-29,Z5,1982.9
2024-01-30,Z5,1991.0
2024-01-31,Z5,2023.9
2024-02-01,Z5,2070.2
2024-02-02,Z5,2161.3
2024-02-03,Z5,2146.7
2024-02-04,Z5,2210.7
2024-02-05,Z5,2127.2
2024-02-06,Z5,2129.2
2024-02-07,Z5,2149.9
2024-02-08,Z5,2159.5
2024-02-09,Z5,2095.6
2024-02-10,Z5,2139.3
2024-02-11,Z5,2223.5
2024-02-12,Z5,2080.4
2024-02-13,Z5,2065.4
2024-02-14,Z5,2089.0
2024-02-15,Z5,2112.5
2024-02-16,Z5,2161.5
2024-02-17,Z5,2258.8
2024-02-18,Z5,2338.3
2024-02-19,Z5,2180.4
2024-02-20,Z5,2175.4
2024-02-21,Z5,2178.7
2024-02-22,Z5,2211.0
2024-02-23,Z5,2223.2
2024-02-24,Z5,2340.5
2024-02-25,Z5,2271.5
2024-02-26,Z5,2157.9
2024-02-27,Z5,2217.3
2024-02-28,Z5,2146.7
2024-02-29,Z5,2175.8
2024-03-01,Z5,2239.7
2024-03-02,Z5,2376.9
2024-03-03,Z5,2367.0
2024-03-04,Z5,2226.9
2024-03-05,Z5,2199.4
2024-03-06,Z5,2188.9
2024-03-07,Z5,2233.9
2024-03-08,Z5,2264.7
2024-03-09,Z5,2368.2
2024-03-10,Z5,2416.4
2024-03-11,Z5,2254.2
2024-03-12,Z5,2239.6
2024-03-13,Z5,2198.1
2024-03-14,Z5,2171.7
2024-03-15,Z5,2323.1
2024-03-16,Z5,2276.0
2024-03-17,Z5,2310.4
2024-03-18,Z5,2250.4
2024-03-19,Z5,2252.6
2024-03-20,Z5,2046.4
2024-03-21,Z5,2212.6
2024-03-22,Z5,2309.1
2024-03-23,Z5,2346.9
2024-03-24,Z5,2325.7
2024-03-25,Z5,2213.2
2024-03-26,Z5,2310.3
2024-03-27,Z5,2423.1
2024-03-28,Z5,2464.6
2024-03-29,Z5,2450.5
2024-03-30,Z5,2455.3
2024-03-31,Z5,2511.6
2024-04-01,Z5,2313.9
2024-04-02,Z5,2332.9
2024-04-03,Z5,2408.6
2024-04-04,Z5,2461.9
2024-04-05,Z5,2482.4
2024-04-06,Z5,2554.7
2024-04-07,Z5,2637.5
2024-04-08,Z5,2345.7
2024-04-09,Z5,2302.6
2024-04-10,Z5,2289.8
2024-04-11,Z5,2326.0
2024-04-12,Z5,1968.8
2024-04-13,Z5,2248.7
2024-04-14,Z5,2545.4
2024-04-15,Z5,2425.9
2024-04-16,Z5,2413.2
2024-04-17,Z5,2416.1
2024-04-18,Z5,2429.0
2024-04-19,Z5,2437.6
2024-04-20,Z5,2392.6
2024-04-21,Z5,2425.4
2024-04-22,Z5,2378.8
2024-04-23,Z5,2477.0
2024-04-24,Z5,2409.8
2024-04-25,Z5,2413.9
2024-04-26,Z5,2483.9
2024-04-27,Z5,2532.5
2024-04-28,Z5,2617.4
2024-04-29,Z5,2462.3
2024-04-30,Z5,2487.9
2024-05-01,Z5,2500.0
2024-05-02,Z5,2524.7
2024-05-03,Z5,2551.8
2024-05-04,Z5,2656.9
2024-05-05,Z5,2594.6
2024-05-06,Z5,2547.0
2024-05-07,Z5,2206.7
2024-05-08,Z5,2301.8
2024-05-09,Z5,2308.0
2024-05-10,Z5,2102.3
2024-05-11,Z5,2409.8
2024-05-12,Z5,2393.8
2024-05-13,Z5,2264.9
2024-05-14,Z5,2211.9
2024-05-15,Z5,2276.9
2024-05-16,Z5,2036.1
2024-05-17,Z5,2281.3
2024-05-18,Z5,2222.2
2024-05-19,Z5,2200.8
2024-05-20,Z5,2120.4
2024-05-21,Z5,2200.9
2024-05-22,Z5,2170.2
2024-05-23,Z5,2404.7
2024-05-24,Z5,2499.5
2024-05-25,Z5,2396.7
2024-05-26,Z5,2478.3
2024-05-27,Z5,2440.4
2024-05-28,Z5,2373.3
2024-05-29,Z5,2394.7
2024-05-30,Z5,2385.9
2024-05-31,Z5,2449.8
2024-06-01,Z5,2545.7
2024-06-02,Z5,2411.8
2024-06-03,Z5,2141.8
2024-06-04,Z5,2142.2
2024-06-05,Z5,1986.1
2024-06-06,Z5,2038.3
2024-06-07,Z5,2085.0
2024-06-08,Z5,2047.2
2024-06-09,Z5,2145.8
2024-06-10,Z5,1877.5
2024-06-11,Z5,1952.3
2024-06-12,Z5,1933.1
2024-06-13,Z5,1971.0
2024-06-14,Z5,1970.7
2024-06-15,Z5,2232.1
2024-06-16,Z5,2247.6
2024-06-17,Z5,2150.8
2024-06-18,Z5,2129.1
2024-06-19,Z5,1919.1
2024-06-20,Z5,2088.6
2024-06-21,Z5,2125.6
2024-06-22,Z5,1964.9
2024-06-23,Z5,2149.2
2024-06-24,Z5,2040.9
2024-06-25,Z5,2040.6
2024-06-26,Z5,2015.9
2024-06-27,Z5,1777.2
2024-06-28,Z5,1966.7
2024-06-29,Z5,2139.3
2024-06-30,Z5,2014.2
2024-07-01,Z5,2024.3
2024-07-02,Z5,2056.9
2024-07-03,Z5,2040.5
2024-07-04,Z5,2176.7
2024-07-05,Z5,2156.3
2024-07-06,Z5,2064.1
2024-07-07,Z5,2070.4
2024-07-08,Z5,1894.6
2024-07-09,Z5,1943.6
2024-07-10,Z5,2058.6
2024-07-11,Z5,1982.0
2024-07-12,Z5,2018.1
2024-07-13,Z5,2001.5
2024-07-14,Z5,1827.1
2024-07-15,Z5,1889.8
2024-07-16,Z5,1814.8
2024-07-17,Z5,1889.7
2024-07-18,Z5,1874.7
2024-07-19,Z5,1917.2
2024-07-20,Z5,1863.2
2024-07-21,Z5,1967.2
2024-07-22,Z5,1794.1
2024-07-23,Z5,1830.3
2024-07-24,Z5,1710.0
2024-07-25,Z5,1731.7
2024-07-26,Z5,1852.1
2024-07-27,Z5,1841.4
2024-07-28,Z5,2072.3
2024-07-29,Z5,1983.8
2024-07-30,Z5,2085.4
2024-07-31,Z5,2075.7
2024-08-01,Z5,2028.8
2024-08-02,Z5,1933.2
2024-08-03,Z5,2097.3
2024-08-04,Z5,2159.7
2024-08-05,Z5,2134.3
2024-08-06,Z5,2086.4
2024-08-07,Z5,1754.8
2024-08-08,Z5,1924.9
2024-08-09,Z5,2067.9
2024-08-10,Z5,2178.3
2024-08-11,Z5,2243.7
2024-08-12,Z5,1884.7
2024-08-13,Z5,2079.6
2024-08-14,Z5,2146.5
2024-08-15,Z5,2162.7
2024-08-16,Z5,2013.9
2024-08-17,Z5,2177.9
2024-08-18,Z5,2219.2
2024-08-19,Z5,1949.9
2024-08-20,Z5,1982.1
2024-08-21,Z5,2038.4
2024-08-22,Z5,1999.5
2024-08-23,Z5,2041.2
2024-08-24,Z5,1916.5
2024-08-25,Z5,1913.1
2024-08-26,Z5,1955.6
2024-08-27,Z5,1924.0
2024-08-28,Z5,1945.3
2024-08-29,Z5,1997.7
2024-08-30,Z5,1732.6
2024-08-31,Z5,1814.4
2024-09-01,Z5,1732.7
2024-09-02,Z5,1769.6
2024-09-03,Z5,1848.9
2024-09-04,Z5,1860.1
2024-09-05,Z5,2005.6
2024-09-06,Z5,1945.7
2024-09-07,Z5,1803.9
2024-09-08,Z5,1891.7
2024-09-09,Z5,1671.9
2024-09-10,Z5,1984.2
2024-09-11,Z5,2072.0
2024-09-12,Z5,2026.1
2024-09-13,Z5,2049.1
2024-09-14,Z5,2167.0
2024-09-15,Z5,2177.4
2024-09-16,Z5,1996.0
2024-09-17,Z5,2036.5
2024-09-18,Z5,2004.5
2024-09-19,Z5,2043.9
2024-09-20,Z5,2111.7
2024-09-21,Z5,2083.8
2024-09-22,Z5,2141.4
2024-09-23,Z5,1873.4
2024-09-24,Z5,1836.2
2024-09-25,Z5,1847.9
2024-09-26,Z5,1915.4
2024-09-27,Z5,2089.4
2024-09-28,Z5,2146.3
2024-09-29,Z5,2254.9
2024-09-30,Z5,2030.9
2024-10-01,Z5,2061.7
2024-10-02,Z5,2049.8
2024-10-03,Z5,2152.7
2024-10-04,Z5,2041.5
2024-10-05,Z5,2125.1
2024-10-06,Z5,2179.6
2024-10-07,Z5,2012.3
2024-10-08,Z5,2076.4
2024-10-09,Z5,2024.8
2024-10-10,Z5,1991.9
2024-10-11,Z5,2036.1
2024-10-12,Z5,2076.8
2024-10-13,Z5,2130.2
2024-10-14,Z5,1939.5
2024-10-15,Z5,1835.2
2024-10-16,Z5,1947.2
2024-10-17,Z5,1936.0
2024-10-18,Z5,2024.7
2024-10-19,Z5,2159.5
2024-10-20,Z5,2067.1
2024-10-21,Z5,2087.0
2024-10-22,Z5,1975.7
2024-10-23,Z5,2071.1
2024-10-24,Z5,2144.2
2024-10-25,Z5,2094.6
2024-10-26,Z5,2134.9
2024-10-27,Z5,2206.6
2024-10-28,Z5,2078.5
2024-10-29,Z5,2078.8
2024-10-30,Z5,2058.9
2024-10-31,Z5,1949.5
2024-11-01,Z5,1971.8
2024-11-02,Z5,2079.7
2024-11-03,Z5,2096.1
2024-11-04,Z5,2047.5
2024-11-05,Z5,2047.0
2024-11-06,Z5,2066.2
2024-11-07,Z5,2065.8
2024-11-08,Z5,2100.5
2024-11-09,Z5,2142.3
2024-11-10,Z5,2153.8
2024-11-11,Z5,2132.0
2024-11-12,Z5,2077.4
2024-11-13,Z5,2088.9
2024-11-14,Z5,1998.1
2024-11-15,Z5,2089.4
2024-11-16,Z5,2137.7
2024-11-17,Z5,2129.8
2024-11-18,Z5,2024.7
2024-11-19,Z5,2003.3
2024-11-20,Z5,2005.1
2024-11-21,Z5,1957.1
2024-11-22,Z5,2075.2
2024-11-23,Z5,2061.0
2024-11-24,Z5,2172.0
2024-11-25,Z5,2026.1
2024-11-26,Z5,2062.3
2024-11-27,Z5,1949.1
2024-11-28,Z5,1945.1
2024-11-29,Z5,2041.4
2024-11-30,Z5,2113.2
2024-12-01,Z5,2090.0
2024-12-02,Z5,1829.7
2024-12-03,Z5,1892.8
2024-12-04,Z5,1965.0
2024-12-05,Z5,1823.2
2024-12-06,Z5,1987.5
2024-12-07,Z5,2138.0
2024-12-08,Z5,2089.6
2024-12-09,Z5,1867.0
2024-12-10,Z5,1925.2
2024-12-11,Z5,1924.3
2024-12-12,Z5,1949.8
2024-12-13,Z5,1911.1
2024-12-14,Z5,1976.9
2024-12-15,Z5,1972.0
2024-12-16,Z5,1868.9
2024-12-17,Z5,1876.3
2024-12-18,Z5,1957.4
2024-12-19,Z5,2010.7
2024-12-20,Z5,2046.0
2024-12-21,Z5,2219.0
2024-12-22,Z5,2183.0
2024-12-23,Z5,2058.6
2024-12-24,Z5,2004.8
2024-12-25,Z5,1942.4
2024-12-26,Z5,1807.3
2024-12-27,Z5,1899.1
2024-12-28,Z5,2073.3
2024-12-29,Z5,2152.8
2024-12-30,Z5,2077.7
2024-12-31,Z5,2027.5
2025-01-01,Z5,1958.2
2025-01-02,Z5,1956.0
2025-01-03,Z5,1984.5
2025-01-04,Z5,2140.4
2025-01-05,Z5,2171.2
2025-01-06,Z5,1919.8
2025-01-07,Z5,1915.8
2025-01-08,Z5,1883.8
2025-01-09,Z5,1845.7
2025-01-10,Z5,1864.9
2025-01-11,Z5,2041.0
2025-01-12,Z5,2126.8
2025-01-13,Z5,2060.3
2025-01-14,Z5,1992.8
2025-01-15,Z5,2002.9
2025-01-16,Z5,2005.1
2025-01-17,Z5,2024.3
2025-01-18,Z5,2039.7
2025-01-19,Z5,2126.1
2025-01-20,Z5,2094.6
2025-01-21,Z5,2115.1
2025-01-22,Z5,2135.0
2025-01-23,Z5,2068.0
2025-01-24,Z5,2100.9
2025-01-25,Z5,2165.2
2025-01-26,Z5,2188.2
2025-01-27,Z5,2129.2
2025-01-28,Z5,2087.6
2025-01-29,Z5,2037.8
2025-01-30,Z5,2054.5
2025-01-31,Z5,2169.9
2025-02-01,Z5,2227.9
2025-02-02,Z5,2268.1
2025-02-03,Z5,2219.2
2025-02-04,Z5,2224.6
2025-02-05,Z5,2284.2
2025-02-06,Z5,2215.9
2025-02-07,Z5,2228.4
2025-02-08,Z5,2294.7
2025-02-09,Z5,2231.0
2025-02-10,Z5,2217.6
2025-02-11,Z5,2246.6
2025-02-12,Z5,2306.8
2025-02-13,Z5,2248.7
2025-02-14,Z5,2231.6
2025-02-15,Z5,2272.0
2025-02-16,Z5,2415.9
2025-02-17,Z5,2319.5
2025-02-18,Z5,2319.0
2025-02-19,Z5,2329.5
2025-02-20,Z5,2358.8
2025-02-21,Z5,2331.1
2025-02-22,Z5,2358.8
2025-02-23,Z5,2343.1
2025-02-24,Z5,2142.5
2025-02-25,Z5,2150.2
2025-02-26,Z5,2159.4
2025-02-27,Z5,2152.7
2025-02-28,Z5,2193.0
2025-03-01,Z5,2226.8
2025-03-02,Z5,2384.3
2025-03-03,Z5,2251.0
2025-03-04,Z5,2309.8
2025-03-05,Z5,2237.2
2025-03-06,Z5,2283.7
2025-03-07,Z5,2355.3
2025-03-08,Z5,2491.7
2025-03-09,Z5,2508.5
2025-03-10,Z5,2191.8
2025-03-11,Z5,2186.8
2025-03-12,Z5,2321.8
2025-03-13,Z5,2341.1
2025-03-14,Z5,2397.5
2025-03-15,Z5,2449.8
2025-03-16,Z5,2528.0
2025-03-17,Z5,2374.3
2025-03-18,Z5,2372.0
2025-03-19,Z5,2342.5
2025-03-20,Z5,2394.5
2025-03-21,Z5,2422.2
2025-03-22,Z5,2344.9
2025-03-23,Z5,2318.2
2025-03-24,Z5,2187.1
2025-03-25,Z5,2261.9
2025-03-26,Z5,2373.7
2025-03-27,Z5,2562.6
2025-03-28,Z5,2528.4
2025-03-29,Z5,2564.2
2025-03-30,Z5,2605.4
2025-03-31,Z5,2423.8
2025-04-01,Z5,2333.8
2025-04-02,Z5,2215.4
2025-04-03,Z5,2039.0
2025-04-04,Z5,2115.9
2025-04-05,Z5,2349.8
2025-04-06,Z5,2500.4
2025-04-07,Z5,2414.2
2025-04-08,Z5,2340.8
2025-04-09,Z5,2500.4
2025-04-10,Z5,2461.1
2025-04-11,Z5,2482.4
2025-04-12,Z5,2514.3
2025-04-13,Z5,2646.8
2025-04-14,Z5,2503.4
2025-04-15,Z5,2385.2
2025-04-16,Z5,2400.0
2025-04-17,Z5,2403.9
2025-04-18,Z5,2458.5
2025-04-19,Z5,2450.0
2025-04-20,Z5,2657.3
2025-04-21,Z5,2496.0
2025-04-22,Z5,2489.4
2025-04-23,Z5,2494.2
2025-04-24,Z5,2536.8
2025-04-25,Z5,2539.6
2025-04-26,Z5,2538.9
2025-04-27,Z5,2317.7
2025-04-28,Z5,2423.2
2025-04-29,Z5,2416.1
2025-04-30,Z5,2465.5
2025-05-01,Z5,2548.0
2025-05-02,Z5,2540.3
2025-05-03,Z5,2574.7
2025-05-04,Z5,2586.1
2025-05-05,Z5,2433.3
2025-05-06,Z5,2326.6
2025-05-07,Z5,2288.3
2025-05-08,Z5,2220.7
2025-05-09,Z5,2323.5
2025-05-10,Z5,2441.0
2025-05-11,Z5,2495.2
2025-05-12,Z5,2419.2
2025-05-13,Z5,2321.9
2025-05-14,Z5,2397.6
2025-05-15,Z5,2110.4
2025-05-16,Z5,2433.2
2025-05-17,Z5,2484.5
2025-05-18,Z5,2463.4
2025-05-19,Z5,2135.3
2025-05-20,Z5,2270.0
2025-05-21,Z5,1963.4
2025-05-22,Z5,2066.0
2025-05-23,Z5,2231.5
2025-05-24,Z5,2222.9
2025-05-25,Z5,2223.6
2025-05-26,Z5,2066.5
2025-05-27,Z5,2156.3
2025-05-28,Z5,1980.5
2025-05-29,Z5,2100.0
2025-05-30,Z5,2145.9
2025-05-31,Z5,2283.0
2025-06-01,Z5,2344.8
2025-06-02,Z5,2159.4
2025-06-03,Z5,2158.7
2025-06-04,Z5,2262.2
2025-06-05,Z5,2192.7
2025-06-06,Z5,2283.3
2025-06-07,Z5,2450.4
2025-06-08,Z5,2446.2
2025-06-09,Z5,2005.9
2025-06-10,Z5,2198.0
2025-06-11,Z5,2108.6
2025-06-12,Z5,2127.2
2025-06-13,Z5,2222.4
2025-06-14,Z5,2245.1
2025-06-15,Z5,2226.6
2025-06-16,Z5,2077.7
2025-06-17,Z5,2171.2
2025-06-18,Z5,2110.6
2025-06-19,Z5,2159.4
2025-06-20,Z5,2251.3
2025-06-21,Z5,2355.2
2025-06-22,Z5,2320.8
2025-06-23,Z5,2119.9
2025-06-24,Z5,1926.7
2025-06-25,Z5,1947.0
2025-06-26,Z5,1890.1
2025-06-27,Z5,2118.3
2025-06-28,Z5,2288.8
2025-06-29,Z5,2284.4
2025-06-30,Z5,2050.2
2025-07-01,Z5,1875.2
2025-07-02,Z5,1904.2
2025-07-03,Z5,1982.2
2025-07-04,Z5,2066.8
2025-07-05,Z5,2262.1
2025-07-06,Z5,2330.9
2025-07-07,Z5,2089.8
2025-07-08,Z5,2133.1
2025-07-09,Z5,2078.6
2025-07-10,Z5,2196.2
2025-07-11,Z5,2195.6
2025-07-12,Z5,2296.1
2025-07-13,Z5,2338.3
2025-07-14,Z5,2227.0
2025-07-15,Z5,2133.2
2025-07-16,Z5,2033.8
2025-07-17,Z5,2032.0
2025-07-18,Z5,2052.0
2025-07-19,Z5,2113.2
2025-07-20,Z5,2198.4
2025-07-21,Z5,2160.5
2025-07-22,Z5,2033.7
2025-07-23,Z5,1934.9
2025-07-24,Z5,1881.8
2025-07-25,Z5,1912.2
2025-07-26,Z5,1822.5
2025-07-27,Z5,2105.7
2025-07-28,Z5,2043.6
2025-07-29,Z5,2061.6
2025-07-30,Z5,1975.6
2025-07-31,Z5,2094.6
2025-08-01,Z5,2175.0
2025-08-02,Z5,2306.9
2025-08-03,Z5,2303.4
2025-08-04,Z5,2154.2
2025-08-05,Z5,2038.4
2025-08-06,Z5,2160.3
2025-08-07,Z5,1981.3
2025-08-08,Z5,2045.8
2025-08-09,Z5,2064.3
2025-08-10,Z5,2113.8
2025-08-11,Z5,1986.0
2025-08-12,Z5,1998.8
2025-08-13,Z5,1851.7
2025-08-14,Z5,1949.8
2025-08-15,Z5,1994.6
2025-08-16,Z5,2059.7
2025-08-17,Z5,2048.0
2025-08-18,Z5,1902.2
2025-08-19,Z5,1957.3
2025-08-20,Z5,2009.6
2025-08-21,Z5,2130.0
2025-08-22,Z5,2135.6
2025-08-23,Z5,2173.2
2025-08-24,Z5,2234.4
2025-08-25,Z5,2070.0
2025-08-26,Z5,1864.5
2025-08-27,Z5,1815.8
2025-08-28,Z5,1819.6
2025-08-29,Z5,2047.9
2025-08-30,Z5,2258.4
2025-08-31,Z5,2143.9
2025-09-01,Z5,1914.8
2025-09-02,Z5,1890.8
2025-09-03,Z5,2095.3
2025-09-04,Z5,2019.3
2025-09-05,Z5,2015.9
2025-09-06,Z5,2212.7
2025-09-07,Z5,2280.1
2025-09-08,Z5,2114.3
2025-09-09,Z5,2173.3
2025-09-10,Z5,2011.6
2025-09-11,Z5,1885.0
2025-09-12,Z5,1950.1
2025-09-13,Z5,2018.1
2025-09-14,Z5,2148.8
2025-09-15,Z5,2064.2
2025-09-16,Z5,1986.4
2025-09-17,Z5,2001.5
2025-09-18,Z5,1963.2
2025-09-19,Z5,1927.8
2025-09-20,Z5,2082.3
2025-09-21,Z5,2013.8
2025-09-22,Z5,1925.4
2025-09-23,Z5,1858.2
2025-09-24,Z5,1873.6
2025-09-25,Z5,1739.5
2025-09-26,Z5,1830.9
2025-09-27,Z5,1787.3
2025-09-28,Z5,2083.1
2025-09-29,Z5,2077.9
2025-09-30,Z5,2058.8
2025-10-01,Z5,2085.9
2025-10-02,Z5,2041.8
2025-10-03,Z5,2113.4
2025-10-04,Z5,2175.3
2025-10-05,Z5,2170.0
2025-10-06,Z5,1972.8
2025-10-07,Z5,1984.1
2025-10-08,Z5,2076.1
2025-10-09,Z5,2093.5
2025-10-10,Z5,2213.2
2025-10-11,Z5,2256.6
2025-10-12,Z5,2337.9
2025-10-13,Z5,2043.7
2025-10-14,Z5,2005.7
2025-10-15,Z5,2075.5
2025-10-16,Z5,2148.9
2025-10-17,Z5,2147.6
2025-10-18,Z5,2201.9
2025-10-19,Z5,2225.4
2025-10-20,Z5,1980.9
2025-10-21,Z5,2068.3
2025-10-22,Z5,2113.2
2025-10-23,Z5,1987.8
2025-10-24,Z5,1921.8
2025-10-25,Z5,2034.1
2025-10-26,Z5,2280.2
2025-10-27,Z5,2096.8
2025-10-28,Z5,1830.9
2025-10-29,Z5,1671.0
2025-10-30,Z5,2047.8
2025-10-31,Z5,2087.1
2025-11-01,Z5,2169.7
2025-11-02,Z5,2276.7
2025-11-03,Z5,2118.4
2025-11-04,Z5,2072.2
2025-11-05,Z5,2105.2
2025-11-06,Z5,2038.6
2025-11-07,Z5,2175.6
2025-11-08,Z5,2199.5
2025-11-09,Z5,2161.6
2025-11-10,Z5,2057.0
2025-11-11,Z5,2046.5
2025-11-12,Z5,2045.7
2025-11-13,Z5,2015.8
2025-11-14,Z5,1974.9
2025-11-15,Z5,2049.8
2025-11-16,Z5,2100.0
2025-11-17,Z5,2037.7
2025-11-18,Z5,2092.6
2025-11-19,Z5,2092.9
2025-11-20,Z5,2074.4
2025-11-21,Z5,2135.5
2025-11-22,Z5,2259.2
2025-11-23,Z5,2365.9
2025-11-24,Z5,2168.5
2025-11-25,Z5,2139.5
2025-11-26,Z5,2106.1
2025-11-27,Z5,2121.4
2025-11-28,Z5,2086.1
2025-11-29,Z5,2021.9
2025-11-30,Z5,2091.5
2025-12-01,Z5,2073.7
2025-12-02,Z5,2096.2
2025-12-03,Z5,2086.6
2025-12-04,Z5,2075.8
2025-12-05,Z5,2055.6
2025-12-06,Z5,2153.9
2025-12-07,Z5,2250.7
2025-12-08,Z5,2085.2
2025-12-09,Z5,2105.0
2025-12-10,Z5,2048.8
2025-12-11,Z5,2038.4
2025-12-12,Z5,2127.2
2025-12-13,Z5,2211.0
2025-12-14,Z5,2214.8
2025-12-15,Z5,2062.9
2025-12-16,Z5,2048.2
2025-12-17,Z5,1998.4
2025-12-18,Z5,2012.1
2025-12-19,Z5,1996.8
2025-12-20,Z5,2055.4
2025-12-21,Z5,2108.8
2025-12-22,Z5,2061.6
2025-12-23,Z5,2017.5
2025-12-24,Z5,1958.4
2025-12-25,Z5,1989.7
2025-12-26,Z5,1992.0
2025-12-27,Z5,2067.2
2025-12-28,Z5,2097.8
2025-12-29,Z5,2058.1
2025-12-30,Z5,1995.5
2025-12-31,Z5,2011.3
2026-01-01,Z5,2084.6
2026-01-02,Z5,2076.0
2026-01-03,Z5,2127.2
2026-01-04,Z5,2150.9
2026-01-05,Z5,2018.9
2026-01-06,Z5,1972.5
2026-01-07,Z5,1968.2
2026-01-08,Z5,1957.4
2026-01-09,Z5,1943.3
2026-01-10,Z5,2006.7
2026-01-11,Z5,2064.1
2026-01-12,Z5,2020.8
2026-01-13,Z5,2079.9
2026-01-14,Z5,2053.7
2026-01-15,Z5,1996.9
2026-01-16,Z5,2085.7
2026-01-17,Z5,2213.2
2026-01-18,Z5,2309.9
2026-01-19,Z5,2094.3
2026-01-20,Z5,2097.6
2026-01-21,Z5,2003.0
2026-01-22,Z5,2019.6
2026-01-23,Z5,2058.7
2026-01-24,Z5,2137.0
2026-01-25,Z5,2183.0
2026-01-26,Z5,2082.9
2026-01-27,Z5,2173.3
2026-01-28,Z5,2212.7
2026-01-29,Z5,2223.2
2026-01-30,Z5,2219.5
2026-01-31,Z5,2209.2
2026-02-01,Z5,2180.7
2026-02-02,Z5,2116.9
2026-02-03,Z5,2018.0
2026-02-04,Z5,2093.3
2026-02-05,Z5,2114.7
2026-02-06,Z5,2040.8
2026-02-07,Z5,2150.3
2026-02-08,Z5,2254.6
2026-02-09,Z5,2146.4
2026-02-10,Z5,2154.5
2026-02-11,Z5,2091.7
2026-02-12,Z5,2076.2
2026-02-13,Z5,2148.3
2026-02-14,Z5,2245.5
2026-02-15,Z5,2319.2
2026-02-16,Z5,2224.3
2026-02-17,Z5,2123.8
2026-02-18,Z5,2113.5
2026-02-19,Z5,2164.8
2026-02-20,Z5,2170.3
2026-02-21,Z5,2228.7
2026-02-22,Z5,2329.5
2026-02-23,Z5,2249.2
2026-02-24,Z5,2088.8
2026-02-25,Z5,2056.7
2026-02-26,Z5,2004.8
2026-02-27,Z5,2143.9
2026-02-28,Z5,2286.2
2026-03-01,Z5,2451.8
2026-03-02,Z5,2333.7
2026-03-03,Z5,2334.5
2026-03-04,Z5,2346.0
2026-03-05,Z5,2379.6
2026-03-06,Z5,2412.6
2026-03-07,Z5,2502.4
2026-03-08,Z5,2538.9
2026-03-09,Z5,2349.4
2026-03-10,Z5,2305.0
2026-03-11,Z5,2353.4
2026-03-12,Z5,2363.8
2026-03-13,Z5,2535.0
2026-03-14,Z5,2529.8
2026-03-15,Z5,2469.6
2026-03-16,Z5,2307.5
2026-03-17,Z5,2179.3
2026-03-18,Z5,1976.0
2026-03-19,Z5,2172.3
2026-03-20,Z5,2216.6
2026-03-21,Z5,2376.3
2026-03-22,Z5,2261.5
2026-03-23,Z5,2374.0
2026-03-24,Z5,2315.0
2026-03-25,Z5,2335.9
2026-03-26,Z5,2367.0
2026-03-27,Z5,2406.3
2026-03-28,Z5,2452.1
2026-03-29,Z5,2662.9
2026-03-30,Z5,2455.3
2026-03-31,Z5,2245.9
2026-04-01,Z5,2300.3
2026-04-02,Z5,2309.0
2026-04-03,Z5,2398.9
2026-04-04,Z5,2522.4
2026-04-05,Z5,2401.7
2026-04-06,Z5,2301.3
2026-04-07,Z5,2227.1
2026-04-08,Z5,2280.5
2026-04-09,Z5,2352.9
2026-04-10,Z5,2374.0
2026-04-11,Z5,2522.0
2026-04-12,Z5,2543.1
2026-04-13,Z5,2378.4
2026-04-14,Z5,2512.7
2026-04-15,Z5,2553.8
2026-04-16,Z5,2579.3
2026-04-17,Z5,2607.4
2026-04-18,Z5,2603.3
2026-04-19,Z5,2604.3
2026-04-20,Z5,2443.4
2026-04-21,Z5,2457.8
2026-04-22,Z5,2558.9
2026-04-23,Z5,2573.1
2026-04-24,Z5,2563.1
2026-04-25,Z5,2666.2
2026-04-26,Z5,2676.8
2026-04-27,Z5,2588.6
2026-04-28,Z5,2674.6
2026-04-29,Z5,2563.7
2026-04-30,Z5,2568.0
2026-05-01,Z5,2614.3
2026-05-02,Z5,2655.3
2026-05-03,Z5,2688.9
2026-05-04,Z5,2535.1
2026-05-05,Z5,2495.2
2026-05-06,Z5,2331.2
2026-05-07,Z5,2388.6
2026-05-08,Z5,2438.1
2026-05-09,Z5,2524.3
2026-05-10,Z5,2598.6
2026-05-11,Z5,2486.2
2026-05-12,Z5,2391.4
2026-05-13,Z5,2416.0
2026-05-14,Z5,2572.3
2026-05-15,Z5,2599.9
2026-05-16,Z5,2603.6
2026-05-17,Z5,2627.5
2026-05-18,Z5,2423.0
2026-05-19,Z5,2430.4
2026-05-20,Z5,2448.0
2026-05-21,Z5,2568.7
2026-05-22,Z5,2517.4
2026-05-23,Z5,2632.9
2026-05-24,Z5,2738.2
2026-05-25,Z5,2462.8
2026-05-26,Z5,2382.2
2026-05-27,Z5,2229.3
2026-05-28,Z5,2435.1
2026-05-29,Z5,2494.5
2026-05-30,Z5,2613.6
2026-05-31,Z5,2579.2
2026-06-01,Z5,2457.0
2026-06-02,Z5,2478.6
2026-06-03,Z5,2396.6
2026-06-04,Z5,2477.2
2026-06-05,Z5,2435.2
2026-06-06,Z5,2384.4
2026-06-07,Z5,2486.7
2026-06-08,Z5,2184.0
2026-06-09,Z5,2169.5
2026-06-10,Z5,2283.3
2026-06-11,Z5,2391.3
2026-06-12,Z5,2452.3
2026-06-13,Z5,2415.6
2026-06-14,Z5,2461.3
2026-06-15,Z5,2288.3
2026-06-16,Z5,2358.0
2026-06-17,Z5,2408.1
2026-06-18,Z5,2419.3
2026-06-19,Z5,2525.2
2026-06-20,Z5,2710.0
2026-06-21,Z5,2509.0
2026-06-22,Z5,2352.1
2026-06-23,Z5,2203.2
2026-06-24,Z5,2192.6
2026-06-25,Z5,2146.3
2026-06-26,Z5,2225.1
2026-06-27,Z5,2162.4
2026-06-28,Z5,2262.9
2026-06-29,Z5,2178.2
2026-06-30,Z5,2148.2
2026-07-01,Z5,2015.1
2026-07-02,Z5,1996.0
2026-07-03,Z5,2023.5
2026-07-04,Z5,1938.0
2026-07-05,Z5,2154.9
2026-07-06,Z5,2250.1
2026-07-07,Z5,2239.1
2026-07-08,Z5,2231.0
2026-07-09,Z5,2175.5
2026-07-10,Z5,2336.8
2026-07-11,Z5,2477.6
2026-07-12,Z5,2526.0
2026-07-13,Z5,2450.5
2026-07-14,Z5,2393.8
2026-07-15,Z5,2378.8
2026-07-16,Z5,2311.7
2026-07-17,Z5,2115.3
2026-07-18,Z5,2159.9
2026-07-19,Z5,2341.5
2026-07-20,Z5,2101.4
2026-07-21,Z5,1890.7
2026-07-22,Z5,1815.6
2026-07-23,Z5,2094.9
2026-07-24,Z5,2124.8
2026-07-25,Z5,2248.6
2026-07-26,Z5,2205.2
2026-07-27,Z5,1987.2
2026-07-28,Z5,2032.8
2026-07-29,Z5,1806.9
2026-07-30,Z5,1876.7
2026-07-31,Z5,2232.0
2026-08-01,Z5,2333.1
2026-08-02,Z5,2374.6
2026-08-03,Z5,2239.2
2026-08-04,Z5,2068.5
2026-08-05,Z5,2119.0
2026-08-06,Z5,2143.6
2026-08-07,Z5,2051.7
2026-08-08,Z5,2208.2
2026-08-09,Z5,2418.5
2026-08-10,Z5,2250.9
2026-08-11,Z5,2110.4
2026-08-12,Z5,2069.3
2026-08-13,Z5,2144.0
2026-08-14,Z5,2123.7
2026-08-15,Z5,2275.4
2026-08-16,Z5,2245.6
2026-08-17,Z5,2175.0
2026-08-18,Z5,2171.6
2026-08-19,Z5,2083.7
2026-08-20,Z5,2167.2
2026-08-21,Z5,2195.3
2026-08-22,Z5,2298.5
2026-08-23,Z5,2083.9
2026-08-24,Z5,2016.9
2026-08-25,Z5,2020.9
2026-08-26,Z5,2167.4
2026-08-27,Z5,2053.7
2026-08-28,Z5,2145.2
2026-08-29,Z5,2202.2
2026-08-30,Z5,2147.2
2026-08-31,Z5,2096.2
2026-09-01,Z5,2202.9
2026-09-02,Z5,2227.0
2026-09-03,Z5,2134.4
2026-09-04,Z5,2283.2
2026-09-05,Z5,2255.0
2026-09-06,Z5,2398.0
2026-09-07,Z5,2115.3
2026-09-08,Z5,2268.3
2026-09-09,Z5,2258.6
2026-09-10,Z5,2245.2
2026-09-11,Z5,2219.9
2026-09-12,Z5,2275.7
2026-09-13,Z5,2184.3
2026-09-14,Z5,1962.6
2026-09-15,Z5,2197.7
2026-09-16,Z5,2257.1
2026-09-17,Z5,2318.3
2026-09-18,Z5,2246.9
2026-09-19,Z5,2383.8
2026-09-20,Z5,2390.2
2026-09-21,Z5,2253.8
2026-09-22,Z5,2196.5
2026-09-23,Z5,2075.8
2026-09-24,Z5,2018.9
2026-09-25,Z5,2187.6
2026-09-26,Z5,2288.8
2026-09-27,Z5,2413.1
