region_id,period,year,month,orders,promo,avg_order_value,avg_parcel_weight_kg,return_rate
R001,2023-01,2023,1,63942,1,1272.0,1.75,0.093
R001,2023-02,2023,2,50567,0,1188.0,2.16,0.07
R001,2023-03,2023,3,60810,0,1058.0,1.47,0.091
R001,2023-04,2023,4,68666,1,1208.0,0.88,0.061
R001,2023-05,2023,5,53224,0,1182.0,2.08,0.121
R001,2023-06,2023,6,60108,1,1327.0,1.62,0.101
R001,2023-07,2023,7,59157,0,939.0,1.02,0.096
R001,2023-08,2023,8,68433,0,1143.0,1.32,0.125
R001,2023-09,2023,9,61785,0,1291.0,1.57,0.109
R001,2023-10,2023,10,98141,1,1158.0,1.65,0.082
R001,2023-11,2023,11,91959,1,1158.0,2.18,0.118
R001,2023-12,2023,12,65221,0,1142.0,2.3,0.155
R001,2024-01,2024,1,70664,0,1028.0,2.07,0.078
R001,2024-02,2024,2,68458,1,1223.0,1.7,0.101
R001,2024-03,2024,3,65730,0,902.0,1.59,0.152
R001,2024-04,2024,4,80628,1,1252.0,1.85,0.135
R001,2024-05,2024,5,66798,0,1182.0,2.02,0.09
R001,2024-06,2024,6,72169,1,1023.0,2.3,0.092
R001,2024-07,2024,7,64308,0,1251.0,2.05,0.091
R001,2024-08,2024,8,79417,0,1429.0,0.99,0.12
R001,2024-09,2024,9,67016,0,1307.0,0.82,0.141
R001,2024-10,2024,10,101568,1,1213.0,1.28,0.136
R001,2024-11,2024,11,99568,1,1205.0,1.25,0.062
R001,2024-12,2024,12,81391,1,1065.0,0.85,0.066
R001,2025-01,2025,1,75114,0,1118.0,1.85,0.051
R001,2025-02,2025,2,61948,0,870.0,1.18,0.056
R001,2025-03,2025,3,74085,0,1309.0,1.92,0.054
R001,2025-04,2025,4,83605,1,1161.0,1.99,0.144
R001,2025-05,2025,5,70419,0,1246.0,1.23,0.158
R001,2025-06,2025,6,74317,1,1134.0,0.87,0.128
R001,2025-07,2025,7,83688,1,1071.0,2.37,0.136
R001,2025-08,2025,8,86080,0,1109.0,2.31,0.114
R001,2025-09,2025,9,82934,0,1134.0,1.04,0.094
R001,2025-10,2025,10,122351,1,1279.0,1.24,0.097
R001,2025-11,2025,11,116322,1,959.0,1.45,0.115
R001,2025-12,2025,12,90287,1,1283.0,1.56,0.113
R002,2023-01,2023,1,117527,0,1109.0,1.31,0.11
R002,2023-02,2023,2,117294,0,1322.0,1.62,0.148
R002,2023-03,2023,3,110241,0,1202.0,2.08,0.142
R002,2023-04,2023,4,116229,0,1204.0,1.25,0.069
R002,2023-05,2023,5,113908,0,971.0,2.12,0.091
R002,2023-06,2023,6,100530,0,1085.0,1.38,0.16
R002,2023-07,2023,7,124585,0,1114.0,1.93,0.12
R002,2023-08,2023,8,138540,0,1067.0,1.06,0.142
R002,2023-09,2023,9,119735,0,1127.0,2.38,0.099
R002,2023-10,2023,10,199443,1,1338.0,1.49,0.067
R002,2023-11,2023,11,190955,1,1226.0,1.17,0.104
R002,2023-12,2023,12,127167,0,1051.0,1.19,0.12
R002,2024-01,2024,1,145294,0,1029.0,0.89,0.109
R002,2024-02,2024,2,133290,0,1394.0,2.03,0.106
R002,2024-03,2024,3,132338,0,1043.0,1.34,0.094
R002,2024-04,2024,4,137256,0,1239.0,1.34,0.053
R002,2024-05,2024,5,147787,0,1142.0,1.76,0.081
R002,2024-06,2024,6,125885,0,1300.0,1.79,0.134
R002,2024-07,2024,7,140759,0,1021.0,2.05,0.063
R002,2024-08,2024,8,162192,0,1343.0,1.85,0.158
R002,2024-09,2024,9,142579,0,1099.0,0.87,0.104
R002,2024-10,2024,10,222345,1,1081.0,1.46,0.059
R002,2024-11,2024,11,241681,1,1204.0,2.12,0.091
R002,2024-12,2024,12,193815,1,1204.0,1.94,0.145
R002,2025-01,2025,1,186126,0,1324.0,1.18,0.144
R002,2025-02,2025,2,154932,0,1086.0,0.85,0.149
R002,2025-03,2025,3,151511,0,1456.0,1.36,0.083
R002,2025-04,2025,4,175975,0,1016.0,2.22,0.059
R002,2025-05,2025,5,190390,0,1171.0,2.4,0.095
R002,2025-06,2025,6,155007,0,1103.0,1.43,0.105
R002,2025-07,2025,7,176748,0,1188.0,1.12,0.1
R002,2025-08,2025,8,208074,0,1148.0,2.33,0.109
R002,2025-09,2025,9,176117,0,1208.0,1.32,0.108
R002,2025-10,2025,10,309385,1,992.0,1.28,0.085
R002,2025-11,2025,11,294090,1,1197.0,1.7,0.136
R002,2025-12,2025,12,221572,0,1098.0,1.88,0.07
R003,2023-01,2023,1,155204,0,1121.0,1.62,0.054
R003,2023-02,2023,2,149334,1,1034.0,1.19,0.1
R003,2023-03,2023,3,147137,0,1143.0,0.98,0.057
R003,2023-04,2023,4,155467,0,1228.0,1.43,0.05
R003,2023-05,2023,5,152425,0,1004.0,1.61,0.087
R003,2023-06,2023,6,135017,0,1285.0,1.22,0.077
R003,2023-07,2023,7,169107,0,1242.0,1.33,0.055
R003,2023-08,2023,8,172779,0,1127.0,0.88,0.151
R003,2023-09,2023,9,166049,0,880.0,0.98,0.077
R003,2023-10,2023,10,220007,1,1262.0,0.81,0.118
R003,2023-11,2023,11,219893,1,1114.0,1.21,0.1
R003,2023-12,2023,12,177544,0,1253.0,2.1,0.138
R003,2024-01,2024,1,188776,0,1226.0,1.31,0.053
R003,2024-02,2024,2,173259,1,1352.0,1.96,0.131
R003,2024-03,2024,3,185808,0,1174.0,1.0,0.126
R003,2024-04,2024,4,160475,0,1140.0,0.81,0.159
R003,2024-05,2024,5,204396,1,1126.0,2.21,0.118
R003,2024-06,2024,6,175081,1,1197.0,1.27,0.142
R003,2024-07,2024,7,191917,0,1155.0,2.2,0.117
R003,2024-08,2024,8,204410,0,1282.0,1.96,0.133
R003,2024-09,2024,9,185210,0,1081.0,0.82,0.107
R003,2024-10,2024,10,289268,1,1179.0,1.43,0.066
R003,2024-11,2024,11,287513,1,1188.0,2.17,0.073
R003,2024-12,2024,12,186577,0,1136.0,1.41,0.132
R003,2025-01,2025,1,220114,0,1104.0,0.97,0.145
R003,2025-02,2025,2,216131,1,1110.0,1.99,0.158
R003,2025-03,2025,3,188847,0,1194.0,1.43,0.117
R003,2025-04,2025,4,203890,0,1091.0,2.3,0.072
R003,2025-05,2025,5,195038,0,1201.0,1.06,0.087
R003,2025-06,2025,6,167849,0,1160.0,2.01,0.081
R003,2025-07,2025,7,195560,0,1144.0,1.55,0.055
R003,2025-08,2025,8,222926,0,915.0,1.59,0.078
R003,2025-09,2025,9,203641,0,1264.0,2.24,0.158
R003,2025-10,2025,10,321460,1,1098.0,1.29,0.061
R003,2025-11,2025,11,284032,1,1155.0,1.06,0.068
R003,2025-12,2025,12,198567,0,966.0,1.27,0.095
R004,2023-01,2023,1,59469,0,1123.0,0.99,0.061
R004,2023-02,2023,2,51789,0,1217.0,1.46,0.077
R004,2023-03,2023,3,64814,0,1314.0,1.65,0.077
R004,2023-04,2023,4,61180,0,1130.0,2.04,0.104
R004,2023-05,2023,5,61012,0,1151.0,1.01,0.155
R004,2023-06,2023,6,60015,0,1012.0,1.69,0.078
R004,2023-07,2023,7,74827,1,1209.0,1.31,0.101
R004,2023-08,2023,8,74218,0,1196.0,2.38,0.132
R004,2023-09,2023,9,78518,1,1065.0,1.35,0.088
R004,2023-10,2023,10,104821,1,1344.0,2.07,0.152
R004,2023-11,2023,11,98338,1,1119.0,2.39,0.057
R004,2023-12,2023,12,79281,1,1177.0,1.81,0.151
R004,2024-01,2024,1,82713,0,980.0,1.86,0.102
R004,2024-02,2024,2,69147,0,1195.0,1.88,0.054
R004,2024-03,2024,3,72994,0,1254.0,1.86,0.154
R004,2024-04,2024,4,75807,0,1242.0,1.7,0.106
R004,2024-05,2024,5,77543,0,1100.0,1.35,0.098
R004,2024-06,2024,6,87476,1,1241.0,1.85,0.052
R004,2024-07,2024,7,78040,0,1025.0,2.18,0.123
R004,2024-08,2024,8,88403,0,1191.0,1.25,0.15
R004,2024-09,2024,9,73148,0,888.0,2.32,0.078
R004,2024-10,2024,10,140715,1,1090.0,1.44,0.053
R004,2024-11,2024,11,131032,1,1247.0,1.51,0.144
R004,2024-12,2024,12,91851,0,1059.0,1.81,0.077
R004,2025-01,2025,1,91286,0,1001.0,2.37,0.134
R004,2025-02,2025,2,78005,0,1168.0,1.18,0.082
R004,2025-03,2025,3,92378,0,1095.0,1.15,0.145
R004,2025-04,2025,4,101114,1,1323.0,2.08,0.065
R004,2025-05,2025,5,108548,1,1040.0,2.4,0.067
R004,2025-06,2025,6,88753,0,1179.0,2.37,0.065
R004,2025-07,2025,7,101661,0,982.0,1.86,0.142
R004,2025-08,2025,8,109462,0,1245.0,1.6,0.122
R004,2025-09,2025,9,104498,0,1209.0,0.95,0.157
R004,2025-10,2025,10,171479,1,1212.0,0.88,0.089
R004,2025-11,2025,11,149052,1,1251.0,1.47,0.132
R004,2025-12,2025,12,110218,0,1159.0,1.03,0.061
R005,2023-01,2023,1,72100,1,1060.0,0.8,0.135
R005,2023-02,2023,2,59584,0,1121.0,1.07,0.145
R005,2023-03,2023,3,56243,0,1130.0,0.95,0.131
R005,2023-04,2023,4,59316,0,1356.0,2.0,0.09
R005,2023-05,2023,5,60187,0,1207.0,0.99,0.069
R005,2023-06,2023,6,57701,0,1183.0,2.38,0.122
R005,2023-07,2023,7,62549,0,856.0,2.36,0.071
R005,2023-08,2023,8,68538,0,1032.0,1.98,0.111
R005,2023-09,2023,9,63329,0,1012.0,0.88,0.103
R005,2023-10,2023,10,101009,1,1059.0,2.12,0.092
R005,2023-11,2023,11,88104,1,1054.0,1.7,0.057
R005,2023-12,2023,12,66951,0,1224.0,1.83,0.148
R005,2024-01,2024,1,74206,0,1382.0,0.9,0.114
R005,2024-02,2024,2,71494,0,991.0,0.96,0.097
R005,2024-03,2024,3,78726,1,1065.0,1.31,0.056
R005,2024-04,2024,4,77619,0,1128.0,1.13,0.152
R005,2024-05,2024,5,75322,1,1007.0,1.79,0.144
R005,2024-06,2024,6,71782,0,1042.0,2.39,0.094
R005,2024-07,2024,7,79361,0,1084.0,2.09,0.158
R005,2024-08,2024,8,73733,0,1189.0,1.41,0.114
R005,2024-09,2024,9,81891,0,1303.0,0.97,0.115
R005,2024-10,2024,10,132130,1,1101.0,1.81,0.153
R005,2024-11,2024,11,123721,1,1054.0,1.71,0.122
R005,2024-12,2024,12,87032,0,1359.0,1.41,0.068
R005,2025-01,2025,1,96030,0,1144.0,1.7,0.078
R005,2025-02,2025,2,83074,0,1334.0,1.87,0.154
R005,2025-03,2025,3,83990,0,1078.0,0.81,0.125
R005,2025-04,2025,4,108498,1,908.0,2.16,0.101
R005,2025-05,2025,5,83106,0,1390.0,2.21,0.112
R005,2025-06,2025,6,95058,1,1181.0,1.59,0.156
R005,2025-07,2025,7,86320,0,1156.0,1.75,0.091
R005,2025-08,2025,8,107317,0,852.0,1.7,0.117
R005,2025-09,2025,9,93343,0,1247.0,0.99,0.142
R005,2025-10,2025,10,165814,1,1195.0,0.84,0.101
R005,2025-11,2025,11,136471,1,962.0,1.4,0.054
R005,2025-12,2025,12,91473,0,1239.0,1.02,0.088
R006,2023-01,2023,1,79820,0,1206.0,2.36,0.122
R006,2023-02,2023,2,65922,0,1203.0,1.49,0.109
R006,2023-03,2023,3,77216,0,1260.0,1.93,0.149
R006,2023-04,2023,4,71283,0,1237.0,0.99,0.142
R006,2023-05,2023,5,76662,0,1120.0,1.71,0.099
R006,2023-06,2023,6,79272,0,1195.0,1.1,0.156
R006,2023-07,2023,7,88001,0,1249.0,2.13,0.143
R006,2023-08,2023,8,108221,1,1171.0,1.67,0.149
R006,2023-09,2023,9,71832,0,1130.0,1.53,0.09
R006,2023-10,2023,10,127527,1,1040.0,2.05,0.152
R006,2023-11,2023,11,133360,1,1373.0,1.13,0.074
R006,2023-12,2023,12,85078,0,1111.0,1.18,0.067
R006,2024-01,2024,1,106587,0,1228.0,2.26,0.119
R006,2024-02,2024,2,102238,0,1301.0,2.18,0.088
R006,2024-03,2024,3,104599,0,1153.0,2.31,0.135
R006,2024-04,2024,4,109198,0,1041.0,1.85,0.098
R006,2024-05,2024,5,107872,0,1039.0,2.3,0.062
R006,2024-06,2024,6,96961,0,795.0,1.5,0.103
R006,2024-07,2024,7,109818,0,1323.0,1.75,0.12
R006,2024-08,2024,8,131907,0,1079.0,2.23,0.057
R006,2024-09,2024,9,109820,0,1136.0,1.49,0.144
R006,2024-10,2024,10,180672,1,1063.0,1.87,0.091
R006,2024-11,2024,11,167983,1,987.0,1.98,0.074
R006,2024-12,2024,12,145158,1,879.0,1.8,0.148
R006,2025-01,2025,1,136795,1,1355.0,1.05,0.082
R006,2025-02,2025,2,118198,0,1053.0,1.93,0.089
R006,2025-03,2025,3,145878,1,1147.0,1.29,0.111
R006,2025-04,2025,4,137072,1,1012.0,2.05,0.14
R006,2025-05,2025,5,126005,0,1190.0,1.38,0.101
R006,2025-06,2025,6,124269,0,1166.0,1.3,0.064
R006,2025-07,2025,7,120692,0,1175.0,1.18,0.152
R006,2025-08,2025,8,136879,0,820.0,2.4,0.148
R006,2025-09,2025,9,152979,0,1130.0,0.93,0.102
R006,2025-10,2025,10,230594,1,1010.0,1.68,0.062
R006,2025-11,2025,11,191702,1,1332.0,2.39,0.148
R006,2025-12,2025,12,152417,0,1122.0,1.77,0.088
R007,2023-01,2023,1,36387,1,1080.0,0.89,0.094
R007,2023-02,2023,2,29245,0,1247.0,1.08,0.079
R007,2023-03,2023,3,36078,1,1037.0,2.1,0.08
R007,2023-04,2023,4,35044,0,1153.0,1.49,0.135
R007,2023-05,2023,5,31103,0,1154.0,1.14,0.113
R007,2023-06,2023,6,38887,1,1216.0,1.63,0.06
R007,2023-07,2023,7,29804,0,1032.0,1.1,0.095
R007,2023-08,2023,8,38056,0,1195.0,1.9,0.095
R007,2023-09,2023,9,38838,0,1143.0,1.97,0.061
R007,2023-10,2023,10,54578,1,1211.0,1.54,0.138
R007,2023-11,2023,11,53055,1,1145.0,1.24,0.065
R007,2023-12,2023,12,43464,0,1189.0,2.15,0.054
R007,2024-01,2024,1,42444,0,1173.0,1.14,0.144
R007,2024-02,2024,2,35887,0,1004.0,2.19,0.118
R007,2024-03,2024,3,44372,1,938.0,2.3,0.099
R007,2024-04,2024,4,35369,0,860.0,2.11,0.063
R007,2024-05,2024,5,38808,0,1129.0,1.73,0.137
R007,2024-06,2024,6,37954,0,1122.0,1.88,0.071
R007,2024-07,2024,7,41946,0,1436.0,2.27,0.089
R007,2024-08,2024,8,47927,0,1177.0,0.95,0.146
R007,2024-09,2024,9,41039,0,1166.0,2.37,0.083
R007,2024-10,2024,10,68117,1,1063.0,1.85,0.053
R007,2024-11,2024,11,58053,1,1073.0,1.59,0.088
R007,2024-12,2024,12,48127,1,1086.0,2.31,0.132
R007,2025-01,2025,1,45092,0,1199.0,1.15,0.136
R007,2025-02,2025,2,41535,0,1091.0,2.33,0.12
R007,2025-03,2025,3,49369,0,1181.0,1.52,0.072
R007,2025-04,2025,4,38753,0,1136.0,1.73,0.157
R007,2025-05,2025,5,44070,0,989.0,1.07,0.06
R007,2025-06,2025,6,54249,1,1162.0,0.92,0.141
R007,2025-07,2025,7,46505,0,1146.0,2.21,0.107
R007,2025-08,2025,8,54261,0,1127.0,1.55,0.138
R007,2025-09,2025,9,58846,1,993.0,2.15,0.125
R007,2025-10,2025,10,75126,1,1257.0,1.29,0.126
R007,2025-11,2025,11,66689,1,1225.0,1.26,0.118
R007,2025-12,2025,12,49748,0,1057.0,1.91,0.125
R008,2023-01,2023,1,34655,0,1040.0,1.16,0.132
R008,2023-02,2023,2,30092,0,1284.0,1.6,0.152
R008,2023-03,2023,3,33049,0,1247.0,1.98,0.107
R008,2023-04,2023,4,37103,0,1283.0,1.55,0.1
R008,2023-05,2023,5,32619,0,1183.0,0.8,0.135
R008,2023-06,2023,6,37949,1,1082.0,1.05,0.068
R008,2023-07,2023,7,36389,0,1161.0,1.46,0.075
R008,2023-08,2023,8,41576,0,916.0,2.16,0.075
R008,2023-09,2023,9,38718,0,1230.0,1.73,0.159
R008,2023-10,2023,10,52417,1,1297.0,2.29,0.108
R008,2023-11,2023,11,59122,1,1045.0,2.38,0.15
R008,2023-12,2023,12,37482,0,1219.0,1.68,0.106
R008,2024-01,2024,1,48006,0,1080.0,1.33,0.064
R008,2024-02,2024,2,35646,0,1154.0,1.16,0.111
R008,2024-03,2024,3,40551,0,1114.0,1.85,0.057
R008,2024-04,2024,4,42468,0,1197.0,2.16,0.117
R008,2024-05,2024,5,47375,0,1185.0,2.08,0.051
R008,2024-06,2024,6,40290,0,1255.0,1.04,0.123
R008,2024-07,2024,7,42013,0,1238.0,1.59,0.102
R008,2024-08,2024,8,52600,0,1095.0,1.36,0.052
R008,2024-09,2024,9,43215,0,963.0,2.04,0.128
R008,2024-10,2024,10,67484,1,1118.0,1.19,0.075
R008,2024-11,2024,11,65847,1,1083.0,2.12,0.072
R008,2024-12,2024,12,57148,1,1154.0,2.32,0.134
R008,2025-01,2025,1,50427,0,1216.0,1.68,0.143
R008,2025-02,2025,2,44756,0,1112.0,1.71,0.131
R008,2025-03,2025,3,44696,0,1143.0,1.56,0.084
R008,2025-04,2025,4,53839,0,944.0,1.08,0.101
R008,2025-05,2025,5,47593,0,1146.0,2.18,0.144
R008,2025-06,2025,6,45043,0,1003.0,1.21,0.159
R008,2025-07,2025,7,57878,1,1045.0,1.34,0.102
R008,2025-08,2025,8,53068,0,1176.0,2.15,0.143
R008,2025-09,2025,9,54079,0,1170.0,0.99,0.104
R008,2025-10,2025,10,82107,1,1179.0,0.88,0.065
R008,2025-11,2025,11,79473,1,1163.0,1.25,0.118
R008,2025-12,2025,12,50647,0,1339.0,0.82,0.1
R009,2023-01,2023,1,14827,0,1115.0,1.75,0.107
R009,2023-02,2023,2,12104,0,1215.0,2.05,0.052
R009,2023-03,2023,3,14847,0,1139.0,2.06,0.152
R009,2023-04,2023,4,16330,1,1180.0,1.68,0.087
R009,2023-05,2023,5,16260,1,1225.0,2.15,0.103
R009,2023-06,2023,6,14584,0,1169.0,2.31,0.105
R009,2023-07,2023,7,16416,0,1055.0,1.6,0.078
R009,2023-08,2023,8,16317,0,838.0,1.25,0.093
R009,2023-09,2023,9,16070,0,1102.0,1.28,0.093
R009,2023-10,2023,10,27623,1,1185.0,1.88,0.089
R009,2023-11,2023,11,23543,1,1031.0,1.38,0.113
R009,2023-12,2023,12,16498,0,1003.0,0.86,0.064
R009,2024-01,2024,1,19764,0,1091.0,2.09,0.117
R009,2024-02,2024,2,15760,0,1183.0,1.35,0.107
R009,2024-03,2024,3,22793,1,1214.0,0.82,0.079
R009,2024-04,2024,4,19338,1,1157.0,1.24,0.071
R009,2024-05,2024,5,17086,0,1199.0,1.32,0.053
R009,2024-06,2024,6,19663,0,1139.0,2.29,0.109
R009,2024-07,2024,7,20501,0,1166.0,2.15,0.098
R009,2024-08,2024,8,23926,0,933.0,2.29,0.159
R009,2024-09,2024,9,23024,1,1116.0,0.85,0.138
R009,2024-10,2024,10,31701,1,1197.0,1.24,0.055
R009,2024-11,2024,11,32476,1,1158.0,1.48,0.08
R009,2024-12,2024,12,23348,0,1053.0,1.6,0.078
R009,2025-01,2025,1,32121,1,1201.0,1.71,0.141
R009,2025-02,2025,2,21361,0,1054.0,2.35,0.066
R009,2025-03,2025,3,27871,1,1139.0,1.73,0.152
R009,2025-04,2025,4,23654,0,1037.0,0.89,0.14
R009,2025-05,2025,5,25077,0,1048.0,1.86,0.153
R009,2025-06,2025,6,24371,0,1231.0,1.74,0.099
R009,2025-07,2025,7,32133,1,1223.0,1.57,0.06
R009,2025-08,2025,8,28337,0,1048.0,1.3,0.1
R009,2025-09,2025,9,28007,0,1208.0,1.21,0.057
R009,2025-10,2025,10,48685,1,927.0,1.85,0.154
R009,2025-11,2025,11,40204,1,1391.0,1.31,0.109
R009,2025-12,2025,12,31146,1,1171.0,1.21,0.072
R010,2023-01,2023,1,11785,0,1129.0,1.65,0.092
R010,2023-02,2023,2,10690,0,1203.0,2.26,0.056
R010,2023-03,2023,3,12584,0,1363.0,1.53,0.112
R010,2023-04,2023,4,12023,0,972.0,1.96,0.119
R010,2023-05,2023,5,11685,0,1178.0,2.19,0.111
R010,2023-06,2023,6,11830,0,1021.0,1.47,0.087
R010,2023-07,2023,7,12009,0,1139.0,2.22,0.072
R010,2023-08,2023,8,13629,0,1263.0,1.78,0.083
R010,2023-09,2023,9,12625,0,1290.0,0.81,0.154
R010,2023-10,2023,10,17733,1,1008.0,1.5,0.107
R010,2023-11,2023,11,20156,1,1056.0,2.39,0.092
R010,2023-12,2023,12,14580,0,1124.0,1.08,0.105
R010,2024-01,2024,1,16270,1,1259.0,1.45,0.079
R010,2024-02,2024,2,14715,0,912.0,1.72,0.114
R010,2024-03,2024,3,14704,0,1194.0,1.49,0.146
R010,2024-04,2024,4,13441,0,1287.0,1.07,0.13
R010,2024-05,2024,5,15924,0,1060.0,2.18,0.06
R010,2024-06,2024,6,15385,1,1098.0,1.18,0.097
R010,2024-07,2024,7,15581,0,1181.0,2.38,0.141
R010,2024-08,2024,8,17503,0,1194.0,1.86,0.079
R010,2024-09,2024,9,15900,0,1301.0,1.54,0.084
R010,2024-10,2024,10,26096,1,1326.0,2.2,0.065
R010,2024-11,2024,11,21710,1,1146.0,1.04,0.055
R010,2024-12,2024,12,17957,0,1251.0,2.0,0.115
R010,2025-01,2025,1,18565,0,1034.0,1.75,0.078
R010,2025-02,2025,2,19547,1,1225.0,1.75,0.133
R010,2025-03,2025,3,15610,0,1189.0,1.69,0.086
R010,2025-04,2025,4,17293,0,1208.0,1.47,0.104
R010,2025-05,2025,5,18388,0,1245.0,0.91,0.064
R010,2025-06,2025,6,19499,0,857.0,2.24,0.058
R010,2025-07,2025,7,19318,0,1245.0,2.13,0.114
R010,2025-08,2025,8,20892,0,1230.0,1.74,0.098
R010,2025-09,2025,9,20911,0,1187.0,1.12,0.103
R010,2025-10,2025,10,30929,1,1221.0,1.73,0.122
R010,2025-11,2025,11,28339,1,1219.0,1.8,0.117
R010,2025-12,2025,12,20536,0,1086.0,2.2,0.06
R011,2023-01,2023,1,12383,0,1061.0,1.75,0.087
R011,2023-02,2023,2,9015,0,1336.0,1.63,0.056
R011,2023-03,2023,3,12452,0,1148.0,2.31,0.076
R011,2023-04,2023,4,10447,0,1121.0,1.41,0.138
R011,2023-05,2023,5,11895,0,1158.0,2.28,0.107
R011,2023-06,2023,6,11048,0,1105.0,1.6,0.125
R011,2023-07,2023,7,11132,0,1215.0,0.89,0.153
R011,2023-08,2023,8,13555,0,929.0,1.47,0.061
R011,2023-09,2023,9,11608,0,1066.0,1.16,0.074
R011,2023-10,2023,10,18953,1,1095.0,1.8,0.067
R011,2023-11,2023,11,16182,1,906.0,1.81,0.12
R011,2023-12,2023,12,15422,1,1176.0,1.74,0.092
R011,2024-01,2024,1,13422,0,1315.0,1.5,0.077
R011,2024-02,2024,2,12209,0,1242.0,1.08,0.082
R011,2024-03,2024,3,12635,0,1084.0,2.32,0.126
R011,2024-04,2024,4,13700,0,1296.0,0.85,0.125
R011,2024-05,2024,5,13875,0,1078.0,1.43,0.061
R011,2024-06,2024,6,12497,0,1151.0,1.69,0.141
R011,2024-07,2024,7,13362,0,1124.0,2.17,0.142
R011,2024-08,2024,8,15128,0,1280.0,1.51,0.068
R011,2024-09,2024,9,14255,0,1129.0,2.23,0.064
R011,2024-10,2024,10,19697,1,1226.0,1.45,0.155
R011,2024-11,2024,11,21461,1,1092.0,2.01,0.066
R011,2024-12,2024,12,15119,0,1137.0,1.36,0.14
R011,2025-01,2025,1,15559,0,1251.0,1.59,0.145
R011,2025-02,2025,2,14004,0,1352.0,2.34,0.153
R011,2025-03,2025,3,15550,0,1206.0,1.35,0.077
R011,2025-04,2025,4,15550,0,1196.0,1.81,0.097
R011,2025-05,2025,5,16794,0,1266.0,1.12,0.134
R011,2025-06,2025,6,15506,0,1319.0,2.21,0.138
R011,2025-07,2025,7,18041,0,1236.0,1.47,0.132
R011,2025-08,2025,8,18040,0,1275.0,1.7,0.075
R011,2025-09,2025,9,16619,0,1042.0,1.19,0.139
R011,2025-10,2025,10,23525,1,1249.0,1.55,0.099
R011,2025-11,2025,11,22960,1,1262.0,1.6,0.14
R011,2025-12,2025,12,16419,0,1175.0,2.17,0.114
R012,2023-01,2023,1,7189,0,1161.0,1.21,0.154
R012,2023-02,2023,2,7085,0,1233.0,2.2,0.14
R012,2023-03,2023,3,7544,0,1221.0,1.9,0.093
R012,2023-04,2023,4,8003,0,1347.0,2.23,0.069
R012,2023-05,2023,5,7035,0,1170.0,1.2,0.145
R012,2023-06,2023,6,6845,0,1036.0,0.82,0.106
R012,2023-07,2023,7,7459,0,979.0,1.07,0.136
R012,2023-08,2023,8,8588,0,1071.0,0.8,0.111
R012,2023-09,2023,9,8369,0,1194.0,1.09,0.128
R012,2023-10,2023,10,13125,1,1123.0,1.08,0.09
R012,2023-11,2023,11,12123,1,1121.0,1.6,0.075
R012,2023-12,2023,12,8002,0,1106.0,2.21,0.146
R012,2024-01,2024,1,9504,0,1047.0,1.84,0.061
R012,2024-02,2024,2,10051,1,1129.0,1.51,0.143
R012,2024-03,2024,3,10095,1,1235.0,2.22,0.133
R012,2024-04,2024,4,9080,0,1169.0,1.22,0.063
R012,2024-05,2024,5,9885,0,1172.0,1.15,0.126
R012,2024-06,2024,6,8592,0,998.0,2.14,0.131
R012,2024-07,2024,7,9199,0,1102.0,1.8,0.125
R012,2024-08,2024,8,11480,0,1228.0,0.9,0.063
R012,2024-09,2024,9,10423,0,1094.0,1.09,0.055
R012,2024-10,2024,10,14963,1,1164.0,1.69,0.116
R012,2024-11,2024,11,14676,1,1255.0,1.89,0.155
R012,2024-12,2024,12,10769,0,1067.0,1.15,0.131
R012,2025-01,2025,1,11850,0,1219.0,2.12,0.121
R012,2025-02,2025,2,11501,0,1094.0,0.87,0.098
R012,2025-03,2025,3,10407,0,1278.0,1.74,0.057
R012,2025-04,2025,4,11008,0,1096.0,1.49,0.085
R012,2025-05,2025,5,10901,0,1231.0,1.49,0.096
R012,2025-06,2025,6,10237,0,1266.0,1.46,0.095
R012,2025-07,2025,7,11697,0,920.0,1.79,0.052
R012,2025-08,2025,8,12671,0,1086.0,1.44,0.05
R012,2025-09,2025,9,14289,1,1251.0,1.33,0.074
R012,2025-10,2025,10,17634,1,1136.0,1.0,0.158
R012,2025-11,2025,11,20541,1,1268.0,0.94,0.072
R012,2025-12,2025,12,12643,0,1178.0,2.29,0.16
R013,2023-01,2023,1,5649,0,1070.0,2.28,0.127
R013,2023-02,2023,2,4999,0,1131.0,1.53,0.077
R013,2023-03,2023,3,5692,1,1143.0,2.4,0.068
R013,2023-04,2023,4,5550,1,1056.0,1.89,0.09
R013,2023-05,2023,5,5576,0,1158.0,1.7,0.123
R013,2023-06,2023,6,4756,0,1164.0,1.19,0.159
R013,2023-07,2023,7,5259,0,1187.0,1.25,0.086
R013,2023-08,2023,8,6214,0,1211.0,1.05,0.066
R013,2023-09,2023,9,5460,0,1139.0,1.05,0.077
R013,2023-10,2023,10,8615,1,1267.0,0.96,0.078
R013,2023-11,2023,11,8142,1,1273.0,1.72,0.102
R013,2023-12,2023,12,7319,1,1006.0,1.61,0.122
R013,2024-01,2024,1,6591,0,1193.0,1.78,0.061
R013,2024-02,2024,2,6221,1,1063.0,0.9,0.068
R013,2024-03,2024,3,6073,0,1246.0,1.3,0.112
R013,2024-04,2024,4,6121,0,1291.0,2.37,0.141
R013,2024-05,2024,5,5813,0,1102.0,0.94,0.115
R013,2024-06,2024,6,7073,1,1134.0,1.27,0.134
R013,2024-07,2024,7,7120,0,1010.0,2.32,0.086
R013,2024-08,2024,8,6655,0,1214.0,1.71,0.066
R013,2024-09,2024,9,6526,0,1187.0,1.4,0.057
R013,2024-10,2024,10,12003,1,1394.0,1.93,0.051
R013,2024-11,2024,11,10452,1,1164.0,2.28,0.099
R013,2024-12,2024,12,7183,0,1139.0,1.2,0.061
R013,2025-01,2025,1,7540,0,1321.0,1.59,0.067
R013,2025-02,2025,2,7821,0,1345.0,1.51,0.147
R013,2025-03,2025,3,7611,0,1430.0,1.09,0.099
R013,2025-04,2025,4,8444,0,964.0,1.96,0.15
R013,2025-05,2025,5,8762,0,1239.0,1.23,0.063
R013,2025-06,2025,6,7842,0,1082.0,1.31,0.1
R013,2025-07,2025,7,7508,0,1330.0,2.34,0.055
R013,2025-08,2025,8,9560,0,987.0,2.33,0.156
R013,2025-09,2025,9,9151,0,1193.0,1.33,0.071
R013,2025-10,2025,10,13805,1,1141.0,1.94,0.1
R013,2025-11,2025,11,12693,1,1105.0,1.23,0.068
R013,2025-12,2025,12,10160,0,1038.0,1.1,0.11
R014,2023-01,2023,1,2428,0,1069.0,2.24,0.055
R014,2023-02,2023,2,2523,0,1115.0,0.89,0.091
R014,2023-03,2023,3,3088,1,1253.0,0.9,0.12
R014,2023-04,2023,4,2622,0,1149.0,1.09,0.116
R014,2023-05,2023,5,2736,1,1178.0,1.33,0.056
R014,2023-06,2023,6,2171,0,1168.0,2.34,0.129
R014,2023-07,2023,7,2713,0,1369.0,1.1,0.116
R014,2023-08,2023,8,3241,0,1028.0,2.38,0.054
R014,2023-09,2023,9,2673,0,1241.0,1.61,0.078
R014,2023-10,2023,10,4245,1,1344.0,0.93,0.145
R014,2023-11,2023,11,3793,1,1051.0,0.84,0.127
R014,2023-12,2023,12,2944,0,1179.0,0.95,0.152
R014,2024-01,2024,1,2973,0,1230.0,1.84,0.096
R014,2024-02,2024,2,3010,1,1302.0,0.95,0.127
R014,2024-03,2024,3,2957,0,1055.0,2.0,0.051
R014,2024-04,2024,4,3117,0,1136.0,2.1,0.127
R014,2024-05,2024,5,2938,0,1134.0,1.11,0.103
R014,2024-06,2024,6,3292,1,1066.0,0.96,0.065
R014,2024-07,2024,7,3350,0,1191.0,1.32,0.112
R014,2024-08,2024,8,3341,0,1233.0,1.69,0.138
R014,2024-09,2024,9,2978,0,1171.0,1.68,0.104
R014,2024-10,2024,10,4757,1,1218.0,1.29,0.055
R014,2024-11,2024,11,4689,1,987.0,1.56,0.075
R014,2024-12,2024,12,3244,0,1277.0,1.02,0.115
R014,2025-01,2025,1,3740,0,1290.0,2.11,0.109
R014,2025-02,2025,2,3772,1,1188.0,0.85,0.06
R014,2025-03,2025,3,3678,0,1027.0,1.47,0.098
R014,2025-04,2025,4,4039,0,1270.0,1.59,0.156
R014,2025-05,2025,5,3411,0,1079.0,0.84,0.085
R014,2025-06,2025,6,3349,0,976.0,0.88,0.053
R014,2025-07,2025,7,4798,1,1215.0,2.3,0.118
R014,2025-08,2025,8,4768,1,1048.0,0.96,0.084
R014,2025-09,2025,9,4248,0,988.0,2.08,0.143
R014,2025-10,2025,10,6512,1,1266.0,1.16,0.08
R014,2025-11,2025,11,6773,1,1110.0,1.36,0.147
R014,2025-12,2025,12,4810,0,1197.0,2.11,0.061
R015,2023-01,2023,1,10753,0,1129.0,2.04,0.054
R015,2023-02,2023,2,10593,1,1058.0,1.59,0.112
R015,2023-03,2023,3,9359,0,1061.0,1.31,0.114
R015,2023-04,2023,4,9567,0,1124.0,1.91,0.065
R015,2023-05,2023,5,9615,0,1203.0,2.17,0.106
R015,2023-06,2023,6,11090,1,1263.0,1.53,0.082
R015,2023-07,2023,7,10737,0,1029.0,1.12,0.11
R015,2023-08,2023,8,11539,0,1280.0,1.02,0.157
R015,2023-09,2023,9,11520,0,957.0,0.92,0.126
R015,2023-10,2023,10,17834,1,1220.0,1.64,0.147
R015,2023-11,2023,11,15916,1,924.0,1.61,0.122
R015,2023-12,2023,12,11192,0,1021.0,1.28,0.118
R015,2024-01,2024,1,15660,1,974.0,2.18,0.122
R015,2024-02,2024,2,12883,1,1158.0,0.94,0.152
R015,2024-03,2024,3,11773,0,1075.0,2.38,0.112
R015,2024-04,2024,4,12149,0,1176.0,1.75,0.071
R015,2024-05,2024,5,12456,0,1186.0,1.34,0.133
R015,2024-06,2024,6,10718,0,1149.0,1.69,0.054
R015,2024-07,2024,7,12158,0,1177.0,2.24,0.137
R015,2024-08,2024,8,14495,0,1147.0,1.26,0.137
R015,2024-09,2024,9,12530,0,1055.0,2.35,0.099
R015,2024-10,2024,10,19892,1,927.0,1.49,0.15
R015,2024-11,2024,11,19008,1,968.0,1.93,0.112
R015,2024-12,2024,12,13913,0,1209.0,1.99,0.105
R015,2025-01,2025,1,15389,1,1166.0,1.78,0.14
R015,2025-02,2025,2,13664,0,1166.0,2.17,0.113
R015,2025-03,2025,3,15804,0,1488.0,1.71,0.139
R015,2025-04,2025,4,16852,0,957.0,1.93,0.157
R015,2025-05,2025,5,14217,0,1072.0,1.08,0.134
R015,2025-06,2025,6,16296,0,1158.0,1.41,0.098
R015,2025-07,2025,7,17792,1,1085.0,1.58,0.052
R015,2025-08,2025,8,22681,1,1325.0,2.07,0.115
R015,2025-09,2025,9,16282,0,1162.0,1.67,0.075
R015,2025-10,2025,10,26490,1,1313.0,2.4,0.144
R015,2025-11,2025,11,22130,1,1281.0,1.63,0.138
R015,2025-12,2025,12,15113,0,1287.0,1.62,0.105
R016,2023-01,2023,1,8657,0,1280.0,2.18,0.142
R016,2023-02,2023,2,6903,0,1035.0,1.29,0.085
R016,2023-03,2023,3,7610,0,1280.0,1.99,0.134
R016,2023-04,2023,4,8354,0,1007.0,2.26,0.093
R016,2023-05,2023,5,8098,0,1026.0,2.09,0.139
R016,2023-06,2023,6,8959,1,1135.0,2.19,0.155
R016,2023-07,2023,7,7997,0,1229.0,1.6,0.153
R016,2023-08,2023,8,9219,1,1338.0,1.12,0.122
R016,2023-09,2023,9,8126,0,1128.0,1.76,0.09
R016,2023-10,2023,10,11740,1,1110.0,1.79,0.1
R016,2023-11,2023,11,12175,1,1199.0,2.22,0.121
R016,2023-12,2023,12,10236,1,1218.0,1.76,0.115
R016,2024-01,2024,1,8252,0,1120.0,2.09,0.08
R016,2024-02,2024,2,7626,0,1164.0,0.88,0.089
R016,2024-03,2024,3,9606,0,1007.0,1.28,0.084
R016,2024-04,2024,4,9282,0,1141.0,1.05,0.056
R016,2024-05,2024,5,9005,0,989.0,1.89,0.096
R016,2024-06,2024,6,9599,1,1394.0,1.72,0.117
R016,2024-07,2024,7,8903,0,1312.0,2.21,0.113
R016,2024-08,2024,8,13456,1,1081.0,1.07,0.104
R016,2024-09,2024,9,12402,1,1325.0,2.32,0.092
R016,2024-10,2024,10,16155,1,1145.0,1.67,0.097
R016,2024-11,2024,11,13488,1,1166.0,1.49,0.077
R016,2024-12,2024,12,9472,0,1118.0,1.04,0.124
R016,2025-01,2025,1,11463,0,1393.0,2.01,0.133
R016,2025-02,2025,2,9719,0,1293.0,2.08,0.102
R016,2025-03,2025,3,9398,0,1310.0,1.49,0.138
R016,2025-04,2025,4,11281,0,1072.0,2.01,0.15
R016,2025-05,2025,5,10078,0,1156.0,2.36,0.13
R016,2025-06,2025,6,10145,0,1192.0,1.1,0.106
R016,2025-07,2025,7,10668,0,1198.0,2.2,0.072
R016,2025-08,2025,8,10762,0,1018.0,2.0,0.088
R016,2025-09,2025,9,11293,0,918.0,1.06,0.086
R016,2025-10,2025,10,17817,1,1160.0,2.06,0.087
R016,2025-11,2025,11,15710,1,1182.0,2.34,0.14
R016,2025-12,2025,12,12417,0,1140.0,0.93,0.156
R017,2023-01,2023,1,23599,0,1023.0,1.64,0.156
R017,2023-02,2023,2,20670,0,1213.0,1.15,0.053
R017,2023-03,2023,3,23507,0,1206.0,1.84,0.096
R017,2023-04,2023,4,26262,1,1242.0,1.3,0.052
R017,2023-05,2023,5,24767,0,1262.0,2.3,0.112
R017,2023-06,2023,6,23742,0,1184.0,1.49,0.097
R017,2023-07,2023,7,29987,0,1159.0,2.03,0.109
R017,2023-08,2023,8,27527,0,960.0,1.23,0.153
R017,2023-09,2023,9,30860,0,950.0,1.46,0.082
R017,2023-10,2023,10,40659,1,1129.0,2.07,0.125
R017,2023-11,2023,11,38562,1,1198.0,1.97,0.076
R017,2023-12,2023,12,28395,0,1142.0,1.39,0.116
R017,2024-01,2024,1,32550,0,1097.0,1.93,0.102
R017,2024-02,2024,2,28903,0,1041.0,2.32,0.112
R017,2024-03,2024,3,30415,0,1037.0,1.39,0.062
R017,2024-04,2024,4,29955,0,1364.0,0.8,0.052
R017,2024-05,2024,5,30413,0,973.0,1.94,0.157
R017,2024-06,2024,6,27713,0,1144.0,2.29,0.066
R017,2024-07,2024,7,32940,0,835.0,2.28,0.084
R017,2024-08,2024,8,42415,1,1113.0,1.03,0.128
R017,2024-09,2024,9,32797,0,1142.0,2.1,0.11
R017,2024-10,2024,10,56211,1,1142.0,2.18,0.094
R017,2024-11,2024,11,52707,1,1178.0,1.86,0.074
R017,2024-12,2024,12,35371,0,1322.0,1.13,0.109
R017,2025-01,2025,1,44142,1,984.0,1.65,0.106
R017,2025-02,2025,2,34893,0,1139.0,1.35,0.105
R017,2025-03,2025,3,45098,1,988.0,1.11,0.07
R017,2025-04,2025,4,36296,0,1101.0,2.2,0.097
R017,2025-05,2025,5,36764,0,944.0,0.91,0.159
R017,2025-06,2025,6,43679,1,1152.0,1.3,0.126
R017,2025-07,2025,7,38007,0,1102.0,1.6,0.098
R017,2025-08,2025,8,47069,0,1319.0,1.64,0.058
R017,2025-09,2025,9,49291,1,1100.0,1.59,0.06
R017,2025-10,2025,10,61734,1,1023.0,1.4,0.074
R017,2025-11,2025,11,70114,1,1189.0,2.37,0.059
R017,2025-12,2025,12,44806,0,1444.0,0.95,0.087
R018,2023-01,2023,1,9466,0,1093.0,1.19,0.07
R018,2023-02,2023,2,8513,1,1177.0,1.78,0.069
R018,2023-03,2023,3,8888,1,1152.0,1.68,0.1
R018,2023-04,2023,4,7796,0,1023.0,1.11,0.149
R018,2023-05,2023,5,8907,0,1294.0,1.86,0.15
R018,2023-06,2023,6,8301,0,1049.0,1.67,0.084
R018,2023-07,2023,7,9785,0,1143.0,1.51,0.065
R018,2023-08,2023,8,10097,0,1153.0,1.19,0.129
R018,2023-09,2023,9,9005,0,1307.0,1.52,0.143
R018,2023-10,2023,10,14490,1,1031.0,2.08,0.127
R018,2023-11,2023,11,12534,1,1178.0,2.06,0.126
R018,2023-12,2023,12,10046,0,1239.0,1.84,0.069
R018,2024-01,2024,1,10628,0,1053.0,1.72,0.1
R018,2024-02,2024,2,10166,0,1184.0,1.3,0.152
R018,2024-03,2024,3,10751,0,1271.0,1.09,0.134
R018,2024-04,2024,4,10702,0,1183.0,1.32,0.118
R018,2024-05,2024,5,10592,0,1049.0,1.85,0.084
R018,2024-06,2024,6,12159,1,1171.0,1.96,0.107
R018,2024-07,2024,7,11068,0,1173.0,1.6,0.079
R018,2024-08,2024,8,11908,0,1073.0,1.57,0.138
R018,2024-09,2024,9,10784,0,1220.0,1.04,0.103
R018,2024-10,2024,10,20595,1,1067.0,1.8,0.106
R018,2024-11,2024,11,17134,1,1034.0,2.17,0.138
R018,2024-12,2024,12,12132,0,1257.0,1.41,0.078
R018,2025-01,2025,1,13974,0,1254.0,1.47,0.102
R018,2025-02,2025,2,13740,1,1072.0,0.91,0.073
R018,2025-03,2025,3,12375,0,1139.0,1.43,0.077
R018,2025-04,2025,4,13122,0,1004.0,1.54,0.128
R018,2025-05,2025,5,13040,0,1283.0,1.69,0.158
R018,2025-06,2025,6,13436,0,1052.0,1.0,0.103
R018,2025-07,2025,7,15729,0,1058.0,1.01,0.104
R018,2025-08,2025,8,16052,0,1202.0,2.14,0.107
R018,2025-09,2025,9,13748,0,1108.0,0.96,0.139
R018,2025-10,2025,10,24366,1,1217.0,2.0,0.057
R018,2025-11,2025,11,20044,1,1285.0,1.37,0.062
R018,2025-12,2025,12,14434,0,1030.0,0.91,0.125
R019,2023-01,2023,1,8230,0,1033.0,1.15,0.116
R019,2023-02,2023,2,7239,0,1077.0,2.36,0.131
R019,2023-03,2023,3,9174,1,1564.0,1.41,0.122
R019,2023-04,2023,4,7091,0,1389.0,1.61,0.079
R019,2023-05,2023,5,9912,1,1049.0,2.08,0.066
R019,2023-06,2023,6,8098,0,1205.0,0.91,0.101
R019,2023-07,2023,7,7446,0,1186.0,2.22,0.14
R019,2023-08,2023,8,9235,0,1223.0,2.1,0.133
R019,2023-09,2023,9,7956,0,1190.0,0.87,0.144
R019,2023-10,2023,10,12781,1,1433.0,1.37,0.064
R019,2023-11,2023,11,11653,1,1405.0,1.15,0.117
R019,2023-12,2023,12,9079,1,1049.0,1.74,0.094
R019,2024-01,2024,1,9361,0,911.0,1.9,0.129
R019,2024-02,2024,2,7933,0,1257.0,1.0,0.088
R019,2024-03,2024,3,8897,0,1134.0,2.08,0.14
R019,2024-04,2024,4,9471,0,1356.0,2.06,0.094
R019,2024-05,2024,5,10740,0,1067.0,0.89,0.111
R019,2024-06,2024,6,8109,0,1289.0,2.27,0.153
R019,2024-07,2024,7,9815,0,1175.0,0.91,0.053
R019,2024-08,2024,8,10173,0,1015.0,1.0,0.076
R019,2024-09,2024,9,9410,0,1176.0,2.2,0.142
R019,2024-10,2024,10,14169,1,1208.0,0.88,0.126
R019,2024-11,2024,11,12028,1,1331.0,1.99,0.11
R019,2024-12,2024,12,9262,0,1069.0,1.56,0.066
R019,2025-01,2025,1,11084,0,997.0,1.62,0.115
R019,2025-02,2025,2,9242,0,1242.0,2.23,0.107
R019,2025-03,2025,3,10620,0,1246.0,2.15,0.083
R019,2025-04,2025,4,9453,0,1134.0,1.12,0.107
R019,2025-05,2025,5,9442,0,1159.0,1.09,0.067
R019,2025-06,2025,6,10287,0,1097.0,0.83,0.102
R019,2025-07,2025,7,10129,0,1181.0,2.2,0.091
R019,2025-08,2025,8,11484,0,1155.0,1.21,0.052
R019,2025-09,2025,9,10723,0,1036.0,1.09,0.075
R019,2025-10,2025,10,14595,1,1038.0,1.02,0.053
R019,2025-11,2025,11,15573,1,1370.0,1.4,0.112
R019,2025-12,2025,12,11112,0,1168.0,1.28,0.085
R020,2023-01,2023,1,4704,1,1092.0,1.41,0.111
R020,2023-02,2023,2,2943,0,1212.0,1.85,0.108
R020,2023-03,2023,3,3868,1,1060.0,0.87,0.096
R020,2023-04,2023,4,4237,0,1191.0,1.08,0.068
R020,2023-05,2023,5,4087,0,1129.0,2.25,0.121
R020,2023-06,2023,6,3548,0,1363.0,1.66,0.141
R020,2023-07,2023,7,3971,0,991.0,2.06,0.145
R020,2023-08,2023,8,4314,0,1104.0,1.26,0.108
R020,2023-09,2023,9,4588,0,1304.0,1.23,0.103
R020,2023-10,2023,10,6654,1,1094.0,0.83,0.118
R020,2023-11,2023,11,5994,1,1336.0,1.46,0.133
R020,2023-12,2023,12,4505,0,946.0,2.2,0.063
R020,2024-01,2024,1,4672,0,1046.0,2.02,0.059
R020,2024-02,2024,2,4658,0,1242.0,1.97,0.13
R020,2024-03,2024,3,4921,0,983.0,2.03,0.122
R020,2024-04,2024,4,4310,0,1195.0,1.87,0.09
R020,2024-05,2024,5,5863,1,1035.0,1.59,0.08
R020,2024-06,2024,6,4332,0,1021.0,1.25,0.125
R020,2024-07,2024,7,5069,0,1120.0,1.99,0.13
R020,2024-08,2024,8,6544,0,1118.0,1.19,0.139
R020,2024-09,2024,9,5277,0,1076.0,0.86,0.113
R020,2024-10,2024,10,8178,1,1052.0,1.38,0.071
R020,2024-11,2024,11,8275,1,1212.0,0.92,0.137
R020,2024-12,2024,12,5749,0,1145.0,2.03,0.15
R020,2025-01,2025,1,5961,0,1024.0,1.59,0.072
R020,2025-02,2025,2,5148,0,1034.0,1.09,0.094
R020,2025-03,2025,3,5176,0,1090.0,1.84,0.085
R020,2025-04,2025,4,6385,0,1342.0,2.36,0.083
R020,2025-05,2025,5,6422,0,1130.0,1.26,0.11
R020,2025-06,2025,6,6203,0,1131.0,2.3,0.149
R020,2025-07,2025,7,6698,0,1188.0,1.33,0.079
R020,2025-08,2025,8,6674,0,1173.0,1.23,0.056
R020,2025-09,2025,9,6823,0,970.0,1.15,0.05
R020,2025-10,2025,10,10743,1,1233.0,2.39,0.074
R020,2025-11,2025,11,9407,1,1153.0,2.08,0.064
R020,2025-12,2025,12,7205,0,1269.0,0.97,0.067
R021,2023-01,2023,1,10173,0,1205.0,1.73,0.139
R021,2023-02,2023,2,7960,0,1062.0,1.05,0.054
R021,2023-03,2023,3,8958,0,1171.0,0.98,0.059
R021,2023-04,2023,4,9994,0,989.0,2.4,0.081
R021,2023-05,2023,5,9507,0,857.0,1.55,0.13
R021,2023-06,2023,6,9287,0,1305.0,1.44,0.108
R021,2023-07,2023,7,10624,0,1095.0,1.35,0.083
R021,2023-08,2023,8,10819,0,1194.0,1.35,0.077
R021,2023-09,2023,9,10460,0,1377.0,1.11,0.115
R021,2023-10,2023,10,16658,1,1173.0,1.67,0.117
R021,2023-11,2023,11,14919,1,1389.0,1.21,0.095
R021,2023-12,2023,12,12034,0,1030.0,1.18,0.132
R021,2024-01,2024,1,13755,1,1252.0,1.82,0.075
R021,2024-02,2024,2,11154,0,1026.0,0.86,0.118
R021,2024-03,2024,3,12313,1,1006.0,1.65,0.103
R021,2024-04,2024,4,11388,0,1076.0,2.38,0.153
R021,2024-05,2024,5,11460,0,1058.0,1.61,0.08
R021,2024-06,2024,6,12126,0,1096.0,1.94,0.094
R021,2024-07,2024,7,12614,0,1037.0,0.92,0.059
R021,2024-08,2024,8,13500,0,1256.0,2.4,0.114
R021,2024-09,2024,9,12497,0,1138.0,2.0,0.125
R021,2024-10,2024,10,20996,1,1196.0,2.33,0.07
R021,2024-11,2024,11,21339,1,1075.0,2.01,0.073
R021,2024-12,2024,12,12833,0,1127.0,1.97,0.115
R021,2025-01,2025,1,15643,0,1135.0,1.89,0.153
R021,2025-02,2025,2,16478,1,1245.0,1.6,0.111
R021,2025-03,2025,3,15442,0,1201.0,1.93,0.094
R021,2025-04,2025,4,15446,0,1283.0,2.25,0.083
R021,2025-05,2025,5,16141,0,1184.0,2.12,0.051
R021,2025-06,2025,6,16378,1,1180.0,1.48,0.097
R021,2025-07,2025,7,16109,0,1131.0,1.85,0.135
R021,2025-08,2025,8,17485,0,1056.0,1.0,0.154
R021,2025-09,2025,9,16398,0,1137.0,1.25,0.147
R021,2025-10,2025,10,27356,1,1024.0,0.98,0.076
R021,2025-11,2025,11,25580,1,1364.0,1.19,0.114
R021,2025-12,2025,12,16746,0,1172.0,1.89,0.09
R022,2023-01,2023,1,3532,0,1277.0,2.18,0.062
R022,2023-02,2023,2,2561,0,1228.0,1.25,0.08
R022,2023-03,2023,3,3079,0,1154.0,1.61,0.137
R022,2023-04,2023,4,3478,0,963.0,2.21,0.113
R022,2023-05,2023,5,4097,1,777.0,1.15,0.101
R022,2023-06,2023,6,3110,0,1252.0,2.1,0.151
R022,2023-07,2023,7,3674,0,1148.0,1.24,0.102
R022,2023-08,2023,8,4480,0,1082.0,1.95,0.133
R022,2023-09,2023,9,3700,0,1171.0,1.81,0.09
R022,2023-10,2023,10,6045,1,1093.0,2.17,0.115
R022,2023-11,2023,11,5785,1,1096.0,1.75,0.122
R022,2023-12,2023,12,3656,0,1019.0,1.18,0.075
R022,2024-01,2024,1,3809,0,1294.0,1.38,0.067
R022,2024-02,2024,2,3448,0,1145.0,1.18,0.091
R022,2024-03,2024,3,4542,1,1111.0,1.8,0.085
R022,2024-04,2024,4,4214,0,974.0,1.54,0.139
R022,2024-05,2024,5,3923,0,1230.0,1.3,0.084
R022,2024-06,2024,6,3870,0,1408.0,2.27,0.051
R022,2024-07,2024,7,4092,0,1025.0,1.75,0.069
R022,2024-08,2024,8,5158,0,1085.0,1.15,0.134
R022,2024-09,2024,9,5398,1,1177.0,2.04,0.127
R022,2024-10,2024,10,7458,1,1018.0,1.13,0.072
R022,2024-11,2024,11,7023,1,1187.0,1.76,0.151
R022,2024-12,2024,12,4802,0,1403.0,1.82,0.098
R022,2025-01,2025,1,5121,0,1057.0,0.81,0.055
R022,2025-02,2025,2,4967,0,943.0,2.23,0.147
R022,2025-03,2025,3,4972,0,1172.0,1.31,0.077
R022,2025-04,2025,4,5501,0,1329.0,1.05,0.075
R022,2025-05,2025,5,5779,0,1104.0,2.11,0.11
R022,2025-06,2025,6,5165,0,1194.0,1.07,0.083
R022,2025-07,2025,7,5364,0,1316.0,1.8,0.08
R022,2025-08,2025,8,6470,0,1141.0,1.52,0.158
R022,2025-09,2025,9,5655,0,1223.0,1.36,0.069
R022,2025-10,2025,10,8921,1,1072.0,2.29,0.136
R022,2025-11,2025,11,8097,1,1129.0,1.46,0.088
R022,2025-12,2025,12,5762,0,1168.0,1.9,0.141
R023,2023-01,2023,1,4152,0,1378.0,1.78,0.1
R023,2023-02,2023,2,3658,0,1249.0,2.14,0.117
R023,2023-03,2023,3,3774,0,1279.0,2.28,0.134
R023,2023-04,2023,4,3797,0,1114.0,1.29,0.111
R023,2023-05,2023,5,4213,1,1201.0,1.14,0.157
R023,2023-06,2023,6,4073,1,1351.0,1.56,0.056
R023,2023-07,2023,7,4093,0,1256.0,1.79,0.085
R023,2023-08,2023,8,4445,0,835.0,2.23,0.148
R023,2023-09,2023,9,3885,0,1248.0,1.56,0.057
R023,2023-10,2023,10,6248,1,1057.0,1.53,0.159
R023,2023-11,2023,11,6106,1,933.0,1.84,0.09
R023,2023-12,2023,12,4935,1,1150.0,1.95,0.142
R023,2024-01,2024,1,6158,1,1154.0,1.11,0.105
R023,2024-02,2024,2,4452,0,1024.0,0.81,0.056
R023,2024-03,2024,3,5406,1,896.0,2.23,0.117
R023,2024-04,2024,4,5421,1,1380.0,2.21,0.099
R023,2024-05,2024,5,5126,0,1252.0,1.21,0.069
R023,2024-06,2024,6,5403,1,1235.0,0.88,0.058
R023,2024-07,2024,7,4689,0,1187.0,2.34,0.095
R023,2024-08,2024,8,5883,0,1279.0,1.27,0.061
R023,2024-09,2024,9,5677,1,1275.0,1.57,0.065
R023,2024-10,2024,10,8667,1,1119.0,2.08,0.095
R023,2024-11,2024,11,7745,1,1348.0,1.09,0.098
R023,2024-12,2024,12,6047,1,1171.0,1.29,0.101
R023,2025-01,2025,1,5889,0,1208.0,0.96,0.103
R023,2025-02,2025,2,5025,0,1152.0,2.0,0.116
R023,2025-03,2025,3,5953,0,1080.0,1.84,0.067
R023,2025-04,2025,4,5731,0,948.0,1.32,0.151
R023,2025-05,2025,5,6039,0,1345.0,2.12,0.092
R023,2025-06,2025,6,5938,0,1072.0,1.08,0.155
R023,2025-07,2025,7,6209,0,1344.0,1.12,0.136
R023,2025-08,2025,8,6155,0,1272.0,1.33,0.145
R023,2025-09,2025,9,6268,0,1397.0,2.39,0.079
R023,2025-10,2025,10,9092,1,1070.0,1.96,0.051
R023,2025-11,2025,11,9777,1,1177.0,1.09,0.097
R023,2025-12,2025,12,6391,0,1211.0,1.43,0.151
R024,2023-01,2023,1,4894,1,1078.0,2.18,0.066
R024,2023-02,2023,2,3526,0,952.0,1.5,0.134
R024,2023-03,2023,3,3954,0,1196.0,1.37,0.126
R024,2023-04,2023,4,4229,0,1056.0,1.34,0.146
R024,2023-05,2023,5,4400,0,1312.0,1.96,0.123
R024,2023-06,2023,6,3958,0,1194.0,1.85,0.149
R024,2023-07,2023,7,4177,0,1075.0,1.38,0.121
R024,2023-08,2023,8,5229,1,1252.0,2.22,0.097
R024,2023-09,2023,9,4718,0,1539.0,1.03,0.116
R024,2023-10,2023,10,6892,1,1355.0,1.95,0.141
R024,2023-11,2023,11,6720,1,972.0,1.1,0.136
R024,2023-12,2023,12,4794,0,1032.0,2.29,0.093
R024,2024-01,2024,1,5292,0,1255.0,1.46,0.086
R024,2024-02,2024,2,4832,1,1165.0,1.12,0.066
R024,2024-03,2024,3,4363,0,1031.0,1.06,0.14
R024,2024-04,2024,4,4599,0,1261.0,1.1,0.102
R024,2024-05,2024,5,5054,0,1162.0,1.37,0.104
R024,2024-06,2024,6,5507,1,1058.0,1.83,0.14
R024,2024-07,2024,7,5560,0,1166.0,1.51,0.097
R024,2024-08,2024,8,6132,1,1209.0,1.13,0.067
R024,2024-09,2024,9,5508,0,918.0,1.98,0.08
R024,2024-10,2024,10,7919,1,1153.0,1.51,0.113
R024,2024-11,2024,11,8047,1,1197.0,1.65,0.121
R024,2024-12,2024,12,6754,1,1245.0,0.98,0.131
R024,2025-01,2025,1,6161,0,1165.0,1.03,0.061
R024,2025-02,2025,2,5631,1,1211.0,1.13,0.064
R024,2025-03,2025,3,6129,0,1126.0,2.4,0.05
R024,2025-04,2025,4,5865,0,1134.0,2.26,0.066
R024,2025-05,2025,5,5855,0,1389.0,1.86,0.086
R024,2025-06,2025,6,6277,0,1187.0,1.29,0.078
R024,2025-07,2025,7,6499,0,1112.0,1.8,0.094
R024,2025-08,2025,8,6629,0,1196.0,1.66,0.086
R024,2025-09,2025,9,6293,0,1118.0,1.11,0.113
R024,2025-10,2025,10,9541,1,1184.0,1.88,0.151
R024,2025-11,2025,11,9658,1,938.0,2.1,0.143
R024,2025-12,2025,12,6104,0,1178.0,2.0,0.117
R025,2023-01,2023,1,10246,0,1304.0,1.76,0.111
R025,2023-02,2023,2,7825,0,1265.0,1.87,0.082
R025,2023-03,2023,3,8707,0,1145.0,1.86,0.083
R025,2023-04,2023,4,9509,0,1424.0,2.29,0.061
R025,2023-05,2023,5,10144,0,1069.0,1.86,0.071
R025,2023-06,2023,6,10530,1,990.0,1.6,0.086
R025,2023-07,2023,7,9333,0,1146.0,2.16,0.127
R025,2023-08,2023,8,10270,0,1026.0,1.95,0.113
R025,2023-09,2023,9,10734,0,1258.0,1.48,0.114
R025,2023-10,2023,10,15360,1,1208.0,2.26,0.113
R025,2023-11,2023,11,15380,1,1093.0,2.24,0.11
R025,2023-12,2023,12,11007,1,1226.0,1.49,0.055
R025,2024-01,2024,1,10847,0,1320.0,1.8,0.098
R025,2024-02,2024,2,9363,0,1063.0,1.51,0.121
R025,2024-03,2024,3,11599,1,1192.0,1.98,0.056
R025,2024-04,2024,4,10157,0,883.0,1.47,0.062
R025,2024-05,2024,5,10115,0,1003.0,0.88,0.093
R025,2024-06,2024,6,10097,0,1307.0,1.8,0.114
R025,2024-07,2024,7,10666,0,1321.0,2.21,0.115
R025,2024-08,2024,8,12561,0,1252.0,2.26,0.065
R025,2024-09,2024,9,11188,0,1146.0,1.65,0.073
R025,2024-10,2024,10,17382,1,1011.0,1.85,0.118
R025,2024-11,2024,11,14793,1,1195.0,1.63,0.068
R025,2024-12,2024,12,12381,0,1268.0,2.19,0.069
R025,2025-01,2025,1,12111,0,1074.0,0.91,0.135
R025,2025-02,2025,2,10956,0,989.0,1.66,0.132
R025,2025-03,2025,3,13550,1,1057.0,2.17,0.141
R025,2025-04,2025,4,13299,1,1254.0,1.66,0.149
R025,2025-05,2025,5,14357,1,1199.0,2.04,0.158
R025,2025-06,2025,6,12883,1,1330.0,2.12,0.061
R025,2025-07,2025,7,11563,0,1128.0,0.91,0.138
R025,2025-08,2025,8,14046,0,1205.0,2.25,0.08
R025,2025-09,2025,9,12415,0,1353.0,1.05,0.117
R025,2025-10,2025,10,18916,1,1124.0,1.95,0.137
R025,2025-11,2025,11,18784,1,1068.0,1.09,0.157
R025,2025-12,2025,12,14334,1,1154.0,2.02,0.059
R026,2023-01,2023,1,2702,0,1297.0,0.89,0.15
R026,2023-02,2023,2,2870,0,1332.0,1.79,0.132
R026,2023-03,2023,3,2414,0,1288.0,1.64,0.054
R026,2023-04,2023,4,2531,0,1360.0,0.94,0.159
R026,2023-05,2023,5,2715,0,1155.0,1.98,0.14
R026,2023-06,2023,6,2773,0,1129.0,1.91,0.063
R026,2023-07,2023,7,2937,0,1179.0,2.25,0.094
R026,2023-08,2023,8,3221,0,1128.0,1.7,0.13
R026,2023-09,2023,9,3055,0,1114.0,2.01,0.058
R026,2023-10,2023,10,4746,1,1252.0,2.07,0.072
R026,2023-11,2023,11,4149,1,942.0,2.15,0.069
R026,2023-12,2023,12,3372,1,1108.0,1.2,0.137
R026,2024-01,2024,1,3888,0,1102.0,1.85,0.061
R026,2024-02,2024,2,3174,0,1152.0,1.12,0.087
R026,2024-03,2024,3,3318,0,1054.0,2.22,0.074
R026,2024-04,2024,4,3730,0,1121.0,2.18,0.078
R026,2024-05,2024,5,3356,0,1246.0,1.62,0.078
R026,2024-06,2024,6,3586,1,1085.0,1.98,0.087
R026,2024-07,2024,7,3371,0,1155.0,1.11,0.082
R026,2024-08,2024,8,4405,1,1286.0,1.56,0.069
R026,2024-09,2024,9,3568,0,1254.0,1.16,0.156
R026,2024-10,2024,10,5274,1,1189.0,1.05,0.059
R026,2024-11,2024,11,5073,1,1127.0,2.16,0.135
R026,2024-12,2024,12,3622,0,1381.0,0.9,0.053
R026,2025-01,2025,1,4209,0,1168.0,2.21,0.119
R026,2025-02,2025,2,4066,1,1188.0,0.97,0.08
R026,2025-03,2025,3,3509,0,966.0,2.04,0.082
R026,2025-04,2025,4,4635,1,1041.0,1.28,0.069
R026,2025-05,2025,5,3745,0,1285.0,0.87,0.077
R026,2025-06,2025,6,3470,0,1057.0,1.68,0.093
R026,2025-07,2025,7,3987,0,1113.0,1.75,0.14
R026,2025-08,2025,8,4098,0,1377.0,1.87,0.122
R026,2025-09,2025,9,4091,0,1183.0,0.87,0.121
R026,2025-10,2025,10,5958,1,1168.0,1.29,0.067
R026,2025-11,2025,11,5998,1,1103.0,1.19,0.082
R026,2025-12,2025,12,4056,0,1129.0,0.87,0.159
R027,2023-01,2023,1,2868,0,1116.0,1.06,0.105
R027,2023-02,2023,2,2861,0,1324.0,1.87,0.055
R027,2023-03,2023,3,3176,0,975.0,0.97,0.156
R027,2023-04,2023,4,3014,0,1308.0,1.73,0.145
R027,2023-05,2023,5,3160,0,952.0,0.9,0.122
R027,2023-06,2023,6,3259,0,1444.0,2.02,0.051
R027,2023-07,2023,7,3850,1,1072.0,1.05,0.132
R027,2023-08,2023,8,3466,0,1143.0,1.01,0.142
R027,2023-09,2023,9,4184,1,1122.0,2.28,0.091
R027,2023-10,2023,10,5071,1,1153.0,2.39,0.15
R027,2023-11,2023,11,4965,1,1156.0,1.53,0.136
R027,2023-12,2023,12,3790,0,1156.0,1.23,0.098
R027,2024-01,2024,1,4136,0,1219.0,0.84,0.065
R027,2024-02,2024,2,3305,0,1204.0,1.82,0.067
R027,2024-03,2024,3,4165,0,999.0,1.58,0.082
R027,2024-04,2024,4,3755,0,1213.0,0.82,0.139
R027,2024-05,2024,5,3320,0,1015.0,0.91,0.071
R027,2024-06,2024,6,3076,0,1230.0,0.95,0.104
R027,2024-07,2024,7,3975,0,1276.0,0.91,0.118
R027,2024-08,2024,8,3724,0,1125.0,1.66,0.065
R027,2024-09,2024,9,3498,0,1101.0,2.14,0.156
R027,2024-10,2024,10,6697,1,1054.0,1.76,0.092
R027,2024-11,2024,11,5785,1,1126.0,2.02,0.064
R027,2024-12,2024,12,4481,1,1084.0,1.38,0.088
R027,2025-01,2025,1,4336,0,853.0,1.66,0.082
R027,2025-02,2025,2,3868,0,895.0,1.33,0.155
R027,2025-03,2025,3,3928,0,1177.0,1.1,0.061
R027,2025-04,2025,4,4283,0,1254.0,2.04,0.151
R027,2025-05,2025,5,3975,0,1127.0,1.37,0.096
R027,2025-06,2025,6,4138,0,1046.0,0.81,0.126
R027,2025-07,2025,7,4603,0,1138.0,2.23,0.116
R027,2025-08,2025,8,4430,0,1161.0,1.48,0.097
R027,2025-09,2025,9,4542,0,1323.0,1.37,0.097
R027,2025-10,2025,10,6800,1,1053.0,1.86,0.13
R027,2025-11,2025,11,6020,1,1243.0,1.78,0.065
R027,2025-12,2025,12,4902,0,1062.0,1.46,0.066
R028,2023-01,2023,1,3309,0,1024.0,1.04,0.094
R028,2023-02,2023,2,3042,1,1210.0,0.85,0.077
R028,2023-03,2023,3,3231,0,1034.0,1.11,0.099
R028,2023-04,2023,4,3204,0,839.0,1.62,0.103
R028,2023-05,2023,5,2928,0,886.0,2.25,0.14
R028,2023-06,2023,6,2784,0,1235.0,1.47,0.142
R028,2023-07,2023,7,3068,0,1088.0,0.86,0.068
R028,2023-08,2023,8,3563,0,1145.0,1.79,0.142
R028,2023-09,2023,9,3840,0,1171.0,2.26,0.122
R028,2023-10,2023,10,5281,1,1124.0,2.22,0.056
R028,2023-11,2023,11,5662,1,1015.0,0.92,0.054
R028,2023-12,2023,12,3952,0,1118.0,1.75,0.054
R028,2024-01,2024,1,4212,0,1199.0,2.0,0.135
R028,2024-02,2024,2,3791,0,1238.0,2.14,0.106
R028,2024-03,2024,3,3905,0,1351.0,1.95,0.15
R028,2024-04,2024,4,4886,1,1088.0,2.09,0.081
R028,2024-05,2024,5,3951,0,1008.0,1.96,0.126
R028,2024-06,2024,6,3540,0,1026.0,1.05,0.155
R028,2024-07,2024,7,4345,0,1344.0,1.65,0.104
R028,2024-08,2024,8,4856,0,1309.0,2.18,0.116
R028,2024-09,2024,9,4988,0,1058.0,1.44,0.106
R028,2024-10,2024,10,7057,1,917.0,1.48,0.067
R028,2024-11,2024,11,6781,1,1356.0,2.21,0.081
R028,2024-12,2024,12,4412,0,1214.0,1.59,0.135
R028,2025-01,2025,1,5549,0,1060.0,1.24,0.106
R028,2025-02,2025,2,4714,0,1142.0,1.63,0.146
R028,2025-03,2025,3,5482,0,1075.0,1.69,0.157
R028,2025-04,2025,4,5539,0,1149.0,1.27,0.082
R028,2025-05,2025,5,5917,0,1152.0,1.85,0.069
R028,2025-06,2025,6,5154,0,1070.0,2.36,0.065
R028,2025-07,2025,7,5639,0,1131.0,1.76,0.137
R028,2025-08,2025,8,5977,0,1286.0,1.06,0.05
R028,2025-09,2025,9,6459,0,1048.0,2.34,0.121
R028,2025-10,2025,10,9209,1,1271.0,1.49,0.109
R028,2025-11,2025,11,8246,1,1016.0,2.2,0.088
R028,2025-12,2025,12,6219,0,1156.0,0.93,0.063
R029,2023-01,2023,1,2764,1,907.0,1.51,0.151
R029,2023-02,2023,2,2157,0,1347.0,1.3,0.113
R029,2023-03,2023,3,2716,0,1011.0,2.1,0.067
R029,2023-04,2023,4,2241,0,1047.0,2.02,0.081
R029,2023-05,2023,5,2347,0,925.0,1.99,0.13
R029,2023-06,2023,6,2218,0,1064.0,1.98,0.079
R029,2023-07,2023,7,2810,0,1108.0,2.19,0.117
R029,2023-08,2023,8,2975,0,1186.0,0.87,0.097
R029,2023-09,2023,9,2568,0,1040.0,1.54,0.131
R029,2023-10,2023,10,4031,1,1184.0,1.85,0.159
R029,2023-11,2023,11,3995,1,1323.0,1.06,0.051
R029,2023-12,2023,12,2421,0,1196.0,1.74,0.086
R029,2024-01,2024,1,2912,0,1225.0,0.87,0.055
R029,2024-02,2024,2,2629,0,1227.0,1.04,0.133
R029,2024-03,2024,3,3166,0,1337.0,1.84,0.083
R029,2024-04,2024,4,3066,0,1279.0,1.15,0.16
R029,2024-05,2024,5,3333,1,1108.0,0.93,0.159
R029,2024-06,2024,6,3432,1,1404.0,1.07,0.115
R029,2024-07,2024,7,3025,0,1232.0,1.19,0.107
R029,2024-08,2024,8,3170,0,1009.0,1.7,0.081
R029,2024-09,2024,9,2836,0,1201.0,0.93,0.092
R029,2024-10,2024,10,4844,1,1120.0,1.17,0.089
R029,2024-11,2024,11,4731,1,1035.0,1.9,0.105
R029,2024-12,2024,12,3376,0,1120.0,1.65,0.117
R029,2025-01,2025,1,3707,0,1030.0,2.01,0.156
R029,2025-02,2025,2,3305,0,1377.0,1.08,0.078
R029,2025-03,2025,3,2802,0,1144.0,1.62,0.126
R029,2025-04,2025,4,3655,0,1041.0,1.23,0.093
R029,2025-05,2025,5,4016,1,1258.0,1.06,0.062
R029,2025-06,2025,6,3390,0,1299.0,0.82,0.078
R029,2025-07,2025,7,4469,1,1096.0,1.0,0.144
R029,2025-08,2025,8,3926,0,1147.0,1.24,0.097
R029,2025-09,2025,9,3615,0,1305.0,1.73,0.127
R029,2025-10,2025,10,5801,1,1231.0,1.73,0.079
R029,2025-11,2025,11,5719,1,1170.0,1.42,0.14
R029,2025-12,2025,12,3871,0,1085.0,0.96,0.053
R030,2023-01,2023,1,2511,0,1083.0,1.87,0.107
R030,2023-02,2023,2,1894,0,1100.0,2.06,0.087
R030,2023-03,2023,3,2176,1,1254.0,1.21,0.139
R030,2023-04,2023,4,2406,0,1241.0,1.39,0.106
R030,2023-05,2023,5,2267,0,1198.0,1.5,0.054
R030,2023-06,2023,6,2101,0,975.0,1.75,0.074
R030,2023-07,2023,7,2331,0,1240.0,1.69,0.1
R030,2023-08,2023,8,2742,0,1195.0,1.53,0.088
R030,2023-09,2023,9,2305,0,1339.0,1.17,0.158
R030,2023-10,2023,10,3432,1,1112.0,1.07,0.117
R030,2023-11,2023,11,3686,1,1145.0,1.3,0.119
R030,2023-12,2023,12,2340,0,1020.0,1.8,0.093
R030,2024-01,2024,1,2727,0,1122.0,1.48,0.054
R030,2024-02,2024,2,2122,0,1096.0,2.09,0.144
R030,2024-03,2024,3,2773,1,1001.0,0.82,0.137
R030,2024-04,2024,4,2456,0,1141.0,0.9,0.06
R030,2024-05,2024,5,2734,0,1096.0,1.53,0.052
R030,2024-06,2024,6,2453,0,1184.0,1.5,0.138
R030,2024-07,2024,7,3016,0,1296.0,0.87,0.15
R030,2024-08,2024,8,3016,0,1302.0,2.13,0.14
R030,2024-09,2024,9,2838,0,989.0,1.54,0.107
R030,2024-10,2024,10,4204,1,1020.0,1.37,0.092
R030,2024-11,2024,11,4245,1,1146.0,1.85,0.1
R030,2024-12,2024,12,2721,0,1439.0,1.4,0.129
R030,2025-01,2025,1,3275,0,1086.0,2.04,0.111
R030,2025-02,2025,2,2702,0,1159.0,1.59,0.147
R030,2025-03,2025,3,3160,0,1216.0,1.48,0.068
R030,2025-04,2025,4,2950,0,1056.0,1.6,0.12
R030,2025-05,2025,5,3695,1,1050.0,1.85,0.104
R030,2025-06,2025,6,2847,0,1279.0,0.82,0.118
R030,2025-07,2025,7,2684,0,1064.0,1.21,0.094
R030,2025-08,2025,8,4040,1,1129.0,2.37,0.127
R030,2025-09,2025,9,3664,0,1134.0,1.76,0.096
R030,2025-10,2025,10,5295,1,984.0,1.39,0.095
R030,2025-11,2025,11,5033,1,1329.0,1.32,0.062
R030,2025-12,2025,12,3157,0,1090.0,1.32,0.089
R031,2023-01,2023,1,7433,0,1358.0,1.89,0.098
R031,2023-02,2023,2,6158,0,1109.0,0.84,0.125
R031,2023-03,2023,3,7488,1,1056.0,1.44,0.153
R031,2023-04,2023,4,6873,0,1144.0,1.77,0.118
R031,2023-05,2023,5,7179,1,872.0,1.05,0.152
R031,2023-06,2023,6,5785,0,1138.0,1.38,0.127
R031,2023-07,2023,7,7257,0,1271.0,1.99,0.159
R031,2023-08,2023,8,8405,0,1328.0,1.87,0.132
R031,2023-09,2023,9,7231,0,1229.0,1.25,0.133
R031,2023-10,2023,10,10916,1,1222.0,1.33,0.079
R031,2023-11,2023,11,9574,1,1336.0,1.19,0.113
R031,2023-12,2023,12,7915,0,1074.0,2.25,0.057
R031,2024-01,2024,1,7306,0,1399.0,1.68,0.092
R031,2024-02,2024,2,7382,0,1139.0,1.94,0.115
R031,2024-03,2024,3,8624,1,1334.0,1.95,0.082
R031,2024-04,2024,4,7330,0,1075.0,1.37,0.113
R031,2024-05,2024,5,8390,1,1090.0,1.66,0.116
R031,2024-06,2024,6,6542,0,1093.0,1.2,0.112
R031,2024-07,2024,7,8158,0,1281.0,2.06,0.157
R031,2024-08,2024,8,8927,0,1156.0,1.31,0.116
R031,2024-09,2024,9,8869,1,1166.0,1.0,0.15
R031,2024-10,2024,10,14257,1,1183.0,1.98,0.145
R031,2024-11,2024,11,11325,1,1122.0,1.76,0.148
R031,2024-12,2024,12,8456,0,1192.0,0.8,0.058
R031,2025-01,2025,1,11430,1,1239.0,1.19,0.092
R031,2025-02,2025,2,8816,1,782.0,2.38,0.087
R031,2025-03,2025,3,9624,1,1148.0,1.76,0.117
R031,2025-04,2025,4,9291,1,1419.0,1.14,0.068
R031,2025-05,2025,5,10920,1,1115.0,2.22,0.123
R031,2025-06,2025,6,9735,1,1280.0,2.34,0.092
R031,2025-07,2025,7,8898,0,1241.0,2.37,0.091
R031,2025-08,2025,8,11429,1,1122.0,2.17,0.114
R031,2025-09,2025,9,10509,1,1026.0,1.24,0.091
R031,2025-10,2025,10,13934,1,1263.0,1.48,0.123
R031,2025-11,2025,11,12991,1,1026.0,2.07,0.075
R031,2025-12,2025,12,10229,1,1050.0,2.09,0.137
R032,2023-01,2023,1,8507,0,1079.0,1.23,0.086
R032,2023-02,2023,2,6262,0,1100.0,2.03,0.079
R032,2023-03,2023,3,6567,0,1275.0,0.82,0.078
R032,2023-04,2023,4,8183,1,1175.0,0.87,0.113
R032,2023-05,2023,5,8566,1,1097.0,1.74,0.108
R032,2023-06,2023,6,6978,0,907.0,1.9,0.122
R032,2023-07,2023,7,9395,1,1241.0,2.19,0.16
R032,2023-08,2023,8,9590,0,1235.0,1.29,0.123
R032,2023-09,2023,9,8281,0,1127.0,1.88,0.076
R032,2023-10,2023,10,12932,1,1186.0,1.94,0.06
R032,2023-11,2023,11,12572,1,1321.0,2.02,0.116
R032,2023-12,2023,12,7475,0,1214.0,1.73,0.132
R032,2024-01,2024,1,8885,0,1003.0,1.06,0.099
R032,2024-02,2024,2,8428,0,1004.0,1.47,0.072
R032,2024-03,2024,3,10099,1,1280.0,1.67,0.121
R032,2024-04,2024,4,10502,1,1043.0,2.36,0.086
R032,2024-05,2024,5,9496,0,960.0,1.37,0.094
R032,2024-06,2024,6,8301,0,1103.0,1.85,0.08
R032,2024-07,2024,7,9677,0,1161.0,2.33,0.147
R032,2024-08,2024,8,11061,0,1329.0,0.81,0.117
R032,2024-09,2024,9,10087,0,1352.0,1.08,0.107
R032,2024-10,2024,10,14193,1,1052.0,2.1,0.126
R032,2024-11,2024,11,15340,1,1392.0,1.14,0.108
R032,2024-12,2024,12,10699,0,1270.0,0.84,0.071
R032,2025-01,2025,1,12683,0,933.0,1.11,0.117
R032,2025-02,2025,2,9935,0,1067.0,1.57,0.113
R032,2025-03,2025,3,11128,0,890.0,1.54,0.147
R032,2025-04,2025,4,11688,0,1156.0,1.66,0.144
R032,2025-05,2025,5,10921,0,1190.0,1.52,0.128
R032,2025-06,2025,6,11146,0,1140.0,1.67,0.112
R032,2025-07,2025,7,11529,0,948.0,2.26,0.145
R032,2025-08,2025,8,15812,1,1145.0,1.94,0.093
R032,2025-09,2025,9,11007,0,1274.0,1.95,0.067
R032,2025-10,2025,10,19109,1,1217.0,2.08,0.113
R032,2025-11,2025,11,17906,1,1136.0,2.13,0.121
R032,2025-12,2025,12,11524,0,1170.0,2.25,0.1
R033,2023-01,2023,1,2487,0,1057.0,1.52,0.137
R033,2023-02,2023,2,2213,0,1108.0,1.25,0.118
R033,2023-03,2023,3,3344,1,984.0,2.35,0.086
R033,2023-04,2023,4,2803,1,1343.0,2.29,0.088
R033,2023-05,2023,5,2483,0,1295.0,1.48,0.147
R033,2023-06,2023,6,2470,0,1166.0,2.24,0.104
R033,2023-07,2023,7,2608,0,1153.0,1.26,0.056
R033,2023-08,2023,8,2764,0,1133.0,1.56,0.064
R033,2023-09,2023,9,3475,1,1203.0,1.72,0.092
R033,2023-10,2023,10,4342,1,1097.0,1.85,0.135
R033,2023-11,2023,11,3999,1,1041.0,0.95,0.136
R033,2023-12,2023,12,3149,0,1066.0,2.14,0.141
R033,2024-01,2024,1,3496,1,1252.0,2.33,0.089
R033,2024-02,2024,2,2785,0,1305.0,0.9,0.137
R033,2024-03,2024,3,3522,1,1171.0,1.16,0.052
R033,2024-04,2024,4,2899,0,1140.0,2.24,0.085
R033,2024-05,2024,5,3386,0,1056.0,1.62,0.052
R033,2024-06,2024,6,2917,0,1109.0,1.14,0.131
R033,2024-07,2024,7,3454,0,1350.0,2.14,0.147
R033,2024-08,2024,8,4640,1,1200.0,1.12,0.105
R033,2024-09,2024,9,3249,0,1259.0,1.06,0.152
R033,2024-10,2024,10,5199,1,1162.0,1.01,0.098
R033,2024-11,2024,11,5688,1,1159.0,2.27,0.14
R033,2024-12,2024,12,4448,1,1085.0,1.85,0.091
R033,2025-01,2025,1,4616,0,1218.0,1.3,0.116
R033,2025-02,2025,2,3407,0,1409.0,2.09,0.122
R033,2025-03,2025,3,3744,0,1300.0,2.25,0.05
R033,2025-04,2025,4,3931,0,1077.0,1.76,0.14
R033,2025-05,2025,5,4090,0,1047.0,1.63,0.08
R033,2025-06,2025,6,3935,0,1076.0,2.27,0.135
R033,2025-07,2025,7,4265,0,1097.0,0.83,0.052
R033,2025-08,2025,8,4830,0,1116.0,0.97,0.132
R033,2025-09,2025,9,4518,0,1148.0,0.84,0.131
R033,2025-10,2025,10,6901,1,1015.0,1.98,0.143
R033,2025-11,2025,11,7207,1,1096.0,1.67,0.127
R033,2025-12,2025,12,5502,0,1387.0,1.88,0.052
R034,2023-01,2023,1,14893,0,1002.0,1.1,0.136
R034,2023-02,2023,2,13833,0,1304.0,0.98,0.093
R034,2023-03,2023,3,15832,0,895.0,1.61,0.064
R034,2023-04,2023,4,14980,0,989.0,1.84,0.111
R034,2023-05,2023,5,14610,0,1145.0,0.98,0.147
R034,2023-06,2023,6,15294,0,1232.0,1.89,0.083
R034,2023-07,2023,7,15158,0,1022.0,2.26,0.063
R034,2023-08,2023,8,16959,0,1159.0,0.86,0.15
R034,2023-09,2023,9,16428,0,982.0,0.92,0.051
R034,2023-10,2023,10,23400,1,989.0,0.83,0.078
R034,2023-11,2023,11,24022,1,1152.0,1.69,0.066
R034,2023-12,2023,12,15421,0,1117.0,1.39,0.14
R034,2024-01,2024,1,18086,0,1041.0,1.28,0.094
R034,2024-02,2024,2,14388,0,1060.0,1.62,0.149
R034,2024-03,2024,3,16805,0,1174.0,1.32,0.135
R034,2024-04,2024,4,16761,0,1276.0,1.45,0.082
R034,2024-05,2024,5,18223,0,888.0,1.31,0.062
R034,2024-06,2024,6,17612,0,1099.0,2.32,0.055
R034,2024-07,2024,7,19032,0,1300.0,2.22,0.063
R034,2024-08,2024,8,18608,0,964.0,1.72,0.053
R034,2024-09,2024,9,17766,0,1144.0,1.91,0.057
R034,2024-10,2024,10,27328,1,959.0,2.11,0.108
R034,2024-11,2024,11,27154,1,1173.0,2.07,0.066
R034,2024-12,2024,12,20511,0,1027.0,1.85,0.066
R034,2025-01,2025,1,21929,0,1164.0,1.81,0.159
R034,2025-02,2025,2,18585,0,1125.0,1.55,0.079
R034,2025-03,2025,3,18129,0,1020.0,2.4,0.1
R034,2025-04,2025,4,21956,1,1262.0,1.6,0.091
R034,2025-05,2025,5,22086,1,1063.0,1.45,0.077
R034,2025-06,2025,6,18031,0,1004.0,0.98,0.068
R034,2025-07,2025,7,20469,0,1129.0,1.48,0.07
R034,2025-08,2025,8,23402,0,1207.0,1.5,0.097
R034,2025-09,2025,9,21759,0,1356.0,1.66,0.135
R034,2025-10,2025,10,36119,1,1204.0,0.89,0.144
R034,2025-11,2025,11,30703,1,1102.0,1.76,0.122
R034,2025-12,2025,12,24169,0,1123.0,2.12,0.131
R035,2023-01,2023,1,9570,0,1240.0,1.53,0.15
R035,2023-02,2023,2,8022,0,1200.0,1.83,0.139
R035,2023-03,2023,3,8686,0,1072.0,2.16,0.15
R035,2023-04,2023,4,8751,1,1083.0,1.7,0.154
R035,2023-05,2023,5,9139,0,1311.0,0.81,0.092
R035,2023-06,2023,6,9031,0,1284.0,0.95,0.155
R035,2023-07,2023,7,8795,0,1035.0,2.2,0.128
R035,2023-08,2023,8,10507,0,1148.0,1.16,0.156
R035,2023-09,2023,9,9816,0,1252.0,1.18,0.105
R035,2023-10,2023,10,14863,1,1372.0,1.98,0.146
R035,2023-11,2023,11,15046,1,965.0,2.09,0.103
R035,2023-12,2023,12,9869,0,1240.0,1.34,0.053
R035,2024-01,2024,1,10391,0,1187.0,1.2,0.085
R035,2024-02,2024,2,10102,0,1104.0,1.53,0.114
R035,2024-03,2024,3,11503,0,1101.0,1.13,0.066
R035,2024-04,2024,4,9647,0,1205.0,1.9,0.126
R035,2024-05,2024,5,10421,0,790.0,1.95,0.086
R035,2024-06,2024,6,10256,0,1017.0,1.76,0.08
R035,2024-07,2024,7,10235,0,1075.0,1.93,0.142
R035,2024-08,2024,8,11829,0,1261.0,2.07,0.077
R035,2024-09,2024,9,11652,0,1153.0,0.86,0.105
R035,2024-10,2024,10,17075,1,1102.0,1.09,0.126
R035,2024-11,2024,11,16050,1,1060.0,0.93,0.064
R035,2024-12,2024,12,11658,0,1180.0,2.32,0.053
R035,2025-01,2025,1,13094,0,1077.0,1.38,0.074
R035,2025-02,2025,2,10513,0,859.0,2.26,0.066
R035,2025-03,2025,3,13039,0,1082.0,0.92,0.084
R035,2025-04,2025,4,12956,0,1063.0,1.86,0.071
R035,2025-05,2025,5,12018,0,993.0,1.38,0.066
R035,2025-06,2025,6,11178,0,1124.0,2.37,0.056
R035,2025-07,2025,7,12205,0,1036.0,1.43,0.113
R035,2025-08,2025,8,14799,0,1147.0,1.5,0.126
R035,2025-09,2025,9,11181,0,854.0,1.07,0.084
R035,2025-10,2025,10,18351,1,1067.0,1.8,0.09
R035,2025-11,2025,11,16445,1,1187.0,1.2,0.096
R035,2025-12,2025,12,12883,0,1166.0,1.78,0.056
R036,2023-01,2023,1,5252,0,977.0,0.97,0.066
R036,2023-02,2023,2,4465,0,1277.0,1.06,0.106
R036,2023-03,2023,3,5363,1,1192.0,1.82,0.108
R036,2023-04,2023,4,5045,0,1408.0,2.14,0.149
R036,2023-05,2023,5,5111,0,964.0,2.28,0.135
R036,2023-06,2023,6,4582,0,1042.0,1.87,0.06
R036,2023-07,2023,7,6498,1,985.0,1.02,0.076
R036,2023-08,2023,8,6195,0,1195.0,1.24,0.135
R036,2023-09,2023,9,5821,0,820.0,2.14,0.156
R036,2023-10,2023,10,9439,1,1269.0,0.8,0.134
R036,2023-11,2023,11,8259,1,1127.0,1.11,0.154
R036,2023-12,2023,12,6644,0,1216.0,1.42,0.156
R036,2024-01,2024,1,6936,0,1123.0,1.7,0.05
R036,2024-02,2024,2,5349,0,1269.0,0.93,0.069
R036,2024-03,2024,3,6360,0,1299.0,2.29,0.129
R036,2024-04,2024,4,5936,0,1152.0,1.43,0.15
R036,2024-05,2024,5,5954,0,1107.0,1.72,0.128
R036,2024-06,2024,6,5728,0,1143.0,1.67,0.153
R036,2024-07,2024,7,7244,1,1235.0,1.0,0.097
R036,2024-08,2024,8,7717,0,1252.0,2.38,0.051
R036,2024-09,2024,9,6263,0,984.0,1.14,0.058
R036,2024-10,2024,10,10484,1,1078.0,2.3,0.101
R036,2024-11,2024,11,10631,1,1395.0,1.22,0.055
R036,2024-12,2024,12,8032,1,1239.0,1.52,0.072
R036,2025-01,2025,1,6743,0,1119.0,1.92,0.079
R036,2025-02,2025,2,6728,0,1164.0,1.27,0.154
R036,2025-03,2025,3,9306,1,949.0,1.73,0.094
R036,2025-04,2025,4,7378,0,1358.0,1.94,0.154
R036,2025-05,2025,5,7488,0,1062.0,1.77,0.121
R036,2025-06,2025,6,7767,0,1213.0,1.21,0.111
R036,2025-07,2025,7,7429,0,1155.0,1.25,0.081
R036,2025-08,2025,8,10059,0,1188.0,1.21,0.141
R036,2025-09,2025,9,8588,0,1126.0,1.72,0.119
R036,2025-10,2025,10,12252,1,1038.0,1.19,0.093
R036,2025-11,2025,11,13575,1,1205.0,1.41,0.126
R036,2025-12,2025,12,8806,0,1077.0,2.34,0.115
R037,2023-01,2023,1,16613,0,1193.0,1.71,0.093
R037,2023-02,2023,2,14373,0,1167.0,0.85,0.152
R037,2023-03,2023,3,15316,0,1395.0,1.87,0.063
R037,2023-04,2023,4,16395,0,1122.0,1.8,0.099
R037,2023-05,2023,5,16422,1,1055.0,1.21,0.083
R037,2023-06,2023,6,13605,0,1003.0,1.82,0.097
R037,2023-07,2023,7,17680,0,1057.0,1.18,0.144
R037,2023-08,2023,8,17745,0,1224.0,1.3,0.086
R037,2023-09,2023,9,16999,0,1186.0,1.92,0.154
R037,2023-10,2023,10,23697,1,984.0,2.28,0.148
R037,2023-11,2023,11,24929,1,902.0,1.87,0.057
R037,2023-12,2023,12,16546,0,1270.0,2.31,0.067
R037,2024-01,2024,1,19898,0,1164.0,1.43,0.13
R037,2024-02,2024,2,18241,0,1036.0,2.03,0.09
R037,2024-03,2024,3,17654,0,1020.0,1.87,0.153
R037,2024-04,2024,4,19446,0,1174.0,1.58,0.157
R037,2024-05,2024,5,20385,0,1448.0,1.48,0.152
R037,2024-06,2024,6,16335,0,1142.0,1.43,0.062
R037,2024-07,2024,7,18712,0,1633.0,1.36,0.101
R037,2024-08,2024,8,20515,0,1086.0,1.88,0.05
R037,2024-09,2024,9,19553,0,1310.0,1.15,0.133
R037,2024-10,2024,10,32380,1,1051.0,1.39,0.148
R037,2024-11,2024,11,27205,1,1094.0,1.13,0.151
R037,2024-12,2024,12,21141,0,1261.0,0.86,0.057
R037,2025-01,2025,1,20000,0,1308.0,1.92,0.138
R037,2025-02,2025,2,18867,0,1035.0,0.93,0.073
R037,2025-03,2025,3,21669,0,1331.0,1.44,0.068
R037,2025-04,2025,4,22382,0,1135.0,2.13,0.119
R037,2025-05,2025,5,25265,1,1129.0,2.25,0.139
R037,2025-06,2025,6,18926,0,941.0,1.88,0.149
R037,2025-07,2025,7,24167,1,1011.0,1.58,0.111
R037,2025-08,2025,8,28021,1,987.0,1.33,0.096
R037,2025-09,2025,9,22128,0,1208.0,1.82,0.13
R037,2025-10,2025,10,34609,1,1178.0,1.59,0.062
R037,2025-11,2025,11,32587,1,1361.0,2.36,0.097
R037,2025-12,2025,12,24195,0,1217.0,1.52,0.057
R038,2023-01,2023,1,17047,0,1156.0,2.07,0.069
R038,2023-02,2023,2,15279,0,1108.0,2.12,0.128
R038,2023-03,2023,3,18908,0,1132.0,1.6,0.082
R038,2023-04,2023,4,18226,0,1018.0,2.17,0.06
R038,2023-05,2023,5,17449,0,1363.0,2.35,0.111
R038,2023-06,2023,6,15713,0,1163.0,1.75,0.053
R038,2023-07,2023,7,18778,0,1114.0,2.05,0.138
R038,2023-08,2023,8,24131,1,1030.0,1.29,0.095
R038,2023-09,2023,9,21619,1,1014.0,1.89,0.06
R038,2023-10,2023,10,30138,1,1307.0,0.93,0.148
R038,2023-11,2023,11,27398,1,1183.0,1.85,0.143
R038,2023-12,2023,12,20634,0,1181.0,1.61,0.09
R038,2024-01,2024,1,23269,0,1205.0,0.84,0.075
R038,2024-02,2024,2,19272,0,1112.0,2.1,0.069
R038,2024-03,2024,3,21219,0,1128.0,2.14,0.057
R038,2024-04,2024,4,22926,0,1206.0,2.29,0.148
R038,2024-05,2024,5,22665,0,1045.0,2.26,0.051
R038,2024-06,2024,6,20619,0,1078.0,1.76,0.081
R038,2024-07,2024,7,23900,0,1225.0,2.18,0.108
R038,2024-08,2024,8,26109,0,1053.0,1.7,0.068
R038,2024-09,2024,9,23360,1,1213.0,1.39,0.096
R038,2024-10,2024,10,39039,1,1215.0,1.91,0.121
R038,2024-11,2024,11,37183,1,1419.0,1.98,0.062
R038,2024-12,2024,12,28786,1,1138.0,1.09,0.085
R038,2025-01,2025,1,27976,0,1080.0,1.99,0.132
R038,2025-02,2025,2,25051,0,979.0,2.08,0.137
R038,2025-03,2025,3,24840,0,863.0,1.28,0.077
R038,2025-04,2025,4,27676,0,1114.0,1.39,0.1
R038,2025-05,2025,5,27901,0,1087.0,2.31,0.094
R038,2025-06,2025,6,25553,0,1316.0,1.22,0.067
R038,2025-07,2025,7,28034,0,1381.0,0.8,0.09
R038,2025-08,2025,8,30728,0,1190.0,1.82,0.055
R038,2025-09,2025,9,32374,0,1061.0,2.04,0.121
R038,2025-10,2025,10,45616,1,1210.0,0.88,0.159
R038,2025-11,2025,11,47154,1,1168.0,1.99,0.068
R038,2025-12,2025,12,31681,0,1271.0,0.91,0.12
R039,2023-01,2023,1,17006,1,1114.0,2.3,0.072
R039,2023-02,2023,2,14181,0,1105.0,1.28,0.095
R039,2023-03,2023,3,15697,0,1165.0,0.81,0.062
R039,2023-04,2023,4,15763,0,1129.0,1.66,0.081
R039,2023-05,2023,5,16919,1,1139.0,1.31,0.125
R039,2023-06,2023,6,15375,0,1242.0,1.32,0.158
R039,2023-07,2023,7,18623,0,1089.0,1.1,0.112
R039,2023-08,2023,8,19020,0,1082.0,2.39,0.058
R039,2023-09,2023,9,17442,0,1120.0,1.76,0.057
R039,2023-10,2023,10,25256,1,1217.0,1.0,0.136
R039,2023-11,2023,11,27859,1,954.0,1.02,0.135
R039,2023-12,2023,12,18440,0,1162.0,2.05,0.054
R039,2024-01,2024,1,21891,0,1108.0,0.82,0.137
R039,2024-02,2024,2,22666,1,1232.0,1.06,0.08
R039,2024-03,2024,3,21695,0,1247.0,1.56,0.064
R039,2024-04,2024,4,20539,1,1156.0,1.95,0.137
R039,2024-05,2024,5,22336,1,1106.0,1.11,0.108
R039,2024-06,2024,6,16715,0,1150.0,1.96,0.106
R039,2024-07,2024,7,19552,0,1097.0,1.0,0.075
R039,2024-08,2024,8,26585,0,1217.0,2.02,0.109
R039,2024-09,2024,9,21738,0,1081.0,0.81,0.069
R039,2024-10,2024,10,34560,1,1046.0,1.91,0.136
R039,2024-11,2024,11,30634,1,1412.0,2.06,0.065
R039,2024-12,2024,12,23456,0,1263.0,1.43,0.116
R039,2025-01,2025,1,26706,0,1091.0,1.44,0.138
R039,2025-02,2025,2,22578,0,1043.0,0.96,0.125
R039,2025-03,2025,3,23363,0,1205.0,1.52,0.145
R039,2025-04,2025,4,25380,0,1154.0,2.33,0.13
R039,2025-05,2025,5,25829,0,1007.0,1.33,0.147
R039,2025-06,2025,6,23109,0,881.0,1.7,0.103
R039,2025-07,2025,7,29674,1,1129.0,1.08,0.064
R039,2025-08,2025,8,29072,0,1249.0,0.84,0.15
R039,2025-09,2025,9,25560,0,989.0,1.74,0.154
R039,2025-10,2025,10,41442,1,1106.0,2.04,0.092
R039,2025-11,2025,11,31716,1,1152.0,2.21,0.129
R039,2025-12,2025,12,34558,1,1242.0,0.9,0.06
R040,2023-01,2023,1,8038,1,1060.0,1.97,0.126
R040,2023-02,2023,2,7020,1,1180.0,1.76,0.116
R040,2023-03,2023,3,6422,0,1210.0,2.36,0.066
R040,2023-04,2023,4,6565,0,1138.0,1.09,0.155
R040,2023-05,2023,5,6358,0,1014.0,1.42,0.116
R040,2023-06,2023,6,6337,0,1173.0,1.45,0.121
R040,2023-07,2023,7,7046,0,1212.0,2.04,0.083
R040,2023-08,2023,8,7949,0,1285.0,1.96,0.12
R040,2023-09,2023,9,7575,0,988.0,0.88,0.135
R040,2023-10,2023,10,12348,1,1424.0,2.0,0.093
R040,2023-11,2023,11,10411,1,1036.0,1.31,0.071
R040,2023-12,2023,12,7947,0,1290.0,2.32,0.095
R040,2024-01,2024,1,7649,0,1151.0,1.39,0.118
R040,2024-02,2024,2,7179,0,1093.0,1.66,0.145
R040,2024-03,2024,3,8451,0,1061.0,0.81,0.098
R040,2024-04,2024,4,8663,0,970.0,1.41,0.117
R040,2024-05,2024,5,9788,1,1307.0,2.1,0.074
R040,2024-06,2024,6,7979,0,1265.0,1.02,0.058
R040,2024-07,2024,7,7930,0,1329.0,0.89,0.099
R040,2024-08,2024,8,9363,0,994.0,1.33,0.102
R040,2024-09,2024,9,8748,0,887.0,0.8,0.077
R040,2024-10,2024,10,12806,1,1092.0,1.39,0.106
R040,2024-11,2024,11,12096,1,1155.0,2.19,0.141
R040,2024-12,2024,12,9108,0,1166.0,0.85,0.129
R040,2025-01,2025,1,10385,0,970.0,1.82,0.116
R040,2025-02,2025,2,7933,0,1166.0,0.85,0.147
R040,2025-03,2025,3,8891,1,1201.0,1.49,0.142
R040,2025-04,2025,4,9313,0,1332.0,2.2,0.104
R040,2025-05,2025,5,11932,1,1289.0,0.99,0.127
R040,2025-06,2025,6,9555,0,1108.0,2.22,0.157
R040,2025-07,2025,7,9845,0,1208.0,1.94,0.083
R040,2025-08,2025,8,11607,0,1096.0,1.96,0.134
R040,2025-09,2025,9,10718,1,1200.0,1.34,0.094
R040,2025-10,2025,10,15018,1,1234.0,2.24,0.09
R040,2025-11,2025,11,15076,1,1322.0,1.38,0.084
R040,2025-12,2025,12,10474,0,1213.0,2.39,0.06
R041,2023-01,2023,1,4897,0,1132.0,2.29,0.159
R041,2023-02,2023,2,4298,0,1007.0,2.27,0.137
R041,2023-03,2023,3,4122,0,1098.0,1.75,0.088
R041,2023-04,2023,4,4442,0,1396.0,1.88,0.064
R041,2023-05,2023,5,4522,0,1324.0,1.34,0.09
R041,2023-06,2023,6,4368,0,1181.0,0.95,0.14
R041,2023-07,2023,7,4677,0,1172.0,1.67,0.074
R041,2023-08,2023,8,6035,0,1084.0,1.42,0.157
R041,2023-09,2023,9,5264,0,1235.0,1.95,0.13
R041,2023-10,2023,10,8591,1,1046.0,1.41,0.09
R041,2023-11,2023,11,7743,1,1173.0,2.15,0.112
R041,2023-12,2023,12,4725,0,964.0,2.34,0.088
R041,2024-01,2024,1,5826,0,1215.0,1.78,0.121
R041,2024-02,2024,2,5339,0,1187.0,1.74,0.126
R041,2024-03,2024,3,5505,0,1067.0,1.03,0.154
R041,2024-04,2024,4,5643,0,1277.0,1.95,0.1
R041,2024-05,2024,5,6261,1,1141.0,1.36,0.157
R041,2024-06,2024,6,6239,0,1106.0,0.97,0.095
R041,2024-07,2024,7,6583,0,1254.0,1.73,0.094
R041,2024-08,2024,8,7632,1,1128.0,1.28,0.124
R041,2024-09,2024,9,7309,1,1376.0,2.4,0.104
R041,2024-10,2024,10,10330,1,1189.0,0.96,0.158
R041,2024-11,2024,11,8916,1,1157.0,1.77,0.123
R041,2024-12,2024,12,6981,0,892.0,1.21,0.066
R041,2025-01,2025,1,7207,0,1030.0,1.6,0.156
R041,2025-02,2025,2,6437,0,1151.0,2.15,0.096
R041,2025-03,2025,3,7838,0,1162.0,1.41,0.062
R041,2025-04,2025,4,7895,0,1208.0,2.39,0.068
R041,2025-05,2025,5,8146,0,1105.0,1.9,0.141
R041,2025-06,2025,6,6943,0,1075.0,1.42,0.137
R041,2025-07,2025,7,8826,0,1288.0,1.29,0.125
R041,2025-08,2025,8,9016,0,1156.0,1.59,0.091
R041,2025-09,2025,9,8598,0,978.0,1.8,0.077
R041,2025-10,2025,10,13301,1,1012.0,2.12,0.109
R041,2025-11,2025,11,12794,1,1200.0,2.38,0.128
R041,2025-12,2025,12,9332,1,1204.0,1.55,0.15
R042,2023-01,2023,1,4067,0,1303.0,1.79,0.055
R042,2023-02,2023,2,4117,1,1332.0,2.28,0.159
R042,2023-03,2023,3,3554,1,1277.0,0.96,0.112
R042,2023-04,2023,4,4131,1,1068.0,2.19,0.059
R042,2023-05,2023,5,4202,0,1191.0,2.29,0.06
R042,2023-06,2023,6,3208,0,1172.0,1.71,0.101
R042,2023-07,2023,7,3509,0,1279.0,1.83,0.112
R042,2023-08,2023,8,4366,0,1169.0,2.31,0.087
R042,2023-09,2023,9,4093,1,1136.0,1.25,0.125
R042,2023-10,2023,10,5993,1,1045.0,0.9,0.116
R042,2023-11,2023,11,5363,1,913.0,1.85,0.096
R042,2023-12,2023,12,4107,0,1146.0,0.89,0.142
R042,2024-01,2024,1,4178,0,1226.0,1.44,0.127
R042,2024-02,2024,2,3796,0,928.0,1.36,0.125
R042,2024-03,2024,3,4260,0,1222.0,1.77,0.081
R042,2024-04,2024,4,4259,0,1128.0,2.02,0.127
R042,2024-05,2024,5,4301,0,1352.0,2.22,0.127
R042,2024-06,2024,6,4282,0,1115.0,2.4,0.087
R042,2024-07,2024,7,4273,0,1261.0,1.59,0.103
R042,2024-08,2024,8,4710,0,1178.0,1.18,0.119
R042,2024-09,2024,9,4756,0,1096.0,1.99,0.112
R042,2024-10,2024,10,6645,1,1075.0,1.86,0.108
R042,2024-11,2024,11,5815,1,1151.0,1.58,0.127
R042,2024-12,2024,12,5130,0,1023.0,1.19,0.094
R042,2025-01,2025,1,5629,0,1116.0,0.89,0.113
R042,2025-02,2025,2,4323,0,1071.0,1.02,0.126
R042,2025-03,2025,3,5459,0,1305.0,1.74,0.135
R042,2025-04,2025,4,4882,0,1040.0,1.63,0.112
R042,2025-05,2025,5,4688,0,1100.0,1.94,0.11
R042,2025-06,2025,6,4021,0,1151.0,2.31,0.138
R042,2025-07,2025,7,5106,0,1224.0,1.13,0.115
R042,2025-08,2025,8,5471,0,1131.0,1.24,0.157
R042,2025-09,2025,9,5067,0,1231.0,1.69,0.124
R042,2025-10,2025,10,8512,1,1063.0,1.38,0.11
R042,2025-11,2025,11,6956,1,965.0,2.35,0.16
R042,2025-12,2025,12,5376,0,1127.0,1.83,0.155
R043,2023-01,2023,1,3769,0,947.0,1.74,0.068
R043,2023-02,2023,2,3896,1,1319.0,1.14,0.12
R043,2023-03,2023,3,3779,0,1068.0,1.8,0.07
R043,2023-04,2023,4,3874,1,1150.0,1.5,0.139
R043,2023-05,2023,5,3658,0,1196.0,1.38,0.065
R043,2023-06,2023,6,3440,0,1100.0,1.62,0.113
R043,2023-07,2023,7,4050,1,1238.0,1.22,0.12
R043,2023-08,2023,8,4376,0,1246.0,1.37,0.076
R043,2023-09,2023,9,4982,1,1235.0,2.33,0.108
R043,2023-10,2023,10,5797,1,1169.0,1.92,0.066
R043,2023-11,2023,11,5678,1,1101.0,0.96,0.052
R043,2023-12,2023,12,3956,0,1094.0,1.88,0.065
R043,2024-01,2024,1,4305,0,1341.0,1.69,0.139
R043,2024-02,2024,2,3585,0,1112.0,1.85,0.129
R043,2024-03,2024,3,4086,0,1505.0,1.89,0.058
R043,2024-04,2024,4,5008,1,1068.0,2.12,0.144
R043,2024-05,2024,5,4209,0,1255.0,1.02,0.061
R043,2024-06,2024,6,4503,0,1006.0,1.58,0.088
R043,2024-07,2024,7,4430,0,1236.0,1.11,0.093
R043,2024-08,2024,8,4879,0,1471.0,1.64,0.09
R043,2024-09,2024,9,4572,0,1035.0,1.18,0.098
R043,2024-10,2024,10,7460,1,1228.0,1.07,0.154
R043,2024-11,2024,11,5987,1,966.0,1.16,0.154
R043,2024-12,2024,12,4284,0,1030.0,1.17,0.121
R043,2025-01,2025,1,5491,0,1205.0,1.78,0.13
R043,2025-02,2025,2,4707,0,1392.0,2.18,0.097
R043,2025-03,2025,3,4532,0,1034.0,2.16,0.068
R043,2025-04,2025,4,4735,0,1103.0,2.29,0.09
R043,2025-05,2025,5,4612,0,997.0,0.92,0.156
R043,2025-06,2025,6,4611,0,1044.0,2.35,0.109
R043,2025-07,2025,7,6374,1,1231.0,1.92,0.095
R043,2025-08,2025,8,7283,1,1181.0,1.26,0.051
R043,2025-09,2025,9,6002,0,981.0,1.04,0.07
R043,2025-10,2025,10,7864,1,1286.0,1.41,0.097
R043,2025-11,2025,11,7689,1,1243.0,0.98,0.081
R043,2025-12,2025,12,6425,1,1214.0,2.28,0.117
R044,2023-01,2023,1,8483,0,931.0,0.8,0.079
R044,2023-02,2023,2,6950,0,1279.0,1.97,0.103
R044,2023-03,2023,3,7078,0,1149.0,1.18,0.117
R044,2023-04,2023,4,7727,0,1187.0,2.39,0.058
R044,2023-05,2023,5,8769,1,1226.0,1.8,0.106
R044,2023-06,2023,6,7209,0,1206.0,2.09,0.123
R044,2023-07,2023,7,8102,0,1174.0,2.33,0.085
R044,2023-08,2023,8,8535,0,1124.0,2.0,0.058
R044,2023-09,2023,9,8771,0,1198.0,1.98,0.1
R044,2023-10,2023,10,12658,1,1268.0,1.91,0.091
R044,2023-11,2023,11,11941,1,1287.0,2.04,0.063
R044,2023-12,2023,12,9040,0,1133.0,1.09,0.123
R044,2024-01,2024,1,9368,0,1151.0,1.14,0.074
R044,2024-02,2024,2,7668,0,1120.0,0.86,0.071
R044,2024-03,2024,3,9915,1,1231.0,0.89,0.055
R044,2024-04,2024,4,9873,0,1020.0,1.16,0.126
R044,2024-05,2024,5,9278,0,1143.0,1.3,0.119
R044,2024-06,2024,6,8352,0,1146.0,0.84,0.094
R044,2024-07,2024,7,9261,0,945.0,1.65,0.092
R044,2024-08,2024,8,10717,0,1238.0,2.07,0.128
R044,2024-09,2024,9,9762,0,1230.0,1.07,0.144
R044,2024-10,2024,10,17308,1,1177.0,1.1,0.073
R044,2024-11,2024,11,14766,1,1207.0,1.41,0.078
R044,2024-12,2024,12,10541,0,1374.0,0.97,0.123
R044,2025-01,2025,1,11501,0,1150.0,1.05,0.057
R044,2025-02,2025,2,11796,1,1107.0,0.8,0.068
R044,2025-03,2025,3,12826,1,1014.0,1.85,0.089
R044,2025-04,2025,4,11489,0,1344.0,1.37,0.063
R044,2025-05,2025,5,11781,0,870.0,2.19,0.135
R044,2025-06,2025,6,11497,0,1166.0,1.61,0.149
R044,2025-07,2025,7,11843,0,1264.0,2.07,0.151
R044,2025-08,2025,8,11733,0,1498.0,1.6,0.128
R044,2025-09,2025,9,12552,0,1314.0,2.17,0.12
R044,2025-10,2025,10,20068,1,945.0,1.29,0.095
R044,2025-11,2025,11,18750,1,1275.0,1.65,0.054
R044,2025-12,2025,12,12885,0,1265.0,0.85,0.106
R045,2023-01,2023,1,6910,0,1215.0,2.2,0.081
R045,2023-02,2023,2,5612,0,948.0,2.25,0.137
R045,2023-03,2023,3,6631,0,937.0,2.11,0.119
R045,2023-04,2023,4,8021,1,904.0,2.1,0.125
R045,2023-05,2023,5,6552,0,998.0,1.51,0.101
R045,2023-06,2023,6,6596,1,1134.0,0.82,0.091
R045,2023-07,2023,7,7644,1,1368.0,1.96,0.158
R045,2023-08,2023,8,6834,0,954.0,1.94,0.062
R045,2023-09,2023,9,7019,0,1237.0,2.38,0.117
R045,2023-10,2023,10,10583,1,1393.0,1.34,0.082
R045,2023-11,2023,11,10402,1,1261.0,1.37,0.084
R045,2023-12,2023,12,7697,0,1286.0,1.95,0.072
R045,2024-01,2024,1,8137,0,1012.0,1.43,0.07
R045,2024-02,2024,2,7129,0,1183.0,0.87,0.153
R045,2024-03,2024,3,8031,0,1270.0,1.22,0.069
R045,2024-04,2024,4,7194,0,1141.0,1.14,0.152
R045,2024-05,2024,5,8532,0,1149.0,1.72,0.13
R045,2024-06,2024,6,8237,0,974.0,2.23,0.108
R045,2024-07,2024,7,8825,1,970.0,1.85,0.102
R045,2024-08,2024,8,9879,0,1149.0,1.93,0.053
R045,2024-09,2024,9,8168,0,1161.0,1.08,0.093
R045,2024-10,2024,10,13963,1,1103.0,1.57,0.058
R045,2024-11,2024,11,13154,1,982.0,2.34,0.062
R045,2024-12,2024,12,9812,0,1120.0,2.08,0.132
R045,2025-01,2025,1,12461,1,1127.0,1.94,0.075
R045,2025-02,2025,2,8998,0,1218.0,2.09,0.141
R045,2025-03,2025,3,10302,0,1176.0,0.97,0.12
R045,2025-04,2025,4,10447,0,1164.0,2.35,0.076
R045,2025-05,2025,5,9621,0,1178.0,2.09,0.081
R045,2025-06,2025,6,8746,0,902.0,1.38,0.083
R045,2025-07,2025,7,10945,0,1123.0,1.5,0.11
R045,2025-08,2025,8,13048,0,1060.0,1.16,0.064
R045,2025-09,2025,9,11184,0,1385.0,2.32,0.092
R045,2025-10,2025,10,16866,1,1180.0,2.15,0.073
R045,2025-11,2025,11,19200,1,1143.0,0.87,0.141
R045,2025-12,2025,12,13037,1,1180.0,2.27,0.056
R046,2023-01,2023,1,5950,0,1371.0,0.87,0.089
R046,2023-02,2023,2,5353,0,1241.0,1.31,0.066
R046,2023-03,2023,3,5739,0,1227.0,0.97,0.15
R046,2023-04,2023,4,5872,0,1244.0,1.61,0.148
R046,2023-05,2023,5,5595,0,1027.0,0.94,0.079
R046,2023-06,2023,6,5437,0,1096.0,1.14,0.055
R046,2023-07,2023,7,6493,0,1358.0,1.19,0.154
R046,2023-08,2023,8,6186,0,1117.0,0.8,0.061
R046,2023-09,2023,9,6337,0,1119.0,1.84,0.096
R046,2023-10,2023,10,10774,1,893.0,1.62,0.078
R046,2023-11,2023,11,9125,1,1025.0,0.8,0.127
R046,2023-12,2023,12,6826,0,1260.0,0.9,0.138
R046,2024-01,2024,1,8133,0,930.0,1.98,0.131
R046,2024-02,2024,2,8262,1,1160.0,1.64,0.087
R046,2024-03,2024,3,7616,0,1116.0,1.38,0.083
R046,2024-04,2024,4,6663,0,1242.0,1.3,0.055
R046,2024-05,2024,5,8916,1,1065.0,2.06,0.15
R046,2024-06,2024,6,7029,0,1200.0,2.22,0.091
R046,2024-07,2024,7,7520,0,959.0,0.91,0.083
R046,2024-08,2024,8,9034,0,1401.0,2.06,0.127
R046,2024-09,2024,9,7681,0,1161.0,1.1,0.132
R046,2024-10,2024,10,14267,1,954.0,1.87,0.098
R046,2024-11,2024,11,12201,1,1127.0,2.22,0.105
R046,2024-12,2024,12,8463,0,1000.0,2.15,0.057
R046,2025-01,2025,1,9595,0,885.0,1.73,0.077
R046,2025-02,2025,2,8453,0,1031.0,2.19,0.106
R046,2025-03,2025,3,9042,0,940.0,0.84,0.113
R046,2025-04,2025,4,9869,0,1166.0,1.35,0.157
R046,2025-05,2025,5,9269,0,939.0,1.16,0.074
R046,2025-06,2025,6,8223,0,1134.0,1.39,0.093
R046,2025-07,2025,7,9556,0,1107.0,1.1,0.116
R046,2025-08,2025,8,9974,0,944.0,2.04,0.052
R046,2025-09,2025,9,8972,0,1223.0,1.67,0.09
R046,2025-10,2025,10,14572,1,1064.0,1.7,0.102
R046,2025-11,2025,11,14691,1,1106.0,1.88,0.071
R046,2025-12,2025,12,10768,1,1232.0,2.07,0.105
R047,2023-01,2023,1,4643,1,929.0,1.19,0.135
R047,2023-02,2023,2,3401,0,1263.0,0.82,0.118
R047,2023-03,2023,3,3704,0,1126.0,1.29,0.116
R047,2023-04,2023,4,3573,0,1241.0,2.29,0.112
R047,2023-05,2023,5,4070,0,1136.0,1.43,0.139
R047,2023-06,2023,6,4033,1,1249.0,1.74,0.072
R047,2023-07,2023,7,3749,0,1155.0,1.23,0.053
R047,2023-08,2023,8,4182,0,1280.0,2.35,0.059
R047,2023-09,2023,9,4052,0,1090.0,1.1,0.079
R047,2023-10,2023,10,5749,1,1256.0,2.06,0.117
R047,2023-11,2023,11,5667,1,1100.0,1.59,0.16
R047,2023-12,2023,12,4220,0,1079.0,1.47,0.092
R047,2024-01,2024,1,4736,0,860.0,0.86,0.059
R047,2024-02,2024,2,4258,0,1130.0,2.23,0.072
R047,2024-03,2024,3,4285,0,1092.0,1.08,0.119
R047,2024-04,2024,4,4258,0,1151.0,1.93,0.145
R047,2024-05,2024,5,4382,0,999.0,1.21,0.113
R047,2024-06,2024,6,4045,0,1272.0,0.91,0.098
R047,2024-07,2024,7,4687,0,1240.0,0.88,0.121
R047,2024-08,2024,8,4851,0,868.0,0.91,0.12
R047,2024-09,2024,9,4659,0,1107.0,1.5,0.146
R047,2024-10,2024,10,7169,1,1390.0,2.03,0.056
R047,2024-11,2024,11,6777,1,979.0,2.01,0.059
R047,2024-12,2024,12,4776,0,1226.0,2.05,0.095
R047,2025-01,2025,1,6185,1,1315.0,1.85,0.155
R047,2025-02,2025,2,4355,0,1109.0,1.57,0.098
R047,2025-03,2025,3,5174,0,1304.0,1.61,0.057
R047,2025-04,2025,4,5020,0,1270.0,1.36,0.135
R047,2025-05,2025,5,4809,0,1053.0,1.56,0.135
R047,2025-06,2025,6,4270,0,1107.0,1.43,0.109
R047,2025-07,2025,7,4624,0,1131.0,0.85,0.151
R047,2025-08,2025,8,6023,1,1300.0,2.15,0.107
R047,2025-09,2025,9,5179,0,1250.0,1.49,0.141
R047,2025-10,2025,10,8762,1,1059.0,1.62,0.094
R047,2025-11,2025,11,7528,1,1167.0,1.47,0.06
R047,2025-12,2025,12,5392,0,1252.0,1.55,0.125
R048,2023-01,2023,1,8936,1,1092.0,0.9,0.118
R048,2023-02,2023,2,6412,0,1086.0,1.16,0.058
R048,2023-03,2023,3,7862,0,1100.0,2.2,0.098
R048,2023-04,2023,4,7737,0,1167.0,2.32,0.072
R048,2023-05,2023,5,8297,0,1148.0,1.73,0.083
R048,2023-06,2023,6,7628,0,1226.0,1.58,0.15
R048,2023-07,2023,7,7960,0,1083.0,1.18,0.144
R048,2023-08,2023,8,10732,1,1159.0,2.38,0.12
R048,2023-09,2023,9,9032,0,1066.0,1.68,0.127
R048,2023-10,2023,10,14670,1,1245.0,1.82,0.105
R048,2023-11,2023,11,12342,1,1105.0,1.96,0.14
R048,2023-12,2023,12,9869,0,1166.0,1.92,0.1
R048,2024-01,2024,1,11039,1,1111.0,2.39,0.075
R048,2024-02,2024,2,9157,0,1273.0,1.09,0.072
R048,2024-03,2024,3,10488,0,1293.0,2.32,0.103
R048,2024-04,2024,4,11644,1,1069.0,1.6,0.14
R048,2024-05,2024,5,10546,0,1356.0,2.12,0.103
R048,2024-06,2024,6,10378,0,1242.0,0.91,0.135
R048,2024-07,2024,7,11877,0,1052.0,2.21,0.134
R048,2024-08,2024,8,13935,1,1180.0,1.09,0.158
R048,2024-09,2024,9,11417,0,1206.0,2.13,0.105
R048,2024-10,2024,10,18859,1,1119.0,1.61,0.052
R048,2024-11,2024,11,17896,1,1111.0,0.86,0.159
R048,2024-12,2024,12,13415,0,1186.0,2.04,0.107
R048,2025-01,2025,1,15394,0,1285.0,1.21,0.09
R048,2025-02,2025,2,12284,0,1128.0,2.31,0.053
R048,2025-03,2025,3,13292,0,930.0,1.59,0.097
R048,2025-04,2025,4,13481,0,1237.0,1.89,0.121
R048,2025-05,2025,5,14755,0,1209.0,2.29,0.07
R048,2025-06,2025,6,11705,0,1186.0,1.82,0.077
R048,2025-07,2025,7,15885,0,1022.0,0.85,0.097
R048,2025-08,2025,8,17243,1,1030.0,2.22,0.132
R048,2025-09,2025,9,13398,0,1322.0,1.21,0.131
R048,2025-10,2025,10,23138,1,995.0,2.3,0.108
R048,2025-11,2025,11,21498,1,1238.0,1.09,0.153
R048,2025-12,2025,12,19207,1,1245.0,1.68,0.082
R049,2023-01,2023,1,3363,0,1082.0,1.74,0.127
R049,2023-02,2023,2,2836,1,1129.0,1.96,0.089
R049,2023-03,2023,3,3800,1,1105.0,1.49,0.121
R049,2023-04,2023,4,3398,0,1131.0,1.49,0.055
R049,2023-05,2023,5,3097,0,1308.0,0.93,0.128
R049,2023-06,2023,6,2948,0,938.0,1.82,0.139
R049,2023-07,2023,7,3158,0,1186.0,0.89,0.106
R049,2023-08,2023,8,3914,0,1177.0,1.96,0.08
R049,2023-09,2023,9,3578,0,1201.0,1.59,0.134
R049,2023-10,2023,10,5688,1,1211.0,1.23,0.056
R049,2023-11,2023,11,5368,1,1080.0,1.04,0.079
R049,2023-12,2023,12,3198,0,1266.0,1.59,0.136
R049,2024-01,2024,1,3861,0,1207.0,2.18,0.075
R049,2024-02,2024,2,3329,0,1029.0,0.9,0.077
R049,2024-03,2024,3,3688,0,1048.0,2.34,0.134
R049,2024-04,2024,4,4280,1,1158.0,1.3,0.102
R049,2024-05,2024,5,4120,1,1250.0,0.84,0.152
R049,2024-06,2024,6,3594,0,1179.0,1.84,0.156
R049,2024-07,2024,7,3680,0,1055.0,0.8,0.122
R049,2024-08,2024,8,4104,0,997.0,1.09,0.151
R049,2024-09,2024,9,3960,0,1266.0,2.06,0.106
R049,2024-10,2024,10,5987,1,1151.0,1.79,0.151
R049,2024-11,2024,11,5232,1,1005.0,1.53,0.156
R049,2024-12,2024,12,4271,0,1147.0,1.14,0.153
R049,2025-01,2025,1,4690,0,1074.0,2.35,0.111
R049,2025-02,2025,2,4162,0,894.0,1.1,0.126
R049,2025-03,2025,3,4902,1,1272.0,2.31,0.095
R049,2025-04,2025,4,4454,0,1039.0,1.44,0.081
R049,2025-05,2025,5,4496,0,1053.0,1.73,0.08
R049,2025-06,2025,6,4396,1,898.0,1.15,0.16
R049,2025-07,2025,7,5126,0,1033.0,1.94,0.07
R049,2025-08,2025,8,4626,0,1128.0,2.02,0.15
R049,2025-09,2025,9,5256,1,989.0,2.35,0.063
R049,2025-10,2025,10,6382,1,1000.0,2.21,0.144
R049,2025-11,2025,11,7166,1,1159.0,1.71,0.094
R049,2025-12,2025,12,4401,0,1092.0,2.3,0.134
R050,2023-01,2023,1,2000,1,1329.0,1.59,0.092
R050,2023-02,2023,2,1439,0,1209.0,2.18,0.107
R050,2023-03,2023,3,1755,0,1273.0,2.34,0.131
R050,2023-04,2023,4,1611,0,1242.0,2.22,0.091
R050,2023-05,2023,5,2122,1,1104.0,2.2,0.085
R050,2023-06,2023,6,1582,0,1088.0,2.3,0.096
R050,2023-07,2023,7,1700,0,1059.0,1.15,0.149
R050,2023-08,2023,8,1920,0,1404.0,2.34,0.146
R050,2023-09,2023,9,1900,0,1179.0,0.93,0.075
R050,2023-10,2023,10,2889,1,1277.0,1.11,0.084
R050,2023-11,2023,11,2580,1,1039.0,2.19,0.111
R050,2023-12,2023,12,1823,0,1201.0,2.11,0.124
R050,2024-01,2024,1,2249,0,1064.0,0.95,0.117
R050,2024-02,2024,2,2078,1,1275.0,1.52,0.09
R050,2024-03,2024,3,1818,0,1164.0,1.48,0.105
R050,2024-04,2024,4,2053,0,1167.0,1.87,0.111
R050,2024-05,2024,5,2189,1,805.0,1.3,0.075
R050,2024-06,2024,6,1782,0,1251.0,1.25,0.157
R050,2024-07,2024,7,2316,0,1009.0,2.25,0.069
R050,2024-08,2024,8,2254,0,1122.0,0.84,0.125
R050,2024-09,2024,9,2709,1,1138.0,1.91,0.066
R050,2024-10,2024,10,3697,1,1119.0,0.86,0.146
R050,2024-11,2024,11,3436,1,1150.0,1.95,0.152
R050,2024-12,2024,12,2334,0,909.0,2.21,0.137
R050,2025-01,2025,1,2647,0,1005.0,2.33,0.106
R050,2025-02,2025,2,2387,0,1183.0,1.76,0.052
R050,2025-03,2025,3,2555,0,1100.0,1.44,0.105
R050,2025-04,2025,4,2620,0,974.0,1.86,0.121
R050,2025-05,2025,5,2805,1,1388.0,1.06,0.131
R050,2025-06,2025,6,2476,0,1270.0,0.99,0.106
R050,2025-07,2025,7,2668,0,1122.0,1.79,0.084
R050,2025-08,2025,8,3734,1,1156.0,2.22,0.108
R050,2025-09,2025,9,2738,0,1345.0,0.92,0.061
R050,2025-10,2025,10,4092,1,1383.0,1.88,0.057
R050,2025-11,2025,11,4436,1,1275.0,1.98,0.098
R050,2025-12,2025,12,2915,0,1134.0,2.07,0.121
R051,2023-01,2023,1,3579,0,1184.0,1.2,0.101
R051,2023-02,2023,2,2562,0,1215.0,1.56,0.075
R051,2023-03,2023,3,3056,0,1160.0,1.7,0.11
R051,2023-04,2023,4,3639,1,1094.0,1.7,0.055
R051,2023-05,2023,5,3270,0,1047.0,2.33,0.057
R051,2023-06,2023,6,3462,1,1286.0,1.45,0.06
R051,2023-07,2023,7,3150,0,1253.0,2.18,0.156
R051,2023-08,2023,8,4051,0,1039.0,2.14,0.068
R051,2023-09,2023,9,3305,0,1152.0,1.97,0.131
R051,2023-10,2023,10,5060,1,1265.0,2.33,0.135
R051,2023-11,2023,11,5069,1,1283.0,0.82,0.094
R051,2023-12,2023,12,3629,0,1306.0,0.97,0.088
R051,2024-01,2024,1,3599,0,1021.0,1.36,0.106
R051,2024-02,2024,2,3772,1,1088.0,1.91,0.141
R051,2024-03,2024,3,3922,0,1113.0,1.46,0.062
R051,2024-04,2024,4,4474,0,1191.0,1.61,0.117
R051,2024-05,2024,5,3873,0,1184.0,1.91,0.131
R051,2024-06,2024,6,4019,0,1101.0,0.89,0.054
R051,2024-07,2024,7,3955,0,1177.0,1.63,0.072
R051,2024-08,2024,8,4852,0,1075.0,2.21,0.119
R051,2024-09,2024,9,5034,1,1244.0,1.81,0.069
R051,2024-10,2024,10,6342,1,1068.0,0.9,0.149
R051,2024-11,2024,11,6100,1,1042.0,1.84,0.1
R051,2024-12,2024,12,4491,0,1048.0,1.02,0.069
R051,2025-01,2025,1,4430,0,1100.0,1.92,0.146
R051,2025-02,2025,2,3941,0,1406.0,1.04,0.137
R051,2025-03,2025,3,5478,1,1086.0,1.78,0.124
R051,2025-04,2025,4,4333,0,1041.0,1.05,0.14
R051,2025-05,2025,5,4334,0,1006.0,1.61,0.154
R051,2025-06,2025,6,5169,1,1040.0,0.99,0.126
R051,2025-07,2025,7,5196,1,1157.0,2.22,0.054
R051,2025-08,2025,8,5673,0,972.0,1.66,0.076
R051,2025-09,2025,9,5576,0,1112.0,1.24,0.056
R051,2025-10,2025,10,7909,1,1216.0,1.21,0.11
R051,2025-11,2025,11,6169,1,1012.0,0.94,0.075
R051,2025-12,2025,12,5347,0,1102.0,1.59,0.122
R052,2023-01,2023,1,3925,0,1012.0,1.37,0.133
R052,2023-02,2023,2,3706,0,1267.0,0.93,0.053
R052,2023-03,2023,3,3829,0,966.0,2.15,0.119
R052,2023-04,2023,4,3832,0,1297.0,1.63,0.146
R052,2023-05,2023,5,4133,0,1125.0,0.84,0.069
R052,2023-06,2023,6,3852,0,1114.0,2.38,0.093
R052,2023-07,2023,7,3945,0,1167.0,1.78,0.083
R052,2023-08,2023,8,5245,1,891.0,1.23,0.114
R052,2023-09,2023,9,4115,0,1288.0,2.38,0.075
R052,2023-10,2023,10,6984,1,1112.0,2.18,0.149
R052,2023-11,2023,11,6580,1,1289.0,2.03,0.114
R052,2023-12,2023,12,4755,1,876.0,0.97,0.105
R052,2024-01,2024,1,5387,0,1082.0,2.15,0.097
R052,2024-02,2024,2,4733,0,1310.0,1.74,0.08
R052,2024-03,2024,3,5311,1,1016.0,1.72,0.127
R052,2024-04,2024,4,4567,0,961.0,1.95,0.143
R052,2024-05,2024,5,5223,0,1055.0,1.05,0.1
R052,2024-06,2024,6,5311,0,833.0,2.13,0.085
R052,2024-07,2024,7,5219,0,1264.0,1.33,0.123
R052,2024-08,2024,8,6138,0,1134.0,1.33,0.145
R052,2024-09,2024,9,6398,0,1001.0,0.98,0.097
R052,2024-10,2024,10,9229,1,1089.0,1.47,0.092
R052,2024-11,2024,11,7542,1,1155.0,2.16,0.079
R052,2024-12,2024,12,6366,0,1183.0,1.82,0.06
R052,2025-01,2025,1,7505,1,1188.0,1.17,0.144
R052,2025-02,2025,2,5670,0,1378.0,1.26,0.137
R052,2025-03,2025,3,6577,0,1089.0,2.12,0.073
R052,2025-04,2025,4,6611,0,1162.0,1.88,0.075
R052,2025-05,2025,5,6503,0,1007.0,2.04,0.15
R052,2025-06,2025,6,6579,0,886.0,1.45,0.115
R052,2025-07,2025,7,7415,0,1210.0,1.34,0.096
R052,2025-08,2025,8,7218,0,1053.0,1.14,0.087
R052,2025-09,2025,9,7406,1,1045.0,2.04,0.083
R052,2025-10,2025,10,10805,1,1172.0,1.92,0.1
R052,2025-11,2025,11,10674,1,1205.0,1.56,0.051
R052,2025-12,2025,12,7992,0,948.0,1.61,0.094
R053,2023-01,2023,1,2252,0,1049.0,2.15,0.08
R053,2023-02,2023,2,1783,0,987.0,1.99,0.079
R053,2023-03,2023,3,2151,0,1233.0,1.65,0.139
R053,2023-04,2023,4,2255,0,1300.0,1.61,0.097
R053,2023-05,2023,5,2569,1,875.0,1.84,0.056
R053,2023-06,2023,6,2161,0,1063.0,2.19,0.129
R053,2023-07,2023,7,2131,0,1030.0,1.68,0.084
R053,2023-08,2023,8,3117,1,1040.0,1.91,0.07
R053,2023-09,2023,9,2130,0,1016.0,0.99,0.139
R053,2023-10,2023,10,3457,1,1353.0,1.48,0.082
R053,2023-11,2023,11,3405,1,1184.0,1.04,0.134
R053,2023-12,2023,12,2665,1,1055.0,1.71,0.124
R053,2024-01,2024,1,2797,0,1210.0,1.73,0.102
R053,2024-02,2024,2,2666,1,1273.0,0.91,0.133
R053,2024-03,2024,3,2642,0,1208.0,1.61,0.121
R053,2024-04,2024,4,3060,1,1245.0,1.35,0.154
R053,2024-05,2024,5,2969,0,1173.0,1.92,0.051
R053,2024-06,2024,6,2703,0,1304.0,1.1,0.119
R053,2024-07,2024,7,3108,1,1280.0,1.98,0.087
R053,2024-08,2024,8,3239,0,1083.0,1.46,0.131
R053,2024-09,2024,9,3330,0,1019.0,1.63,0.143
R053,2024-10,2024,10,5013,1,1296.0,2.4,0.13
R053,2024-11,2024,11,4669,1,1238.0,1.53,0.086
R053,2024-12,2024,12,3290,0,992.0,1.26,0.07
R053,2025-01,2025,1,3865,1,1252.0,1.73,0.079
R053,2025-02,2025,2,3183,0,1163.0,1.82,0.15
R053,2025-03,2025,3,3479,0,1456.0,1.52,0.135
R053,2025-04,2025,4,3846,1,1149.0,1.0,0.09
R053,2025-05,2025,5,3908,0,1227.0,1.16,0.118
R053,2025-06,2025,6,4178,0,1274.0,1.39,0.089
R053,2025-07,2025,7,3895,1,997.0,0.86,0.126
R053,2025-08,2025,8,4101,0,1070.0,2.07,0.055
R053,2025-09,2025,9,3541,0,1229.0,1.75,0.085
R053,2025-10,2025,10,5591,1,1163.0,2.07,0.104
R053,2025-11,2025,11,5757,1,1158.0,0.85,0.078
R053,2025-12,2025,12,4323,0,1025.0,1.48,0.081
R054,2023-01,2023,1,3457,0,977.0,1.45,0.148
R054,2023-02,2023,2,3150,0,1236.0,2.38,0.137
R054,2023-03,2023,3,3310,0,1024.0,1.99,0.131
R054,2023-04,2023,4,3245,0,1000.0,1.43,0.129
R054,2023-05,2023,5,3443,0,1155.0,1.02,0.148
R054,2023-06,2023,6,3208,0,1103.0,1.66,0.076
R054,2023-07,2023,7,3747,0,1279.0,1.03,0.108
R054,2023-08,2023,8,4623,0,1134.0,0.93,0.133
R054,2023-09,2023,9,3666,0,1175.0,1.58,0.133
R054,2023-10,2023,10,5340,1,1082.0,1.95,0.107
R054,2023-11,2023,11,6221,1,1285.0,2.31,0.061
R054,2023-12,2023,12,4837,1,1176.0,1.2,0.107
R054,2024-01,2024,1,4182,0,1213.0,1.09,0.062
R054,2024-02,2024,2,4047,0,1140.0,2.27,0.144
R054,2024-03,2024,3,5080,1,1072.0,0.9,0.14
R054,2024-04,2024,4,4055,0,1073.0,0.92,0.069
R054,2024-05,2024,5,4371,0,987.0,2.02,0.155
R054,2024-06,2024,6,4061,0,1307.0,1.43,0.16
R054,2024-07,2024,7,5101,0,1338.0,1.24,0.086
R054,2024-08,2024,8,4618,0,965.0,2.25,0.088
R054,2024-09,2024,9,4803,0,1172.0,2.03,0.085
R054,2024-10,2024,10,7759,1,1129.0,1.96,0.058
R054,2024-11,2024,11,6922,1,1071.0,0.99,0.116
R054,2024-12,2024,12,4871,0,1124.0,1.61,0.06
R054,2025-01,2025,1,5325,0,1214.0,1.37,0.093
R054,2025-02,2025,2,6059,1,1228.0,1.92,0.086
R054,2025-03,2025,3,5499,1,1212.0,0.94,0.128
R054,2025-04,2025,4,5365,0,991.0,1.69,0.097
R054,2025-05,2025,5,6264,1,1148.0,2.24,0.086
R054,2025-06,2025,6,5368,0,1175.0,1.81,0.058
R054,2025-07,2025,7,6698,0,1189.0,1.27,0.105
R054,2025-08,2025,8,6127,0,1011.0,2.18,0.066
R054,2025-09,2025,9,5505,0,1117.0,1.77,0.127
R054,2025-10,2025,10,9673,1,1207.0,1.53,0.131
R054,2025-11,2025,11,8790,1,957.0,1.41,0.058
R054,2025-12,2025,12,6435,0,1052.0,2.32,0.14
R055,2023-01,2023,1,1125,1,1062.0,1.63,0.086
R055,2023-02,2023,2,958,0,1151.0,1.57,0.141
R055,2023-03,2023,3,1047,0,1197.0,2.17,0.093
R055,2023-04,2023,4,1044,0,1115.0,1.12,0.054
R055,2023-05,2023,5,1050,0,1392.0,1.93,0.143
R055,2023-06,2023,6,1067,1,1155.0,0.84,0.069
R055,2023-07,2023,7,1432,1,1280.0,1.55,0.08
R055,2023-08,2023,8,1399,0,1095.0,1.26,0.155
R055,2023-09,2023,9,1136,0,1158.0,1.33,0.083
R055,2023-10,2023,10,1814,1,1188.0,1.8,0.051
R055,2023-11,2023,11,1520,1,1119.0,1.85,0.059
R055,2023-12,2023,12,1191,0,1162.0,1.03,0.109
R055,2024-01,2024,1,1338,0,1042.0,1.81,0.107
R055,2024-02,2024,2,1343,0,1117.0,1.33,0.138
R055,2024-03,2024,3,1335,0,1082.0,1.6,0.097
R055,2024-04,2024,4,1264,0,1174.0,1.95,0.128
R055,2024-05,2024,5,1684,1,1158.0,0.82,0.146
R055,2024-06,2024,6,1215,0,1052.0,1.08,0.151
R055,2024-07,2024,7,1433,0,1170.0,2.35,0.124
R055,2024-08,2024,8,1513,0,1307.0,2.18,0.108
R055,2024-09,2024,9,1504,0,1152.0,0.94,0.134
R055,2024-10,2024,10,2328,1,1157.0,1.93,0.084
R055,2024-11,2024,11,1910,1,1260.0,1.53,0.129
R055,2024-12,2024,12,1484,0,1187.0,0.87,0.146
R055,2025-01,2025,1,1650,0,1245.0,1.98,0.154
R055,2025-02,2025,2,1445,0,1038.0,0.86,0.155
R055,2025-03,2025,3,1473,0,1172.0,1.68,0.153
R055,2025-04,2025,4,1550,0,1153.0,1.15,0.122
R055,2025-05,2025,5,1675,0,1135.0,1.12,0.067
R055,2025-06,2025,6,1437,0,1148.0,1.87,0.085
R055,2025-07,2025,7,1781,0,1489.0,2.26,0.103
R055,2025-08,2025,8,1978,0,1231.0,1.65,0.144
R055,2025-09,2025,9,1894,0,1181.0,1.38,0.07
R055,2025-10,2025,10,2828,1,1143.0,1.7,0.12
R055,2025-11,2025,11,2637,1,1163.0,0.95,0.13
R055,2025-12,2025,12,1910,0,1158.0,0.96,0.138
R056,2023-01,2023,1,2821,1,1293.0,1.17,0.105
R056,2023-02,2023,2,1887,0,1081.0,1.49,0.076
R056,2023-03,2023,3,2178,0,1244.0,1.65,0.118
R056,2023-04,2023,4,2173,0,1106.0,1.14,0.076
R056,2023-05,2023,5,2254,0,1238.0,0.82,0.071
R056,2023-06,2023,6,2199,0,1083.0,1.21,0.096
R056,2023-07,2023,7,2255,0,1265.0,1.41,0.114
R056,2023-08,2023,8,2426,0,1154.0,1.63,0.056
R056,2023-09,2023,9,2611,0,1194.0,1.4,0.115
R056,2023-10,2023,10,3629,1,1057.0,1.43,0.13
R056,2023-11,2023,11,3557,1,1176.0,1.75,0.136
R056,2023-12,2023,12,2500,0,1167.0,2.35,0.05
R056,2024-01,2024,1,3019,1,1089.0,1.28,0.051
R056,2024-02,2024,2,2787,1,909.0,2.22,0.099
R056,2024-03,2024,3,2691,0,1275.0,2.36,0.105
R056,2024-04,2024,4,2868,1,1061.0,1.46,0.121
R056,2024-05,2024,5,2803,0,1062.0,1.06,0.117
R056,2024-06,2024,6,2477,0,1087.0,2.14,0.128
R056,2024-07,2024,7,2705,0,1139.0,2.07,0.139
R056,2024-08,2024,8,3171,1,1181.0,2.15,0.082
R056,2024-09,2024,9,2849,0,973.0,1.97,0.074
R056,2024-10,2024,10,4355,1,1027.0,1.85,0.156
R056,2024-11,2024,11,4014,1,1247.0,0.93,0.114
R056,2024-12,2024,12,2705,0,969.0,2.21,0.05
R056,2025-01,2025,1,2709,0,1305.0,1.83,0.1
R056,2025-02,2025,2,2495,0,1074.0,1.98,0.077
R056,2025-03,2025,3,2794,0,1144.0,1.93,0.144
R056,2025-04,2025,4,3516,1,1077.0,1.21,0.106
R056,2025-05,2025,5,2839,0,1060.0,0.97,0.094
R056,2025-06,2025,6,2595,0,1091.0,1.87,0.129
R056,2025-07,2025,7,3088,0,1314.0,1.09,0.091
R056,2025-08,2025,8,3564,0,1264.0,1.27,0.144
R056,2025-09,2025,9,2884,0,1192.0,0.93,0.097
R056,2025-10,2025,10,4838,1,1106.0,0.93,0.109
R056,2025-11,2025,11,4396,1,1190.0,2.3,0.059
R056,2025-12,2025,12,3160,0,1311.0,1.23,0.132
R057,2023-01,2023,1,1996,0,1308.0,1.36,0.101
R057,2023-02,2023,2,1811,0,896.0,1.2,0.094
R057,2023-03,2023,3,1920,0,1071.0,1.55,0.07
R057,2023-04,2023,4,2015,0,1064.0,1.33,0.102
R057,2023-05,2023,5,2045,0,1098.0,2.19,0.09
R057,2023-06,2023,6,1774,0,1103.0,1.48,0.093
R057,2023-07,2023,7,2252,0,1051.0,1.05,0.133
R057,2023-08,2023,8,2206,0,1106.0,2.16,0.072
R057,2023-09,2023,9,2230,0,1194.0,2.07,0.102
R057,2023-10,2023,10,3512,1,1172.0,2.04,0.114
R057,2023-11,2023,11,3223,1,1103.0,1.24,0.131
R057,2023-12,2023,12,2362,0,919.0,1.5,0.123
R057,2024-01,2024,1,2405,0,1008.0,1.58,0.107
R057,2024-02,2024,2,2087,0,1169.0,2.23,0.086
R057,2024-03,2024,3,2372,0,859.0,2.02,0.123
R057,2024-04,2024,4,2197,0,1019.0,1.97,0.074
R057,2024-05,2024,5,2478,0,1039.0,1.92,0.099
R057,2024-06,2024,6,2389,0,1125.0,2.23,0.152
R057,2024-07,2024,7,2416,0,1292.0,1.09,0.122
R057,2024-08,2024,8,2479,0,1057.0,1.31,0.066
R057,2024-09,2024,9,2321,0,1103.0,1.27,0.12
R057,2024-10,2024,10,3613,1,1163.0,1.27,0.139
R057,2024-11,2024,11,3817,1,1128.0,1.66,0.129
R057,2024-12,2024,12,2666,0,943.0,2.13,0.067
R057,2025-01,2025,1,2979,0,1203.0,1.17,0.106
R057,2025-02,2025,2,2594,0,1190.0,1.97,0.076
R057,2025-03,2025,3,3155,1,1003.0,2.36,0.064
R057,2025-04,2025,4,2741,0,1082.0,1.84,0.061
R057,2025-05,2025,5,3000,0,1232.0,2.39,0.154
R057,2025-06,2025,6,2762,0,997.0,1.07,0.114
R057,2025-07,2025,7,3795,1,1033.0,1.35,0.087
R057,2025-08,2025,8,3588,1,1055.0,1.04,0.138
R057,2025-09,2025,9,3082,0,989.0,1.45,0.112
R057,2025-10,2025,10,5204,1,1243.0,1.01,0.086
R057,2025-11,2025,11,4513,1,1089.0,1.91,0.102
R057,2025-12,2025,12,3287,0,1123.0,1.55,0.061
R058,2023-01,2023,1,1357,0,1209.0,1.34,0.136
R058,2023-02,2023,2,1023,0,951.0,1.04,0.05
R058,2023-03,2023,3,1229,0,1143.0,1.69,0.153
R058,2023-04,2023,4,1314,1,1356.0,1.82,0.152
R058,2023-05,2023,5,1172,0,1124.0,1.95,0.054
R058,2023-06,2023,6,1014,0,1017.0,2.32,0.082
R058,2023-07,2023,7,1186,0,1181.0,0.9,0.122
R058,2023-08,2023,8,1404,0,1161.0,1.99,0.091
R058,2023-09,2023,9,1470,1,1146.0,1.23,0.153
R058,2023-10,2023,10,1649,1,1114.0,1.71,0.152
R058,2023-11,2023,11,1814,1,1068.0,1.48,0.055
R058,2023-12,2023,12,1442,0,1163.0,1.03,0.054
R058,2024-01,2024,1,1556,0,1158.0,1.7,0.077
R058,2024-02,2024,2,1300,0,1118.0,1.22,0.067
R058,2024-03,2024,3,1316,0,1199.0,0.84,0.09
R058,2024-04,2024,4,1516,0,1288.0,1.84,0.061
R058,2024-05,2024,5,1681,0,1405.0,2.27,0.085
R058,2024-06,2024,6,1471,0,1020.0,1.93,0.081
R058,2024-07,2024,7,1608,0,1052.0,1.23,0.137
R058,2024-08,2024,8,1570,0,1246.0,2.06,0.066
R058,2024-09,2024,9,1461,0,1171.0,1.3,0.106
R058,2024-10,2024,10,2468,1,1141.0,2.29,0.142
R058,2024-11,2024,11,2281,1,1056.0,2.28,0.073
R058,2024-12,2024,12,1894,1,1310.0,0.9,0.116
R058,2025-01,2025,1,2012,0,1404.0,1.99,0.08
R058,2025-02,2025,2,1561,0,1100.0,1.36,0.099
R058,2025-03,2025,3,1700,0,1111.0,1.56,0.107
R058,2025-04,2025,4,1766,0,1013.0,1.01,0.109
R058,2025-05,2025,5,1762,0,1032.0,1.45,0.143
R058,2025-06,2025,6,1704,0,1335.0,2.03,0.131
R058,2025-07,2025,7,1799,0,1130.0,1.39,0.093
R058,2025-08,2025,8,2109,0,1095.0,0.91,0.105
R058,2025-09,2025,9,2029,0,1013.0,0.93,0.093
R058,2025-10,2025,10,3083,1,1306.0,1.8,0.102
R058,2025-11,2025,11,2999,1,1153.0,2.08,0.148
R058,2025-12,2025,12,1949,0,1059.0,1.42,0.137
R059,2023-01,2023,1,1502,0,1157.0,1.48,0.094
R059,2023-02,2023,2,1411,0,1461.0,1.22,0.069
R059,2023-03,2023,3,1345,0,1116.0,1.13,0.099
R059,2023-04,2023,4,1666,1,925.0,0.91,0.102
R059,2023-05,2023,5,1415,0,1385.0,1.36,0.064
R059,2023-06,2023,6,1308,0,971.0,1.79,0.159
R059,2023-07,2023,7,1629,0,1358.0,1.95,0.136
R059,2023-08,2023,8,1755,0,1110.0,0.92,0.141
R059,2023-09,2023,9,1461,0,1080.0,1.19,0.112
R059,2023-10,2023,10,2200,1,1319.0,2.31,0.156
R059,2023-11,2023,11,2229,1,1108.0,2.12,0.119
R059,2023-12,2023,12,1829,1,1183.0,1.19,0.145
R059,2024-01,2024,1,1927,0,1089.0,2.39,0.097
R059,2024-02,2024,2,1560,0,1257.0,1.97,0.064
R059,2024-03,2024,3,1493,0,1327.0,1.9,0.134
R059,2024-04,2024,4,1633,0,1207.0,1.08,0.092
R059,2024-05,2024,5,1897,1,965.0,1.95,0.132
R059,2024-06,2024,6,1555,0,1052.0,1.0,0.061
R059,2024-07,2024,7,2114,1,1112.0,2.14,0.154
R059,2024-08,2024,8,2014,0,1180.0,1.66,0.152
R059,2024-09,2024,9,1641,0,1248.0,1.82,0.064
R059,2024-10,2024,10,2520,1,1348.0,1.62,0.152
R059,2024-11,2024,11,2524,1,1067.0,2.12,0.051
R059,2024-12,2024,12,1815,0,1009.0,0.84,0.067
R059,2025-01,2025,1,2184,0,1169.0,2.04,0.122
R059,2025-02,2025,2,1772,0,1165.0,1.51,0.054
R059,2025-03,2025,3,2057,0,1073.0,1.05,0.119
R059,2025-04,2025,4,1741,0,1388.0,1.16,0.068
R059,2025-05,2025,5,2035,0,1151.0,0.99,0.089
R059,2025-06,2025,6,1805,0,1048.0,2.29,0.07
R059,2025-07,2025,7,2091,0,1033.0,0.95,0.133
R059,2025-08,2025,8,2292,0,1320.0,1.37,0.142
R059,2025-09,2025,9,2120,0,1084.0,0.8,0.079
R059,2025-10,2025,10,3403,1,1112.0,2.23,0.149
R059,2025-11,2025,11,3552,1,1223.0,1.42,0.071
R059,2025-12,2025,12,2162,0,1234.0,1.63,0.123
R060,2023-01,2023,1,1284,0,1051.0,1.82,0.07
R060,2023-02,2023,2,1099,0,1094.0,1.88,0.132
R060,2023-03,2023,3,1322,1,1074.0,1.18,0.064
R060,2023-04,2023,4,1116,0,1221.0,1.28,0.156
R060,2023-05,2023,5,1116,0,1125.0,2.02,0.095
R060,2023-06,2023,6,1076,0,1207.0,1.54,0.055
R060,2023-07,2023,7,1184,0,1018.0,1.16,0.072
R060,2023-08,2023,8,1330,0,1094.0,1.48,0.083
R060,2023-09,2023,9,1115,0,1216.0,1.79,0.108
R060,2023-10,2023,10,1913,1,1146.0,1.3,0.16
R060,2023-11,2023,11,1723,1,1041.0,2.25,0.112
R060,2023-12,2023,12,1310,0,1157.0,0.82,0.098
R060,2024-01,2024,1,1280,0,1189.0,1.85,0.156
R060,2024-02,2024,2,1185,0,1077.0,2.31,0.067
R060,2024-03,2024,3,1301,0,1255.0,0.82,0.069
R060,2024-04,2024,4,1314,0,1236.0,2.02,0.072
R060,2024-05,2024,5,1177,0,1000.0,1.86,0.15
R060,2024-06,2024,6,1380,1,1052.0,1.22,0.1
R060,2024-07,2024,7,1299,0,1410.0,0.98,0.127
R060,2024-08,2024,8,1614,1,1252.0,0.9,0.067
R060,2024-09,2024,9,1361,0,943.0,1.78,0.131
R060,2024-10,2024,10,2310,1,1055.0,2.09,0.073
R060,2024-11,2024,11,2123,1,1137.0,1.07,0.083
R060,2024-12,2024,12,1285,0,1080.0,1.45,0.124
R060,2025-01,2025,1,1694,1,1046.0,0.86,0.153
R060,2025-02,2025,2,1249,0,1374.0,2.07,0.079
R060,2025-03,2025,3,1381,0,1077.0,1.85,0.077
R060,2025-04,2025,4,1346,0,1318.0,2.07,0.135
R060,2025-05,2025,5,1707,1,1181.0,1.02,0.117
R060,2025-06,2025,6,1486,0,1055.0,1.38,0.058
R060,2025-07,2025,7,1747,1,1275.0,0.99,0.138
R060,2025-08,2025,8,1618,0,1082.0,1.18,0.147
R060,2025-09,2025,9,1512,0,1216.0,1.42,0.159
R060,2025-10,2025,10,2129,1,1046.0,2.36,0.07
R060,2025-11,2025,11,2328,1,1272.0,1.36,0.141
R060,2025-12,2025,12,1646,0,826.0,1.32,0.136
R061,2023-01,2023,1,1163,0,1023.0,1.27,0.064
R061,2023-02,2023,2,1179,1,1281.0,1.81,0.109
R061,2023-03,2023,3,1085,0,998.0,2.07,0.103
R061,2023-04,2023,4,1161,0,1038.0,1.23,0.058
R061,2023-05,2023,5,1067,0,1128.0,1.19,0.13
R061,2023-06,2023,6,1246,1,1282.0,1.75,0.121
R061,2023-07,2023,7,1090,0,1124.0,1.06,0.066
R061,2023-08,2023,8,1251,0,1138.0,1.04,0.159
R061,2023-09,2023,9,1123,0,1387.0,1.44,0.098
R061,2023-10,2023,10,1804,1,1056.0,1.93,0.084
R061,2023-11,2023,11,1722,1,1163.0,1.86,0.136
R061,2023-12,2023,12,1132,0,1149.0,1.39,0.106
R061,2024-01,2024,1,1205,0,1221.0,0.96,0.113
R061,2024-02,2024,2,1136,0,1135.0,1.16,0.061
R061,2024-03,2024,3,1312,1,1234.0,1.76,0.058
R061,2024-04,2024,4,1421,0,1277.0,1.53,0.149
R061,2024-05,2024,5,1198,0,1239.0,2.36,0.079
R061,2024-06,2024,6,1111,0,997.0,1.28,0.081
R061,2024-07,2024,7,1434,0,1216.0,2.35,0.063
R061,2024-08,2024,8,1668,0,1108.0,1.94,0.058
R061,2024-09,2024,9,1358,0,1177.0,1.98,0.066
R061,2024-10,2024,10,2309,1,1068.0,0.9,0.125
R061,2024-11,2024,11,2153,1,1306.0,2.38,0.081
R061,2024-12,2024,12,1413,0,1126.0,1.82,0.156
R061,2025-01,2025,1,1619,0,1182.0,1.63,0.122
R061,2025-02,2025,2,1562,1,1291.0,1.55,0.141
R061,2025-03,2025,3,1613,0,1085.0,0.88,0.075
R061,2025-04,2025,4,1523,0,1160.0,2.35,0.083
R061,2025-05,2025,5,1361,0,1106.0,1.91,0.059
R061,2025-06,2025,6,1625,1,1254.0,1.78,0.136
R061,2025-07,2025,7,2097,1,1027.0,1.95,0.148
R061,2025-08,2025,8,2190,1,1222.0,2.31,0.133
R061,2025-09,2025,9,1934,1,1170.0,2.17,0.064
R061,2025-10,2025,10,2560,1,1176.0,1.17,0.119
R061,2025-11,2025,11,2549,1,1110.0,2.08,0.069
R061,2025-12,2025,12,1843,0,1357.0,2.33,0.117
R062,2023-01,2023,1,1289,0,1124.0,1.46,0.083
R062,2023-02,2023,2,1171,0,1147.0,1.94,0.152
R062,2023-03,2023,3,1214,0,944.0,2.39,0.086
R062,2023-04,2023,4,1361,1,1120.0,1.04,0.129
R062,2023-05,2023,5,1498,1,1161.0,1.32,0.085
R062,2023-06,2023,6,1070,0,1327.0,1.15,0.086
R062,2023-07,2023,7,1194,0,1278.0,0.9,0.084
R062,2023-08,2023,8,1325,0,1064.0,2.04,0.101
R062,2023-09,2023,9,1758,1,1051.0,1.76,0.092
R062,2023-10,2023,10,2174,1,1022.0,1.2,0.06
R062,2023-11,2023,11,1967,1,956.0,2.0,0.159
R062,2023-12,2023,12,1464,0,992.0,2.25,0.096
R062,2024-01,2024,1,1713,0,1120.0,2.09,0.091
R062,2024-02,2024,2,1359,0,1158.0,1.76,0.128
R062,2024-03,2024,3,1434,0,1255.0,1.51,0.113
R062,2024-04,2024,4,1563,0,1226.0,0.95,0.145
R062,2024-05,2024,5,1710,0,941.0,1.47,0.107
R062,2024-06,2024,6,1590,0,1200.0,1.79,0.092
R062,2024-07,2024,7,1781,0,1202.0,1.43,0.108
R062,2024-08,2024,8,1805,0,1135.0,2.15,0.115
R062,2024-09,2024,9,1807,0,1027.0,0.82,0.127
R062,2024-10,2024,10,2785,1,1234.0,1.81,0.145
R062,2024-11,2024,11,2361,1,1097.0,1.82,0.093
R062,2024-12,2024,12,1756,0,1058.0,2.03,0.111
R062,2025-01,2025,1,2393,1,1023.0,1.29,0.156
R062,2025-02,2025,2,1914,0,1131.0,1.87,0.156
R062,2025-03,2025,3,1972,0,907.0,2.09,0.15
R062,2025-04,2025,4,2039,0,1273.0,1.88,0.122
R062,2025-05,2025,5,2532,1,1111.0,0.87,0.142
R062,2025-06,2025,6,1860,0,1155.0,1.4,0.106
R062,2025-07,2025,7,2140,0,1252.0,1.78,0.063
R062,2025-08,2025,8,2326,0,1095.0,1.19,0.104
R062,2025-09,2025,9,2223,0,1189.0,1.71,0.085
R062,2025-10,2025,10,3267,1,1241.0,2.13,0.098
R062,2025-11,2025,11,2945,1,1167.0,2.12,0.15
R062,2025-12,2025,12,2287,0,1193.0,2.23,0.08
R063,2023-01,2023,1,498,0,1034.0,1.91,0.103
R063,2023-02,2023,2,404,0,1122.0,2.39,0.127
R063,2023-03,2023,3,417,0,1278.0,2.22,0.069
R063,2023-04,2023,4,471,0,1088.0,1.43,0.087
R063,2023-05,2023,5,425,0,1192.0,0.89,0.095
R063,2023-06,2023,6,434,0,1179.0,1.88,0.146
R063,2023-07,2023,7,436,0,1286.0,0.91,0.086
R063,2023-08,2023,8,484,0,1388.0,1.49,0.123
R063,2023-09,2023,9,457,0,1350.0,1.93,0.143
R063,2023-10,2023,10,738,1,1128.0,2.02,0.144
R063,2023-11,2023,11,664,1,855.0,2.03,0.128
R063,2023-12,2023,12,557,1,1090.0,2.09,0.154
R063,2024-01,2024,1,526,0,1258.0,2.24,0.157
R063,2024-02,2024,2,441,0,1184.0,2.0,0.152
R063,2024-03,2024,3,462,0,1381.0,2.14,0.096
R063,2024-04,2024,4,477,0,1172.0,2.11,0.053
R063,2024-05,2024,5,547,1,1284.0,1.22,0.157
R063,2024-06,2024,6,470,0,1261.0,2.09,0.157
R063,2024-07,2024,7,524,1,1105.0,2.14,0.13
R063,2024-08,2024,8,641,0,1272.0,1.41,0.08
R063,2024-09,2024,9,582,0,1316.0,1.72,0.124
R063,2024-10,2024,10,930,1,1088.0,2.2,0.156
R063,2024-11,2024,11,829,1,947.0,2.06,0.138
R063,2024-12,2024,12,558,0,1267.0,1.39,0.127
R063,2025-01,2025,1,541,0,1371.0,1.63,0.13
R063,2025-02,2025,2,534,0,979.0,1.18,0.114
R063,2025-03,2025,3,557,0,1062.0,2.15,0.111
R063,2025-04,2025,4,538,0,1186.0,2.1,0.159
R063,2025-05,2025,5,606,0,1232.0,1.29,0.155
R063,2025-06,2025,6,598,0,1147.0,1.63,0.064
R063,2025-07,2025,7,740,1,1160.0,2.01,0.098
R063,2025-08,2025,8,677,0,1000.0,1.83,0.129
R063,2025-09,2025,9,600,0,1173.0,1.54,0.08
R063,2025-10,2025,10,1052,1,1040.0,1.6,0.087
R063,2025-11,2025,11,935,1,1316.0,0.81,0.105
R063,2025-12,2025,12,677,0,1203.0,2.29,0.053
R064,2023-01,2023,1,1060,0,1330.0,1.65,0.077
R064,2023-02,2023,2,958,0,1136.0,1.31,0.074
R064,2023-03,2023,3,1048,0,1430.0,1.5,0.074
R064,2023-04,2023,4,1275,1,1055.0,0.84,0.08
R064,2023-05,2023,5,1001,0,1182.0,1.67,0.153
R064,2023-06,2023,6,982,0,1238.0,1.26,0.155
R064,2023-07,2023,7,1235,0,939.0,1.57,0.157
R064,2023-08,2023,8,1188,0,1118.0,1.08,0.137
R064,2023-09,2023,9,1159,0,1115.0,2.26,0.138
R064,2023-10,2023,10,1635,1,1187.0,0.88,0.136
R064,2023-11,2023,11,1816,1,1328.0,2.32,0.119
R064,2023-12,2023,12,1114,0,1035.0,1.39,0.133
R064,2024-01,2024,1,1430,0,1403.0,1.22,0.111
R064,2024-02,2024,2,1118,0,1335.0,2.11,0.059
R064,2024-03,2024,3,1162,0,1247.0,1.31,0.067
R064,2024-04,2024,4,1173,0,1195.0,2.07,0.148
R064,2024-05,2024,5,1324,0,1224.0,1.3,0.116
R064,2024-06,2024,6,1212,0,1158.0,0.98,0.156
R064,2024-07,2024,7,1365,0,1096.0,1.63,0.079
R064,2024-08,2024,8,1506,0,1311.0,1.86,0.051
R064,2024-09,2024,9,1512,0,1114.0,2.33,0.157
R064,2024-10,2024,10,2237,1,1254.0,1.38,0.074
R064,2024-11,2024,11,2143,1,1303.0,1.51,0.114
R064,2024-12,2024,12,1600,1,1307.0,0.91,0.076
R064,2025-01,2025,1,1500,0,1146.0,1.46,0.099
R064,2025-02,2025,2,1698,1,1157.0,2.32,0.1
R064,2025-03,2025,3,1486,0,1246.0,1.78,0.058
R064,2025-04,2025,4,1635,0,1143.0,2.15,0.109
R064,2025-05,2025,5,1620,0,1209.0,2.39,0.129
R064,2025-06,2025,6,1759,1,1257.0,1.48,0.07
R064,2025-07,2025,7,1751,0,1243.0,1.05,0.061
R064,2025-08,2025,8,1902,0,978.0,1.46,0.146
R064,2025-09,2025,9,1761,0,1392.0,1.38,0.112
R064,2025-10,2025,10,2773,1,1047.0,1.25,0.102
R064,2025-11,2025,11,2695,1,1231.0,1.39,0.07
R064,2025-12,2025,12,1804,0,843.0,0.93,0.129
R065,2023-01,2023,1,559,0,1184.0,2.18,0.101
R065,2023-02,2023,2,465,0,1181.0,2.35,0.076
R065,2023-03,2023,3,592,1,1026.0,0.9,0.097
R065,2023-04,2023,4,524,0,1207.0,1.76,0.098
R065,2023-05,2023,5,542,0,1128.0,0.82,0.158
R065,2023-06,2023,6,593,1,1071.0,1.72,0.153
R065,2023-07,2023,7,685,1,1034.0,1.0,0.067
R065,2023-08,2023,8,669,0,1093.0,1.21,0.146
R065,2023-09,2023,9,601,0,1270.0,1.82,0.152
R065,2023-10,2023,10,869,1,1243.0,1.25,0.15
R065,2023-11,2023,11,900,1,976.0,1.93,0.055
R065,2023-12,2023,12,603,0,1208.0,1.33,0.125
R065,2024-01,2024,1,670,0,911.0,1.98,0.122
R065,2024-02,2024,2,559,0,1208.0,1.0,0.149
R065,2024-03,2024,3,651,0,1156.0,1.3,0.092
R065,2024-04,2024,4,670,0,1187.0,0.95,0.059
R065,2024-05,2024,5,760,0,1080.0,1.46,0.151
R065,2024-06,2024,6,600,0,897.0,1.14,0.062
R065,2024-07,2024,7,721,0,1152.0,2.09,0.055
R065,2024-08,2024,8,955,1,1324.0,1.39,0.074
R065,2024-09,2024,9,844,1,941.0,1.78,0.127
R065,2024-10,2024,10,1050,1,1051.0,2.07,0.059
R065,2024-11,2024,11,1145,1,1110.0,1.22,0.113
R065,2024-12,2024,12,808,0,1156.0,1.85,0.134
R065,2025-01,2025,1,911,1,991.0,1.28,0.086
R065,2025-02,2025,2,850,1,1070.0,1.44,0.1
R065,2025-03,2025,3,874,1,1084.0,2.06,0.144
R065,2025-04,2025,4,764,0,1077.0,1.07,0.084
R065,2025-05,2025,5,701,0,1165.0,2.21,0.081
R065,2025-06,2025,6,647,0,1184.0,1.56,0.061
R065,2025-07,2025,7,837,0,1124.0,1.79,0.135
R065,2025-08,2025,8,941,0,1207.0,2.33,0.121
R065,2025-09,2025,9,929,0,1096.0,1.78,0.06
R065,2025-10,2025,10,1410,1,1211.0,1.11,0.156
R065,2025-11,2025,11,1280,1,1212.0,1.15,0.073
R065,2025-12,2025,12,935,0,1341.0,2.26,0.09
R066,2023-01,2023,1,1207,0,1268.0,2.36,0.147
R066,2023-02,2023,2,1089,0,1221.0,0.86,0.052
R066,2023-03,2023,3,1332,1,973.0,2.1,0.124
R066,2023-04,2023,4,1198,0,1172.0,1.28,0.152
R066,2023-05,2023,5,1122,0,1111.0,1.64,0.066
R066,2023-06,2023,6,1062,0,849.0,1.32,0.075
R066,2023-07,2023,7,1250,0,1280.0,0.92,0.08
R066,2023-08,2023,8,1504,0,1052.0,1.85,0.084
R066,2023-09,2023,9,1337,0,1091.0,1.52,0.158
R066,2023-10,2023,10,2066,1,1026.0,1.85,0.08
R066,2023-11,2023,11,2189,1,1054.0,2.19,0.152
R066,2023-12,2023,12,1534,0,1345.0,1.65,0.157
R066,2024-01,2024,1,1533,0,1281.0,1.26,0.055
R066,2024-02,2024,2,1416,0,1277.0,1.03,0.107
R066,2024-03,2024,3,1752,0,1166.0,1.1,0.111
R066,2024-04,2024,4,1677,0,1058.0,0.87,0.14
R066,2024-05,2024,5,1738,0,1007.0,1.69,0.147
R066,2024-06,2024,6,1507,0,1167.0,1.95,0.151
R066,2024-07,2024,7,1600,0,1042.0,1.84,0.062
R066,2024-08,2024,8,1624,0,1339.0,0.98,0.087
R066,2024-09,2024,9,1677,0,1192.0,1.56,0.106
R066,2024-10,2024,10,2648,1,959.0,2.12,0.074
R066,2024-11,2024,11,2651,1,1248.0,1.54,0.06
R066,2024-12,2024,12,1806,0,1317.0,1.82,0.129
R066,2025-01,2025,1,1742,0,1185.0,1.73,0.146
R066,2025-02,2025,2,2097,1,1133.0,1.13,0.127
R066,2025-03,2025,3,1789,0,1238.0,1.67,0.122
R066,2025-04,2025,4,2336,1,1022.0,0.84,0.088
R066,2025-05,2025,5,2090,0,1284.0,1.76,0.07
R066,2025-06,2025,6,2109,1,1116.0,1.99,0.087
R066,2025-07,2025,7,1898,0,1189.0,1.78,0.132
R066,2025-08,2025,8,2780,1,1468.0,1.59,0.074
R066,2025-09,2025,9,2085,0,901.0,1.24,0.106
R066,2025-10,2025,10,3157,1,1109.0,1.61,0.11
R066,2025-11,2025,11,3359,1,1039.0,1.54,0.148
R066,2025-12,2025,12,2520,0,1004.0,2.21,0.138
R067,2023-01,2023,1,1729,1,1143.0,1.4,0.075
R067,2023-02,2023,2,1296,0,1285.0,1.11,0.081
R067,2023-03,2023,3,1326,0,1232.0,2.13,0.134
R067,2023-04,2023,4,1253,0,1061.0,1.72,0.062
R067,2023-05,2023,5,1457,0,1056.0,1.6,0.134
R067,2023-06,2023,6,1402,0,951.0,1.84,0.063
R067,2023-07,2023,7,1659,0,1060.0,1.88,0.058
R067,2023-08,2023,8,1724,0,1072.0,0.81,0.051
R067,2023-09,2023,9,1782,0,1024.0,0.82,0.1
R067,2023-10,2023,10,2564,1,1233.0,1.37,0.114
R067,2023-11,2023,11,2634,1,1383.0,2.02,0.061
R067,2023-12,2023,12,1755,0,1259.0,1.7,0.076
R067,2024-01,2024,1,2022,0,1079.0,1.32,0.055
R067,2024-02,2024,2,1565,0,1215.0,1.79,0.068
R067,2024-03,2024,3,2013,0,901.0,1.02,0.132
R067,2024-04,2024,4,1767,0,1440.0,1.78,0.073
R067,2024-05,2024,5,1718,0,1269.0,1.9,0.067
R067,2024-06,2024,6,2003,1,1059.0,0.8,0.083
R067,2024-07,2024,7,2100,0,1038.0,1.72,0.127
R067,2024-08,2024,8,2081,0,1161.0,2.03,0.134
R067,2024-09,2024,9,2406,1,1221.0,1.9,0.14
R067,2024-10,2024,10,3700,1,1070.0,1.37,0.143
R067,2024-11,2024,11,2989,1,1217.0,0.98,0.116
R067,2024-12,2024,12,2272,0,1245.0,1.4,0.121
R067,2025-01,2025,1,2713,1,1162.0,1.83,0.095
R067,2025-02,2025,2,2086,0,1113.0,1.16,0.077
R067,2025-03,2025,3,2108,0,1142.0,2.03,0.076
R067,2025-04,2025,4,2288,0,1317.0,2.1,0.096
R067,2025-05,2025,5,2628,0,1189.0,0.95,0.053
R067,2025-06,2025,6,2615,1,1184.0,1.14,0.151
R067,2025-07,2025,7,2849,1,1128.0,1.51,0.104
R067,2025-08,2025,8,2936,0,1176.0,1.93,0.086
R067,2025-09,2025,9,2785,0,1149.0,1.31,0.081
R067,2025-10,2025,10,4489,1,1179.0,2.36,0.13
R067,2025-11,2025,11,3994,1,1019.0,2.34,0.128
R067,2025-12,2025,12,2662,0,1024.0,2.0,0.112
R068,2023-01,2023,1,1352,1,1163.0,2.29,0.145
R068,2023-02,2023,2,969,0,1360.0,1.56,0.15
R068,2023-03,2023,3,1240,0,1034.0,2.03,0.083
R068,2023-04,2023,4,1352,0,1003.0,1.28,0.104
R068,2023-05,2023,5,1220,0,1242.0,1.49,0.067
R068,2023-06,2023,6,1162,0,1126.0,1.5,0.092
R068,2023-07,2023,7,1287,1,1204.0,2.17,0.133
R068,2023-08,2023,8,1614,0,941.0,1.21,0.123
R068,2023-09,2023,9,1270,0,1040.0,1.08,0.143
R068,2023-10,2023,10,2151,1,1096.0,1.43,0.095
R068,2023-11,2023,11,2001,1,1179.0,1.73,0.06
R068,2023-12,2023,12,1503,0,1003.0,2.16,0.107
R068,2024-01,2024,1,1714,0,1303.0,2.08,0.147
R068,2024-02,2024,2,1259,0,1271.0,1.67,0.105
R068,2024-03,2024,3,1550,0,1039.0,0.88,0.052
R068,2024-04,2024,4,1728,1,1312.0,1.7,0.119
R068,2024-05,2024,5,1629,0,1175.0,1.32,0.085
R068,2024-06,2024,6,1635,1,1201.0,1.09,0.085
R068,2024-07,2024,7,1628,0,1439.0,1.72,0.128
R068,2024-08,2024,8,2030,0,1123.0,1.81,0.132
R068,2024-09,2024,9,1702,0,1366.0,1.54,0.101
R068,2024-10,2024,10,2868,1,1175.0,2.38,0.054
R068,2024-11,2024,11,2332,1,1097.0,1.51,0.08
R068,2024-12,2024,12,2158,1,1098.0,1.59,0.142
R068,2025-01,2025,1,2344,1,1057.0,2.06,0.137
R068,2025-02,2025,2,1648,0,1103.0,0.89,0.112
R068,2025-03,2025,3,2194,1,952.0,1.38,0.155
R068,2025-04,2025,4,2006,0,1415.0,0.86,0.142
R068,2025-05,2025,5,1912,0,1299.0,1.31,0.119
R068,2025-06,2025,6,1794,1,1065.0,1.61,0.071
R068,2025-07,2025,7,2401,1,1102.0,1.44,0.092
R068,2025-08,2025,8,2579,1,1210.0,1.23,0.112
R068,2025-09,2025,9,2142,0,1199.0,2.07,0.158
R068,2025-10,2025,10,2946,1,1113.0,1.15,0.058
R068,2025-11,2025,11,2926,1,1149.0,1.75,0.153
R068,2025-12,2025,12,2852,1,1341.0,0.96,0.119
R069,2023-01,2023,1,1418,0,1041.0,2.18,0.133
R069,2023-02,2023,2,1441,0,1158.0,1.88,0.1
R069,2023-03,2023,3,1377,0,1247.0,1.6,0.121
R069,2023-04,2023,4,1418,0,1270.0,1.3,0.132
R069,2023-05,2023,5,1401,0,1154.0,2.22,0.106
R069,2023-06,2023,6,1397,0,1078.0,1.8,0.081
R069,2023-07,2023,7,1313,0,1190.0,2.33,0.156
R069,2023-08,2023,8,1667,0,1144.0,0.99,0.067
R069,2023-09,2023,9,1497,1,1077.0,1.1,0.069
R069,2023-10,2023,10,2641,1,1095.0,1.22,0.052
R069,2023-11,2023,11,2175,1,1028.0,0.96,0.133
R069,2023-12,2023,12,1625,0,1038.0,2.21,0.137
R069,2024-01,2024,1,1603,0,1176.0,1.0,0.14
R069,2024-02,2024,2,1707,1,1095.0,1.05,0.095
R069,2024-03,2024,3,1997,1,1193.0,1.62,0.071
R069,2024-04,2024,4,1453,0,1210.0,2.37,0.139
R069,2024-05,2024,5,1573,0,1060.0,1.44,0.12
R069,2024-06,2024,6,1474,0,957.0,1.38,0.096
R069,2024-07,2024,7,1740,0,1005.0,1.53,0.13
R069,2024-08,2024,8,1808,0,1031.0,2.28,0.08
R069,2024-09,2024,9,1706,0,1012.0,2.15,0.05
R069,2024-10,2024,10,2667,1,1048.0,1.79,0.149
R069,2024-11,2024,11,2380,1,1101.0,1.67,0.107
R069,2024-12,2024,12,1816,0,1107.0,1.54,0.068
R069,2025-01,2025,1,1747,0,1194.0,0.95,0.051
R069,2025-02,2025,2,1621,0,1371.0,2.14,0.124
R069,2025-03,2025,3,1824,0,1244.0,2.09,0.083
R069,2025-04,2025,4,1723,0,1072.0,2.31,0.131
R069,2025-05,2025,5,1939,0,1372.0,1.37,0.08
R069,2025-06,2025,6,1832,0,1055.0,0.97,0.075
R069,2025-07,2025,7,1694,0,1160.0,1.55,0.144
R069,2025-08,2025,8,2201,0,1137.0,2.12,0.156
R069,2025-09,2025,9,1992,0,1020.0,1.06,0.111
R069,2025-10,2025,10,2973,1,1076.0,1.37,0.154
R069,2025-11,2025,11,3408,1,1166.0,1.19,0.097
R069,2025-12,2025,12,2060,0,1281.0,1.86,0.11
R070,2023-01,2023,1,3535,0,1184.0,1.95,0.137
R070,2023-02,2023,2,3292,0,1025.0,2.09,0.092
R070,2023-03,2023,3,3192,0,1244.0,1.78,0.154
R070,2023-04,2023,4,3357,0,1130.0,1.35,0.103
R070,2023-05,2023,5,3832,0,1148.0,1.86,0.073
R070,2023-06,2023,6,3125,0,1255.0,1.37,0.124
R070,2023-07,2023,7,3751,0,1058.0,2.11,0.147
R070,2023-08,2023,8,4433,1,1174.0,1.16,0.122
R070,2023-09,2023,9,3649,0,1217.0,1.31,0.062
R070,2023-10,2023,10,5592,1,1148.0,1.74,0.061
R070,2023-11,2023,11,4704,1,1190.0,1.36,0.128
R070,2023-12,2023,12,4058,0,1202.0,1.28,0.129
R070,2024-01,2024,1,4521,0,1001.0,1.75,0.096
R070,2024-02,2024,2,4432,1,1228.0,2.28,0.062
R070,2024-03,2024,3,5141,1,1336.0,2.4,0.08
R070,2024-04,2024,4,3939,0,1252.0,2.0,0.119
R070,2024-05,2024,5,4846,1,1238.0,1.88,0.138
R070,2024-06,2024,6,4194,0,1049.0,2.31,0.154
R070,2024-07,2024,7,5114,1,1280.0,0.86,0.153
R070,2024-08,2024,8,4819,0,1030.0,1.67,0.074
R070,2024-09,2024,9,4156,0,1240.0,1.92,0.092
R070,2024-10,2024,10,6970,1,864.0,1.72,0.077
R070,2024-11,2024,11,7396,1,879.0,2.24,0.151
R070,2024-12,2024,12,5288,0,993.0,1.64,0.05
R070,2025-01,2025,1,5438,0,1159.0,2.0,0.084
R070,2025-02,2025,2,5024,1,953.0,1.54,0.074
R070,2025-03,2025,3,6156,1,992.0,1.8,0.082
R070,2025-04,2025,4,4992,0,1080.0,0.8,0.103
R070,2025-05,2025,5,5807,1,953.0,1.36,0.123
R070,2025-06,2025,6,4726,0,1046.0,0.84,0.097
R070,2025-07,2025,7,4991,0,1116.0,1.7,0.095
R070,2025-08,2025,8,7695,1,1012.0,2.0,0.072
R070,2025-09,2025,9,5593,0,1125.0,1.45,0.132
R070,2025-10,2025,10,9666,1,1084.0,1.8,0.086
R070,2025-11,2025,11,8421,1,1154.0,2.21,0.151
R070,2025-12,2025,12,5719,0,1099.0,1.42,0.095
R071,2023-01,2023,1,1776,0,1200.0,1.6,0.116
R071,2023-02,2023,2,1548,0,1011.0,2.17,0.054
R071,2023-03,2023,3,1740,0,1118.0,1.89,0.156
R071,2023-04,2023,4,1680,0,1109.0,1.09,0.126
R071,2023-05,2023,5,1845,0,1103.0,2.11,0.12
R071,2023-06,2023,6,1900,1,1114.0,2.1,0.132
R071,2023-07,2023,7,1836,0,1216.0,0.85,0.064
R071,2023-08,2023,8,1826,0,1068.0,1.21,0.059
R071,2023-09,2023,9,1776,0,1142.0,2.21,0.157
R071,2023-10,2023,10,2445,1,1217.0,2.26,0.083
R071,2023-11,2023,11,2854,1,1276.0,1.76,0.084
R071,2023-12,2023,12,1901,0,983.0,1.49,0.116
R071,2024-01,2024,1,2270,1,1020.0,1.57,0.145
R071,2024-02,2024,2,1769,0,1254.0,2.31,0.085
R071,2024-03,2024,3,2220,0,1133.0,1.47,0.069
R071,2024-04,2024,4,1844,0,1084.0,1.35,0.063
R071,2024-05,2024,5,1917,0,1290.0,2.01,0.058
R071,2024-06,2024,6,1896,0,1121.0,1.62,0.136
R071,2024-07,2024,7,1940,0,1221.0,0.9,0.08
R071,2024-08,2024,8,2227,0,1164.0,1.62,0.082
R071,2024-09,2024,9,2184,0,1315.0,1.95,0.05
R071,2024-10,2024,10,3359,1,1226.0,2.15,0.159
R071,2024-11,2024,11,2916,1,911.0,1.74,0.074
R071,2024-12,2024,12,2174,1,1056.0,1.57,0.128
R071,2025-01,2025,1,2198,0,1246.0,1.42,0.055
R071,2025-02,2025,2,2321,1,1021.0,1.95,0.097
R071,2025-03,2025,3,2024,0,1196.0,2.12,0.056
R071,2025-04,2025,4,2369,0,1330.0,1.32,0.06
R071,2025-05,2025,5,2235,0,1236.0,0.84,0.135
R071,2025-06,2025,6,2170,0,1028.0,1.39,0.098
R071,2025-07,2025,7,2147,0,1328.0,2.08,0.153
R071,2025-08,2025,8,3109,1,1145.0,1.01,0.154
R071,2025-09,2025,9,2202,0,987.0,1.49,0.152
R071,2025-10,2025,10,3661,1,1005.0,2.39,0.088
R071,2025-11,2025,11,3285,1,1198.0,2.35,0.134
R071,2025-12,2025,12,2180,0,1159.0,1.4,0.095
R072,2023-01,2023,1,1461,1,1129.0,0.88,0.151
R072,2023-02,2023,2,1101,0,1086.0,1.86,0.122
R072,2023-03,2023,3,1089,0,1176.0,2.05,0.097
R072,2023-04,2023,4,1197,0,1201.0,1.78,0.06
R072,2023-05,2023,5,1407,1,1041.0,1.81,0.125
R072,2023-06,2023,6,1041,0,983.0,1.09,0.104
R072,2023-07,2023,7,1099,0,1059.0,2.32,0.05
R072,2023-08,2023,8,1514,1,1326.0,1.48,0.12
R072,2023-09,2023,9,1266,0,1309.0,0.89,0.074
R072,2023-10,2023,10,1922,1,994.0,1.99,0.118
R072,2023-11,2023,11,1902,1,1136.0,1.9,0.068
R072,2023-12,2023,12,1166,0,1075.0,2.33,0.05
R072,2024-01,2024,1,1510,0,1217.0,1.04,0.121
R072,2024-02,2024,2,1165,0,1132.0,1.13,0.081
R072,2024-03,2024,3,1281,0,1075.0,1.08,0.075
R072,2024-04,2024,4,1446,0,1101.0,1.84,0.064
R072,2024-05,2024,5,1267,0,1349.0,2.36,0.138
R072,2024-06,2024,6,1301,0,1103.0,1.79,0.127
R072,2024-07,2024,7,1380,0,977.0,1.8,0.147
R072,2024-08,2024,8,1602,0,1203.0,1.13,0.059
R072,2024-09,2024,9,1781,1,1250.0,1.73,0.101
R072,2024-10,2024,10,2252,1,1094.0,1.76,0.114
R072,2024-11,2024,11,2129,1,1068.0,1.39,0.059
R072,2024-12,2024,12,1509,0,1207.0,1.19,0.129
R072,2025-01,2025,1,1621,0,1179.0,1.16,0.073
R072,2025-02,2025,2,1588,0,1007.0,2.39,0.131
R072,2025-03,2025,3,1497,0,1095.0,2.39,0.16
R072,2025-04,2025,4,1642,0,991.0,2.13,0.083
R072,2025-05,2025,5,1788,0,1121.0,1.29,0.058
R072,2025-06,2025,6,1714,0,1264.0,1.23,0.12
R072,2025-07,2025,7,1809,0,1258.0,2.04,0.099
R072,2025-08,2025,8,2027,0,1219.0,2.34,0.131
R072,2025-09,2025,9,1844,0,1005.0,1.11,0.091
R072,2025-10,2025,10,2955,1,1088.0,2.13,0.053
R072,2025-11,2025,11,2520,1,1055.0,1.31,0.103
R072,2025-12,2025,12,1689,0,1041.0,0.9,0.127
R073,2023-01,2023,1,547,0,1161.0,1.3,0.121
R073,2023-02,2023,2,461,0,1223.0,1.08,0.154
R073,2023-03,2023,3,567,0,1293.0,1.45,0.126
R073,2023-04,2023,4,624,0,1156.0,1.78,0.067
R073,2023-05,2023,5,587,0,1205.0,2.15,0.137
R073,2023-06,2023,6,601,1,952.0,1.13,0.152
R073,2023-07,2023,7,616,0,1119.0,0.85,0.118
R073,2023-08,2023,8,654,0,1062.0,1.43,0.053
R073,2023-09,2023,9,646,0,1336.0,1.45,0.146
R073,2023-10,2023,10,1016,1,1249.0,1.68,0.072
R073,2023-11,2023,11,855,1,1044.0,0.95,0.077
R073,2023-12,2023,12,715,0,1418.0,1.4,0.1
R073,2024-01,2024,1,724,0,951.0,2.25,0.07
R073,2024-02,2024,2,625,0,1047.0,0.94,0.117
R073,2024-03,2024,3,671,0,1317.0,2.07,0.095
R073,2024-04,2024,4,671,0,1269.0,1.9,0.081
R073,2024-05,2024,5,663,0,1070.0,1.55,0.053
R073,2024-06,2024,6,652,0,1213.0,2.32,0.08
R073,2024-07,2024,7,769,0,1026.0,1.57,0.112
R073,2024-08,2024,8,803,0,1112.0,1.2,0.084
R073,2024-09,2024,9,770,0,998.0,2.32,0.12
R073,2024-10,2024,10,1246,1,1151.0,1.13,0.128
R073,2024-11,2024,11,1141,1,1218.0,1.82,0.076
R073,2024-12,2024,12,777,0,1235.0,1.49,0.158
R073,2025-01,2025,1,958,0,1004.0,1.02,0.07
R073,2025-02,2025,2,926,0,996.0,2.14,0.062
R073,2025-03,2025,3,907,0,1139.0,2.19,0.079
R073,2025-04,2025,4,960,0,1292.0,1.42,0.069
R073,2025-05,2025,5,1007,0,1184.0,1.08,0.118
R073,2025-06,2025,6,859,0,1164.0,0.93,0.156
R073,2025-07,2025,7,956,0,1075.0,1.86,0.14
R073,2025-08,2025,8,1278,0,1220.0,0.92,0.08
R073,2025-09,2025,9,1084,1,1292.0,1.89,0.158
R073,2025-10,2025,10,1504,1,1035.0,1.96,0.101
R073,2025-11,2025,11,1508,1,1217.0,1.34,0.08
R073,2025-12,2025,12,1120,0,1091.0,1.05,0.075
R074,2023-01,2023,1,1807,0,1150.0,1.46,0.134
R074,2023-02,2023,2,1524,0,1249.0,2.33,0.134
R074,2023-03,2023,3,1483,0,1134.0,2.4,0.095
R074,2023-04,2023,4,1567,0,1455.0,1.12,0.066
R074,2023-05,2023,5,1604,0,1306.0,1.03,0.078
R074,2023-06,2023,6,1577,0,1293.0,1.99,0.062
R074,2023-07,2023,7,1423,0,1281.0,1.66,0.085
R074,2023-08,2023,8,1818,0,1094.0,1.49,0.16
R074,2023-09,2023,9,2029,1,1143.0,1.24,0.128
R074,2023-10,2023,10,2502,1,1119.0,1.63,0.072
R074,2023-11,2023,11,2336,1,1183.0,1.31,0.096
R074,2023-12,2023,12,1723,0,1113.0,1.39,0.148
R074,2024-01,2024,1,2019,0,1206.0,1.06,0.056
R074,2024-02,2024,2,1518,0,884.0,2.18,0.101
R074,2024-03,2024,3,1589,0,1324.0,1.84,0.143
R074,2024-04,2024,4,1704,0,1108.0,0.92,0.096
R074,2024-05,2024,5,1714,0,1100.0,2.23,0.14
R074,2024-06,2024,6,1702,0,1197.0,1.29,0.134
R074,2024-07,2024,7,2183,1,1265.0,1.86,0.108
R074,2024-08,2024,8,2261,0,1159.0,1.5,0.159
R074,2024-09,2024,9,1894,0,1153.0,1.94,0.086
R074,2024-10,2024,10,3077,1,1257.0,1.16,0.149
R074,2024-11,2024,11,2988,1,1238.0,2.27,0.092
R074,2024-12,2024,12,1946,0,1024.0,2.12,0.121
R074,2025-01,2025,1,2558,1,1183.0,1.25,0.13
R074,2025-02,2025,2,1864,0,1253.0,1.95,0.148
R074,2025-03,2025,3,2131,0,1118.0,2.23,0.057
R074,2025-04,2025,4,2287,0,1309.0,2.38,0.08
R074,2025-05,2025,5,1932,0,1130.0,2.32,0.136
R074,2025-06,2025,6,1967,0,1093.0,1.38,0.141
R074,2025-07,2025,7,2174,0,925.0,2.32,0.158
R074,2025-08,2025,8,2189,0,1313.0,0.87,0.123
R074,2025-09,2025,9,2448,0,1038.0,2.07,0.078
R074,2025-10,2025,10,3583,1,1289.0,1.97,0.137
R074,2025-11,2025,11,3541,1,1197.0,0.98,0.068
R074,2025-12,2025,12,2177,0,1300.0,1.78,0.109
R075,2023-01,2023,1,1232,0,1276.0,2.1,0.103
R075,2023-02,2023,2,1006,0,1053.0,0.92,0.113
R075,2023-03,2023,3,1240,0,1118.0,1.27,0.095
R075,2023-04,2023,4,1364,0,925.0,2.38,0.148
R075,2023-05,2023,5,1166,0,1257.0,1.57,0.103
R075,2023-06,2023,6,1208,0,986.0,2.35,0.059
R075,2023-07,2023,7,1311,0,1143.0,0.82,0.089
R075,2023-08,2023,8,1359,0,1099.0,1.89,0.107
R075,2023-09,2023,9,1564,1,1189.0,1.95,0.067
R075,2023-10,2023,10,2048,1,943.0,0.93,0.054
R075,2023-11,2023,11,1983,1,939.0,2.1,0.053
R075,2023-12,2023,12,1368,0,1165.0,1.61,0.128
R075,2024-01,2024,1,1572,0,1082.0,1.4,0.07
R075,2024-02,2024,2,1293,0,1145.0,1.18,0.062
R075,2024-03,2024,3,1802,1,1105.0,1.25,0.144
R075,2024-04,2024,4,1686,0,1039.0,1.86,0.141
R075,2024-05,2024,5,1447,0,1201.0,2.05,0.101
R075,2024-06,2024,6,1487,0,1114.0,1.92,0.11
R075,2024-07,2024,7,1847,1,1117.0,1.05,0.065
R075,2024-08,2024,8,1961,0,1175.0,2.09,0.096
R075,2024-09,2024,9,1968,0,1108.0,1.87,0.089
R075,2024-10,2024,10,3033,1,1192.0,2.34,0.136
R075,2024-11,2024,11,2757,1,1213.0,2.06,0.073
R075,2024-12,2024,12,1718,0,1300.0,2.37,0.106
R075,2025-01,2025,1,2032,1,1392.0,1.84,0.108
R075,2025-02,2025,2,1839,0,1171.0,1.39,0.151
R075,2025-03,2025,3,1869,0,1108.0,1.41,0.117
R075,2025-04,2025,4,1956,0,1253.0,2.07,0.08
R075,2025-05,2025,5,1898,0,1211.0,2.07,0.066
R075,2025-06,2025,6,1766,0,1100.0,1.11,0.153
R075,2025-07,2025,7,2064,1,917.0,1.85,0.097
R075,2025-08,2025,8,2275,0,1098.0,1.67,0.104
R075,2025-09,2025,9,2268,0,1105.0,1.05,0.08
R075,2025-10,2025,10,3442,1,1163.0,1.85,0.067
R075,2025-11,2025,11,2874,1,1153.0,1.11,0.14
R075,2025-12,2025,12,2223,0,1175.0,1.59,0.154
R076,2023-01,2023,1,543,0,1117.0,1.96,0.148
R076,2023-02,2023,2,522,1,1220.0,0.96,0.121
R076,2023-03,2023,3,541,0,1050.0,1.35,0.116
R076,2023-04,2023,4,571,0,1176.0,2.16,0.134
R076,2023-05,2023,5,631,1,1147.0,2.39,0.125
R076,2023-06,2023,6,679,1,1244.0,2.29,0.066
R076,2023-07,2023,7,589,0,1193.0,1.5,0.054
R076,2023-08,2023,8,677,0,1194.0,1.06,0.112
R076,2023-09,2023,9,744,1,1174.0,1.19,0.112
R076,2023-10,2023,10,970,1,934.0,1.72,0.098
R076,2023-11,2023,11,898,1,970.0,1.5,0.13
R076,2023-12,2023,12,741,0,1046.0,1.85,0.152
R076,2024-01,2024,1,774,0,1121.0,2.27,0.146
R076,2024-02,2024,2,642,0,1096.0,1.29,0.051
R076,2024-03,2024,3,727,0,1051.0,2.02,0.08
R076,2024-04,2024,4,886,1,1411.0,2.19,0.106
R076,2024-05,2024,5,797,0,1103.0,1.29,0.083
R076,2024-06,2024,6,716,0,1065.0,1.21,0.068
R076,2024-07,2024,7,807,0,1150.0,0.89,0.137
R076,2024-08,2024,8,861,0,1025.0,0.84,0.138
R076,2024-09,2024,9,884,1,958.0,2.2,0.093
R076,2024-10,2024,10,1253,1,1219.0,2.31,0.101
R076,2024-11,2024,11,1104,1,1206.0,1.87,0.084
R076,2024-12,2024,12,916,0,1162.0,1.79,0.109
R076,2025-01,2025,1,963,0,1086.0,0.94,0.067
R076,2025-02,2025,2,798,0,1168.0,0.92,0.137
R076,2025-03,2025,3,983,0,1163.0,1.01,0.108
R076,2025-04,2025,4,1019,0,1135.0,1.5,0.1
R076,2025-05,2025,5,1062,0,1115.0,1.51,0.133
R076,2025-06,2025,6,915,0,1011.0,0.8,0.068
R076,2025-07,2025,7,1067,0,1383.0,1.96,0.156
R076,2025-08,2025,8,1300,1,1308.0,2.23,0.087
R076,2025-09,2025,9,980,0,1221.0,2.06,0.144
R076,2025-10,2025,10,1523,1,974.0,1.16,0.153
R076,2025-11,2025,11,1538,1,1226.0,1.16,0.146
R076,2025-12,2025,12,1120,0,1198.0,1.81,0.068
R077,2023-01,2023,1,644,1,1035.0,1.89,0.147
R077,2023-02,2023,2,522,0,1123.0,1.43,0.109
R077,2023-03,2023,3,572,0,1393.0,0.94,0.066
R077,2023-04,2023,4,564,0,1262.0,2.32,0.073
R077,2023-05,2023,5,640,1,1058.0,1.58,0.101
R077,2023-06,2023,6,533,0,1065.0,1.31,0.125
R077,2023-07,2023,7,650,1,1013.0,2.01,0.112
R077,2023-08,2023,8,795,1,1131.0,2.33,0.071
R077,2023-09,2023,9,629,0,1066.0,1.28,0.068
R077,2023-10,2023,10,1059,1,1119.0,0.83,0.103
R077,2023-11,2023,11,838,1,1182.0,0.86,0.138
R077,2023-12,2023,12,672,0,1338.0,1.73,0.132
R077,2024-01,2024,1,729,0,1145.0,1.36,0.156
R077,2024-02,2024,2,663,1,1089.0,1.53,0.066
R077,2024-03,2024,3,692,0,1086.0,0.95,0.092
R077,2024-04,2024,4,754,0,1074.0,1.91,0.103
R077,2024-05,2024,5,710,0,1278.0,1.45,0.158
R077,2024-06,2024,6,663,0,1110.0,2.21,0.083
R077,2024-07,2024,7,848,1,1347.0,2.39,0.052
R077,2024-08,2024,8,899,0,1196.0,0.91,0.141
R077,2024-09,2024,9,659,0,1042.0,1.48,0.148
R077,2024-10,2024,10,1309,1,1209.0,1.62,0.06
R077,2024-11,2024,11,1267,1,1401.0,2.19,0.084
R077,2024-12,2024,12,933,0,1214.0,1.25,0.145
R077,2025-01,2025,1,1105,1,1145.0,2.2,0.098
R077,2025-02,2025,2,909,0,1116.0,0.9,0.081
R077,2025-03,2025,3,975,0,1229.0,2.34,0.088
R077,2025-04,2025,4,858,0,1231.0,1.26,0.086
R077,2025-05,2025,5,1000,0,1103.0,2.3,0.154
R077,2025-06,2025,6,879,0,1289.0,1.85,0.115
R077,2025-07,2025,7,1077,0,1044.0,1.65,0.126
R077,2025-08,2025,8,1262,0,1360.0,1.18,0.146
R077,2025-09,2025,9,982,0,1158.0,2.39,0.11
R077,2025-10,2025,10,1422,1,1138.0,2.07,0.097
R077,2025-11,2025,11,1642,1,1432.0,0.99,0.131
R077,2025-12,2025,12,1251,0,1147.0,1.37,0.091
R078,2023-01,2023,1,974,0,916.0,0.85,0.085
R078,2023-02,2023,2,1094,1,1269.0,1.68,0.157
R078,2023-03,2023,3,1198,1,1182.0,1.62,0.083
R078,2023-04,2023,4,1002,0,1175.0,1.19,0.15
R078,2023-05,2023,5,1249,1,1043.0,1.04,0.145
R078,2023-06,2023,6,1188,1,1166.0,2.07,0.154
R078,2023-07,2023,7,1196,0,1289.0,2.12,0.098
R078,2023-08,2023,8,1315,0,868.0,1.22,0.082
R078,2023-09,2023,9,1086,0,1267.0,2.07,0.147
R078,2023-10,2023,10,1762,1,983.0,0.91,0.107
R078,2023-11,2023,11,1565,1,1333.0,1.77,0.122
R078,2023-12,2023,12,1251,0,1209.0,1.02,0.139
R078,2024-01,2024,1,1208,0,1269.0,1.12,0.101
R078,2024-02,2024,2,1284,0,1039.0,1.88,0.085
R078,2024-03,2024,3,1413,0,1141.0,1.69,0.081
R078,2024-04,2024,4,1305,0,1317.0,1.55,0.122
R078,2024-05,2024,5,1172,0,1239.0,0.85,0.152
R078,2024-06,2024,6,1397,1,1020.0,1.08,0.125
R078,2024-07,2024,7,1379,0,1197.0,1.11,0.051
R078,2024-08,2024,8,1588,0,1093.0,1.24,0.079
R078,2024-09,2024,9,1526,0,1195.0,2.21,0.085
R078,2024-10,2024,10,2108,1,1234.0,1.93,0.071
R078,2024-11,2024,11,2086,1,1286.0,1.95,0.092
R078,2024-12,2024,12,1595,1,947.0,2.37,0.08
R078,2025-01,2025,1,1673,0,1155.0,0.9,0.091
R078,2025-02,2025,2,1330,0,1128.0,0.84,0.151
R078,2025-03,2025,3,1577,0,1150.0,1.71,0.075
R078,2025-04,2025,4,1844,1,1079.0,1.85,0.066
R078,2025-05,2025,5,1695,0,1161.0,1.66,0.118
R078,2025-06,2025,6,1624,0,1156.0,1.8,0.154
R078,2025-07,2025,7,1654,0,1118.0,2.04,0.149
R078,2025-08,2025,8,1900,0,1206.0,1.55,0.132
R078,2025-09,2025,9,1874,0,1224.0,2.28,0.131
R078,2025-10,2025,10,3011,1,1061.0,2.29,0.067
R078,2025-11,2025,11,2728,1,1305.0,1.76,0.11
R078,2025-12,2025,12,1864,0,1179.0,1.73,0.05
R079,2023-01,2023,1,997,1,1366.0,2.02,0.077
R079,2023-02,2023,2,793,0,977.0,1.32,0.13
R079,2023-03,2023,3,792,0,1136.0,1.19,0.098
R079,2023-04,2023,4,770,0,1239.0,1.67,0.12
R079,2023-05,2023,5,949,1,1184.0,2.29,0.114
R079,2023-06,2023,6,809,0,1243.0,1.09,0.081
R079,2023-07,2023,7,920,0,1147.0,1.03,0.056
R079,2023-08,2023,8,1022,0,1059.0,2.08,0.088
R079,2023-09,2023,9,962,0,1132.0,1.32,0.154
R079,2023-10,2023,10,1322,1,994.0,1.98,0.123
R079,2023-11,2023,11,1316,1,1038.0,2.33,0.119
R079,2023-12,2023,12,1197,1,1214.0,2.05,0.156
R079,2024-01,2024,1,1186,0,1193.0,1.55,0.132
R079,2024-02,2024,2,1024,0,1347.0,1.44,0.068
R079,2024-03,2024,3,996,0,1149.0,1.67,0.112
R079,2024-04,2024,4,1014,0,1106.0,1.62,0.151
R079,2024-05,2024,5,1233,1,1056.0,1.53,0.062
R079,2024-06,2024,6,973,0,974.0,1.84,0.136
R079,2024-07,2024,7,1015,0,1073.0,1.74,0.117
R079,2024-08,2024,8,1195,0,1198.0,1.4,0.101
R079,2024-09,2024,9,1182,0,1095.0,1.45,0.146
R079,2024-10,2024,10,1844,1,1039.0,2.01,0.077
R079,2024-11,2024,11,1795,1,1112.0,1.1,0.134
R079,2024-12,2024,12,1272,1,1065.0,1.36,0.136
R079,2025-01,2025,1,1449,1,1432.0,1.02,0.094
R079,2025-02,2025,2,1283,1,1152.0,2.22,0.121
R079,2025-03,2025,3,1237,0,1330.0,1.79,0.091
R079,2025-04,2025,4,1342,0,1261.0,1.08,0.137
R079,2025-05,2025,5,1367,0,1414.0,0.82,0.095
R079,2025-06,2025,6,1265,0,1070.0,1.34,0.16
R079,2025-07,2025,7,1659,1,1294.0,1.04,0.103
R079,2025-08,2025,8,1480,0,1221.0,1.35,0.154
R079,2025-09,2025,9,1362,0,1079.0,1.18,0.062
R079,2025-10,2025,10,2253,1,1090.0,1.0,0.095
R079,2025-11,2025,11,2050,1,1234.0,1.77,0.123
R079,2025-12,2025,12,1504,0,902.0,1.13,0.071
R080,2023-01,2023,1,285,0,1120.0,1.46,0.155
R080,2023-02,2023,2,218,0,1198.0,1.09,0.16
R080,2023-03,2023,3,243,0,1192.0,2.34,0.105
R080,2023-04,2023,4,298,1,1063.0,1.62,0.098
R080,2023-05,2023,5,287,1,1300.0,0.94,0.072
R080,2023-06,2023,6,238,0,1287.0,1.23,0.089
R080,2023-07,2023,7,277,1,1255.0,1.14,0.087
R080,2023-08,2023,8,286,0,1279.0,1.74,0.093
R080,2023-09,2023,9,250,0,1024.0,2.16,0.12
R080,2023-10,2023,10,422,1,1117.0,1.48,0.117
R080,2023-11,2023,11,416,1,1127.0,0.81,0.158
R080,2023-12,2023,12,302,0,1195.0,1.36,0.129
R080,2024-01,2024,1,342,0,1115.0,1.12,0.14
R080,2024-02,2024,2,309,0,1058.0,2.15,0.155
R080,2024-03,2024,3,302,0,1034.0,1.79,0.104
R080,2024-04,2024,4,341,0,1128.0,1.92,0.127
R080,2024-05,2024,5,291,0,1049.0,1.14,0.159
R080,2024-06,2024,6,284,0,1203.0,2.05,0.153
R080,2024-07,2024,7,342,1,1126.0,1.55,0.07
R080,2024-08,2024,8,421,1,1136.0,1.53,0.151
R080,2024-09,2024,9,347,0,958.0,1.54,0.154
R080,2024-10,2024,10,521,1,1132.0,1.38,0.077
R080,2024-11,2024,11,504,1,1207.0,2.29,0.065
R080,2024-12,2024,12,344,0,1233.0,1.24,0.15
R080,2025-01,2025,1,430,0,1163.0,2.08,0.114
R080,2025-02,2025,2,379,1,1160.0,1.14,0.079
R080,2025-03,2025,3,408,0,1098.0,1.43,0.142
R080,2025-04,2025,4,362,0,1133.0,1.28,0.125
R080,2025-05,2025,5,360,0,1124.0,0.87,0.114
R080,2025-06,2025,6,325,0,1218.0,1.07,0.073
R080,2025-07,2025,7,407,0,1243.0,1.56,0.142
R080,2025-08,2025,8,534,0,986.0,1.51,0.123
R080,2025-09,2025,9,452,0,1195.0,1.67,0.076
R080,2025-10,2025,10,650,1,1090.0,1.9,0.107
R080,2025-11,2025,11,654,1,1313.0,0.83,0.104
R080,2025-12,2025,12,503,1,1175.0,2.06,0.132
R081,2023-01,2023,1,306,1,896.0,1.65,0.12
R081,2023-02,2023,2,233,0,1316.0,1.27,0.12
R081,2023-03,2023,3,283,0,1166.0,2.11,0.109
R081,2023-04,2023,4,297,0,1260.0,1.11,0.135
R081,2023-05,2023,5,305,0,1357.0,1.77,0.06
R081,2023-06,2023,6,270,0,1097.0,1.57,0.086
R081,2023-07,2023,7,345,1,1099.0,1.57,0.127
R081,2023-08,2023,8,345,0,1090.0,1.44,0.074
R081,2023-09,2023,9,334,0,1108.0,1.04,0.097
R081,2023-10,2023,10,513,1,1183.0,1.1,0.051
R081,2023-11,2023,11,475,1,1146.0,2.28,0.131
R081,2023-12,2023,12,352,0,1154.0,1.47,0.093
R081,2024-01,2024,1,407,0,1266.0,2.28,0.105
R081,2024-02,2024,2,323,0,1148.0,2.27,0.095
R081,2024-03,2024,3,439,1,1025.0,1.16,0.063
R081,2024-04,2024,4,359,0,1144.0,1.65,0.051
R081,2024-05,2024,5,410,0,1210.0,1.35,0.076
R081,2024-06,2024,6,355,0,1241.0,0.94,0.159
R081,2024-07,2024,7,366,0,1361.0,2.04,0.106
R081,2024-08,2024,8,427,0,1137.0,1.49,0.151
R081,2024-09,2024,9,423,0,1040.0,2.09,0.079
R081,2024-10,2024,10,653,1,1293.0,1.76,0.146
R081,2024-11,2024,11,569,1,1160.0,2.27,0.121
R081,2024-12,2024,12,513,1,1431.0,1.9,0.05
R081,2025-01,2025,1,501,0,1253.0,1.03,0.12
R081,2025-02,2025,2,453,0,1028.0,1.02,0.159
R081,2025-03,2025,3,479,0,1203.0,2.26,0.061
R081,2025-04,2025,4,553,0,1108.0,1.53,0.057
R081,2025-05,2025,5,486,0,1193.0,1.84,0.148
R081,2025-06,2025,6,460,0,1186.0,2.16,0.115
R081,2025-07,2025,7,536,0,1281.0,1.24,0.075
R081,2025-08,2025,8,582,0,1155.0,1.67,0.146
R081,2025-09,2025,9,587,1,1172.0,1.7,0.149
R081,2025-10,2025,10,873,1,1112.0,1.8,0.152
R081,2025-11,2025,11,787,1,1229.0,0.99,0.059
R081,2025-12,2025,12,613,0,1137.0,1.99,0.145
R082,2023-01,2023,1,746,0,1031.0,1.62,0.079
R082,2023-02,2023,2,572,0,920.0,1.42,0.139
R082,2023-03,2023,3,725,0,1178.0,2.38,0.116
R082,2023-04,2023,4,728,0,1302.0,1.06,0.147
R082,2023-05,2023,5,723,0,1027.0,1.81,0.094
R082,2023-06,2023,6,713,1,1094.0,1.66,0.096
R082,2023-07,2023,7,729,0,1266.0,1.41,0.122
R082,2023-08,2023,8,920,0,1338.0,2.13,0.154
R082,2023-09,2023,9,850,0,1229.0,0.89,0.065
R082,2023-10,2023,10,1181,1,1167.0,1.31,0.074
R082,2023-11,2023,11,1206,1,1194.0,1.22,0.109
R082,2023-12,2023,12,991,1,1306.0,1.37,0.069
R082,2024-01,2024,1,884,0,1135.0,1.31,0.105
R082,2024-02,2024,2,879,1,1075.0,1.25,0.143
R082,2024-03,2024,3,821,0,1182.0,1.03,0.087
R082,2024-04,2024,4,881,0,1263.0,1.96,0.094
R082,2024-05,2024,5,973,0,1080.0,2.04,0.052
R082,2024-06,2024,6,843,0,1101.0,2.07,0.133
R082,2024-07,2024,7,977,0,1225.0,0.85,0.099
R082,2024-08,2024,8,1066,0,1141.0,1.28,0.142
R082,2024-09,2024,9,1263,1,1186.0,1.69,0.141
R082,2024-10,2024,10,1484,1,1116.0,1.43,0.095
R082,2024-11,2024,11,1601,1,1268.0,0.96,0.084
R082,2024-12,2024,12,1205,1,1019.0,1.37,0.151
R082,2025-01,2025,1,1310,1,1111.0,2.03,0.075
R082,2025-02,2025,2,1089,0,1158.0,1.06,0.076
R082,2025-03,2025,3,1136,0,922.0,2.24,0.137
R082,2025-04,2025,4,1141,0,1096.0,1.95,0.087
R082,2025-05,2025,5,1191,0,1184.0,1.91,0.121
R082,2025-06,2025,6,1327,1,953.0,0.87,0.101
R082,2025-07,2025,7,1171,0,1218.0,1.7,0.082
R082,2025-08,2025,8,1302,0,1087.0,1.13,0.083
R082,2025-09,2025,9,1328,0,1213.0,1.98,0.134
R082,2025-10,2025,10,1850,1,1153.0,1.95,0.098
R082,2025-11,2025,11,1763,1,1189.0,2.38,0.092
R082,2025-12,2025,12,1310,0,1268.0,1.95,0.079
R083,2023-01,2023,1,1023,0,1342.0,2.04,0.099
R083,2023-02,2023,2,1043,1,942.0,1.58,0.15
R083,2023-03,2023,3,949,0,1050.0,1.23,0.139
R083,2023-04,2023,4,991,0,1151.0,1.13,0.132
R083,2023-05,2023,5,983,0,931.0,1.46,0.08
R083,2023-06,2023,6,873,0,1266.0,0.87,0.052
R083,2023-07,2023,7,1037,0,1083.0,2.22,0.14
R083,2023-08,2023,8,1133,0,1191.0,1.45,0.081
R083,2023-09,2023,9,1183,1,914.0,1.36,0.079
R083,2023-10,2023,10,1736,1,1025.0,2.09,0.09
R083,2023-11,2023,11,1596,1,1175.0,1.97,0.122
R083,2023-12,2023,12,1314,1,1076.0,1.45,0.112
R083,2024-01,2024,1,1225,0,936.0,0.83,0.063
R083,2024-02,2024,2,986,0,1073.0,0.87,0.066
R083,2024-03,2024,3,1195,0,1306.0,0.85,0.124
R083,2024-04,2024,4,1238,0,1098.0,0.83,0.124
R083,2024-05,2024,5,1214,0,1202.0,1.02,0.084
R083,2024-06,2024,6,1100,0,1044.0,2.32,0.138
R083,2024-07,2024,7,1402,1,1254.0,2.27,0.142
R083,2024-08,2024,8,1345,0,946.0,1.51,0.097
R083,2024-09,2024,9,1608,1,1509.0,1.96,0.061
R083,2024-10,2024,10,2013,1,1150.0,0.83,0.079
R083,2024-11,2024,11,1715,1,1067.0,2.27,0.126
R083,2024-12,2024,12,1418,0,1289.0,2.3,0.107
R083,2025-01,2025,1,1343,0,1252.0,1.67,0.144
R083,2025-02,2025,2,1223,0,1177.0,1.15,0.16
R083,2025-03,2025,3,1492,1,1272.0,2.12,0.104
R083,2025-04,2025,4,1295,0,1191.0,1.02,0.12
R083,2025-05,2025,5,1457,0,1070.0,2.0,0.141
R083,2025-06,2025,6,1330,0,1015.0,1.28,0.136
R083,2025-07,2025,7,1585,0,1116.0,2.17,0.099
R083,2025-08,2025,8,1621,0,1309.0,1.81,0.153
R083,2025-09,2025,9,1228,0,1021.0,1.82,0.1
R083,2025-10,2025,10,2594,1,1020.0,2.2,0.112
R083,2025-11,2025,11,2169,1,1113.0,0.82,0.086
R083,2025-12,2025,12,1754,1,1087.0,2.26,0.09
R084,2023-01,2023,1,2169,1,1146.0,1.86,0.085
R084,2023-02,2023,2,1836,0,1287.0,1.61,0.075
R084,2023-03,2023,3,1991,0,1119.0,2.35,0.084
R084,2023-04,2023,4,2337,1,1231.0,1.01,0.094
R084,2023-05,2023,5,1993,0,1265.0,0.85,0.15
R084,2023-06,2023,6,1982,0,1211.0,0.91,0.139
R084,2023-07,2023,7,1877,0,1372.0,1.93,0.109
R084,2023-08,2023,8,2346,0,1226.0,2.1,0.128
R084,2023-09,2023,9,2279,0,1250.0,1.91,0.142
R084,2023-10,2023,10,3224,1,1073.0,2.01,0.131
R084,2023-11,2023,11,3466,1,1146.0,1.76,0.08
R084,2023-12,2023,12,2336,0,1090.0,1.78,0.125
R084,2024-01,2024,1,2593,0,1216.0,0.94,0.087
R084,2024-02,2024,2,2116,0,1166.0,2.39,0.083
R084,2024-03,2024,3,2626,1,1072.0,0.81,0.084
R084,2024-04,2024,4,2334,0,1192.0,0.91,0.085
R084,2024-05,2024,5,2672,0,1111.0,1.22,0.123
R084,2024-06,2024,6,2831,1,1035.0,1.94,0.153
R084,2024-07,2024,7,2622,0,1259.0,2.22,0.086
R084,2024-08,2024,8,3056,0,1245.0,2.1,0.14
R084,2024-09,2024,9,2733,0,1112.0,1.33,0.075
R084,2024-10,2024,10,4000,1,976.0,1.98,0.054
R084,2024-11,2024,11,4147,1,1251.0,2.09,0.159
R084,2024-12,2024,12,3466,1,835.0,1.27,0.093
R084,2025-01,2025,1,3169,0,1210.0,1.1,0.136
R084,2025-02,2025,2,2783,0,1093.0,1.78,0.058
R084,2025-03,2025,3,2929,0,1085.0,0.96,0.123
R084,2025-04,2025,4,3130,0,1269.0,2.19,0.111
R084,2025-05,2025,5,3194,0,1325.0,1.83,0.053
R084,2025-06,2025,6,3294,1,1248.0,1.83,0.124
R084,2025-07,2025,7,3338,0,1039.0,1.17,0.129
R084,2025-08,2025,8,4050,1,1102.0,1.32,0.102
R084,2025-09,2025,9,3431,0,905.0,1.88,0.096
R084,2025-10,2025,10,5513,1,1302.0,1.23,0.097
R084,2025-11,2025,11,5050,1,1372.0,2.08,0.1
R084,2025-12,2025,12,3856,0,1153.0,2.23,0.067
R085,2023-01,2023,1,1892,0,1062.0,2.12,0.061
R085,2023-02,2023,2,1469,0,1090.0,1.59,0.149
R085,2023-03,2023,3,1770,0,1146.0,2.28,0.074
R085,2023-04,2023,4,1836,0,1168.0,2.02,0.099
R085,2023-05,2023,5,1693,0,1311.0,1.45,0.062
R085,2023-06,2023,6,1788,0,1111.0,2.27,0.061
R085,2023-07,2023,7,1820,0,962.0,1.22,0.108
R085,2023-08,2023,8,2075,0,1087.0,1.48,0.073
R085,2023-09,2023,9,2060,0,1242.0,1.56,0.076
R085,2023-10,2023,10,2749,1,1107.0,1.03,0.052
R085,2023-11,2023,11,2522,1,1216.0,1.08,0.083
R085,2023-12,2023,12,1900,0,1255.0,2.37,0.104
R085,2024-01,2024,1,2211,0,940.0,1.25,0.07
R085,2024-02,2024,2,1615,0,1050.0,1.14,0.066
R085,2024-03,2024,3,2000,0,1167.0,2.1,0.143
R085,2024-04,2024,4,1967,0,1282.0,2.25,0.113
R085,2024-05,2024,5,1906,0,1062.0,1.78,0.08
R085,2024-06,2024,6,1936,0,1236.0,1.11,0.115
R085,2024-07,2024,7,1989,0,1075.0,2.2,0.139
R085,2024-08,2024,8,2070,0,1122.0,0.91,0.056
R085,2024-09,2024,9,2167,0,994.0,1.47,0.083
R085,2024-10,2024,10,3341,1,1358.0,2.33,0.083
R085,2024-11,2024,11,3272,1,913.0,2.06,0.111
R085,2024-12,2024,12,2294,0,1119.0,1.94,0.152
R085,2025-01,2025,1,2391,0,1215.0,1.02,0.062
R085,2025-02,2025,2,2084,0,1258.0,1.95,0.059
R085,2025-03,2025,3,2422,1,1405.0,1.58,0.093
R085,2025-04,2025,4,2190,0,1212.0,1.73,0.125
R085,2025-05,2025,5,2765,1,839.0,2.06,0.149
R085,2025-06,2025,6,2239,0,1065.0,2.38,0.127
R085,2025-07,2025,7,2571,0,1003.0,1.44,0.056
R085,2025-08,2025,8,2991,1,1040.0,0.93,0.158
R085,2025-09,2025,9,2401,0,1272.0,1.38,0.052
R085,2025-10,2025,10,3506,1,1259.0,2.25,0.071
R085,2025-11,2025,11,3201,1,1035.0,2.0,0.146
R085,2025-12,2025,12,2541,0,1258.0,2.04,0.063
R086,2023-01,2023,1,709,0,1298.0,0.99,0.113
R086,2023-02,2023,2,570,0,1183.0,1.14,0.137
R086,2023-03,2023,3,700,0,1177.0,0.86,0.136
R086,2023-04,2023,4,728,1,1221.0,1.35,0.067
R086,2023-05,2023,5,618,0,1144.0,2.35,0.11
R086,2023-06,2023,6,692,1,1347.0,1.03,0.062
R086,2023-07,2023,7,693,0,1222.0,2.19,0.096
R086,2023-08,2023,8,887,1,1442.0,2.11,0.058
R086,2023-09,2023,9,721,0,1206.0,1.67,0.116
R086,2023-10,2023,10,1108,1,999.0,1.56,0.122
R086,2023-11,2023,11,948,1,1125.0,2.31,0.111
R086,2023-12,2023,12,692,0,1078.0,0.83,0.06
R086,2024-01,2024,1,806,0,974.0,1.1,0.118
R086,2024-02,2024,2,787,0,988.0,2.17,0.123
R086,2024-03,2024,3,773,0,985.0,0.95,0.051
R086,2024-04,2024,4,788,0,1250.0,1.94,0.159
R086,2024-05,2024,5,857,0,1177.0,1.74,0.112
R086,2024-06,2024,6,775,0,1047.0,1.26,0.113
R086,2024-07,2024,7,774,0,1130.0,1.48,0.117
R086,2024-08,2024,8,1056,1,1307.0,1.72,0.087
R086,2024-09,2024,9,881,0,1290.0,1.55,0.091
R086,2024-10,2024,10,1330,1,1162.0,2.22,0.104
R086,2024-11,2024,11,1115,1,1145.0,1.05,0.098
R086,2024-12,2024,12,1090,1,978.0,1.73,0.13
R086,2025-01,2025,1,998,0,1194.0,1.76,0.083
R086,2025-02,2025,2,896,0,1027.0,0.89,0.07
R086,2025-03,2025,3,828,0,1188.0,0.85,0.056
R086,2025-04,2025,4,902,0,1283.0,0.9,0.123
R086,2025-05,2025,5,973,0,1401.0,0.99,0.12
R086,2025-06,2025,6,952,1,1106.0,1.88,0.124
R086,2025-07,2025,7,1004,0,1119.0,2.37,0.064
R086,2025-08,2025,8,1227,1,1198.0,1.22,0.095
R086,2025-09,2025,9,961,0,1200.0,1.2,0.145
R086,2025-10,2025,10,1459,1,1214.0,1.93,0.079
R086,2025-11,2025,11,1431,1,1033.0,1.91,0.09
R086,2025-12,2025,12,1076,0,1130.0,1.01,0.159
R087,2023-01,2023,1,397,0,1199.0,1.6,0.136
R087,2023-02,2023,2,417,1,1197.0,1.59,0.103
R087,2023-03,2023,3,416,0,1160.0,1.95,0.084
R087,2023-04,2023,4,475,0,1157.0,1.03,0.075
R087,2023-05,2023,5,470,0,1155.0,1.59,0.125
R087,2023-06,2023,6,421,0,1057.0,1.7,0.108
R087,2023-07,2023,7,490,0,1158.0,1.57,0.117
R087,2023-08,2023,8,587,0,1250.0,1.65,0.119
R087,2023-09,2023,9,480,0,1200.0,2.11,0.156
R087,2023-10,2023,10,829,1,1202.0,1.6,0.15
R087,2023-11,2023,11,650,1,972.0,1.33,0.053
R087,2023-12,2023,12,541,0,1071.0,1.73,0.089
R087,2024-01,2024,1,696,1,1029.0,2.02,0.147
R087,2024-02,2024,2,523,1,1195.0,1.18,0.119
R087,2024-03,2024,3,519,0,1290.0,2.04,0.063
R087,2024-04,2024,4,485,0,1082.0,0.97,0.078
R087,2024-05,2024,5,592,0,1065.0,0.81,0.107
R087,2024-06,2024,6,527,0,1190.0,1.71,0.086
R087,2024-07,2024,7,562,0,1101.0,1.5,0.053
R087,2024-08,2024,8,844,1,1254.0,1.16,0.051
R087,2024-09,2024,9,642,0,1081.0,1.73,0.101
R087,2024-10,2024,10,871,1,1084.0,2.17,0.102
R087,2024-11,2024,11,912,1,887.0,2.16,0.055
R087,2024-12,2024,12,650,0,1173.0,1.68,0.147
R087,2025-01,2025,1,735,0,1374.0,2.27,0.084
R087,2025-02,2025,2,708,1,1338.0,1.89,0.14
R087,2025-03,2025,3,700,0,1141.0,1.05,0.068
R087,2025-04,2025,4,654,0,1037.0,1.51,0.09
R087,2025-05,2025,5,833,1,1007.0,0.8,0.16
R087,2025-06,2025,6,641,0,1067.0,1.45,0.067
R087,2025-07,2025,7,676,0,1179.0,1.98,0.107
R087,2025-08,2025,8,824,0,1235.0,1.5,0.056
R087,2025-09,2025,9,852,0,1282.0,0.86,0.072
R087,2025-10,2025,10,1133,1,1055.0,0.87,0.114
R087,2025-11,2025,11,1241,1,1006.0,1.17,0.145
R087,2025-12,2025,12,813,0,918.0,1.8,0.155
R088,2023-01,2023,1,833,0,1183.0,1.42,0.12
R088,2023-02,2023,2,778,1,996.0,1.47,0.054
R088,2023-03,2023,3,716,0,1212.0,1.29,0.083
R088,2023-04,2023,4,740,0,1032.0,1.46,0.096
R088,2023-05,2023,5,744,0,1264.0,1.85,0.134
R088,2023-06,2023,6,731,0,1248.0,2.12,0.119
R088,2023-07,2023,7,757,0,1202.0,1.21,0.102
R088,2023-08,2023,8,811,0,1249.0,2.19,0.151
R088,2023-09,2023,9,769,0,1158.0,2.08,0.092
R088,2023-10,2023,10,1203,1,1188.0,1.75,0.145
R088,2023-11,2023,11,914,1,1067.0,1.15,0.053
R088,2023-12,2023,12,844,0,1064.0,1.01,0.079
R088,2024-01,2024,1,841,0,1237.0,2.1,0.13
R088,2024-02,2024,2,794,0,1125.0,1.41,0.128
R088,2024-03,2024,3,886,1,1270.0,1.53,0.061
R088,2024-04,2024,4,973,0,1340.0,1.89,0.092
R088,2024-05,2024,5,957,0,1357.0,1.17,0.127
R088,2024-06,2024,6,925,0,1030.0,2.06,0.159
R088,2024-07,2024,7,1008,0,1076.0,1.89,0.065
R088,2024-08,2024,8,987,0,1186.0,1.28,0.156
R088,2024-09,2024,9,1040,1,1157.0,1.16,0.151
R088,2024-10,2024,10,1711,1,1193.0,2.29,0.125
R088,2024-11,2024,11,1466,1,1032.0,1.33,0.096
R088,2024-12,2024,12,1025,0,1196.0,0.81,0.158
R088,2025-01,2025,1,1174,0,1222.0,0.84,0.139
R088,2025-02,2025,2,889,0,1129.0,1.8,0.079
R088,2025-03,2025,3,1178,0,999.0,2.3,0.136
R088,2025-04,2025,4,1194,1,1281.0,0.86,0.131
R088,2025-05,2025,5,1273,1,1114.0,1.75,0.112
R088,2025-06,2025,6,1037,0,1277.0,1.73,0.073
R088,2025-07,2025,7,1316,1,1196.0,2.09,0.056
R088,2025-08,2025,8,1344,1,1260.0,0.97,0.16
R088,2025-09,2025,9,1354,0,1089.0,2.38,0.144
R088,2025-10,2025,10,1595,1,1154.0,1.99,0.057
R088,2025-11,2025,11,1732,1,1107.0,1.12,0.083
R088,2025-12,2025,12,1343,1,1062.0,1.31,0.054
R089,2023-01,2023,1,415,0,1300.0,2.17,0.077
R089,2023-02,2023,2,345,0,1285.0,2.37,0.112
R089,2023-03,2023,3,417,0,1367.0,2.28,0.071
R089,2023-04,2023,4,422,0,1323.0,1.34,0.08
R089,2023-05,2023,5,428,0,1167.0,1.94,0.129
R089,2023-06,2023,6,426,1,980.0,0.88,0.153
R089,2023-07,2023,7,429,0,1254.0,2.36,0.068
R089,2023-08,2023,8,497,0,818.0,2.18,0.126
R089,2023-09,2023,9,328,0,1150.0,1.87,0.085
R089,2023-10,2023,10,669,1,1315.0,1.25,0.15
R089,2023-11,2023,11,573,1,1284.0,1.04,0.062
R089,2023-12,2023,12,490,0,1066.0,1.53,0.084
R089,2024-01,2024,1,447,0,1158.0,0.87,0.084
R089,2024-02,2024,2,382,0,1304.0,1.07,0.115
R089,2024-03,2024,3,476,0,1017.0,2.22,0.073
R089,2024-04,2024,4,564,1,1156.0,1.48,0.099
R089,2024-05,2024,5,511,0,1176.0,1.6,0.081
R089,2024-06,2024,6,536,1,1012.0,1.8,0.126
R089,2024-07,2024,7,561,1,1247.0,1.78,0.14
R089,2024-08,2024,8,464,0,890.0,0.81,0.077
R089,2024-09,2024,9,451,0,1373.0,2.26,0.083
R089,2024-10,2024,10,736,1,919.0,1.42,0.113
R089,2024-11,2024,11,709,1,1321.0,1.98,0.074
R089,2024-12,2024,12,522,0,1132.0,1.75,0.155
R089,2025-01,2025,1,570,0,1403.0,2.08,0.073
R089,2025-02,2025,2,487,0,1228.0,1.4,0.133
R089,2025-03,2025,3,609,0,1068.0,2.24,0.121
R089,2025-04,2025,4,578,0,1186.0,1.68,0.112
R089,2025-05,2025,5,567,0,872.0,2.23,0.086
R089,2025-06,2025,6,570,1,1119.0,0.91,0.119
R089,2025-07,2025,7,603,1,1063.0,1.27,0.069
R089,2025-08,2025,8,669,0,952.0,1.22,0.088
R089,2025-09,2025,9,622,0,1174.0,1.57,0.122
R089,2025-10,2025,10,829,1,1315.0,1.09,0.07
R089,2025-11,2025,11,841,1,1272.0,1.76,0.125
R089,2025-12,2025,12,605,0,1441.0,1.88,0.103
R090,2023-01,2023,1,469,0,949.0,1.92,0.081
R090,2023-02,2023,2,365,0,1050.0,2.28,0.057
R090,2023-03,2023,3,414,0,1255.0,2.37,0.091
R090,2023-04,2023,4,493,0,1076.0,1.81,0.139
R090,2023-05,2023,5,501,0,1296.0,1.6,0.08
R090,2023-06,2023,6,424,0,1391.0,2.33,0.143
R090,2023-07,2023,7,443,0,1390.0,1.82,0.093
R090,2023-08,2023,8,588,0,1150.0,1.95,0.149
R090,2023-09,2023,9,575,1,1353.0,2.2,0.144
R090,2023-10,2023,10,745,1,1329.0,2.27,0.093
R090,2023-11,2023,11,702,1,1390.0,0.96,0.155
R090,2023-12,2023,12,609,1,1113.0,0.99,0.053
R090,2024-01,2024,1,558,0,1207.0,1.29,0.082
R090,2024-02,2024,2,531,0,1046.0,2.13,0.128
R090,2024-03,2024,3,590,0,1065.0,0.9,0.085
R090,2024-04,2024,4,551,0,958.0,1.67,0.118
R090,2024-05,2024,5,667,0,1046.0,0.88,0.076
R090,2024-06,2024,6,545,0,1083.0,0.86,0.055
R090,2024-07,2024,7,664,1,1238.0,2.13,0.054
R090,2024-08,2024,8,757,0,1223.0,1.81,0.16
R090,2024-09,2024,9,755,1,1297.0,1.95,0.098
R090,2024-10,2024,10,1052,1,1050.0,2.39,0.063
R090,2024-11,2024,11,1032,1,1044.0,1.88,0.087
R090,2024-12,2024,12,747,0,982.0,1.58,0.129
R090,2025-01,2025,1,830,1,1247.0,0.85,0.126
R090,2025-02,2025,2,750,0,1188.0,1.16,0.123
R090,2025-03,2025,3,705,0,979.0,2.24,0.15
R090,2025-04,2025,4,932,1,1067.0,1.93,0.128
R090,2025-05,2025,5,924,1,1126.0,1.9,0.121
R090,2025-06,2025,6,773,0,1197.0,1.72,0.109
R090,2025-07,2025,7,884,0,1098.0,2.18,0.108
R090,2025-08,2025,8,950,0,1103.0,1.99,0.077
R090,2025-09,2025,9,884,0,1223.0,1.74,0.058
R090,2025-10,2025,10,1474,1,1136.0,1.61,0.075
R090,2025-11,2025,11,1384,1,1141.0,1.78,0.144
R090,2025-12,2025,12,1198,1,973.0,1.33,0.067
