ts=2026-09-21T11:57:15.143Z level=INFO logger=app.seed msg="Created demo accounts" count=11
ts=2026-09-21T11:57:15.143Z level=INFO logger=app msg="SeatWise API ready" version=1.0.0 port=8113 env=development
ts=2026-09-21T11:57:15.168Z level=INFO logger=app.http msg="request" method=GET path=/api/health status=200 ms=24
ts=2026-09-21T11:57:15.170Z level=INFO logger=httpx msg="HTTP Request: GET http://testserver/api/health "HTTP/1.1 200 OK""
ts=2026-09-21T11:57:15.373Z level=INFO logger=app.http msg="request" method=POST path=/api/auth/login status=200 ms=201
ts=2026-09-21T11:57:15.374Z level=INFO logger=httpx msg="HTTP Request: POST http://testserver/api/auth/login "HTTP/1.1 200 OK""
ts=2026-09-21T11:57:15.378Z level=INFO logger=app.http msg="request" method=GET path=/api/auth/me status=200 ms=3
ts=2026-09-21T11:57:15.379Z level=INFO logger=httpx msg="HTTP Request: GET http://testserver/api/auth/me "HTTP/1.1 200 OK""
ts=2026-09-21T11:57:15.575Z level=INFO logger=app.http msg="request" method=POST path=/api/auth/login status=401 ms=195
ts=2026-09-21T11:57:15.576Z level=INFO logger=httpx msg="HTTP Request: POST http://testserver/api/auth/login "HTTP/1.1 401 Unauthorized""
ts=2026-09-21T11:57:15.579Z level=INFO logger=app.http msg="request" method=GET path=/api/auth/me status=401 ms=1
ts=2026-09-21T11:57:15.579Z level=INFO logger=httpx msg="HTTP Request: GET http://testserver/api/auth/me "HTTP/1.1 401 Unauthorized""
ts=2026-09-21T11:57:15.776Z level=INFO logger=app.audit msg="New Invigilator requested an invigilator account" action=user.registered plan_id=None actor=system
ts=2026-09-21T11:57:15.778Z level=INFO logger=app.http msg="request" method=POST path=/api/auth/register status=201 ms=197
ts=2026-09-21T11:57:15.779Z level=INFO logger=httpx msg="HTTP Request: POST http://testserver/api/auth/register "HTTP/1.1 201 Created""
ts=2026-09-21T11:57:15.972Z level=INFO logger=app.http msg="request" method=POST path=/api/auth/login status=403 ms=192
ts=2026-09-21T11:57:15.972Z level=INFO logger=httpx msg="HTTP Request: POST http://testserver/api/auth/login "HTTP/1.1 403 Forbidden""
ts=2026-09-21T11:57:15.975Z level=INFO logger=app.http msg="request" method=POST path=/api/auth/register status=409 ms=1
ts=2026-09-21T11:57:15.976Z level=INFO logger=httpx msg="HTTP Request: POST http://testserver/api/auth/register "HTTP/1.1 409 Conflict""
ts=2026-09-21T11:57:15.981Z level=INFO logger=app.audit msg="Alex Morgan updated New Invigilator: status=active" action=user.updated plan_id=None actor=admin@seatwise.local
ts=2026-09-21T11:57:15.982Z level=INFO logger=app.http msg="request" method=PATCH path=/api/users/12 status=200 ms=6
ts=2026-09-21T11:57:15.983Z level=INFO logger=httpx msg="HTTP Request: PATCH http://testserver/api/users/12 "HTTP/1.1 200 OK""
ts=2026-09-21T11:57:16.182Z level=INFO logger=app.http msg="request" method=POST path=/api/auth/login status=200 ms=198
ts=2026-09-21T11:57:16.183Z level=INFO logger=httpx msg="HTTP Request: POST http://testserver/api/auth/login "HTTP/1.1 200 OK""
ts=2026-09-21T11:57:16.393Z level=INFO logger=app.http msg="request" method=POST path=/api/auth/login status=200 ms=209
ts=2026-09-21T11:57:16.394Z level=INFO logger=httpx msg="HTTP Request: POST http://testserver/api/auth/login "HTTP/1.1 200 OK""
ts=2026-09-21T11:57:16.398Z level=INFO logger=app.http msg="request" method=GET path=/api/users status=403 ms=2
ts=2026-09-21T11:57:16.399Z level=INFO logger=httpx msg="HTTP Request: GET http://testserver/api/users "HTTP/1.1 403 Forbidden""
ts=2026-09-21T11:57:16.403Z level=INFO logger=app.http msg="request" method=GET path=/api/auth/me status=200 ms=2
ts=2026-09-21T11:57:16.403Z level=INFO logger=httpx msg="HTTP Request: GET http://testserver/api/auth/me "HTTP/1.1 200 OK""
ts=2026-09-21T11:57:16.407Z level=INFO logger=app.http msg="request" method=PATCH path=/api/users/1 status=409 ms=3
ts=2026-09-21T11:57:16.408Z level=INFO logger=httpx msg="HTTP Request: PATCH http://testserver/api/users/1 "HTTP/1.1 409 Conflict""
ts=2026-09-21T11:57:16.415Z level=INFO logger=app.http msg="request" method=GET path=/api/settings/rules status=200 ms=5
ts=2026-09-21T11:57:16.416Z level=INFO logger=httpx msg="HTTP Request: GET http://testserver/api/settings/rules "HTTP/1.1 200 OK""
ts=2026-09-21T11:57:16.420Z level=INFO logger=app.audit msg="Alex Morgan changed default rules: roll_gap 5 -> 3" action=settings.rules plan_id=None actor=admin@seatwise.local
ts=2026-09-21T11:57:16.422Z level=INFO logger=app.http msg="request" method=PUT path=/api/settings/rules status=200 ms=6
ts=2026-09-21T11:57:16.423Z level=INFO logger=httpx msg="HTTP Request: PUT http://testserver/api/settings/rules "HTTP/1.1 200 OK""
ts=2026-09-21T11:57:16.426Z level=INFO logger=app.http msg="request" method=PUT path=/api/settings/rules status=422 ms=3
ts=2026-09-21T11:57:16.427Z level=INFO logger=httpx msg="HTTP Request: PUT http://testserver/api/settings/rules "HTTP/1.1 422 Unprocessable Entity""
ts=2026-09-21T11:57:16.429Z level=INFO logger=app.audit msg="Alex Morgan changed default rules: roll_gap 3 -> 5" action=settings.rules plan_id=None actor=admin@seatwise.local
ts=2026-09-21T11:57:16.431Z level=INFO logger=app.http msg="request" method=PUT path=/api/settings/rules status=200 ms=3
ts=2026-09-21T11:57:16.432Z level=INFO logger=httpx msg="HTTP Request: PUT http://testserver/api/settings/rules "HTTP/1.1 200 OK""
ts=2026-09-21T12:07:17.948Z level=INFO logger=uvicorn.error msg="Started server process [12672]" color_message="Started server process [[36m%d[0m]"
ts=2026-09-21T12:07:17.949Z level=INFO logger=uvicorn.error msg="Waiting for application startup."
ts=2026-09-21T12:07:17.956Z level=INFO logger=app msg="SeatWise API ready" version=1.0.0 port=8113 env=development
ts=2026-09-21T12:07:17.956Z level=INFO logger=uvicorn.error msg="Application startup complete."
ts=2026-09-21T12:07:17.957Z level=INFO logger=uvicorn.error msg="Uvicorn running on http://127.0.0.1:8113 (Press CTRL+C to quit)" color_message="Uvicorn running on [1m%s://%s:%d[0m (Press CTRL+C to quit)"
ts=2026-09-21T12:07:28.845Z level=INFO logger=app.http msg="request" method=GET path=/api/health status=200 ms=6
ts=2026-09-21T12:07:28.878Z level=INFO logger=app.http msg="request" method=GET path=/api/health status=200 ms=1
ts=2026-09-21T12:07:29.155Z level=INFO logger=app.http msg="request" method=POST path=/api/auth/login status=200 ms=255
ts=2026-09-21T12:07:29.411Z level=INFO logger=app.http msg="request" method=GET path=/api/auth/demo status=200 ms=208
ts=2026-09-21T12:28:49.773Z level=INFO logger=app.engine msg="Plan solved" candidates=124 halls=3 attempts=1 seed=42
ts=2026-09-21T12:28:51.881Z level=INFO logger=app.engine msg="Plan solved" candidates=124 halls=3 attempts=1 seed=7
ts=2026-09-21T12:28:54.135Z level=INFO logger=app.engine msg="Plan solved" candidates=124 halls=3 attempts=1 seed=7
ts=2026-09-21T12:28:56.237Z level=INFO logger=app.engine msg="Plan solved" candidates=124 halls=3 attempts=1 seed=1
ts=2026-09-21T12:28:58.462Z level=INFO logger=app.engine msg="Plan solved" candidates=124 halls=3 attempts=1 seed=2
ts=2026-09-21T12:28:59.778Z level=INFO logger=app.engine msg="Plan solved" candidates=124 halls=3 attempts=1 seed=3
ts=2026-09-21T12:29:00.087Z level=INFO logger=app.engine msg="Plan solved" candidates=80 halls=2 attempts=1 seed=5
ts=2026-09-21T12:29:02.328Z level=INFO logger=app.engine msg="Plan solved" candidates=124 halls=3 attempts=1 seed=9
ts=2026-09-21T12:29:04.454Z level=INFO logger=app.engine msg="Plan solved" candidates=124 halls=3 attempts=1 seed=11
ts=2026-09-21T12:29:21.976Z level=INFO logger=app.seed msg="Created demo accounts" count=11
ts=2026-09-21T12:29:21.976Z level=INFO logger=app msg="SeatWise API ready" version=1.0.0 port=8113 env=development
ts=2026-09-21T12:29:21.981Z level=INFO logger=app.http msg="request" method=GET path=/api/health status=200 ms=4
ts=2026-09-21T12:29:21.982Z level=INFO logger=httpx msg="HTTP Request: GET http://testserver/api/health "HTTP/1.1 200 OK""
ts=2026-09-21T12:29:22.187Z level=INFO logger=app.http msg="request" method=POST path=/api/auth/login status=200 ms=204
ts=2026-09-21T12:29:22.188Z level=INFO logger=httpx msg="HTTP Request: POST http://testserver/api/auth/login "HTTP/1.1 200 OK""
ts=2026-09-21T12:29:22.192Z level=INFO logger=app.http msg="request" method=GET path=/api/auth/me status=200 ms=3
ts=2026-09-21T12:29:22.193Z level=INFO logger=httpx msg="HTTP Request: GET http://testserver/api/auth/me "HTTP/1.1 200 OK""
ts=2026-09-21T12:29:22.387Z level=INFO logger=app.http msg="request" method=POST path=/api/auth/login status=401 ms=192
ts=2026-09-21T12:29:22.388Z level=INFO logger=httpx msg="HTTP Request: POST http://testserver/api/auth/login "HTTP/1.1 401 Unauthorized""
ts=2026-09-21T12:29:22.390Z level=INFO logger=app.http msg="request" method=GET path=/api/auth/me status=401 ms=1
ts=2026-09-21T12:29:22.391Z level=INFO logger=httpx msg="HTTP Request: GET http://testserver/api/auth/me "HTTP/1.1 401 Unauthorized""
ts=2026-09-21T12:29:22.618Z level=INFO logger=app.audit msg="New Invigilator requested an invigilator account" action=user.registered plan_id=None actor=system
ts=2026-09-21T12:29:22.620Z level=INFO logger=app.http msg="request" method=POST path=/api/auth/register status=201 ms=228
ts=2026-09-21T12:29:22.621Z level=INFO logger=httpx msg="HTTP Request: POST http://testserver/api/auth/register "HTTP/1.1 201 Created""
ts=2026-09-21T12:29:22.812Z level=INFO logger=app.http msg="request" method=POST path=/api/auth/login status=403 ms=190
ts=2026-09-21T12:29:22.813Z level=INFO logger=httpx msg="HTTP Request: POST http://testserver/api/auth/login "HTTP/1.1 403 Forbidden""
ts=2026-09-21T12:29:22.815Z level=INFO logger=app.http msg="request" method=POST path=/api/auth/register status=409 ms=2
ts=2026-09-21T12:29:22.816Z level=INFO logger=httpx msg="HTTP Request: POST http://testserver/api/auth/register "HTTP/1.1 409 Conflict""
ts=2026-09-21T12:29:22.822Z level=INFO logger=app.audit msg="Alex Morgan updated New Invigilator: status=active" action=user.updated plan_id=None actor=admin@seatwise.local
ts=2026-09-21T12:29:22.824Z level=INFO logger=app.http msg="request" method=PATCH path=/api/users/12 status=200 ms=7
ts=2026-09-21T12:29:22.824Z level=INFO logger=httpx msg="HTTP Request: PATCH http://testserver/api/users/12 "HTTP/1.1 200 OK""
ts=2026-09-21T12:29:23.021Z level=INFO logger=app.http msg="request" method=POST path=/api/auth/login status=200 ms=196
ts=2026-09-21T12:29:23.022Z level=INFO logger=httpx msg="HTTP Request: POST http://testserver/api/auth/login "HTTP/1.1 200 OK""
ts=2026-09-21T12:29:23.216Z level=INFO logger=app.http msg="request" method=POST path=/api/auth/login status=200 ms=191
ts=2026-09-21T12:29:23.216Z level=INFO logger=httpx msg="HTTP Request: POST http://testserver/api/auth/login "HTTP/1.1 200 OK""
ts=2026-09-21T12:29:23.219Z level=INFO logger=app.http msg="request" method=GET path=/api/users status=403 ms=2
ts=2026-09-21T12:29:23.219Z level=INFO logger=httpx msg="HTTP Request: GET http://testserver/api/users "HTTP/1.1 403 Forbidden""
ts=2026-09-21T12:29:23.223Z level=INFO logger=app.http msg="request" method=GET path=/api/auth/me status=200 ms=1
ts=2026-09-21T12:29:23.223Z level=INFO logger=httpx msg="HTTP Request: GET http://testserver/api/auth/me "HTTP/1.1 200 OK""
ts=2026-09-21T12:29:23.226Z level=INFO logger=app.http msg="request" method=PATCH path=/api/users/1 status=409 ms=3
ts=2026-09-21T12:29:23.227Z level=INFO logger=httpx msg="HTTP Request: PATCH http://testserver/api/users/1 "HTTP/1.1 409 Conflict""
ts=2026-09-21T12:29:23.241Z level=INFO logger=app.http msg="request" method=GET path=/api/settings/rules status=200 ms=12
ts=2026-09-21T12:29:23.242Z level=INFO logger=httpx msg="HTTP Request: GET http://testserver/api/settings/rules "HTTP/1.1 200 OK""
ts=2026-09-21T12:29:23.245Z level=INFO logger=app.audit msg="Alex Morgan changed default rules: roll_gap 5 -> 3" action=settings.rules plan_id=None actor=admin@seatwise.local
ts=2026-09-21T12:29:23.246Z level=INFO logger=app.http msg="request" method=PUT path=/api/settings/rules status=200 ms=3
ts=2026-09-21T12:29:23.246Z level=INFO logger=httpx msg="HTTP Request: PUT http://testserver/api/settings/rules "HTTP/1.1 200 OK""
ts=2026-09-21T12:29:23.250Z level=INFO logger=app.http msg="request" method=PUT path=/api/settings/rules status=422 ms=3
ts=2026-09-21T12:29:23.250Z level=INFO logger=httpx msg="HTTP Request: PUT http://testserver/api/settings/rules "HTTP/1.1 422 Unprocessable Entity""
ts=2026-09-21T12:29:23.252Z level=INFO logger=app.audit msg="Alex Morgan changed default rules: roll_gap 3 -> 5" action=settings.rules plan_id=None actor=admin@seatwise.local
ts=2026-09-21T12:29:23.254Z level=INFO logger=app.http msg="request" method=PUT path=/api/settings/rules status=200 ms=4
ts=2026-09-21T12:29:23.255Z level=INFO logger=httpx msg="HTTP Request: PUT http://testserver/api/settings/rules "HTTP/1.1 200 OK""
ts=2026-09-21T12:29:25.317Z level=INFO logger=app.engine msg="Plan solved" candidates=124 halls=3 attempts=1 seed=42
ts=2026-09-21T12:29:27.234Z level=INFO logger=app.engine msg="Plan solved" candidates=124 halls=3 attempts=1 seed=7
ts=2026-09-21T12:29:29.093Z level=INFO logger=app.engine msg="Plan solved" candidates=124 halls=3 attempts=1 seed=7
ts=2026-09-21T12:29:31.123Z level=INFO logger=app.engine msg="Plan solved" candidates=124 halls=3 attempts=1 seed=1
ts=2026-09-21T12:29:33.091Z level=INFO logger=app.engine msg="Plan solved" candidates=124 halls=3 attempts=1 seed=2
ts=2026-09-21T12:29:34.179Z level=INFO logger=app.engine msg="Plan solved" candidates=124 halls=3 attempts=1 seed=3
ts=2026-09-21T12:29:34.441Z level=INFO logger=app.engine msg="Plan solved" candidates=80 halls=2 attempts=1 seed=5
ts=2026-09-21T12:29:36.509Z level=INFO logger=app.engine msg="Plan solved" candidates=124 halls=3 attempts=1 seed=9
ts=2026-09-21T12:29:38.325Z level=INFO logger=app.engine msg="Plan solved" candidates=124 halls=3 attempts=1 seed=11
ts=2026-09-21T12:42:31.347Z level=INFO logger=app.seed msg="Created demo accounts" count=11
ts=2026-09-21T12:42:31.347Z level=INFO logger=app msg="SeatWise API ready" version=1.0.0 port=8113 env=development
ts=2026-09-21T12:42:31.352Z level=INFO logger=app.http msg="request" method=GET path=/api/health status=200 ms=3
ts=2026-09-21T12:42:31.352Z level=INFO logger=httpx msg="HTTP Request: GET http://testserver/api/health "HTTP/1.1 200 OK""
ts=2026-09-21T12:42:31.556Z level=INFO logger=app.http msg="request" method=POST path=/api/auth/login status=200 ms=202
ts=2026-09-21T12:42:31.557Z level=INFO logger=httpx msg="HTTP Request: POST http://testserver/api/auth/login "HTTP/1.1 200 OK""
ts=2026-09-21T12:42:31.560Z level=INFO logger=app.http msg="request" method=GET path=/api/auth/me status=200 ms=2
ts=2026-09-21T12:42:31.561Z level=INFO logger=httpx msg="HTTP Request: GET http://testserver/api/auth/me "HTTP/1.1 200 OK""
ts=2026-09-21T12:42:31.760Z level=INFO logger=app.http msg="request" method=POST path=/api/auth/login status=401 ms=197
ts=2026-09-21T12:42:31.760Z level=INFO logger=httpx msg="HTTP Request: POST http://testserver/api/auth/login "HTTP/1.1 401 Unauthorized""
ts=2026-09-21T12:42:31.763Z level=INFO logger=app.http msg="request" method=GET path=/api/auth/me status=401 ms=1
ts=2026-09-21T12:42:31.764Z level=INFO logger=httpx msg="HTTP Request: GET http://testserver/api/auth/me "HTTP/1.1 401 Unauthorized""
ts=2026-09-21T12:42:31.959Z level=INFO logger=app.audit msg="New Invigilator requested an invigilator account" action=user.registered plan_id=None actor=system
ts=2026-09-21T12:42:31.961Z level=INFO logger=app.http msg="request" method=POST path=/api/auth/register status=201 ms=196
ts=2026-09-21T12:42:31.962Z level=INFO logger=httpx msg="HTTP Request: POST http://testserver/api/auth/register "HTTP/1.1 201 Created""
ts=2026-09-21T12:42:32.155Z level=INFO logger=app.http msg="request" method=POST path=/api/auth/login status=403 ms=193
ts=2026-09-21T12:42:32.156Z level=INFO logger=httpx msg="HTTP Request: POST http://testserver/api/auth/login "HTTP/1.1 403 Forbidden""
ts=2026-09-21T12:42:32.158Z level=INFO logger=app.http msg="request" method=POST path=/api/auth/register status=409 ms=1
ts=2026-09-21T12:42:32.159Z level=INFO logger=httpx msg="HTTP Request: POST http://testserver/api/auth/register "HTTP/1.1 409 Conflict""
ts=2026-09-21T12:42:32.166Z level=INFO logger=app.audit msg="Alex Morgan updated New Invigilator: status=active" action=user.updated plan_id=None actor=admin@seatwise.local
ts=2026-09-21T12:42:32.168Z level=INFO logger=app.http msg="request" method=PATCH path=/api/users/12 status=200 ms=8
ts=2026-09-21T12:42:32.168Z level=INFO logger=httpx msg="HTTP Request: PATCH http://testserver/api/users/12 "HTTP/1.1 200 OK""
ts=2026-09-21T12:42:32.364Z level=INFO logger=app.http msg="request" method=POST path=/api/auth/login status=200 ms=195
ts=2026-09-21T12:42:32.365Z level=INFO logger=httpx msg="HTTP Request: POST http://testserver/api/auth/login "HTTP/1.1 200 OK""
ts=2026-09-21T12:42:32.560Z level=INFO logger=app.http msg="request" method=POST path=/api/auth/login status=200 ms=194
ts=2026-09-21T12:42:32.561Z level=INFO logger=httpx msg="HTTP Request: POST http://testserver/api/auth/login "HTTP/1.1 200 OK""
ts=2026-09-21T12:42:32.563Z level=INFO logger=app.http msg="request" method=GET path=/api/users status=403 ms=2
ts=2026-09-21T12:42:32.564Z level=INFO logger=httpx msg="HTTP Request: GET http://testserver/api/users "HTTP/1.1 403 Forbidden""
ts=2026-09-21T12:42:32.567Z level=INFO logger=app.http msg="request" method=GET path=/api/auth/me status=200 ms=2
ts=2026-09-21T12:42:32.568Z level=INFO logger=httpx msg="HTTP Request: GET http://testserver/api/auth/me "HTTP/1.1 200 OK""
ts=2026-09-21T12:42:32.571Z level=INFO logger=app.http msg="request" method=PATCH path=/api/users/1 status=409 ms=3
ts=2026-09-21T12:42:32.572Z level=INFO logger=httpx msg="HTTP Request: PATCH http://testserver/api/users/1 "HTTP/1.1 409 Conflict""
ts=2026-09-21T12:42:32.578Z level=INFO logger=app.http msg="request" method=GET path=/api/settings/rules status=200 ms=5
ts=2026-09-21T12:42:32.579Z level=INFO logger=httpx msg="HTTP Request: GET http://testserver/api/settings/rules "HTTP/1.1 200 OK""
ts=2026-09-21T12:42:32.582Z level=INFO logger=app.audit msg="Alex Morgan changed default rules: roll_gap 5 -> 3" action=settings.rules plan_id=None actor=admin@seatwise.local
ts=2026-09-21T12:42:32.584Z level=INFO logger=app.http msg="request" method=PUT path=/api/settings/rules status=200 ms=4
ts=2026-09-21T12:42:32.585Z level=INFO logger=httpx msg="HTTP Request: PUT http://testserver/api/settings/rules "HTTP/1.1 200 OK""
ts=2026-09-21T12:42:32.587Z level=INFO logger=app.http msg="request" method=PUT path=/api/settings/rules status=422 ms=2
ts=2026-09-21T12:42:32.588Z level=INFO logger=httpx msg="HTTP Request: PUT http://testserver/api/settings/rules "HTTP/1.1 422 Unprocessable Entity""
ts=2026-09-21T12:42:32.591Z level=INFO logger=app.audit msg="Alex Morgan changed default rules: roll_gap 3 -> 5" action=settings.rules plan_id=None actor=admin@seatwise.local
ts=2026-09-21T12:42:32.592Z level=INFO logger=app.http msg="request" method=PUT path=/api/settings/rules status=200 ms=3
ts=2026-09-21T12:42:32.593Z level=INFO logger=httpx msg="HTTP Request: PUT http://testserver/api/settings/rules "HTTP/1.1 200 OK""
ts=2026-09-21T12:42:34.457Z level=INFO logger=app.engine msg="Plan solved" candidates=124 halls=3 attempts=1 seed=42
ts=2026-09-21T12:42:36.097Z level=INFO logger=app.engine msg="Plan solved" candidates=124 halls=3 attempts=1 seed=7
ts=2026-09-21T12:42:37.783Z level=INFO logger=app.engine msg="Plan solved" candidates=124 halls=3 attempts=1 seed=7
ts=2026-09-21T12:42:39.453Z level=INFO logger=app.engine msg="Plan solved" candidates=124 halls=3 attempts=1 seed=1
ts=2026-09-21T12:42:41.129Z level=INFO logger=app.engine msg="Plan solved" candidates=124 halls=3 attempts=1 seed=2
ts=2026-09-21T12:42:42.118Z level=INFO logger=app.engine msg="Plan solved" candidates=124 halls=3 attempts=1 seed=3
ts=2026-09-21T12:42:42.362Z level=INFO logger=app.engine msg="Plan solved" candidates=80 halls=2 attempts=1 seed=5
ts=2026-09-21T12:42:44.190Z level=INFO logger=app.engine msg="Plan solved" candidates=124 halls=3 attempts=1 seed=9
ts=2026-09-21T12:42:45.794Z level=INFO logger=app.engine msg="Plan solved" candidates=124 halls=3 attempts=1 seed=11
ts=2026-09-21T12:42:45.802Z level=INFO logger=app.audit msg="Alex Morgan cleared all exam data" action=workspace.reset plan_id=None actor=admin@seatwise.local
ts=2026-09-21T12:42:45.803Z level=INFO logger=app.http msg="request" method=POST path=/api/settings/reset-workspace status=200 ms=7
ts=2026-09-21T12:42:45.803Z level=INFO logger=httpx msg="HTTP Request: POST http://testserver/api/settings/reset-workspace "HTTP/1.1 200 OK""
ts=2026-09-21T12:42:45.825Z level=INFO logger=app.http msg="request" method=GET path=/api/imports/templates/courses status=200 ms=20
ts=2026-09-21T12:42:45.826Z level=INFO logger=httpx msg="HTTP Request: GET http://testserver/api/imports/templates/courses "HTTP/1.1 200 OK""
ts=2026-09-21T12:42:45.840Z level=INFO logger=app.http msg="request" method=GET path=/api/imports/samples/courses status=200 ms=14
ts=2026-09-21T12:42:45.841Z level=INFO logger=httpx msg="HTTP Request: GET http://testserver/api/imports/samples/courses "HTTP/1.1 200 OK""
ts=2026-09-21T12:42:45.851Z level=INFO logger=app.http msg="request" method=GET path=/api/imports/templates/candidates status=200 ms=9
ts=2026-09-21T12:42:45.852Z level=INFO logger=httpx msg="HTTP Request: GET http://testserver/api/imports/templates/candidates "HTTP/1.1 200 OK""
ts=2026-09-21T12:42:45.854Z level=INFO logger=app.http msg="request" method=GET path=/api/imports/samples/candidates status=200 ms=2
ts=2026-09-21T12:42:45.856Z level=INFO logger=httpx msg="HTTP Request: GET http://testserver/api/imports/samples/candidates "HTTP/1.1 200 OK""
ts=2026-09-21T12:42:45.877Z level=INFO logger=app.http msg="request" method=GET path=/api/imports/templates/halls status=200 ms=20
ts=2026-09-21T12:42:45.878Z level=INFO logger=httpx msg="HTTP Request: GET http://testserver/api/imports/templates/halls "HTTP/1.1 200 OK""
ts=2026-09-21T12:42:45.880Z level=INFO logger=app.http msg="request" method=GET path=/api/imports/samples/halls status=200 ms=2
ts=2026-09-21T12:42:45.882Z level=INFO logger=httpx msg="HTTP Request: GET http://testserver/api/imports/samples/halls "HTTP/1.1 200 OK""
ts=2026-09-21T12:42:45.901Z level=INFO logger=app.http msg="request" method=GET path=/api/imports/templates/timetable status=200 ms=19
ts=2026-09-21T12:42:45.902Z level=INFO logger=httpx msg="HTTP Request: GET http://testserver/api/imports/templates/timetable "HTTP/1.1 200 OK""
ts=2026-09-21T12:42:45.906Z level=INFO logger=app.http msg="request" method=GET path=/api/imports/samples/timetable status=200 ms=2
ts=2026-09-21T12:42:45.907Z level=INFO logger=httpx msg="HTTP Request: GET http://testserver/api/imports/samples/timetable "HTTP/1.1 200 OK""
ts=2026-09-21T12:42:45.942Z level=INFO logger=app.http msg="request" method=GET path=/api/imports/templates/workbook status=200 ms=35
ts=2026-09-21T12:42:45.943Z level=INFO logger=httpx msg="HTTP Request: GET http://testserver/api/imports/templates/workbook "HTTP/1.1 200 OK""
ts=2026-09-21T12:42:45.945Z level=INFO logger=app.http msg="request" method=GET path=/api/imports/samples/workbook status=200 ms=2
ts=2026-09-21T12:42:45.947Z level=INFO logger=httpx msg="HTTP Request: GET http://testserver/api/imports/samples/workbook "HTTP/1.1 200 OK""
ts=2026-09-21T12:42:45.950Z level=INFO logger=app.http msg="request" method=GET path=/api/imports/templates/halls status=200 ms=2
ts=2026-09-21T12:42:45.950Z level=INFO logger=httpx msg="HTTP Request: GET http://testserver/api/imports/templates/halls?format=csv "HTTP/1.1 200 OK""
ts=2026-09-21T12:42:45.991Z level=INFO logger=app.http msg="request" method=POST path=/api/imports/candidates/validate status=200 ms=38
ts=2026-09-21T12:42:45.992Z level=INFO logger=httpx msg="HTTP Request: POST http://testserver/api/imports/candidates/validate "HTTP/1.1 200 OK""
ts=2026-09-21T12:42:46.134Z level=INFO logger=app.http msg="request" method=POST path=/api/imports/workbook/validate status=200 ms=140
ts=2026-09-21T12:42:46.135Z level=INFO logger=httpx msg="HTTP Request: POST http://testserver/api/imports/workbook/validate "HTTP/1.1 200 OK""
ts=2026-09-21T12:42:46.395Z level=INFO logger=app.audit msg="Alex Morgan imported seatwise_sample_workbook.xlsx (courses: 49 new, 0 updated, halls: 14 new, 0 updated, candidates: 908 new, 0 updated, timetable: 49 new, 0 updated)" action=import.committed plan_id=None actor=admin@seatwise.local
ts=2026-09-21T12:42:46.398Z level=INFO logger=app.http msg="request" method=POST path=/api/imports/2/commit status=200 ms=262
ts=2026-09-21T12:42:46.399Z level=INFO logger=httpx msg="HTTP Request: POST http://testserver/api/imports/2/commit "HTTP/1.1 200 OK""
ts=2026-09-21T12:42:46.412Z level=INFO logger=app.http msg="request" method=GET path=/api/data/summary status=200 ms=12
ts=2026-09-21T12:42:46.412Z level=INFO logger=httpx msg="HTTP Request: GET http://testserver/api/data/summary "HTTP/1.1 200 OK""
ts=2026-09-21T12:42:46.427Z level=INFO logger=app.http msg="request" method=GET path=/api/sessions status=200 ms=14
ts=2026-09-21T12:42:46.428Z level=INFO logger=httpx msg="HTTP Request: GET http://testserver/api/sessions "HTTP/1.1 200 OK""
ts=2026-09-21T12:42:46.432Z level=INFO logger=app.http msg="request" method=GET path=/api/halls status=200 ms=3
ts=2026-09-21T12:42:46.432Z level=INFO logger=httpx msg="HTTP Request: GET http://testserver/api/halls "HTTP/1.1 200 OK""
ts=2026-09-21T12:42:46.445Z level=INFO logger=app.http msg="request" method=POST path=/api/imports/halls/validate status=200 ms=11
ts=2026-09-21T12:42:46.446Z level=INFO logger=httpx msg="HTTP Request: POST http://testserver/api/imports/halls/validate "HTTP/1.1 200 OK""
ts=2026-09-21T12:42:46.455Z level=INFO logger=app.audit msg="Alex Morgan imported halls.csv (halls: 0 new, 14 updated)" action=import.committed plan_id=None actor=admin@seatwise.local
ts=2026-09-21T12:42:46.457Z level=INFO logger=app.http msg="request" method=POST path=/api/imports/3/commit status=200 ms=11
ts=2026-09-21T12:42:46.458Z level=INFO logger=httpx msg="HTTP Request: POST http://testserver/api/imports/3/commit "HTTP/1.1 200 OK""
ts=2026-09-21T12:42:46.461Z level=INFO logger=app.http msg="request" method=POST path=/api/imports/3/commit status=409 ms=2
ts=2026-09-21T12:42:46.461Z level=INFO logger=httpx msg="HTTP Request: POST http://testserver/api/imports/3/commit "HTTP/1.1 409 Conflict""
ts=2026-09-21T12:42:46.475Z level=INFO logger=app.http msg="request" method=POST path=/api/imports/candidates/validate status=200 ms=12
ts=2026-09-21T12:42:46.476Z level=INFO logger=httpx msg="HTTP Request: POST http://testserver/api/imports/candidates/validate "HTTP/1.1 200 OK""
ts=2026-09-21T12:42:46.528Z level=INFO logger=app.http msg="request" method=POST path=/api/imports/halls/validate status=200 ms=50
ts=2026-09-21T12:42:46.529Z level=INFO logger=httpx msg="HTTP Request: POST http://testserver/api/imports/halls/validate "HTTP/1.1 200 OK""
ts=2026-09-21T12:42:46.542Z level=INFO logger=app.http msg="request" method=POST path=/api/imports/timetable/validate status=200 ms=11
ts=2026-09-21T12:42:46.542Z level=INFO logger=httpx msg="HTTP Request: POST http://testserver/api/imports/timetable/validate "HTTP/1.1 200 OK""
ts=2026-09-21T12:42:46.546Z level=INFO logger=app.http msg="request" method=POST path=/api/imports/halls/validate status=400 ms=2
ts=2026-09-21T12:42:46.547Z level=INFO logger=httpx msg="HTTP Request: POST http://testserver/api/imports/halls/validate "HTTP/1.1 400 Bad Request""
ts=2026-09-21T12:42:46.557Z level=INFO logger=app.http msg="request" method=POST path=/api/imports/courses/validate status=200 ms=10
ts=2026-09-21T12:42:46.558Z level=INFO logger=httpx msg="HTTP Request: POST http://testserver/api/imports/courses/validate "HTTP/1.1 200 OK""
ts=2026-09-21T12:42:46.562Z level=INFO logger=app.http msg="request" method=POST path=/api/imports/halls/validate status=403 ms=2
ts=2026-09-21T12:42:46.562Z level=INFO logger=httpx msg="HTTP Request: POST http://testserver/api/imports/halls/validate "HTTP/1.1 403 Forbidden""
ts=2026-09-21T12:47:00.344Z level=INFO logger=uvicorn.error msg="Started server process [26488]"
ts=2026-09-21T12:47:00.344Z level=INFO logger=uvicorn.error msg="Waiting for application startup."
ts=2026-09-21T12:47:00.370Z level=INFO logger=app msg="SeatWise API ready" version=1.0.0 port=8113 env=development
ts=2026-09-21T12:47:00.370Z level=INFO logger=uvicorn.error msg="Application startup complete."
ts=2026-09-21T12:47:00.371Z level=INFO logger=uvicorn.error msg="Uvicorn running on http://127.0.0.1:8113 (Press CTRL+C to quit)"
ts=2026-09-21T12:47:19.455Z level=INFO logger=app.http msg="request" method=GET path=/api/health status=200 ms=4
ts=2026-09-21T12:47:21.633Z level=INFO logger=app.http msg="request" method=GET path=/api/auth/demo status=200 ms=349
ts=2026-09-21T12:47:21.636Z level=INFO logger=app.http msg="request" method=POST path=/api/auth/login status=200 ms=431
ts=2026-09-21T12:47:24.537Z level=INFO logger=app.http msg="request" method=GET path=/api/auth/me status=200 ms=5
ts=2026-09-21T12:47:25.621Z level=INFO logger=app.http msg="request" method=GET path=/api/imports status=200 ms=31
ts=2026-09-21T12:47:25.781Z level=INFO logger=app.http msg="request" method=GET path=/api/auth/me status=200 ms=2
ts=2026-09-21T12:47:25.961Z level=INFO logger=app.http msg="request" method=GET path=/api/imports status=200 ms=2
ts=2026-09-21T12:47:27.649Z level=INFO logger=app.http msg="request" method=POST path=/api/imports/workbook/validate status=200 ms=170
ts=2026-09-21T12:47:27.659Z level=INFO logger=app.http msg="request" method=GET path=/api/imports status=200 ms=4
ts=2026-09-21T12:47:28.826Z level=INFO logger=app.audit msg="Alex Morgan imported seatwise_sample_workbook.xlsx (courses: 49 new, 0 updated, halls: 14 new, 0 updated, candidates: 908 new, 0 updated, timetable: 49 new, 0 updated)" action=import.committed plan_id=None actor=admin@seatwise.local
ts=2026-09-21T12:47:28.830Z level=INFO logger=app.http msg="request" method=POST path=/api/imports/1/commit status=200 ms=263
ts=2026-09-21T12:47:28.840Z level=INFO logger=app.http msg="request" method=GET path=/api/imports status=200 ms=5
ts=2026-09-21T12:47:29.467Z level=INFO logger=app.http msg="request" method=GET path=/api/auth/me status=200 ms=2
ts=2026-09-21T12:47:29.591Z level=INFO logger=app.http msg="request" method=GET path=/api/departments status=200 ms=25
ts=2026-09-21T12:47:29.604Z level=INFO logger=app.http msg="request" method=GET path=/api/data/summary status=200 ms=25
ts=2026-09-21T12:47:29.606Z level=INFO logger=app.http msg="request" method=GET path=/api/candidates status=200 ms=29
ts=2026-09-21T12:47:31.570Z level=INFO logger=app.http msg="request" method=GET path=/api/auth/me status=200 ms=2
ts=2026-09-21T12:47:31.616Z level=INFO logger=app.http msg="request" method=GET path=/api/data/summary status=200 ms=5
ts=2026-09-21T12:47:31.620Z level=INFO logger=app.http msg="request" method=GET path=/api/courses status=200 ms=10
ts=2026-09-21T12:47:33.729Z level=INFO logger=app.http msg="request" method=GET path=/api/auth/me status=200 ms=2
ts=2026-09-21T12:47:33.785Z level=INFO logger=app.http msg="request" method=GET path=/api/halls status=200 ms=23
ts=2026-09-21T12:47:33.790Z level=INFO logger=app.http msg="request" method=GET path=/api/data/summary status=200 ms=28
ts=2026-09-21T12:47:35.819Z level=INFO logger=app.http msg="request" method=GET path=/api/auth/me status=200 ms=2
ts=2026-09-21T12:47:35.855Z level=INFO logger=app.http msg="request" method=GET path=/api/data/summary status=200 ms=5
ts=2026-09-21T12:47:35.869Z level=INFO logger=app.http msg="request" method=GET path=/api/sessions status=200 ms=19
ts=2026-09-21T12:47:59.155Z level=INFO logger=app.http msg="request" method=GET path=/api/health status=200 ms=1
ts=2026-09-21T12:48:00.595Z level=INFO logger=app.http msg="request" method=POST path=/api/auth/login status=200 ms=213
ts=2026-09-21T12:48:00.693Z level=INFO logger=app.http msg="request" method=GET path=/api/auth/demo status=200 ms=211
ts=2026-09-21T12:48:00.803Z level=INFO logger=app.http msg="request" method=GET path=/api/auth/me status=200 ms=2
ts=2026-09-21T12:48:00.911Z level=INFO logger=app.http msg="request" method=GET path=/api/halls status=200 ms=5
ts=2026-09-21T12:48:00.913Z level=INFO logger=app.http msg="request" method=GET path=/api/data/summary status=200 ms=6
ts=2026-09-21T12:48:03.710Z level=INFO logger=app.http msg="request" method=GET path=/api/auth/me status=200 ms=2
ts=2026-09-21T12:48:03.753Z level=INFO logger=app.http msg="request" method=GET path=/api/imports status=200 ms=4
ts=2026-09-21T12:48:06.047Z level=INFO logger=app.http msg="request" method=GET path=/api/auth/me status=200 ms=2
ts=2026-09-21T12:48:06.078Z level=INFO logger=app.http msg="request" method=GET path=/api/settings/rules status=200 ms=4
ts=2026-09-21T12:50:14.613Z level=INFO logger=app.seed msg="Created demo accounts" count=11
ts=2026-09-21T12:50:14.613Z level=INFO logger=app msg="SeatWise API ready" version=1.0.0 port=8113 env=development
ts=2026-09-21T12:50:14.813Z level=INFO logger=app.http msg="request" method=POST path=/api/auth/login status=200 ms=199
ts=2026-09-21T12:50:14.814Z level=INFO logger=httpx msg="HTTP Request: POST http://testserver/api/auth/login "HTTP/1.1 200 OK""
ts=2026-09-21T12:50:14.825Z level=INFO logger=app.audit msg="Alex Morgan cleared all exam data" action=workspace.reset plan_id=None actor=admin@seatwise.local
ts=2026-09-21T12:50:14.827Z level=INFO logger=app.http msg="request" method=POST path=/api/settings/reset-workspace status=200 ms=12
ts=2026-09-21T12:50:14.827Z level=INFO logger=httpx msg="HTTP Request: POST http://testserver/api/settings/reset-workspace "HTTP/1.1 200 OK""
ts=2026-09-21T12:50:14.939Z level=INFO logger=app.http msg="request" method=POST path=/api/imports/workbook/validate status=200 ms=110
ts=2026-09-21T12:50:14.940Z level=INFO logger=httpx msg="HTTP Request: POST http://testserver/api/imports/workbook/validate "HTTP/1.1 200 OK""
ts=2026-09-21T12:50:15.231Z level=INFO logger=app.audit msg="Alex Morgan imported seatwise_sample_workbook.xlsx (courses: 49 new, 0 updated, halls: 14 new, 0 updated, candidates: 908 new, 0 updated, timetable: 49 new, 0 updated)" action=import.committed plan_id=None actor=admin@seatwise.local
ts=2026-09-21T12:50:15.234Z level=INFO logger=app.http msg="request" method=POST path=/api/imports/1/commit status=200 ms=293
ts=2026-09-21T12:50:15.235Z level=INFO logger=httpx msg="HTTP Request: POST http://testserver/api/imports/1/commit "HTTP/1.1 200 OK""
ts=2026-09-21T12:50:15.258Z level=INFO logger=app.http msg="request" method=GET path=/api/sessions status=200 ms=22
ts=2026-09-21T12:50:15.259Z level=INFO logger=httpx msg="HTTP Request: GET http://testserver/api/sessions "HTTP/1.1 200 OK""
ts=2026-09-21T12:50:17.650Z level=INFO logger=app.engine msg="Plan solved" candidates=451 halls=6 attempts=1 seed=12345
ts=2026-09-21T12:50:17.671Z level=INFO logger=app.audit msg="Alex Morgan generated version 1 for Mon 12 Oct 2026 · Morning with seed 12345: 451 candidates in 6 halls, 0 same-paper neighbours, solved in 2.4 s" action=plan.generated plan_id=1 actor=admin@seatwise.local
ts=2026-09-21T12:50:17.685Z level=INFO logger=app.plans msg="Plan generated" plan=1 session=1 ms=2369 seed=12345
ts=2026-09-21T12:50:17.689Z level=INFO logger=app.http msg="request" method=POST path=/api/sessions/1/plans status=201 ms=2430
ts=2026-09-21T12:50:17.690Z level=INFO logger=httpx msg="HTTP Request: POST http://testserver/api/sessions/1/plans "HTTP/1.1 201 Created""
ts=2026-09-21T12:50:19.972Z level=INFO logger=app.engine msg="Plan solved" candidates=451 halls=6 attempts=1 seed=12345
ts=2026-09-21T12:50:19.988Z level=INFO logger=app.audit msg="Alex Morgan generated version 2 for Mon 12 Oct 2026 · Morning with seed 12345: 451 candidates in 6 halls, 0 same-paper neighbours, solved in 2.3 s" action=plan.generated plan_id=2 actor=admin@seatwise.local
ts=2026-09-21T12:50:20.006Z level=INFO logger=app.plans msg="Plan generated" plan=2 session=1 ms=2271 seed=12345
ts=2026-09-21T12:50:20.008Z level=INFO logger=app.http msg="request" method=POST path=/api/sessions/1/plans status=201 ms=2316
ts=2026-09-21T12:50:20.009Z level=INFO logger=httpx msg="HTTP Request: POST http://testserver/api/sessions/1/plans "HTTP/1.1 201 Created""
ts=2026-09-21T12:50:22.341Z level=INFO logger=app.engine msg="Plan solved" candidates=451 halls=6 attempts=1 seed=12345
ts=2026-09-21T12:50:22.341Z level=INFO logger=app.audit msg="Alex Morgan verified version 1 of Mon 12 Oct 2026 · Morning: reproduced exactly" action=plan.verified plan_id=1 actor=admin@seatwise.local
ts=2026-09-21T12:50:22.344Z level=INFO logger=app.http msg="request" method=POST path=/api/plans/1/verify status=200 ms=2333
ts=2026-09-21T12:50:22.344Z level=INFO logger=httpx msg="HTTP Request: POST http://testserver/api/plans/1/verify "HTTP/1.1 200 OK""
ts=2026-09-21T12:50:24.325Z level=INFO logger=app.engine msg="Plan solved" candidates=451 halls=6 attempts=1 seed=999
ts=2026-09-21T12:50:24.347Z level=INFO logger=app.audit msg="Alex Morgan generated version 3 for Mon 12 Oct 2026 · Morning with seed 999: 451 candidates in 6 halls, 0 same-paper neighbours, solved in 2.0 s" action=plan.generated plan_id=3 actor=admin@seatwise.local
ts=2026-09-21T12:50:24.362Z level=INFO logger=app.plans msg="Plan generated" plan=3 session=1 ms=1971 seed=999
ts=2026-09-21T12:50:24.364Z level=INFO logger=app.http msg="request" method=POST path=/api/sessions/1/plans status=201 ms=2019
ts=2026-09-21T12:50:24.364Z level=INFO logger=httpx msg="HTTP Request: POST http://testserver/api/sessions/1/plans "HTTP/1.1 201 Created""
ts=2026-09-21T12:50:24.369Z level=INFO logger=app.http msg="request" method=GET path=/api/sessions/1/plans status=200 ms=2
ts=2026-09-21T12:50:24.369Z level=INFO logger=httpx msg="HTTP Request: GET http://testserver/api/sessions/1/plans "HTTP/1.1 200 OK""
ts=2026-09-21T12:50:24.394Z level=INFO logger=app.audit msg="Alex Morgan published version 1 for Mon 12 Oct 2026 · Morning" action=plan.published plan_id=1 actor=admin@seatwise.local
ts=2026-09-21T12:50:24.397Z level=INFO logger=app.http msg="request" method=POST path=/api/plans/1/publish status=200 ms=27
ts=2026-09-21T12:50:24.398Z level=INFO logger=httpx msg="HTTP Request: POST http://testserver/api/plans/1/publish "HTTP/1.1 200 OK""
ts=2026-09-21T12:50:24.470Z level=INFO logger=app.audit msg="Alex Morgan published version 3 for Mon 12 Oct 2026 · Morning (replacing version 1)" action=plan.published plan_id=3 actor=admin@seatwise.local
ts=2026-09-21T12:50:24.474Z level=INFO logger=app.http msg="request" method=POST path=/api/plans/3/publish status=200 ms=75
ts=2026-09-21T12:50:24.474Z level=INFO logger=httpx msg="HTTP Request: POST http://testserver/api/plans/3/publish "HTTP/1.1 200 OK""
ts=2026-09-21T12:50:24.478Z level=INFO logger=app.http msg="request" method=GET path=/api/sessions/1/plans status=200 ms=2
ts=2026-09-21T12:50:24.478Z level=INFO logger=httpx msg="HTTP Request: GET http://testserver/api/sessions/1/plans "HTTP/1.1 200 OK""
ts=2026-09-21T12:50:24.481Z level=INFO logger=app.http msg="request" method=DELETE path=/api/plans/3 status=409 ms=2
ts=2026-09-21T12:50:24.482Z level=INFO logger=httpx msg="HTTP Request: DELETE http://testserver/api/plans/3 "HTTP/1.1 409 Conflict""
ts=2026-09-21T12:50:24.485Z level=INFO logger=app.audit msg="Alex Morgan deleted version 1 of Mon 12 Oct 2026 · Morning" action=plan.deleted plan_id=None actor=admin@seatwise.local
ts=2026-09-21T12:50:24.487Z level=INFO logger=app.http msg="request" method=DELETE path=/api/plans/1 status=204 ms=5
ts=2026-09-21T12:50:24.488Z level=INFO logger=httpx msg="HTTP Request: DELETE http://testserver/api/plans/1 "HTTP/1.1 204 No Content""
ts=2026-09-21T12:50:24.491Z level=INFO logger=app.http msg="request" method=GET path=/api/sessions/1/plans status=200 ms=2
ts=2026-09-21T12:50:24.492Z level=INFO logger=httpx msg="HTTP Request: GET http://testserver/api/sessions/1/plans "HTTP/1.1 200 OK""
ts=2026-09-21T12:50:24.496Z level=INFO logger=app.http msg="request" method=GET path=/api/plans/3 status=200 ms=3
ts=2026-09-21T12:50:24.496Z level=INFO logger=httpx msg="HTTP Request: GET http://testserver/api/plans/3 "HTTP/1.1 200 OK""
ts=2026-09-21T12:50:24.508Z level=INFO logger=app.http msg="request" method=GET path=/api/plans/3/halls/11 status=200 ms=12
ts=2026-09-21T12:50:24.509Z level=INFO logger=httpx msg="HTTP Request: GET http://testserver/api/plans/3/halls/11 "HTTP/1.1 200 OK""
ts=2026-09-21T12:50:24.517Z level=INFO logger=app.http msg="request" method=GET path=/api/plans/3/halls/11/swap-check status=200 ms=6
ts=2026-09-21T12:50:24.518Z level=INFO logger=httpx msg="HTTP Request: GET http://testserver/api/plans/3/halls/11/swap-check?seat=A1 "HTTP/1.1 200 OK""
ts=2026-09-21T12:50:24.523Z level=INFO logger=app.http msg="request" method=POST path=/api/plans/3/swap status=409 ms=5
ts=2026-09-21T12:50:24.524Z level=INFO logger=httpx msg="HTTP Request: POST http://testserver/api/plans/3/swap "HTTP/1.1 409 Conflict""
ts=2026-09-21T12:50:24.547Z level=INFO logger=app.audit msg="Alex Morgan swapped ACF25015 (A1) with MCD24016 (A2) in EW-205, Mon 12 Oct 2026 · Morning v3" action=plan.seat_moved plan_id=3 actor=admin@seatwise.local
ts=2026-09-21T12:50:24.549Z level=INFO logger=app.http msg="request" method=POST path=/api/plans/3/swap status=200 ms=25
ts=2026-09-21T12:50:24.551Z level=INFO logger=httpx msg="HTTP Request: POST http://testserver/api/plans/3/swap "HTTP/1.1 200 OK""
ts=2026-09-21T12:50:24.555Z level=INFO logger=app.http msg="request" method=GET path=/api/plans/3 status=200 ms=4
ts=2026-09-21T12:50:24.556Z level=INFO logger=httpx msg="HTTP Request: GET http://testserver/api/plans/3 "HTTP/1.1 200 OK""
ts=2026-09-21T12:50:24.562Z level=INFO logger=app.http msg="request" method=GET path=/api/audit status=200 ms=5
ts=2026-09-21T12:50:24.563Z level=INFO logger=httpx msg="HTTP Request: GET http://testserver/api/audit?plan_id=3 "HTTP/1.1 200 OK""
ts=2026-09-21T12:50:24.757Z level=INFO logger=app.http msg="request" method=POST path=/api/auth/login status=200 ms=192
ts=2026-09-21T12:50:24.758Z level=INFO logger=httpx msg="HTTP Request: POST http://testserver/api/auth/login "HTTP/1.1 200 OK""
ts=2026-09-21T12:50:24.761Z level=INFO logger=app.http msg="request" method=GET path=/api/sessions/1/plans status=200 ms=2
ts=2026-09-21T12:50:24.762Z level=INFO logger=httpx msg="HTTP Request: GET http://testserver/api/sessions/1/plans "HTTP/1.1 200 OK""
ts=2026-09-21T12:50:24.765Z level=INFO logger=app.http msg="request" method=GET path=/api/plans/3 status=200 ms=3
ts=2026-09-21T12:50:24.766Z level=INFO logger=httpx msg="HTTP Request: GET http://testserver/api/plans/3 "HTTP/1.1 200 OK""
ts=2026-09-21T12:50:24.768Z level=INFO logger=app.http msg="request" method=GET path=/api/auth/me status=200 ms=1
ts=2026-09-21T12:50:24.768Z level=INFO logger=httpx msg="HTTP Request: GET http://testserver/api/auth/me "HTTP/1.1 200 OK""
ts=2026-09-21T12:50:24.771Z level=INFO logger=app.http msg="request" method=GET path=/api/plans/3/halls/11 status=403 ms=3
ts=2026-09-21T12:50:24.772Z level=INFO logger=httpx msg="HTTP Request: GET http://testserver/api/plans/3/halls/11 "HTTP/1.1 403 Forbidden""
ts=2026-09-21T12:50:24.776Z level=INFO logger=app.audit msg="Alex Morgan set invigilators for v3 of Mon 12 Oct 2026 · Morning (EW-205: Sam Taylor)" action=plan.invigilators plan_id=3 actor=admin@seatwise.local
ts=2026-09-21T12:50:24.779Z level=INFO logger=app.http msg="request" method=PUT path=/api/plans/3/invigilators status=200 ms=6
ts=2026-09-21T12:50:24.779Z level=INFO logger=httpx msg="HTTP Request: PUT http://testserver/api/plans/3/invigilators "HTTP/1.1 200 OK""
ts=2026-09-21T12:50:24.787Z level=INFO logger=app.http msg="request" method=GET path=/api/plans/3/halls/11 status=200 ms=7
ts=2026-09-21T12:50:24.787Z level=INFO logger=httpx msg="HTTP Request: GET http://testserver/api/plans/3/halls/11 "HTTP/1.1 200 OK""
ts=2026-09-21T12:50:24.790Z level=INFO logger=app.http msg="request" method=GET path=/api/plans/3/halls/11/swap-check status=403 ms=2
ts=2026-09-21T12:50:24.790Z level=INFO logger=httpx msg="HTTP Request: GET http://testserver/api/plans/3/halls/11/swap-check?seat=A1 "HTTP/1.1 403 Forbidden""
ts=2026-09-21T12:50:24.795Z level=INFO logger=app.http msg="request" method=GET path=/api/halls status=200 ms=3
ts=2026-09-21T12:50:24.795Z level=INFO logger=httpx msg="HTTP Request: GET http://testserver/api/halls "HTTP/1.1 200 OK""
ts=2026-09-21T12:50:24.806Z level=INFO logger=app.audit msg="Alex Morgan could not generate a plan for Mon 12 Oct 2026 · Afternoon" action=plan.failed plan_id=None actor=admin@seatwise.local
ts=2026-09-21T12:50:24.807Z level=INFO logger=app.http msg="request" method=POST path=/api/sessions/2/plans status=422 ms=11
ts=2026-09-21T12:50:24.808Z level=INFO logger=httpx msg="HTTP Request: POST http://testserver/api/sessions/2/plans "HTTP/1.1 422 Unprocessable Entity""
ts=2026-09-21T12:50:24.812Z level=INFO logger=app.http msg="request" method=GET path=/api/audit status=200 ms=3
ts=2026-09-21T12:50:24.812Z level=INFO logger=httpx msg="HTTP Request: GET http://testserver/api/audit?action=plan.failed "HTTP/1.1 200 OK""
ts=2026-09-21T12:53:36.556Z level=INFO logger=uvicorn.error msg="Started server process [19148]"
ts=2026-09-21T12:53:36.556Z level=INFO logger=uvicorn.error msg="Waiting for application startup."
ts=2026-09-21T12:53:36.572Z level=INFO logger=app msg="SeatWise API ready" version=1.0.0 port=8113 env=development
ts=2026-09-21T12:53:36.572Z level=INFO logger=uvicorn.error msg="Application startup complete."
ts=2026-09-21T12:53:36.573Z level=INFO logger=uvicorn.error msg="Uvicorn running on http://127.0.0.1:8113 (Press CTRL+C to quit)"
ts=2026-09-21T12:53:39.815Z level=INFO logger=app.http msg="request" method=GET path=/api/health status=200 ms=4
ts=2026-09-21T12:53:41.320Z level=INFO logger=app.http msg="request" method=POST path=/api/auth/login status=200 ms=308
ts=2026-09-21T12:53:41.320Z level=INFO logger=app.http msg="request" method=GET path=/api/auth/demo status=200 ms=235
ts=2026-09-21T12:53:41.408Z level=INFO logger=app.http msg="request" method=GET path=/api/auth/me status=200 ms=4
ts=2026-09-21T12:53:41.509Z level=INFO logger=app.http msg="request" method=GET path=/api/sessions status=200 ms=37
ts=2026-09-21T12:53:43.438Z level=INFO logger=app.http msg="request" method=GET path=/api/auth/me status=200 ms=2
ts=2026-09-21T12:53:43.597Z level=INFO logger=app.http msg="request" method=GET path=/api/sessions/1/plans status=200 ms=16
ts=2026-09-21T12:53:43.600Z level=INFO logger=app.http msg="request" method=GET path=/api/sessions/1 status=200 ms=19
ts=2026-09-21T12:53:43.615Z level=INFO logger=app.http msg="request" method=GET path=/api/settings/rules status=200 ms=6
ts=2026-09-21T12:53:43.617Z level=INFO logger=app.http msg="request" method=GET path=/api/halls status=200 ms=7
ts=2026-09-21T12:53:54.499Z level=INFO logger=app.http msg="request" method=GET path=/api/health status=200 ms=1
ts=2026-09-21T12:53:55.532Z level=INFO logger=app.http msg="request" method=POST path=/api/auth/login status=200 ms=215
ts=2026-09-21T12:53:55.608Z level=INFO logger=app.http msg="request" method=GET path=/api/auth/demo status=200 ms=232
ts=2026-09-21T12:53:55.633Z level=INFO logger=app.http msg="request" method=GET path=/api/auth/me status=200 ms=3
ts=2026-09-21T12:53:55.735Z level=INFO logger=app.http msg="request" method=GET path=/api/sessions status=200 ms=9
ts=2026-09-21T12:53:56.587Z level=INFO logger=app.http msg="request" method=GET path=/api/sessions/1/plans status=200 ms=3
ts=2026-09-21T12:53:56.589Z level=INFO logger=app.http msg="request" method=GET path=/api/sessions/1 status=200 ms=7
ts=2026-09-21T12:53:56.600Z level=INFO logger=app.http msg="request" method=GET path=/api/settings/rules status=200 ms=3
ts=2026-09-21T12:53:56.602Z level=INFO logger=app.http msg="request" method=GET path=/api/halls status=200 ms=5
ts=2026-09-21T12:53:59.906Z level=INFO logger=app.engine msg="Plan solved" candidates=451 halls=6 attempts=1 seed=739530006
ts=2026-09-21T12:53:59.929Z level=INFO logger=app.audit msg="Alex Morgan generated version 1 for Mon 12 Oct 2026 · Morning with seed 739530006: 451 candidates in 6 halls, 0 same-paper neighbours, solved in 2.0 s" action=plan.generated plan_id=1 actor=admin@seatwise.local
ts=2026-09-21T12:53:59.947Z level=INFO logger=app.plans msg="Plan generated" plan=1 session=1 ms=1961 seed=739530006
ts=2026-09-21T12:53:59.951Z level=INFO logger=app.http msg="request" method=POST path=/api/sessions/1/plans status=201 ms=2021
ts=2026-09-21T12:53:59.964Z level=INFO logger=app.http msg="request" method=GET path=/api/sessions/1/plans status=200 ms=5
ts=2026-09-21T12:53:59.967Z level=INFO logger=app.http msg="request" method=GET path=/api/sessions/1 status=200 ms=8
ts=2026-09-21T12:54:00.003Z level=INFO logger=app.http msg="request" method=GET path=/api/users status=200 ms=6
ts=2026-09-21T12:54:00.004Z level=INFO logger=app.http msg="request" method=GET path=/api/plans/1 status=200 ms=8
ts=2026-09-21T12:54:04.828Z level=INFO logger=app.engine msg="Plan solved" candidates=451 halls=6 attempts=1 seed=739530006
ts=2026-09-21T12:54:04.828Z level=INFO logger=app.audit msg="Alex Morgan verified version 1 of Mon 12 Oct 2026 · Morning: reproduced exactly" action=plan.verified plan_id=1 actor=admin@seatwise.local
ts=2026-09-21T12:54:04.830Z level=INFO logger=app.http msg="request" method=POST path=/api/plans/1/verify status=200 ms=1936
ts=2026-09-21T12:54:06.674Z level=INFO logger=app.audit msg="Alex Morgan published version 1 for Mon 12 Oct 2026 · Morning" action=plan.published plan_id=1 actor=admin@seatwise.local
ts=2026-09-21T12:54:06.679Z level=INFO logger=app.http msg="request" method=POST path=/api/plans/1/publish status=200 ms=49
ts=2026-09-21T12:54:06.691Z level=INFO logger=app.http msg="request" method=GET path=/api/sessions/1/plans status=200 ms=6
ts=2026-09-21T12:54:06.692Z level=INFO logger=app.http msg="request" method=GET path=/api/plans/1 status=200 ms=8
ts=2026-09-21T12:54:06.699Z level=INFO logger=app.http msg="request" method=GET path=/api/sessions/1 status=200 ms=14
ts=2026-09-21T12:54:08.222Z level=INFO logger=app.http msg="request" method=GET path=/api/auth/me status=200 ms=2
ts=2026-09-21T12:54:08.262Z level=INFO logger=app.http msg="request" method=GET path=/api/audit status=200 ms=7
ts=2026-09-21T12:56:43.855Z level=INFO logger=app.http msg="request" method=GET path=/api/health status=200 ms=1
ts=2026-09-21T12:56:44.329Z level=INFO logger=app.http msg="request" method=POST path=/api/auth/login status=200 ms=191
ts=2026-09-21T12:56:44.335Z level=INFO logger=app.http msg="request" method=GET path=/api/plans status=200 ms=4
ts=2026-09-21T12:56:44.340Z level=INFO logger=app.http msg="request" method=GET path=/api/plans/1 status=200 ms=3
ts=2026-09-21T12:56:45.436Z level=INFO logger=app.http msg="request" method=POST path=/api/auth/login status=200 ms=210
ts=2026-09-21T12:56:45.500Z level=INFO logger=app.http msg="request" method=GET path=/api/auth/demo status=200 ms=218
ts=2026-09-21T12:56:45.532Z level=INFO logger=app.http msg="request" method=GET path=/api/auth/me status=200 ms=3
ts=2026-09-21T12:56:46.715Z level=INFO logger=app.http msg="request" method=GET path=/api/auth/me status=200 ms=2
ts=2026-09-21T12:56:46.862Z level=INFO logger=app.http msg="request" method=GET path=/api/plans/1/halls/11 status=200 ms=59
ts=2026-09-21T12:56:47.768Z level=INFO logger=app.http msg="request" method=GET path=/api/plans/1/halls/11 status=200 ms=6
ts=2026-09-21T12:56:47.778Z level=INFO logger=app.http msg="request" method=GET path=/api/plans/1/halls/11/swap-check status=200 ms=8
ts=2026-09-21T12:56:47.832Z level=INFO logger=app.http msg="request" method=GET path=/api/plans/1/halls/11/swap-check status=200 ms=8
ts=2026-09-21T12:56:53.626Z level=INFO logger=app.audit msg="Alex Morgan swapped ACF25015 (A1) with HCA25049 (A2) in EW-205, Mon 12 Oct 2026 · Morning v1" action=plan.seat_moved plan_id=1 actor=admin@seatwise.local
ts=2026-09-21T12:56:53.628Z level=INFO logger=app.http msg="request" method=POST path=/api/plans/1/swap status=200 ms=31
ts=2026-09-21T12:56:53.640Z level=INFO logger=app.http msg="request" method=GET path=/api/plans/1/halls/11 status=200 ms=7
ts=2026-09-21T12:57:23.270Z level=INFO logger=app.http msg="request" method=GET path=/api/health status=200 ms=1
ts=2026-09-21T12:57:23.865Z level=INFO logger=app.http msg="request" method=POST path=/api/auth/login status=200 ms=205
ts=2026-09-21T12:57:23.900Z level=INFO logger=app.http msg="request" method=GET path=/api/plans status=200 ms=2
ts=2026-09-21T12:57:24.100Z level=INFO logger=app.http msg="request" method=GET path=/api/plans/1 status=200 ms=4
ts=2026-09-21T12:57:25.327Z level=INFO logger=app.http msg="request" method=POST path=/api/auth/login status=200 ms=219
ts=2026-09-21T12:57:25.431Z level=INFO logger=app.http msg="request" method=GET path=/api/auth/demo status=200 ms=242
ts=2026-09-21T12:57:25.447Z level=INFO logger=app.http msg="request" method=GET path=/api/auth/me status=200 ms=4
ts=2026-09-21T12:57:25.581Z level=INFO logger=app.http msg="request" method=GET path=/api/plans/1/halls/11 status=200 ms=6
ts=2026-09-21T12:57:26.447Z level=INFO logger=app.http msg="request" method=GET path=/api/plans/1/halls/11 status=200 ms=7
ts=2026-09-21T12:57:26.457Z level=INFO logger=app.http msg="request" method=GET path=/api/plans/1/halls/11/swap-check status=200 ms=8
ts=2026-09-21T12:57:26.520Z level=INFO logger=app.http msg="request" method=GET path=/api/plans/1/halls/11/swap-check status=200 ms=8
ts=2026-09-21T12:57:32.247Z level=INFO logger=app.audit msg="Alex Morgan swapped HCA25049 (A1) with ACF25015 (A2) in EW-205, Mon 12 Oct 2026 · Morning v1" action=plan.seat_moved plan_id=1 actor=admin@seatwise.local
ts=2026-09-21T12:57:32.249Z level=INFO logger=app.http msg="request" method=POST path=/api/plans/1/swap status=200 ms=27
ts=2026-09-21T12:57:32.262Z level=INFO logger=app.http msg="request" method=GET path=/api/plans/1/halls/11 status=200 ms=9
ts=2026-09-21T13:01:58.214Z level=INFO logger=app.seed msg="Created demo accounts" count=11
ts=2026-09-21T13:01:58.214Z level=INFO logger=app msg="SeatWise API ready" version=1.0.0 port=8113 env=development
ts=2026-09-21T13:01:58.412Z level=INFO logger=app.http msg="request" method=POST path=/api/auth/login status=200 ms=196
ts=2026-09-21T13:01:58.413Z level=INFO logger=httpx msg="HTTP Request: POST http://testserver/api/auth/login "HTTP/1.1 200 OK""
ts=2026-09-21T13:01:58.425Z level=INFO logger=app.audit msg="Alex Morgan cleared all exam data" action=workspace.reset plan_id=None actor=admin@seatwise.local
ts=2026-09-21T13:01:58.427Z level=INFO logger=app.http msg="request" method=POST path=/api/settings/reset-workspace status=200 ms=13
ts=2026-09-21T13:01:58.427Z level=INFO logger=httpx msg="HTTP Request: POST http://testserver/api/settings/reset-workspace "HTTP/1.1 200 OK""
ts=2026-09-21T13:01:58.540Z level=INFO logger=app.http msg="request" method=POST path=/api/imports/workbook/validate status=200 ms=111
ts=2026-09-21T13:01:58.541Z level=INFO logger=httpx msg="HTTP Request: POST http://testserver/api/imports/workbook/validate "HTTP/1.1 200 OK""
ts=2026-09-21T13:01:58.826Z level=INFO logger=app.audit msg="Alex Morgan imported seatwise_sample_workbook.xlsx (courses: 49 new, 0 updated, halls: 14 new, 0 updated, candidates: 908 new, 0 updated, timetable: 49 new, 0 updated)" action=import.committed plan_id=None actor=admin@seatwise.local
ts=2026-09-21T13:01:58.830Z level=INFO logger=app.http msg="request" method=POST path=/api/imports/1/commit status=200 ms=288
ts=2026-09-21T13:01:58.831Z level=INFO logger=httpx msg="HTTP Request: POST http://testserver/api/imports/1/commit "HTTP/1.1 200 OK""
ts=2026-09-21T13:01:58.851Z level=INFO logger=app.http msg="request" method=GET path=/api/sessions status=200 ms=19
ts=2026-09-21T13:01:58.851Z level=INFO logger=httpx msg="HTTP Request: GET http://testserver/api/sessions "HTTP/1.1 200 OK""
ts=2026-09-21T13:02:00.912Z level=INFO logger=app.engine msg="Plan solved" candidates=451 halls=6 attempts=1 seed=7
ts=2026-09-21T13:02:00.933Z level=INFO logger=app.audit msg="Alex Morgan generated version 1 for Mon 12 Oct 2026 · Morning with seed 7: 451 candidates in 6 halls, 0 same-paper neighbours, solved in 2.0 s" action=plan.generated plan_id=1 actor=admin@seatwise.local
ts=2026-09-21T13:02:00.945Z level=INFO logger=app.plans msg="Plan generated" plan=1 session=1 ms=2037 seed=7
ts=2026-09-21T13:02:00.948Z level=INFO logger=app.http msg="request" method=POST path=/api/sessions/1/plans status=201 ms=2096
ts=2026-09-21T13:02:00.950Z level=INFO logger=httpx msg="HTTP Request: POST http://testserver/api/sessions/1/plans "HTTP/1.1 201 Created""
ts=2026-09-21T13:02:00.975Z level=INFO logger=app.audit msg="Alex Morgan downloaded seating charts (all halls) for Mon 12 Oct 2026 · Morning v1" action=plan.exported plan_id=1 actor=admin@seatwise.local
ts=2026-09-21T13:02:01.083Z level=INFO logger=app.http msg="request" method=GET path=/api/plans/1/exports/seating-charts.pdf status=200 ms=131
ts=2026-09-21T13:02:01.084Z level=INFO logger=httpx msg="HTTP Request: GET http://testserver/api/plans/1/exports/seating-charts.pdf "HTTP/1.1 200 OK""
ts=2026-09-21T13:02:01.100Z level=INFO logger=app.audit msg="Alex Morgan downloaded invigilator sheets (all halls) for Mon 12 Oct 2026 · Morning v1" action=plan.exported plan_id=1 actor=admin@seatwise.local
ts=2026-09-21T13:02:01.264Z level=INFO logger=app.http msg="request" method=GET path=/api/plans/1/exports/invigilator-sheets.pdf status=200 ms=177
ts=2026-09-21T13:02:01.265Z level=INFO logger=httpx msg="HTTP Request: GET http://testserver/api/plans/1/exports/invigilator-sheets.pdf "HTTP/1.1 200 OK""
ts=2026-09-21T13:02:01.281Z level=INFO logger=app.audit msg="Alex Morgan downloaded seat slips (all halls) for Mon 12 Oct 2026 · Morning v1" action=plan.exported plan_id=1 actor=admin@seatwise.local
ts=2026-09-21T13:02:04.162Z level=INFO logger=app.http msg="request" method=GET path=/api/plans/1/exports/qr-slips.pdf status=200 ms=2895
ts=2026-09-21T13:02:04.164Z level=INFO logger=httpx msg="HTTP Request: GET http://testserver/api/plans/1/exports/qr-slips.pdf "HTTP/1.1 200 OK""
ts=2026-09-21T13:02:04.177Z level=INFO logger=app.audit msg="Alex Morgan downloaded seating charts (EW-205) for Mon 12 Oct 2026 · Morning v1" action=plan.exported plan_id=1 actor=admin@seatwise.local
ts=2026-09-21T13:02:04.196Z level=INFO logger=app.http msg="request" method=GET path=/api/plans/1/exports/seating-charts.pdf status=200 ms=29
ts=2026-09-21T13:02:04.197Z level=INFO logger=httpx msg="HTTP Request: GET http://testserver/api/plans/1/exports/seating-charts.pdf?hall_id=11 "HTTP/1.1 200 OK""
ts=2026-09-21T13:02:04.260Z level=INFO logger=app.audit msg="Alex Morgan downloaded hall lists (all halls) for Mon 12 Oct 2026 · Morning v1" action=plan.exported plan_id=1 actor=admin@seatwise.local
ts=2026-09-21T13:02:04.551Z level=INFO logger=app.http msg="request" method=GET path=/api/plans/1/exports/hall-lists.xlsx status=200 ms=352
ts=2026-09-21T13:02:04.552Z level=INFO logger=httpx msg="HTTP Request: GET http://testserver/api/plans/1/exports/hall-lists.xlsx "HTTP/1.1 200 OK""
ts=2026-09-21T13:02:04.639Z level=INFO logger=app.audit msg="Alex Morgan downloaded attendance report (all halls) for Mon 12 Oct 2026 · Morning v1" action=plan.exported plan_id=1 actor=admin@seatwise.local
ts=2026-09-21T13:02:04.800Z level=INFO logger=app.http msg="request" method=GET path=/api/plans/1/exports/attendance.xlsx status=200 ms=179
ts=2026-09-21T13:02:04.800Z level=INFO logger=httpx msg="HTTP Request: GET http://testserver/api/plans/1/exports/attendance.xlsx "HTTP/1.1 200 OK""
ts=2026-09-21T13:02:05.032Z level=INFO logger=app.http msg="request" method=POST path=/api/auth/login status=200 ms=192
ts=2026-09-21T13:02:05.032Z level=INFO logger=httpx msg="HTTP Request: POST http://testserver/api/auth/login "HTTP/1.1 200 OK""
ts=2026-09-21T13:02:05.036Z level=INFO logger=app.http msg="request" method=GET path=/api/plans/1/exports/hall-lists.xlsx status=403 ms=2
ts=2026-09-21T13:02:05.036Z level=INFO logger=httpx msg="HTTP Request: GET http://testserver/api/plans/1/exports/hall-lists.xlsx "HTTP/1.1 403 Forbidden""
ts=2026-09-21T13:02:16.239Z level=INFO logger=uvicorn.error msg="Started server process [26044]"
ts=2026-09-21T13:02:16.239Z level=INFO logger=uvicorn.error msg="Waiting for application startup."
ts=2026-09-21T13:02:16.254Z level=INFO logger=app msg="SeatWise API ready" version=1.0.0 port=8113 env=development
ts=2026-09-21T13:02:16.255Z level=INFO logger=uvicorn.error msg="Application startup complete."
ts=2026-09-21T13:02:16.255Z level=INFO logger=uvicorn.error msg="Uvicorn running on http://127.0.0.1:8113 (Press CTRL+C to quit)"
ts=2026-09-21T13:02:21.390Z level=INFO logger=app.http msg="request" method=GET path=/api/health status=200 ms=3
ts=2026-09-21T13:02:21.627Z level=INFO logger=app.http msg="request" method=POST path=/api/auth/login status=200 ms=236
ts=2026-09-21T13:02:21.657Z level=INFO logger=app.http msg="request" method=GET path=/api/plans status=200 ms=28
ts=2026-09-21T13:02:21.686Z level=INFO logger=app.audit msg="Alex Morgan downloaded seating charts (all halls) for Mon 12 Oct 2026 · Morning v1" action=plan.exported plan_id=1 actor=admin@seatwise.local
ts=2026-09-21T13:02:21.795Z level=INFO logger=app.http msg="request" method=GET path=/api/plans/1/exports/seating-charts.pdf status=200 ms=137
ts=2026-09-21T13:02:21.810Z level=INFO logger=app.audit msg="Alex Morgan downloaded invigilator sheets (all halls) for Mon 12 Oct 2026 · Morning v1" action=plan.exported plan_id=1 actor=admin@seatwise.local
ts=2026-09-21T13:02:21.953Z level=INFO logger=app.http msg="request" method=GET path=/api/plans/1/exports/invigilator-sheets.pdf status=200 ms=156
ts=2026-09-21T13:02:22.005Z level=INFO logger=app.audit msg="Alex Morgan downloaded seat slips (all halls) for Mon 12 Oct 2026 · Morning v1" action=plan.exported plan_id=1 actor=admin@seatwise.local
ts=2026-09-21T13:02:25.015Z level=INFO logger=app.http msg="request" method=GET path=/api/plans/1/exports/qr-slips.pdf status=200 ms=3060
ts=2026-09-21T13:02:25.032Z level=INFO logger=app.audit msg="Alex Morgan downloaded hall lists (all halls) for Mon 12 Oct 2026 · Morning v1" action=plan.exported plan_id=1 actor=admin@seatwise.local
ts=2026-09-21T13:02:25.342Z level=INFO logger=app.http msg="request" method=GET path=/api/plans/1/exports/hall-lists.xlsx status=200 ms=323
ts=2026-09-21T13:02:25.358Z level=INFO logger=app.audit msg="Alex Morgan downloaded attendance report (all halls) for Mon 12 Oct 2026 · Morning v1" action=plan.exported plan_id=1 actor=admin@seatwise.local
ts=2026-09-21T13:02:25.527Z level=INFO logger=app.http msg="request" method=GET path=/api/plans/1/exports/attendance.xlsx status=200 ms=183
ts=2026-09-21T13:04:29.456Z level=INFO logger=app.seed msg="Created demo accounts" count=11
ts=2026-09-21T13:04:29.457Z level=INFO logger=app msg="SeatWise API ready" version=1.0.0 port=8113 env=development
ts=2026-09-21T13:04:29.464Z level=INFO logger=app.http msg="request" method=GET path=/api/health status=200 ms=4
ts=2026-09-21T13:04:29.465Z level=INFO logger=httpx msg="HTTP Request: GET http://testserver/api/health "HTTP/1.1 200 OK""
ts=2026-09-21T13:04:29.692Z level=INFO logger=app.http msg="request" method=POST path=/api/auth/login status=200 ms=216
ts=2026-09-21T13:04:29.693Z level=INFO logger=httpx msg="HTTP Request: POST http://testserver/api/auth/login "HTTP/1.1 200 OK""
ts=2026-09-21T13:04:29.698Z level=INFO logger=app.http msg="request" method=GET path=/api/auth/me status=200 ms=3
ts=2026-09-21T13:04:29.699Z level=INFO logger=httpx msg="HTTP Request: GET http://testserver/api/auth/me "HTTP/1.1 200 OK""
ts=2026-09-21T13:04:29.903Z level=INFO logger=app.http msg="request" method=POST path=/api/auth/login status=401 ms=203
ts=2026-09-21T13:04:29.904Z level=INFO logger=httpx msg="HTTP Request: POST http://testserver/api/auth/login "HTTP/1.1 401 Unauthorized""
ts=2026-09-21T13:04:29.907Z level=INFO logger=app.http msg="request" method=GET path=/api/auth/me status=401 ms=1
ts=2026-09-21T13:04:29.908Z level=INFO logger=httpx msg="HTTP Request: GET http://testserver/api/auth/me "HTTP/1.1 401 Unauthorized""
ts=2026-09-21T13:04:30.114Z level=INFO logger=app.audit msg="New Invigilator requested an invigilator account" action=user.registered plan_id=None actor=system
ts=2026-09-21T13:04:30.115Z level=INFO logger=app.http msg="request" method=POST path=/api/auth/register status=201 ms=205
ts=2026-09-21T13:04:30.116Z level=INFO logger=httpx msg="HTTP Request: POST http://testserver/api/auth/register "HTTP/1.1 201 Created""
ts=2026-09-21T13:04:30.318Z level=INFO logger=app.http msg="request" method=POST path=/api/auth/login status=403 ms=201
ts=2026-09-21T13:04:30.319Z level=INFO logger=httpx msg="HTTP Request: POST http://testserver/api/auth/login "HTTP/1.1 403 Forbidden""
ts=2026-09-21T13:04:30.325Z level=INFO logger=app.http msg="request" method=POST path=/api/auth/register status=409 ms=2
ts=2026-09-21T13:04:30.325Z level=INFO logger=httpx msg="HTTP Request: POST http://testserver/api/auth/register "HTTP/1.1 409 Conflict""
ts=2026-09-21T13:04:30.332Z level=INFO logger=app.audit msg="Alex Morgan updated New Invigilator: status=active" action=user.updated plan_id=None actor=admin@seatwise.local
ts=2026-09-21T13:04:30.334Z level=INFO logger=app.http msg="request" method=PATCH path=/api/users/12 status=200 ms=7
ts=2026-09-21T13:04:30.334Z level=INFO logger=httpx msg="HTTP Request: PATCH http://testserver/api/users/12 "HTTP/1.1 200 OK""
ts=2026-09-21T13:04:30.536Z level=INFO logger=app.http msg="request" method=POST path=/api/auth/login status=200 ms=201
ts=2026-09-21T13:04:30.537Z level=INFO logger=httpx msg="HTTP Request: POST http://testserver/api/auth/login "HTTP/1.1 200 OK""
ts=2026-09-21T13:04:30.744Z level=INFO logger=app.http msg="request" method=POST path=/api/auth/login status=200 ms=205
ts=2026-09-21T13:04:30.745Z level=INFO logger=httpx msg="HTTP Request: POST http://testserver/api/auth/login "HTTP/1.1 200 OK""
ts=2026-09-21T13:04:30.747Z level=INFO logger=app.http msg="request" method=GET path=/api/users status=403 ms=2
ts=2026-09-21T13:04:30.749Z level=INFO logger=httpx msg="HTTP Request: GET http://testserver/api/users "HTTP/1.1 403 Forbidden""
ts=2026-09-21T13:04:30.751Z level=INFO logger=app.http msg="request" method=GET path=/api/auth/me status=200 ms=2
ts=2026-09-21T13:04:30.752Z level=INFO logger=httpx msg="HTTP Request: GET http://testserver/api/auth/me "HTTP/1.1 200 OK""
ts=2026-09-21T13:04:30.764Z level=INFO logger=app.http msg="request" method=PATCH path=/api/users/1 status=409 ms=11
ts=2026-09-21T13:04:30.765Z level=INFO logger=httpx msg="HTTP Request: PATCH http://testserver/api/users/1 "HTTP/1.1 409 Conflict""
ts=2026-09-21T13:04:30.772Z level=INFO logger=app.http msg="request" method=GET path=/api/settings/rules status=200 ms=6
ts=2026-09-21T13:04:30.773Z level=INFO logger=httpx msg="HTTP Request: GET http://testserver/api/settings/rules "HTTP/1.1 200 OK""
ts=2026-09-21T13:04:30.776Z level=INFO logger=app.audit msg="Alex Morgan changed default rules: roll_gap 5 -> 3" action=settings.rules plan_id=None actor=admin@seatwise.local
ts=2026-09-21T13:04:30.779Z level=INFO logger=app.http msg="request" method=PUT path=/api/settings/rules status=200 ms=4
ts=2026-09-21T13:04:30.779Z level=INFO logger=httpx msg="HTTP Request: PUT http://testserver/api/settings/rules "HTTP/1.1 200 OK""
ts=2026-09-21T13:04:30.783Z level=INFO logger=app.http msg="request" method=PUT path=/api/settings/rules status=422 ms=3
ts=2026-09-21T13:04:30.784Z level=INFO logger=httpx msg="HTTP Request: PUT http://testserver/api/settings/rules "HTTP/1.1 422 Unprocessable Entity""
ts=2026-09-21T13:04:30.787Z level=INFO logger=app.audit msg="Alex Morgan changed default rules: roll_gap 3 -> 5" action=settings.rules plan_id=None actor=admin@seatwise.local
ts=2026-09-21T13:04:30.788Z level=INFO logger=app.http msg="request" method=PUT path=/api/settings/rules status=200 ms=4
ts=2026-09-21T13:04:30.789Z level=INFO logger=httpx msg="HTTP Request: PUT http://testserver/api/settings/rules "HTTP/1.1 200 OK""
ts=2026-09-21T13:04:32.846Z level=INFO logger=app.engine msg="Plan solved" candidates=124 halls=3 attempts=1 seed=42
ts=2026-09-21T13:04:34.583Z level=INFO logger=app.engine msg="Plan solved" candidates=124 halls=3 attempts=1 seed=7
ts=2026-09-21T13:04:36.277Z level=INFO logger=app.engine msg="Plan solved" candidates=124 halls=3 attempts=1 seed=7
ts=2026-09-21T13:04:37.956Z level=INFO logger=app.engine msg="Plan solved" candidates=124 halls=3 attempts=1 seed=1
ts=2026-09-21T13:04:39.755Z level=INFO logger=app.engine msg="Plan solved" candidates=124 halls=3 attempts=1 seed=2
ts=2026-09-21T13:04:40.776Z level=INFO logger=app.engine msg="Plan solved" candidates=124 halls=3 attempts=1 seed=3
ts=2026-09-21T13:04:41.037Z level=INFO logger=app.engine msg="Plan solved" candidates=80 halls=2 attempts=1 seed=5
ts=2026-09-21T13:04:42.831Z level=INFO logger=app.engine msg="Plan solved" candidates=124 halls=3 attempts=1 seed=9
ts=2026-09-21T13:04:44.531Z level=INFO logger=app.engine msg="Plan solved" candidates=124 halls=3 attempts=1 seed=11
ts=2026-09-21T13:04:44.556Z level=INFO logger=app.audit msg="Alex Morgan cleared all exam data" action=workspace.reset plan_id=None actor=admin@seatwise.local
ts=2026-09-21T13:04:44.571Z level=INFO logger=app.http msg="request" method=POST path=/api/settings/reset-workspace status=200 ms=36
ts=2026-09-21T13:04:44.571Z level=INFO logger=httpx msg="HTTP Request: POST http://testserver/api/settings/reset-workspace "HTTP/1.1 200 OK""
ts=2026-09-21T13:04:44.733Z level=INFO logger=app.http msg="request" method=POST path=/api/imports/workbook/validate status=200 ms=160
ts=2026-09-21T13:04:44.734Z level=INFO logger=httpx msg="HTTP Request: POST http://testserver/api/imports/workbook/validate "HTTP/1.1 200 OK""
ts=2026-09-21T13:04:45.017Z level=INFO logger=app.audit msg="Alex Morgan imported seatwise_sample_workbook.xlsx (courses: 49 new, 0 updated, halls: 14 new, 0 updated, candidates: 908 new, 0 updated, timetable: 49 new, 0 updated)" action=import.committed plan_id=None actor=admin@seatwise.local
ts=2026-09-21T13:04:45.020Z level=INFO logger=app.http msg="request" method=POST path=/api/imports/1/commit status=200 ms=285
ts=2026-09-21T13:04:45.021Z level=INFO logger=httpx msg="HTTP Request: POST http://testserver/api/imports/1/commit "HTTP/1.1 200 OK""
ts=2026-09-21T13:04:45.054Z level=INFO logger=app.http msg="request" method=GET path=/api/sessions status=200 ms=32
ts=2026-09-21T13:04:45.055Z level=INFO logger=httpx msg="HTTP Request: GET http://testserver/api/sessions "HTTP/1.1 200 OK""
ts=2026-09-21T13:04:47.084Z level=INFO logger=app.engine msg="Plan solved" candidates=451 halls=6 attempts=1 seed=7
ts=2026-09-21T13:04:47.107Z level=INFO logger=app.audit msg="Alex Morgan generated version 1 for Mon 12 Oct 2026 · Morning with seed 7: 451 candidates in 6 halls, 0 same-paper neighbours, solved in 2.0 s" action=plan.generated plan_id=1 actor=admin@seatwise.local
ts=2026-09-21T13:04:47.120Z level=INFO logger=app.plans msg="Plan generated" plan=1 session=1 ms=2006 seed=7
ts=2026-09-21T13:04:47.125Z level=INFO logger=app.http msg="request" method=POST path=/api/sessions/1/plans status=201 ms=2068
ts=2026-09-21T13:04:47.126Z level=INFO logger=httpx msg="HTTP Request: POST http://testserver/api/sessions/1/plans "HTTP/1.1 201 Created""
ts=2026-09-21T13:04:47.150Z level=INFO logger=app.audit msg="Alex Morgan downloaded seating charts (all halls) for Mon 12 Oct 2026 · Morning v1" action=plan.exported plan_id=1 actor=admin@seatwise.local
ts=2026-09-21T13:04:47.299Z level=INFO logger=app.http msg="request" method=GET path=/api/plans/1/exports/seating-charts.pdf status=200 ms=172
ts=2026-09-21T13:04:47.300Z level=INFO logger=httpx msg="HTTP Request: GET http://testserver/api/plans/1/exports/seating-charts.pdf "HTTP/1.1 200 OK""
ts=2026-09-21T13:04:47.322Z level=INFO logger=app.audit msg="Alex Morgan downloaded invigilator sheets (all halls) for Mon 12 Oct 2026 · Morning v1" action=plan.exported plan_id=1 actor=admin@seatwise.local
ts=2026-09-21T13:04:47.473Z level=INFO logger=app.http msg="request" method=GET path=/api/plans/1/exports/invigilator-sheets.pdf status=200 ms=164
ts=2026-09-21T13:04:47.474Z level=INFO logger=httpx msg="HTTP Request: GET http://testserver/api/plans/1/exports/invigilator-sheets.pdf "HTTP/1.1 200 OK""
ts=2026-09-21T13:04:47.488Z level=INFO logger=app.audit msg="Alex Morgan downloaded seat slips (all halls) for Mon 12 Oct 2026 · Morning v1" action=plan.exported plan_id=1 actor=admin@seatwise.local
ts=2026-09-21T13:04:50.542Z level=INFO logger=app.http msg="request" method=GET path=/api/plans/1/exports/qr-slips.pdf status=200 ms=3067
ts=2026-09-21T13:04:50.545Z level=INFO logger=httpx msg="HTTP Request: GET http://testserver/api/plans/1/exports/qr-slips.pdf "HTTP/1.1 200 OK""
ts=2026-09-21T13:04:50.554Z level=INFO logger=app.audit msg="Alex Morgan downloaded seating charts (EW-205) for Mon 12 Oct 2026 · Morning v1" action=plan.exported plan_id=1 actor=admin@seatwise.local
ts=2026-09-21T13:04:50.574Z level=INFO logger=app.http msg="request" method=GET path=/api/plans/1/exports/seating-charts.pdf status=200 ms=27
ts=2026-09-21T13:04:50.575Z level=INFO logger=httpx msg="HTTP Request: GET http://testserver/api/plans/1/exports/seating-charts.pdf?hall_id=11 "HTTP/1.1 200 OK""
ts=2026-09-21T13:04:50.590Z level=INFO logger=app.audit msg="Alex Morgan downloaded hall lists (all halls) for Mon 12 Oct 2026 · Morning v1" action=plan.exported plan_id=1 actor=admin@seatwise.local
ts=2026-09-21T13:04:50.902Z level=INFO logger=app.http msg="request" method=GET path=/api/plans/1/exports/hall-lists.xlsx status=200 ms=326
ts=2026-09-21T13:04:50.903Z level=INFO logger=httpx msg="HTTP Request: GET http://testserver/api/plans/1/exports/hall-lists.xlsx "HTTP/1.1 200 OK""
ts=2026-09-21T13:04:51.042Z level=INFO logger=app.audit msg="Alex Morgan downloaded attendance report (all halls) for Mon 12 Oct 2026 · Morning v1" action=plan.exported plan_id=1 actor=admin@seatwise.local
ts=2026-09-21T13:04:51.204Z level=INFO logger=app.http msg="request" method=GET path=/api/plans/1/exports/attendance.xlsx status=200 ms=176
ts=2026-09-21T13:04:51.204Z level=INFO logger=httpx msg="HTTP Request: GET http://testserver/api/plans/1/exports/attendance.xlsx "HTTP/1.1 200 OK""
ts=2026-09-21T13:04:51.246Z level=INFO logger=app.http msg="request" method=GET path=/api/plans/1/exports/hall-lists.xlsx status=403 ms=2
ts=2026-09-21T13:04:51.246Z level=INFO logger=httpx msg="HTTP Request: GET http://testserver/api/plans/1/exports/hall-lists.xlsx "HTTP/1.1 403 Forbidden""
ts=2026-09-21T13:04:51.253Z level=INFO logger=app.audit msg="Alex Morgan cleared all exam data" action=workspace.reset plan_id=None actor=admin@seatwise.local
ts=2026-09-21T13:04:51.257Z level=INFO logger=app.http msg="request" method=POST path=/api/settings/reset-workspace status=200 ms=9
ts=2026-09-21T13:04:51.257Z level=INFO logger=httpx msg="HTTP Request: POST http://testserver/api/settings/reset-workspace "HTTP/1.1 200 OK""
ts=2026-09-21T13:04:51.269Z level=INFO logger=app.http msg="request" method=GET path=/api/imports/templates/courses status=200 ms=11
ts=2026-09-21T13:04:51.270Z level=INFO logger=httpx msg="HTTP Request: GET http://testserver/api/imports/templates/courses "HTTP/1.1 200 OK""
ts=2026-09-21T13:04:51.276Z level=INFO logger=app.http msg="request" method=GET path=/api/imports/samples/courses status=200 ms=5
ts=2026-09-21T13:04:51.278Z level=INFO logger=httpx msg="HTTP Request: GET http://testserver/api/imports/samples/courses "HTTP/1.1 200 OK""
ts=2026-09-21T13:04:51.288Z level=INFO logger=app.http msg="request" method=GET path=/api/imports/templates/candidates status=200 ms=9
ts=2026-09-21T13:04:51.289Z level=INFO logger=httpx msg="HTTP Request: GET http://testserver/api/imports/templates/candidates "HTTP/1.1 200 OK""
ts=2026-09-21T13:04:51.291Z level=INFO logger=app.http msg="request" method=GET path=/api/imports/samples/candidates status=200 ms=2
ts=2026-09-21T13:04:51.294Z level=INFO logger=httpx msg="HTTP Request: GET http://testserver/api/imports/samples/candidates "HTTP/1.1 200 OK""
ts=2026-09-21T13:04:51.304Z level=INFO logger=app.http msg="request" method=GET path=/api/imports/templates/halls status=200 ms=9
ts=2026-09-21T13:04:51.305Z level=INFO logger=httpx msg="HTTP Request: GET http://testserver/api/imports/templates/halls "HTTP/1.1 200 OK""
ts=2026-09-21T13:04:51.309Z level=INFO logger=app.http msg="request" method=GET path=/api/imports/samples/halls status=200 ms=2
ts=2026-09-21T13:04:51.310Z level=INFO logger=httpx msg="HTTP Request: GET http://testserver/api/imports/samples/halls "HTTP/1.1 200 OK""
ts=2026-09-21T13:04:51.320Z level=INFO logger=app.http msg="request" method=GET path=/api/imports/templates/timetable status=200 ms=9
ts=2026-09-21T13:04:51.320Z level=INFO logger=httpx msg="HTTP Request: GET http://testserver/api/imports/templates/timetable "HTTP/1.1 200 OK""
ts=2026-09-21T13:04:51.324Z level=INFO logger=app.http msg="request" method=GET path=/api/imports/samples/timetable status=200 ms=3
ts=2026-09-21T13:04:51.326Z level=INFO logger=httpx msg="HTTP Request: GET http://testserver/api/imports/samples/timetable "HTTP/1.1 200 OK""
ts=2026-09-21T13:04:51.362Z level=INFO logger=app.http msg="request" method=GET path=/api/imports/templates/workbook status=200 ms=35
ts=2026-09-21T13:04:51.363Z level=INFO logger=httpx msg="HTTP Request: GET http://testserver/api/imports/templates/workbook "HTTP/1.1 200 OK""
ts=2026-09-21T13:04:51.365Z level=INFO logger=app.http msg="request" method=GET path=/api/imports/samples/workbook status=200 ms=2
ts=2026-09-21T13:04:51.366Z level=INFO logger=httpx msg="HTTP Request: GET http://testserver/api/imports/samples/workbook "HTTP/1.1 200 OK""
ts=2026-09-21T13:04:51.369Z level=INFO logger=app.http msg="request" method=GET path=/api/imports/templates/halls status=200 ms=3
ts=2026-09-21T13:04:51.371Z level=INFO logger=httpx msg="HTTP Request: GET http://testserver/api/imports/templates/halls?format=csv "HTTP/1.1 200 OK""
ts=2026-09-21T13:04:51.402Z level=INFO logger=app.http msg="request" method=POST path=/api/imports/candidates/validate status=200 ms=28
ts=2026-09-21T13:04:51.403Z level=INFO logger=httpx msg="HTTP Request: POST http://testserver/api/imports/candidates/validate "HTTP/1.1 200 OK""
ts=2026-09-21T13:04:51.506Z level=INFO logger=app.http msg="request" method=POST path=/api/imports/workbook/validate status=200 ms=100
ts=2026-09-21T13:04:51.506Z level=INFO logger=httpx msg="HTTP Request: POST http://testserver/api/imports/workbook/validate "HTTP/1.1 200 OK""
ts=2026-09-21T13:04:51.870Z level=INFO logger=app.audit msg="Alex Morgan imported seatwise_sample_workbook.xlsx (courses: 49 new, 0 updated, halls: 14 new, 0 updated, candidates: 908 new, 0 updated, timetable: 49 new, 0 updated)" action=import.committed plan_id=None actor=admin@seatwise.local
ts=2026-09-21T13:04:51.874Z level=INFO logger=app.http msg="request" method=POST path=/api/imports/2/commit status=200 ms=367
ts=2026-09-21T13:04:51.876Z level=INFO logger=httpx msg="HTTP Request: POST http://testserver/api/imports/2/commit "HTTP/1.1 200 OK""
ts=2026-09-21T13:04:51.883Z level=INFO logger=app.http msg="request" method=GET path=/api/data/summary status=200 ms=5
ts=2026-09-21T13:04:51.883Z level=INFO logger=httpx msg="HTTP Request: GET http://testserver/api/data/summary "HTTP/1.1 200 OK""
ts=2026-09-21T13:04:51.894Z level=INFO logger=app.http msg="request" method=GET path=/api/sessions status=200 ms=9
ts=2026-09-21T13:04:51.895Z level=INFO logger=httpx msg="HTTP Request: GET http://testserver/api/sessions "HTTP/1.1 200 OK""
ts=2026-09-21T13:04:51.901Z level=INFO logger=app.http msg="request" method=GET path=/api/halls status=200 ms=5
ts=2026-09-21T13:04:51.901Z level=INFO logger=httpx msg="HTTP Request: GET http://testserver/api/halls "HTTP/1.1 200 OK""
ts=2026-09-21T13:04:51.913Z level=INFO logger=app.http msg="request" method=POST path=/api/imports/halls/validate status=200 ms=10
ts=2026-09-21T13:04:51.914Z level=INFO logger=httpx msg="HTTP Request: POST http://testserver/api/imports/halls/validate "HTTP/1.1 200 OK""
ts=2026-09-21T13:04:51.925Z level=INFO logger=app.audit msg="Alex Morgan imported halls.csv (halls: 0 new, 14 updated)" action=import.committed plan_id=None actor=admin@seatwise.local
ts=2026-09-21T13:04:51.927Z level=INFO logger=app.http msg="request" method=POST path=/api/imports/3/commit status=200 ms=12
ts=2026-09-21T13:04:51.927Z level=INFO logger=httpx msg="HTTP Request: POST http://testserver/api/imports/3/commit "HTTP/1.1 200 OK""
ts=2026-09-21T13:04:51.930Z level=INFO logger=app.http msg="request" method=POST path=/api/imports/3/commit status=409 ms=2
ts=2026-09-21T13:04:51.931Z level=INFO logger=httpx msg="HTTP Request: POST http://testserver/api/imports/3/commit "HTTP/1.1 409 Conflict""
ts=2026-09-21T13:04:51.944Z level=INFO logger=app.http msg="request" method=POST path=/api/imports/candidates/validate status=200 ms=11
ts=2026-09-21T13:04:51.945Z level=INFO logger=httpx msg="HTTP Request: POST http://testserver/api/imports/candidates/validate "HTTP/1.1 200 OK""
ts=2026-09-21T13:04:51.955Z level=INFO logger=app.http msg="request" method=POST path=/api/imports/halls/validate status=200 ms=9
ts=2026-09-21T13:04:51.956Z level=INFO logger=httpx msg="HTTP Request: POST http://testserver/api/imports/halls/validate "HTTP/1.1 200 OK""
ts=2026-09-21T13:04:51.969Z level=INFO logger=app.http msg="request" method=POST path=/api/imports/timetable/validate status=200 ms=11
ts=2026-09-21T13:04:51.970Z level=INFO logger=httpx msg="HTTP Request: POST http://testserver/api/imports/timetable/validate "HTTP/1.1 200 OK""
ts=2026-09-21T13:04:51.974Z level=INFO logger=app.http msg="request" method=POST path=/api/imports/halls/validate status=400 ms=3
ts=2026-09-21T13:04:51.975Z level=INFO logger=httpx msg="HTTP Request: POST http://testserver/api/imports/halls/validate "HTTP/1.1 400 Bad Request""
ts=2026-09-21T13:04:51.984Z level=INFO logger=app.http msg="request" method=POST path=/api/imports/courses/validate status=200 ms=9
ts=2026-09-21T13:04:51.985Z level=INFO logger=httpx msg="HTTP Request: POST http://testserver/api/imports/courses/validate "HTTP/1.1 200 OK""
ts=2026-09-21T13:04:51.989Z level=INFO logger=app.http msg="request" method=POST path=/api/imports/halls/validate status=403 ms=2
ts=2026-09-21T13:04:51.990Z level=INFO logger=httpx msg="HTTP Request: POST http://testserver/api/imports/halls/validate "HTTP/1.1 403 Forbidden""
ts=2026-09-21T13:04:51.997Z level=INFO logger=app.audit msg="Alex Morgan cleared all exam data" action=workspace.reset plan_id=None actor=admin@seatwise.local
ts=2026-09-21T13:04:51.999Z level=INFO logger=app.http msg="request" method=POST path=/api/settings/reset-workspace status=200 ms=7
ts=2026-09-21T13:04:51.999Z level=INFO logger=httpx msg="HTTP Request: POST http://testserver/api/settings/reset-workspace "HTTP/1.1 200 OK""
ts=2026-09-21T13:04:52.097Z level=INFO logger=app.http msg="request" method=POST path=/api/imports/workbook/validate status=200 ms=96
ts=2026-09-21T13:04:52.097Z level=INFO logger=httpx msg="HTTP Request: POST http://testserver/api/imports/workbook/validate "HTTP/1.1 200 OK""
ts=2026-09-21T13:04:52.374Z level=INFO logger=app.audit msg="Alex Morgan imported seatwise_sample_workbook.xlsx (courses: 49 new, 0 updated, halls: 14 new, 0 updated, candidates: 908 new, 0 updated, timetable: 49 new, 0 updated)" action=import.committed plan_id=None actor=admin@seatwise.local
ts=2026-09-21T13:04:52.443Z level=INFO logger=app.http msg="request" method=POST path=/api/imports/1/commit status=200 ms=346
ts=2026-09-21T13:04:52.445Z level=INFO logger=httpx msg="HTTP Request: POST http://testserver/api/imports/1/commit "HTTP/1.1 200 OK""
ts=2026-09-21T13:04:52.457Z level=INFO logger=app.http msg="request" method=GET path=/api/sessions status=200 ms=10
ts=2026-09-21T13:04:52.457Z level=INFO logger=httpx msg="HTTP Request: GET http://testserver/api/sessions "HTTP/1.1 200 OK""
ts=2026-09-21T13:04:54.774Z level=INFO logger=app.engine msg="Plan solved" candidates=451 halls=6 attempts=1 seed=12345
ts=2026-09-21T13:04:54.794Z level=INFO logger=app.audit msg="Alex Morgan generated version 1 for Mon 12 Oct 2026 · Morning with seed 12345: 451 candidates in 6 halls, 0 same-paper neighbours, solved in 2.3 s" action=plan.generated plan_id=1 actor=admin@seatwise.local
ts=2026-09-21T13:04:54.823Z level=INFO logger=app.plans msg="Plan generated" plan=1 session=1 ms=2307 seed=12345
ts=2026-09-21T13:04:54.825Z level=INFO logger=app.http msg="request" method=POST path=/api/sessions/1/plans status=201 ms=2367
ts=2026-09-21T13:04:54.826Z level=INFO logger=httpx msg="HTTP Request: POST http://testserver/api/sessions/1/plans "HTTP/1.1 201 Created""
ts=2026-09-21T13:04:57.114Z level=INFO logger=app.engine msg="Plan solved" candidates=451 halls=6 attempts=1 seed=12345
ts=2026-09-21T13:04:57.130Z level=INFO logger=app.audit msg="Alex Morgan generated version 2 for Mon 12 Oct 2026 · Morning with seed 12345: 451 candidates in 6 halls, 0 same-paper neighbours, solved in 2.3 s" action=plan.generated plan_id=2 actor=admin@seatwise.local
ts=2026-09-21T13:04:57.145Z level=INFO logger=app.plans msg="Plan generated" plan=2 session=1 ms=2278 seed=12345
ts=2026-09-21T13:04:57.147Z level=INFO logger=app.http msg="request" method=POST path=/api/sessions/1/plans status=201 ms=2319
ts=2026-09-21T13:04:57.148Z level=INFO logger=httpx msg="HTTP Request: POST http://testserver/api/sessions/1/plans "HTTP/1.1 201 Created""
ts=2026-09-21T13:04:59.446Z level=INFO logger=app.engine msg="Plan solved" candidates=451 halls=6 attempts=1 seed=12345
ts=2026-09-21T13:04:59.447Z level=INFO logger=app.audit msg="Alex Morgan verified version 1 of Mon 12 Oct 2026 · Morning: reproduced exactly" action=plan.verified plan_id=1 actor=admin@seatwise.local
ts=2026-09-21T13:04:59.448Z level=INFO logger=app.http msg="request" method=POST path=/api/plans/1/verify status=200 ms=2299
ts=2026-09-21T13:04:59.449Z level=INFO logger=httpx msg="HTTP Request: POST http://testserver/api/plans/1/verify "HTTP/1.1 200 OK""
ts=2026-09-21T13:05:01.441Z level=INFO logger=app.engine msg="Plan solved" candidates=451 halls=6 attempts=1 seed=999
ts=2026-09-21T13:05:01.458Z level=INFO logger=app.audit msg="Alex Morgan generated version 3 for Mon 12 Oct 2026 · Morning with seed 999: 451 candidates in 6 halls, 0 same-paper neighbours, solved in 2.0 s" action=plan.generated plan_id=3 actor=admin@seatwise.local
ts=2026-09-21T13:05:01.471Z level=INFO logger=app.plans msg="Plan generated" plan=3 session=1 ms=1980 seed=999
ts=2026-09-21T13:05:01.474Z level=INFO logger=app.http msg="request" method=POST path=/api/sessions/1/plans status=201 ms=2025
ts=2026-09-21T13:05:01.475Z level=INFO logger=httpx msg="HTTP Request: POST http://testserver/api/sessions/1/plans "HTTP/1.1 201 Created""
ts=2026-09-21T13:05:01.479Z level=INFO logger=app.http msg="request" method=GET path=/api/sessions/1/plans status=200 ms=2
ts=2026-09-21T13:05:01.479Z level=INFO logger=httpx msg="HTTP Request: GET http://testserver/api/sessions/1/plans "HTTP/1.1 200 OK""
ts=2026-09-21T13:05:01.560Z level=INFO logger=app.audit msg="Alex Morgan published version 1 for Mon 12 Oct 2026 · Morning" action=plan.published plan_id=1 actor=admin@seatwise.local
ts=2026-09-21T13:05:01.563Z level=INFO logger=app.http msg="request" method=POST path=/api/plans/1/publish status=200 ms=83
ts=2026-09-21T13:05:01.565Z level=INFO logger=httpx msg="HTTP Request: POST http://testserver/api/plans/1/publish "HTTP/1.1 200 OK""
ts=2026-09-21T13:05:01.584Z level=INFO logger=app.audit msg="Alex Morgan published version 3 for Mon 12 Oct 2026 · Morning (replacing version 1)" action=plan.published plan_id=3 actor=admin@seatwise.local
ts=2026-09-21T13:05:01.587Z level=INFO logger=app.http msg="request" method=POST path=/api/plans/3/publish status=200 ms=22
ts=2026-09-21T13:05:01.588Z level=INFO logger=httpx msg="HTTP Request: POST http://testserver/api/plans/3/publish "HTTP/1.1 200 OK""
ts=2026-09-21T13:05:01.593Z level=INFO logger=app.http msg="request" method=GET path=/api/sessions/1/plans status=200 ms=3
ts=2026-09-21T13:05:01.594Z level=INFO logger=httpx msg="HTTP Request: GET http://testserver/api/sessions/1/plans "HTTP/1.1 200 OK""
ts=2026-09-21T13:05:01.597Z level=INFO logger=app.http msg="request" method=DELETE path=/api/plans/3 status=409 ms=2
ts=2026-09-21T13:05:01.597Z level=INFO logger=httpx msg="HTTP Request: DELETE http://testserver/api/plans/3 "HTTP/1.1 409 Conflict""
ts=2026-09-21T13:05:01.600Z level=INFO logger=app.audit msg="Alex Morgan deleted version 1 of Mon 12 Oct 2026 · Morning" action=plan.deleted plan_id=None actor=admin@seatwise.local
ts=2026-09-21T13:05:01.602Z level=INFO logger=app.http msg="request" method=DELETE path=/api/plans/1 status=204 ms=5
ts=2026-09-21T13:05:01.602Z level=INFO logger=httpx msg="HTTP Request: DELETE http://testserver/api/plans/1 "HTTP/1.1 204 No Content""
ts=2026-09-21T13:05:01.607Z level=INFO logger=app.http msg="request" method=GET path=/api/sessions/1/plans status=200 ms=3
ts=2026-09-21T13:05:01.608Z level=INFO logger=httpx msg="HTTP Request: GET http://testserver/api/sessions/1/plans "HTTP/1.1 200 OK""
ts=2026-09-21T13:05:01.614Z level=INFO logger=app.http msg="request" method=GET path=/api/plans/3 status=200 ms=4
ts=2026-09-21T13:05:01.614Z level=INFO logger=httpx msg="HTTP Request: GET http://testserver/api/plans/3 "HTTP/1.1 200 OK""
ts=2026-09-21T13:05:01.626Z level=INFO logger=app.http msg="request" method=GET path=/api/plans/3/halls/11 status=200 ms=11
ts=2026-09-21T13:05:01.627Z level=INFO logger=httpx msg="HTTP Request: GET http://testserver/api/plans/3/halls/11 "HTTP/1.1 200 OK""
ts=2026-09-21T13:05:01.635Z level=INFO logger=app.http msg="request" method=GET path=/api/plans/3/halls/11/swap-check status=200 ms=7
ts=2026-09-21T13:05:01.636Z level=INFO logger=httpx msg="HTTP Request: GET http://testserver/api/plans/3/halls/11/swap-check?seat=A1 "HTTP/1.1 200 OK""
ts=2026-09-21T13:05:01.642Z level=INFO logger=app.http msg="request" method=POST path=/api/plans/3/swap status=409 ms=5
ts=2026-09-21T13:05:01.642Z level=INFO logger=httpx msg="HTTP Request: POST http://testserver/api/plans/3/swap "HTTP/1.1 409 Conflict""
ts=2026-09-21T13:05:01.669Z level=INFO logger=app.audit msg="Alex Morgan swapped ACF25015 (A1) with MCD24016 (A2) in EW-205, Mon 12 Oct 2026 · Morning v3" action=plan.seat_moved plan_id=3 actor=admin@seatwise.local
ts=2026-09-21T13:05:01.671Z level=INFO logger=app.http msg="request" method=POST path=/api/plans/3/swap status=200 ms=27
ts=2026-09-21T13:05:01.672Z level=INFO logger=httpx msg="HTTP Request: POST http://testserver/api/plans/3/swap "HTTP/1.1 200 OK""
ts=2026-09-21T13:05:01.676Z level=INFO logger=app.http msg="request" method=GET path=/api/plans/3 status=200 ms=3
ts=2026-09-21T13:05:01.677Z level=INFO logger=httpx msg="HTTP Request: GET http://testserver/api/plans/3 "HTTP/1.1 200 OK""
ts=2026-09-21T13:05:01.684Z level=INFO logger=app.http msg="request" method=GET path=/api/audit status=200 ms=6
ts=2026-09-21T13:05:01.684Z level=INFO logger=httpx msg="HTTP Request: GET http://testserver/api/audit?plan_id=3 "HTTP/1.1 200 OK""
ts=2026-09-21T13:05:01.688Z level=INFO logger=app.http msg="request" method=GET path=/api/sessions/1/plans status=200 ms=2
ts=2026-09-21T13:05:01.689Z level=INFO logger=httpx msg="HTTP Request: GET http://testserver/api/sessions/1/plans "HTTP/1.1 200 OK""
ts=2026-09-21T13:05:01.693Z level=INFO logger=app.http msg="request" method=GET path=/api/plans/3 status=200 ms=3
ts=2026-09-21T13:05:01.694Z level=INFO logger=httpx msg="HTTP Request: GET http://testserver/api/plans/3 "HTTP/1.1 200 OK""
ts=2026-09-21T13:05:01.696Z level=INFO logger=app.http msg="request" method=GET path=/api/auth/me status=200 ms=1
ts=2026-09-21T13:05:01.696Z level=INFO logger=httpx msg="HTTP Request: GET http://testserver/api/auth/me "HTTP/1.1 200 OK""
ts=2026-09-21T13:05:01.700Z level=INFO logger=app.http msg="request" method=GET path=/api/plans/3/halls/11 status=403 ms=3
ts=2026-09-21T13:05:01.700Z level=INFO logger=httpx msg="HTTP Request: GET http://testserver/api/plans/3/halls/11 "HTTP/1.1 403 Forbidden""
ts=2026-09-21T13:05:01.707Z level=INFO logger=app.audit msg="Alex Morgan set invigilators for v3 of Mon 12 Oct 2026 · Morning (EW-205: Sam Taylor)" action=plan.invigilators plan_id=3 actor=admin@seatwise.local
ts=2026-09-21T13:05:01.709Z level=INFO logger=app.http msg="request" method=PUT path=/api/plans/3/invigilators status=200 ms=7
ts=2026-09-21T13:05:01.710Z level=INFO logger=httpx msg="HTTP Request: PUT http://testserver/api/plans/3/invigilators "HTTP/1.1 200 OK""
ts=2026-09-21T13:05:01.719Z level=INFO logger=app.http msg="request" method=GET path=/api/plans/3/halls/11 status=200 ms=8
ts=2026-09-21T13:05:01.719Z level=INFO logger=httpx msg="HTTP Request: GET http://testserver/api/plans/3/halls/11 "HTTP/1.1 200 OK""
ts=2026-09-21T13:05:01.721Z level=INFO logger=app.http msg="request" method=GET path=/api/plans/3/halls/11/swap-check status=403 ms=1
ts=2026-09-21T13:05:01.722Z level=INFO logger=httpx msg="HTTP Request: GET http://testserver/api/plans/3/halls/11/swap-check?seat=A1 "HTTP/1.1 403 Forbidden""
ts=2026-09-21T13:05:01.726Z level=INFO logger=app.http msg="request" method=GET path=/api/halls status=200 ms=2
ts=2026-09-21T13:05:01.727Z level=INFO logger=httpx msg="HTTP Request: GET http://testserver/api/halls "HTTP/1.1 200 OK""
ts=2026-09-21T13:05:01.736Z level=INFO logger=app.audit msg="Alex Morgan could not generate a plan for Mon 12 Oct 2026 · Afternoon" action=plan.failed plan_id=None actor=admin@seatwise.local
ts=2026-09-21T13:05:01.737Z level=INFO logger=app.http msg="request" method=POST path=/api/sessions/2/plans status=422 ms=9
ts=2026-09-21T13:05:01.737Z level=INFO logger=httpx msg="HTTP Request: POST http://testserver/api/sessions/2/plans "HTTP/1.1 422 Unprocessable Entity""
ts=2026-09-21T13:05:01.741Z level=INFO logger=app.http msg="request" method=GET path=/api/audit status=200 ms=3
ts=2026-09-21T13:05:01.742Z level=INFO logger=httpx msg="HTTP Request: GET http://testserver/api/audit?action=plan.failed "HTTP/1.1 200 OK""
ts=2026-09-21T13:06:35.516Z level=INFO logger=app.seed msg="Created demo accounts" count=11
ts=2026-09-21T13:06:35.516Z level=INFO logger=app msg="SeatWise API ready" version=1.0.0 port=8113 env=development
ts=2026-09-21T13:06:35.717Z level=INFO logger=app.http msg="request" method=POST path=/api/auth/login status=200 ms=200
ts=2026-09-21T13:06:35.718Z level=INFO logger=httpx msg="HTTP Request: POST http://testserver/api/auth/login "HTTP/1.1 200 OK""
ts=2026-09-21T13:06:35.913Z level=INFO logger=app.http msg="request" method=POST path=/api/auth/login status=200 ms=194
ts=2026-09-21T13:06:35.914Z level=INFO logger=httpx msg="HTTP Request: POST http://testserver/api/auth/login "HTTP/1.1 200 OK""
ts=2026-09-21T13:06:35.932Z level=INFO logger=app.audit msg="Alex Morgan cleared all exam data" action=workspace.reset plan_id=None actor=admin@seatwise.local
ts=2026-09-21T13:06:35.934Z level=INFO logger=app.http msg="request" method=POST path=/api/settings/reset-workspace status=200 ms=18
ts=2026-09-21T13:06:35.935Z level=INFO logger=httpx msg="HTTP Request: POST http://testserver/api/settings/reset-workspace "HTTP/1.1 200 OK""
ts=2026-09-21T13:06:36.048Z level=INFO logger=app.http msg="request" method=POST path=/api/imports/workbook/validate status=200 ms=112
ts=2026-09-21T13:06:36.049Z level=INFO logger=httpx msg="HTTP Request: POST http://testserver/api/imports/workbook/validate "HTTP/1.1 200 OK""
ts=2026-09-21T13:06:36.341Z level=INFO logger=app.audit msg="Alex Morgan imported seatwise_sample_workbook.xlsx (courses: 49 new, 0 updated, halls: 14 new, 0 updated, candidates: 908 new, 0 updated, timetable: 49 new, 0 updated)" action=import.committed plan_id=None actor=admin@seatwise.local
ts=2026-09-21T13:06:36.344Z level=INFO logger=app.http msg="request" method=POST path=/api/imports/1/commit status=200 ms=295
ts=2026-09-21T13:06:36.345Z level=INFO logger=httpx msg="HTTP Request: POST http://testserver/api/imports/1/commit "HTTP/1.1 200 OK""
ts=2026-09-21T13:06:36.366Z level=INFO logger=app.http msg="request" method=GET path=/api/sessions status=200 ms=20
ts=2026-09-21T13:06:36.367Z level=INFO logger=httpx msg="HTTP Request: GET http://testserver/api/sessions "HTTP/1.1 200 OK""
ts=2026-09-21T13:06:38.483Z level=INFO logger=app.engine msg="Plan solved" candidates=451 halls=6 attempts=1 seed=3
ts=2026-09-21T13:06:38.502Z level=INFO logger=app.audit msg="Alex Morgan generated version 1 for Tue 13 Oct 2026 · Morning with seed 3: 451 candidates in 6 halls, 0 same-paper neighbours, solved in 2.1 s" action=plan.generated plan_id=1 actor=admin@seatwise.local
ts=2026-09-21T13:06:38.516Z level=INFO logger=app.plans msg="Plan generated" plan=1 session=3 ms=2095 seed=3
ts=2026-09-21T13:06:38.520Z level=INFO logger=app.http msg="request" method=POST path=/api/sessions/3/plans status=201 ms=2152
ts=2026-09-21T13:06:38.521Z level=INFO logger=httpx msg="HTTP Request: POST http://testserver/api/sessions/3/plans "HTTP/1.1 201 Created""
ts=2026-09-21T13:06:38.553Z level=INFO logger=app.audit msg="Alex Morgan published version 1 for Tue 13 Oct 2026 · Morning" action=plan.published plan_id=1 actor=admin@seatwise.local
ts=2026-09-21T13:06:38.557Z level=INFO logger=app.http msg="request" method=POST path=/api/plans/1/publish status=200 ms=35
ts=2026-09-21T13:06:38.557Z level=INFO logger=httpx msg="HTTP Request: POST http://testserver/api/plans/1/publish "HTTP/1.1 200 OK""
ts=2026-09-21T13:06:38.561Z level=INFO logger=app.http msg="request" method=GET path=/api/auth/me status=200 ms=2
ts=2026-09-21T13:06:38.561Z level=INFO logger=httpx msg="HTTP Request: GET http://testserver/api/auth/me "HTTP/1.1 200 OK""
ts=2026-09-21T13:06:38.566Z level=INFO logger=app.audit msg="Alex Morgan set invigilators for v1 of Tue 13 Oct 2026 · Morning (EW-205: Sam Taylor)" action=plan.invigilators plan_id=1 actor=admin@seatwise.local
ts=2026-09-21T13:06:38.569Z level=INFO logger=app.http msg="request" method=PUT path=/api/plans/1/invigilators status=200 ms=7
ts=2026-09-21T13:06:38.569Z level=INFO logger=httpx msg="HTTP Request: PUT http://testserver/api/plans/1/invigilators "HTTP/1.1 200 OK""
ts=2026-09-21T13:06:38.585Z level=INFO logger=app.http msg="request" method=GET path=/api/plans/1/halls/11 status=200 ms=14
ts=2026-09-21T13:06:38.585Z level=INFO logger=httpx msg="HTTP Request: GET http://testserver/api/plans/1/halls/11 "HTTP/1.1 200 OK""
ts=2026-09-21T13:06:38.592Z level=INFO logger=app.http msg="request" method=GET path=/api/plans/1/halls/3 status=200 ms=5
ts=2026-09-21T13:06:38.592Z level=INFO logger=httpx msg="HTTP Request: GET http://testserver/api/plans/1/halls/3 "HTTP/1.1 200 OK""
ts=2026-09-21T13:06:38.609Z level=INFO logger=app.http msg="request" method=GET path=/api/attendance/assignments status=200 ms=15
ts=2026-09-21T13:06:38.610Z level=INFO logger=httpx msg="HTTP Request: GET http://testserver/api/attendance/assignments "HTTP/1.1 200 OK""
ts=2026-09-21T13:06:38.620Z level=INFO logger=app.http msg="request" method=PUT path=/api/plans/1/halls/11/attendance/705 status=200 ms=8
ts=2026-09-21T13:06:38.621Z level=INFO logger=httpx msg="HTTP Request: PUT http://testserver/api/plans/1/halls/11/attendance/705 "HTTP/1.1 200 OK""
ts=2026-09-21T13:06:38.628Z level=INFO logger=app.http msg="request" method=POST path=/api/plans/1/halls/11/attendance/scan status=200 ms=6
ts=2026-09-21T13:06:38.629Z level=INFO logger=httpx msg="HTTP Request: POST http://testserver/api/plans/1/halls/11/attendance/scan "HTTP/1.1 200 OK""
ts=2026-09-21T13:06:38.634Z level=INFO logger=app.http msg="request" method=POST path=/api/plans/1/halls/11/attendance/scan status=200 ms=5
ts=2026-09-21T13:06:38.635Z level=INFO logger=httpx msg="HTTP Request: POST http://testserver/api/plans/1/halls/11/attendance/scan "HTTP/1.1 200 OK""
ts=2026-09-21T13:06:38.641Z level=INFO logger=app.http msg="request" method=POST path=/api/plans/1/halls/11/attendance/scan status=409 ms=4
ts=2026-09-21T13:06:38.642Z level=INFO logger=httpx msg="HTTP Request: POST http://testserver/api/plans/1/halls/11/attendance/scan "HTTP/1.1 409 Conflict""
ts=2026-09-21T13:06:38.645Z level=INFO logger=app.http msg="request" method=POST path=/api/plans/1/halls/11/attendance/scan status=404 ms=3
ts=2026-09-21T13:06:38.646Z level=INFO logger=httpx msg="HTTP Request: POST http://testserver/api/plans/1/halls/11/attendance/scan "HTTP/1.1 404 Not Found""
ts=2026-09-21T13:06:38.650Z level=INFO logger=app.http msg="request" method=POST path=/api/plans/1/halls/11/attendance/submit status=409 ms=3
ts=2026-09-21T13:06:38.651Z level=INFO logger=httpx msg="HTTP Request: POST http://testserver/api/plans/1/halls/11/attendance/submit "HTTP/1.1 409 Conflict""
ts=2026-09-21T13:06:38.668Z level=INFO logger=app.http msg="request" method=POST path=/api/plans/1/halls/11/attendance/mark-remaining-absent status=200 ms=16
ts=2026-09-21T13:06:38.668Z level=INFO logger=httpx msg="HTTP Request: POST http://testserver/api/plans/1/halls/11/attendance/mark-remaining-absent "HTTP/1.1 200 OK""
ts=2026-09-21T13:06:38.672Z level=INFO logger=app.audit msg="Sam Taylor submitted attendance for EW-205, Tue 13 Oct 2026 · Morning: 2 present, 70 absent" action=attendance.submitted plan_id=1 actor=invigilator@seatwise.local
ts=2026-09-21T13:06:38.675Z level=INFO logger=app.http msg="request" method=POST path=/api/plans/1/halls/11/attendance/submit status=200 ms=5
ts=2026-09-21T13:06:38.675Z level=INFO logger=httpx msg="HTTP Request: POST http://testserver/api/plans/1/halls/11/attendance/submit "HTTP/1.1 200 OK""
ts=2026-09-21T13:06:38.679Z level=INFO logger=app.http msg="request" method=PUT path=/api/plans/1/halls/11/attendance/705 status=409 ms=3
ts=2026-09-21T13:06:38.679Z level=INFO logger=httpx msg="HTTP Request: PUT http://testserver/api/plans/1/halls/11/attendance/705 "HTTP/1.1 409 Conflict""
ts=2026-09-21T13:06:38.682Z level=INFO logger=app.http msg="request" method=POST path=/api/plans/1/halls/11/attendance/reopen status=403 ms=2
ts=2026-09-21T13:06:38.683Z level=INFO logger=httpx msg="HTTP Request: POST http://testserver/api/plans/1/halls/11/attendance/reopen "HTTP/1.1 403 Forbidden""
ts=2026-09-21T13:06:38.686Z level=INFO logger=app.audit msg="Alex Morgan reopened attendance for EW-205, Tue 13 Oct 2026 · Morning" action=attendance.reopened plan_id=1 actor=admin@seatwise.local
ts=2026-09-21T13:06:38.688Z level=INFO logger=app.http msg="request" method=POST path=/api/plans/1/halls/11/attendance/reopen status=200 ms=4
ts=2026-09-21T13:06:38.688Z level=INFO logger=httpx msg="HTTP Request: POST http://testserver/api/plans/1/halls/11/attendance/reopen "HTTP/1.1 200 OK""
ts=2026-09-21T13:06:38.693Z level=INFO logger=app.http msg="request" method=POST path=/api/plans/1/halls/3/attendance/scan status=403 ms=3
ts=2026-09-21T13:06:38.693Z level=INFO logger=httpx msg="HTTP Request: POST http://testserver/api/plans/1/halls/3/attendance/scan "HTTP/1.1 403 Forbidden""
ts=2026-09-21T13:08:40.727Z level=INFO logger=uvicorn.error msg="Started server process [1940]"
ts=2026-09-21T13:08:40.728Z level=INFO logger=uvicorn.error msg="Waiting for application startup."
ts=2026-09-21T13:08:40.744Z level=INFO logger=app msg="SeatWise API ready" version=1.0.0 port=8113 env=development
ts=2026-09-21T13:08:40.745Z level=INFO logger=uvicorn.error msg="Application startup complete."
ts=2026-09-21T13:08:40.745Z level=INFO logger=uvicorn.error msg="Uvicorn running on http://127.0.0.1:8113 (Press CTRL+C to quit)"
ts=2026-09-21T13:08:48.161Z level=INFO logger=app.http msg="request" method=GET path=/api/health status=200 ms=3
ts=2026-09-21T13:08:48.665Z level=INFO logger=app.http msg="request" method=POST path=/api/auth/login status=200 ms=231
ts=2026-09-21T13:08:48.730Z level=INFO logger=app.http msg="request" method=GET path=/api/attendance/assignments status=200 ms=63
ts=2026-09-21T13:08:48.751Z level=INFO logger=app.http msg="request" method=GET path=/api/plans/1/halls/3 status=200 ms=18
ts=2026-09-21T13:08:49.844Z level=INFO logger=app.http msg="request" method=POST path=/api/auth/login status=200 ms=211
ts=2026-09-21T13:08:49.927Z level=INFO logger=app.http msg="request" method=GET path=/api/auth/demo status=200 ms=234
ts=2026-09-21T13:08:49.949Z level=INFO logger=app.http msg="request" method=GET path=/api/auth/me status=200 ms=3
ts=2026-09-21T13:08:50.048Z level=INFO logger=app.http msg="request" method=GET path=/api/attendance/assignments status=200 ms=5
ts=2026-09-21T13:08:50.978Z level=INFO logger=app.http msg="request" method=GET path=/api/plans/1/halls/3 status=200 ms=10
ts=2026-09-21T13:08:51.134Z level=INFO logger=app.http msg="request" method=POST path=/api/plans/1/halls/3/attendance/scan status=200 ms=14
ts=2026-09-21T13:08:51.149Z level=INFO logger=app.http msg="request" method=GET path=/api/plans/1/halls/3 status=200 ms=8
ts=2026-09-21T13:08:53.131Z level=INFO logger=app.http msg="request" method=POST path=/api/plans/1/halls/3/attendance/scan status=200 ms=8
ts=2026-09-21T13:08:53.148Z level=INFO logger=app.http msg="request" method=GET path=/api/plans/1/halls/3 status=200 ms=11
ts=2026-09-21T13:08:58.176Z level=INFO logger=app.http msg="request" method=GET path=/api/plans/1/halls/3 status=200 ms=9
ts=2026-09-21T13:09:03.190Z level=INFO logger=app.http msg="request" method=GET path=/api/plans/1/halls/3 status=200 ms=9
ts=2026-09-21T13:09:08.204Z level=INFO logger=app.http msg="request" method=GET path=/api/plans/1/halls/3 status=200 ms=7
ts=2026-09-21T13:09:13.217Z level=INFO logger=app.http msg="request" method=GET path=/api/plans/1/halls/3 status=200 ms=8
ts=2026-09-21T13:09:18.231Z level=INFO logger=app.http msg="request" method=GET path=/api/plans/1/halls/3 status=200 ms=8
ts=2026-09-21T13:09:23.243Z level=INFO logger=app.http msg="request" method=GET path=/api/plans/1/halls/3 status=200 ms=8
ts=2026-09-21T13:09:40.527Z level=INFO logger=app.http msg="request" method=GET path=/api/health status=200 ms=1
ts=2026-09-21T13:09:41.011Z level=INFO logger=app.http msg="request" method=POST path=/api/auth/login status=200 ms=205
ts=2026-09-21T13:09:41.017Z level=INFO logger=app.http msg="request" method=GET path=/api/attendance/assignments status=200 ms=4
ts=2026-09-21T13:09:41.028Z level=INFO logger=app.http msg="request" method=GET path=/api/plans/1/halls/3 status=200 ms=8
ts=2026-09-21T13:09:41.942Z level=INFO logger=app.http msg="request" method=POST path=/api/auth/login status=200 ms=215
ts=2026-09-21T13:09:42.001Z level=INFO logger=app.http msg="request" method=GET path=/api/auth/demo status=200 ms=218
ts=2026-09-21T13:09:42.024Z level=INFO logger=app.http msg="request" method=GET path=/api/auth/me status=200 ms=2
ts=2026-09-21T13:09:42.086Z level=INFO logger=app.http msg="request" method=GET path=/api/attendance/assignments status=200 ms=4
ts=2026-09-21T13:09:42.916Z level=INFO logger=app.http msg="request" method=GET path=/api/plans/1/halls/3 status=200 ms=8
ts=2026-09-21T13:09:42.995Z level=INFO logger=app.http msg="request" method=POST path=/api/plans/1/halls/3/attendance/scan status=200 ms=8
ts=2026-09-21T13:09:43.018Z level=INFO logger=app.http msg="request" method=GET path=/api/plans/1/halls/3 status=200 ms=9
ts=2026-09-21T13:09:44.962Z level=INFO logger=app.http msg="request" method=POST path=/api/plans/1/halls/3/attendance/scan status=200 ms=7
ts=2026-09-21T13:09:44.981Z level=INFO logger=app.http msg="request" method=GET path=/api/plans/1/halls/3 status=200 ms=11
ts=2026-09-21T13:09:46.953Z level=INFO logger=app.http msg="request" method=PUT path=/api/plans/1/halls/3/attendance/387 status=200 ms=6
ts=2026-09-21T13:09:46.975Z level=INFO logger=app.http msg="request" method=GET path=/api/plans/1/halls/3 status=200 ms=8
ts=2026-09-21T13:09:46.995Z level=INFO logger=app.http msg="request" method=PUT path=/api/plans/1/halls/3/attendance/198 status=200 ms=6
ts=2026-09-21T13:09:47.011Z level=INFO logger=app.http msg="request" method=GET path=/api/plans/1/halls/3 status=200 ms=9
ts=2026-09-21T13:11:18.787Z level=INFO logger=app.seed msg="Created demo accounts" count=11
ts=2026-09-21T13:11:18.788Z level=INFO logger=app msg="SeatWise API ready" version=1.0.0 port=8113 env=development
ts=2026-09-21T13:11:19.028Z level=INFO logger=app.http msg="request" method=POST path=/api/auth/login status=200 ms=239
ts=2026-09-21T13:11:19.030Z level=INFO logger=httpx msg="HTTP Request: POST http://testserver/api/auth/login "HTTP/1.1 200 OK""
ts=2026-09-21T13:11:19.047Z level=INFO logger=app.audit msg="Alex Morgan cleared all exam data" action=workspace.reset plan_id=None actor=admin@seatwise.local
ts=2026-09-21T13:11:19.050Z level=INFO logger=app.http msg="request" method=POST path=/api/settings/reset-workspace status=200 ms=18
ts=2026-09-21T13:11:19.052Z level=INFO logger=httpx msg="HTTP Request: POST http://testserver/api/settings/reset-workspace "HTTP/1.1 200 OK""
ts=2026-09-21T13:11:19.172Z level=INFO logger=app.http msg="request" method=POST path=/api/imports/workbook/validate status=200 ms=120
ts=2026-09-21T13:11:19.173Z level=INFO logger=httpx msg="HTTP Request: POST http://testserver/api/imports/workbook/validate "HTTP/1.1 200 OK""
ts=2026-09-21T13:11:19.478Z level=INFO logger=app.audit msg="Alex Morgan imported seatwise_sample_workbook.xlsx (courses: 49 new, 0 updated, halls: 14 new, 0 updated, candidates: 908 new, 0 updated, timetable: 49 new, 0 updated)" action=import.committed plan_id=None actor=admin@seatwise.local
ts=2026-09-21T13:11:19.481Z level=INFO logger=app.http msg="request" method=POST path=/api/imports/1/commit status=200 ms=305
ts=2026-09-21T13:11:19.482Z level=INFO logger=httpx msg="HTTP Request: POST http://testserver/api/imports/1/commit "HTTP/1.1 200 OK""
ts=2026-09-21T13:11:19.504Z level=INFO logger=app.http msg="request" method=GET path=/api/sessions status=200 ms=20
ts=2026-09-21T13:11:19.505Z level=INFO logger=httpx msg="HTTP Request: GET http://testserver/api/sessions "HTTP/1.1 200 OK""
ts=2026-09-21T13:11:21.674Z level=INFO logger=app.engine msg="Plan solved" candidates=451 halls=6 attempts=1 seed=5
ts=2026-09-21T13:11:21.697Z level=INFO logger=app.audit msg="Alex Morgan generated version 1 for Mon 12 Oct 2026 · Morning with seed 5: 451 candidates in 6 halls, 0 same-paper neighbours, solved in 2.1 s" action=plan.generated plan_id=1 actor=admin@seatwise.local
ts=2026-09-21T13:11:21.710Z level=INFO logger=app.plans msg="Plan generated" plan=1 session=1 ms=2143 seed=5
ts=2026-09-21T13:11:21.715Z level=INFO logger=app.http msg="request" method=POST path=/api/sessions/1/plans status=201 ms=2208
ts=2026-09-21T13:11:21.716Z level=INFO logger=httpx msg="HTTP Request: POST http://testserver/api/sessions/1/plans "HTTP/1.1 201 Created""
ts=2026-09-21T13:11:21.742Z level=INFO logger=app.audit msg="Alex Morgan published version 1 for Mon 12 Oct 2026 · Morning" action=plan.published plan_id=1 actor=admin@seatwise.local
ts=2026-09-21T13:11:21.745Z level=INFO logger=app.http msg="request" method=POST path=/api/plans/1/publish status=200 ms=29
ts=2026-09-21T13:11:21.746Z level=INFO logger=httpx msg="HTTP Request: POST http://testserver/api/plans/1/publish "HTTP/1.1 200 OK""
ts=2026-09-21T13:11:23.504Z level=INFO logger=app.engine msg="Plan solved" candidates=457 halls=7 attempts=1 seed=6
ts=2026-09-21T13:11:23.530Z level=INFO logger=app.audit msg="Alex Morgan generated version 1 for Mon 12 Oct 2026 · Afternoon with seed 6: 457 candidates in 7 halls, 0 same-paper neighbours, solved in 1.7 s" action=plan.generated plan_id=2 actor=admin@seatwise.local
ts=2026-09-21T13:11:23.552Z level=INFO logger=app.plans msg="Plan generated" plan=2 session=2 ms=1747 seed=6
ts=2026-09-21T13:11:23.555Z level=INFO logger=app.http msg="request" method=POST path=/api/sessions/2/plans status=201 ms=1808
ts=2026-09-21T13:11:23.556Z level=INFO logger=httpx msg="HTTP Request: POST http://testserver/api/sessions/2/plans "HTTP/1.1 201 Created""
ts=2026-09-21T13:11:23.576Z level=INFO logger=app.http msg="request" method=GET path=/api/plans/1/halls/11 status=200 ms=19
ts=2026-09-21T13:11:23.577Z level=INFO logger=httpx msg="HTTP Request: GET http://testserver/api/plans/1/halls/11 "HTTP/1.1 200 OK""
ts=2026-09-21T13:11:23.601Z level=INFO logger=app.http msg="request" method=GET path=/api/public/lookup/dan25060 status=200 ms=22
ts=2026-09-21T13:11:23.602Z level=INFO logger=httpx msg="HTTP Request: GET http://testserver/api/public/lookup/dan25060 "HTTP/1.1 200 OK""
ts=2026-09-21T13:11:23.606Z level=INFO logger=app.http msg="request" method=GET path=/api/public/lookup/NOPE0000 status=404 ms=1
ts=2026-09-21T13:11:23.606Z level=INFO logger=httpx msg="HTTP Request: GET http://testserver/api/public/lookup/NOPE0000 "HTTP/1.1 404 Not Found""
ts=2026-09-21T13:11:23.610Z level=INFO logger=app.http msg="request" method=GET path=/api/public/slip/DAN25060/2.pdf status=404 ms=3
ts=2026-09-21T13:11:23.610Z level=INFO logger=httpx msg="HTTP Request: GET http://testserver/api/public/slip/DAN25060/2.pdf "HTTP/1.1 404 Not Found""
ts=2026-09-21T13:11:23.700Z level=INFO logger=app.http msg="request" method=GET path=/api/public/slip/DAN25060/1.pdf status=200 ms=88
ts=2026-09-21T13:11:23.701Z level=INFO logger=httpx msg="HTTP Request: GET http://testserver/api/public/slip/DAN25060/1.pdf "HTTP/1.1 200 OK""
ts=2026-09-21T13:11:23.728Z level=INFO logger=app.http msg="request" method=GET path=/api/public/qr/DAN25060.png status=200 ms=27
ts=2026-09-21T13:11:23.729Z level=INFO logger=httpx msg="HTTP Request: GET http://testserver/api/public/qr/DAN25060.png "HTTP/1.1 200 OK""
ts=2026-09-21T13:11:23.733Z level=INFO logger=app.http msg="request" method=GET path=/api/public/lookup/DAN25060 status=200 ms=2
ts=2026-09-21T13:11:23.734Z level=INFO logger=httpx msg="HTTP Request: GET http://testserver/api/public/lookup/DAN25060 "HTTP/1.1 200 OK""
ts=2026-09-21T13:11:23.736Z level=INFO logger=app.http msg="request" method=GET path=/api/public/lookup/DAN25060 status=200 ms=2
ts=2026-09-21T13:11:23.737Z level=INFO logger=httpx msg="HTTP Request: GET http://testserver/api/public/lookup/DAN25060 "HTTP/1.1 200 OK""
ts=2026-09-21T13:11:23.740Z level=INFO logger=app.http msg="request" method=GET path=/api/public/lookup/DAN25060 status=200 ms=2
ts=2026-09-21T13:11:23.741Z level=INFO logger=httpx msg="HTTP Request: GET http://testserver/api/public/lookup/DAN25060 "HTTP/1.1 200 OK""
ts=2026-09-21T13:11:23.742Z level=INFO logger=app.http msg="request" method=GET path=/api/public/lookup/DAN25060 status=429 ms=1
ts=2026-09-21T13:11:23.743Z level=INFO logger=httpx msg="HTTP Request: GET http://testserver/api/public/lookup/DAN25060 "HTTP/1.1 429 Too Many Requests""
ts=2026-09-21T13:12:36.050Z level=INFO logger=uvicorn.error msg="Started server process [22976]"
ts=2026-09-21T13:12:36.050Z level=INFO logger=uvicorn.error msg="Waiting for application startup."
ts=2026-09-21T13:12:36.070Z level=INFO logger=app msg="SeatWise API ready" version=1.0.0 port=8113 env=development
ts=2026-09-21T13:12:36.070Z level=INFO logger=uvicorn.error msg="Application startup complete."
ts=2026-09-21T13:12:36.071Z level=INFO logger=uvicorn.error msg="Uvicorn running on http://127.0.0.1:8113 (Press CTRL+C to quit)"
ts=2026-09-21T13:12:41.595Z level=INFO logger=app.http msg="request" method=GET path=/api/health status=200 ms=3
ts=2026-09-21T13:12:42.129Z level=INFO logger=app.http msg="request" method=POST path=/api/auth/login status=200 ms=231
ts=2026-09-21T13:12:42.162Z level=INFO logger=app.http msg="request" method=GET path=/api/plans status=200 ms=31
ts=2026-09-21T13:12:42.171Z level=INFO logger=app.http msg="request" method=GET path=/api/plans/1 status=200 ms=7
ts=2026-09-21T13:12:42.189Z level=INFO logger=app.http msg="request" method=GET path=/api/plans/1/halls/3 status=200 ms=16
ts=2026-09-21T13:12:43.263Z level=INFO logger=app.http msg="request" method=GET path=/api/public/lookup/SWE24007 status=200 ms=19
ts=2026-09-21T13:12:45.426Z level=INFO logger=app.http msg="request" method=GET path=/api/public/lookup/XYZ000 status=404 ms=2
ts=2026-09-21T13:14:07.683Z level=INFO logger=app.seed msg="Created demo accounts" count=11
ts=2026-09-21T13:14:07.683Z level=INFO logger=app msg="SeatWise API ready" version=1.0.0 port=8113 env=development
ts=2026-09-21T13:14:07.896Z level=INFO logger=app.http msg="request" method=POST path=/api/auth/login status=200 ms=211
ts=2026-09-21T13:14:07.897Z level=INFO logger=httpx msg="HTTP Request: POST http://testserver/api/auth/login "HTTP/1.1 200 OK""
ts=2026-09-21T13:14:07.910Z level=INFO logger=app.audit msg="Alex Morgan cleared all exam data" action=workspace.reset plan_id=None actor=admin@seatwise.local
ts=2026-09-21T13:14:07.912Z level=INFO logger=app.http msg="request" method=POST path=/api/settings/reset-workspace status=200 ms=14
ts=2026-09-21T13:14:07.913Z level=INFO logger=httpx msg="HTTP Request: POST http://testserver/api/settings/reset-workspace "HTTP/1.1 200 OK""
ts=2026-09-21T13:14:08.028Z level=INFO logger=app.http msg="request" method=POST path=/api/imports/workbook/validate status=200 ms=113
ts=2026-09-21T13:14:08.029Z level=INFO logger=httpx msg="HTTP Request: POST http://testserver/api/imports/workbook/validate "HTTP/1.1 200 OK""
ts=2026-09-21T13:14:08.332Z level=INFO logger=app.audit msg="Alex Morgan imported seatwise_sample_workbook.xlsx (courses: 49 new, 0 updated, halls: 14 new, 0 updated, candidates: 908 new, 0 updated, timetable: 49 new, 0 updated)" action=import.committed plan_id=None actor=admin@seatwise.local
ts=2026-09-21T13:14:08.335Z level=INFO logger=app.http msg="request" method=POST path=/api/imports/1/commit status=200 ms=306
ts=2026-09-21T13:14:08.338Z level=INFO logger=httpx msg="HTTP Request: POST http://testserver/api/imports/1/commit "HTTP/1.1 200 OK""
ts=2026-09-21T13:14:08.362Z level=INFO logger=app.http msg="request" method=GET path=/api/sessions status=200 ms=24
ts=2026-09-21T13:14:08.363Z level=INFO logger=httpx msg="HTTP Request: GET http://testserver/api/sessions "HTTP/1.1 200 OK""
ts=2026-09-21T13:14:10.647Z level=INFO logger=app.engine msg="Plan solved" candidates=451 halls=6 attempts=1 seed=8
ts=2026-09-21T13:14:10.667Z level=INFO logger=app.audit msg="Alex Morgan generated version 1 for Mon 12 Oct 2026 · Morning with seed 8: 451 candidates in 6 halls, 0 same-paper neighbours, solved in 2.3 s" action=plan.generated plan_id=1 actor=admin@seatwise.local
ts=2026-09-21T13:14:10.682Z level=INFO logger=app.plans msg="Plan generated" plan=1 session=1 ms=2260 seed=8
ts=2026-09-21T13:14:10.685Z level=INFO logger=app.http msg="request" method=POST path=/api/sessions/1/plans status=201 ms=2321
ts=2026-09-21T13:14:10.686Z level=INFO logger=httpx msg="HTTP Request: POST http://testserver/api/sessions/1/plans "HTTP/1.1 201 Created""
ts=2026-09-21T13:14:10.714Z level=INFO logger=app.audit msg="Alex Morgan published version 1 for Mon 12 Oct 2026 · Morning" action=plan.published plan_id=1 actor=admin@seatwise.local
ts=2026-09-21T13:14:10.717Z level=INFO logger=app.http msg="request" method=POST path=/api/plans/1/publish status=200 ms=30
ts=2026-09-21T13:14:10.718Z level=INFO logger=httpx msg="HTTP Request: POST http://testserver/api/plans/1/publish "HTTP/1.1 200 OK""
ts=2026-09-21T13:14:10.738Z level=INFO logger=app.http msg="request" method=GET path=/api/analytics/overview status=200 ms=18
ts=2026-09-21T13:14:10.739Z level=INFO logger=httpx msg="HTTP Request: GET http://testserver/api/analytics/overview "HTTP/1.1 200 OK""
ts=2026-09-21T13:14:10.747Z level=INFO logger=app.http msg="request" method=GET path=/api/analytics/plans/1 status=200 ms=4
ts=2026-09-21T13:14:10.747Z level=INFO logger=httpx msg="HTTP Request: GET http://testserver/api/analytics/plans/1 "HTTP/1.1 200 OK""
ts=2026-09-21T13:14:10.752Z level=INFO logger=app.http msg="request" method=GET path=/api/analytics/engine status=200 ms=3
ts=2026-09-21T13:14:10.752Z level=INFO logger=httpx msg="HTTP Request: GET http://testserver/api/analytics/engine "HTTP/1.1 200 OK""
ts=2026-09-21T13:14:10.759Z level=INFO logger=app.http msg="request" method=GET path=/api/analytics/engine/plots/solve_time_by_size.png status=200 ms=5
ts=2026-09-21T13:14:10.760Z level=INFO logger=httpx msg="HTTP Request: GET http://testserver/api/analytics/engine/plots/solve_time_by_size.png "HTTP/1.1 200 OK""
ts=2026-09-21T13:14:10.765Z level=INFO logger=app.http msg="request" method=GET path=/api/analytics/engine/plots/../../secret.png status=404 ms=3
ts=2026-09-21T13:14:10.766Z level=INFO logger=httpx msg="HTTP Request: GET http://testserver/api/analytics/engine/plots/..%2F..%2Fsecret.png "HTTP/1.1 404 Not Found""
ts=2026-09-21T13:14:10.963Z level=INFO logger=app.http msg="request" method=POST path=/api/auth/login status=200 ms=197
ts=2026-09-21T13:14:10.965Z level=INFO logger=httpx msg="HTTP Request: POST http://testserver/api/auth/login "HTTP/1.1 200 OK""
ts=2026-09-21T13:14:10.968Z level=INFO logger=app.http msg="request" method=GET path=/api/analytics/overview status=403 ms=2
ts=2026-09-21T13:14:10.969Z level=INFO logger=httpx msg="HTTP Request: GET http://testserver/api/analytics/overview "HTTP/1.1 403 Forbidden""
ts=2026-09-21T13:17:20.946Z level=INFO logger=uvicorn.error msg="Started server process [6728]"
ts=2026-09-21T13:17:20.947Z level=INFO logger=uvicorn.error msg="Waiting for application startup."
ts=2026-09-21T13:17:20.962Z level=INFO logger=app msg="SeatWise API ready" version=1.0.0 port=8113 env=development
ts=2026-09-21T13:17:20.962Z level=INFO logger=uvicorn.error msg="Application startup complete."
ts=2026-09-21T13:17:20.963Z level=INFO logger=uvicorn.error msg="Uvicorn running on http://127.0.0.1:8113 (Press CTRL+C to quit)"
ts=2026-09-21T13:17:26.645Z level=INFO logger=app.http msg="request" method=GET path=/api/health status=200 ms=3
ts=2026-09-21T13:17:28.135Z level=INFO logger=app.http msg="request" method=POST path=/api/auth/login status=200 ms=269
ts=2026-09-21T13:17:28.143Z level=INFO logger=app.http msg="request" method=GET path=/api/auth/demo status=200 ms=214
ts=2026-09-21T13:17:28.221Z level=INFO logger=app.http msg="request" method=GET path=/api/auth/me status=200 ms=3
ts=2026-09-21T13:17:28.448Z level=INFO logger=app.http msg="request" method=GET path=/api/analytics/overview status=200 ms=49
ts=2026-09-21T13:17:30.976Z level=INFO logger=app.http msg="request" method=GET path=/api/auth/me status=200 ms=4
ts=2026-09-21T13:17:31.084Z level=INFO logger=app.http msg="request" method=GET path=/api/plans status=200 ms=7
ts=2026-09-21T13:17:31.103Z level=INFO logger=app.http msg="request" method=GET path=/api/analytics/plans/1 status=200 ms=7
ts=2026-09-21T13:17:33.721Z level=INFO logger=app.http msg="request" method=GET path=/api/auth/me status=200 ms=3
ts=2026-09-21T13:17:33.772Z level=INFO logger=app.http msg="request" method=GET path=/api/analytics/engine status=200 ms=5
ts=2026-09-21T13:17:33.818Z level=INFO logger=app.http msg="request" method=GET path=/api/analytics/engine/plots/solve_time_by_size.png status=200 ms=16
ts=2026-09-21T13:17:33.819Z level=INFO logger=app.http msg="request" method=GET path=/api/analytics/engine/plots/conflicts_by_method.png status=200 ms=15
ts=2026-09-21T13:17:33.843Z level=INFO logger=app.http msg="request" method=GET path=/api/analytics/engine/plots/department_mix_by_method.png status=200 ms=37
ts=2026-09-21T13:17:33.844Z level=INFO logger=app.http msg="request" method=GET path=/api/analytics/engine/plots/neighbour_overlap.png status=200 ms=35
ts=2026-09-21T13:17:33.844Z level=INFO logger=app.http msg="request" method=GET path=/api/analytics/engine/plots/hall_utilisation.png status=200 ms=34
ts=2026-09-21T13:17:33.845Z level=INFO logger=app.http msg="request" method=GET path=/api/analytics/engine/plots/roll_seat_correlation.png status=200 ms=38
ts=2026-09-21T13:17:33.849Z level=INFO logger=app.http msg="request" method=GET path=/api/analytics/engine/plots/budget_tuning.png status=200 ms=23
ts=2026-09-21T13:17:38.387Z level=INFO logger=app.http msg="request" method=POST path=/api/auth/login status=200 ms=217
ts=2026-09-21T13:17:38.457Z level=INFO logger=app.http msg="request" method=GET path=/api/auth/demo status=200 ms=218
ts=2026-09-21T13:17:38.470Z level=INFO logger=app.http msg="request" method=GET path=/api/auth/me status=200 ms=2
ts=2026-09-21T13:17:38.580Z level=INFO logger=app.http msg="request" method=GET path=/api/analytics/overview status=200 ms=8
ts=2026-09-21T13:18:35.079Z level=INFO logger=app.http msg="request" method=GET path=/api/health status=200 ms=1
ts=2026-09-21T13:18:37.727Z level=INFO logger=app.http msg="request" method=POST path=/api/auth/login status=200 ms=213
ts=2026-09-21T13:18:37.783Z level=INFO logger=app.http msg="request" method=GET path=/api/auth/demo status=200 ms=214
ts=2026-09-21T13:18:37.804Z level=INFO logger=app.http msg="request" method=GET path=/api/auth/me status=200 ms=2
ts=2026-09-21T13:18:37.911Z level=INFO logger=app.http msg="request" method=GET path=/api/analytics/overview status=200 ms=7
ts=2026-09-21T13:18:42.895Z level=INFO logger=app.http msg="request" method=POST path=/api/auth/login status=200 ms=220
ts=2026-09-21T13:18:42.962Z level=INFO logger=app.http msg="request" method=GET path=/api/auth/demo status=200 ms=220
ts=2026-09-21T13:18:42.972Z level=INFO logger=app.http msg="request" method=GET path=/api/auth/me status=200 ms=2
ts=2026-09-21T13:18:43.091Z level=INFO logger=app.http msg="request" method=GET path=/api/plans status=200 ms=3
ts=2026-09-21T13:18:43.109Z level=INFO logger=app.http msg="request" method=GET path=/api/analytics/plans/1 status=200 ms=5
ts=2026-09-21T13:19:21.611Z level=INFO logger=uvicorn.error msg="Started server process [5516]"
ts=2026-09-21T13:19:21.613Z level=INFO logger=uvicorn.error msg="Waiting for application startup."
ts=2026-09-21T13:19:21.629Z level=INFO logger=app msg="SeatWise API ready" version=1.0.0 port=8113 env=development
ts=2026-09-21T13:19:21.629Z level=INFO logger=uvicorn.error msg="Application startup complete."
ts=2026-09-21T13:19:21.630Z level=INFO logger=uvicorn.error msg="Uvicorn running on http://127.0.0.1:8113 (Press CTRL+C to quit)"
ts=2026-09-21T13:19:23.582Z level=INFO logger=app.http msg="request" method=GET path=/api/health status=200 ms=4
ts=2026-09-21T13:19:25.075Z level=INFO logger=app.http msg="request" method=POST path=/api/auth/login status=200 ms=266
ts=2026-09-21T13:19:25.096Z level=INFO logger=app.http msg="request" method=GET path=/api/auth/demo status=200 ms=215
ts=2026-09-21T13:19:25.170Z level=INFO logger=app.http msg="request" method=GET path=/api/auth/me status=200 ms=3
ts=2026-09-21T13:19:25.384Z level=INFO logger=app.http msg="request" method=GET path=/api/analytics/engine status=200 ms=40
ts=2026-09-21T13:19:25.477Z level=INFO logger=app.http msg="request" method=GET path=/api/analytics/engine/plots/solve_time_by_size.png status=200 ms=57
ts=2026-09-21T13:19:25.477Z level=INFO logger=app.http msg="request" method=GET path=/api/analytics/engine/plots/conflicts_by_method.png status=200 ms=56
ts=2026-09-21T13:19:25.481Z level=INFO logger=app.http msg="request" method=GET path=/api/analytics/engine/plots/department_mix_by_method.png status=200 ms=60
ts=2026-09-21T13:19:25.481Z level=INFO logger=app.http msg="request" method=GET path=/api/analytics/engine/plots/roll_seat_correlation.png status=200 ms=59
ts=2026-09-21T13:19:25.482Z level=INFO logger=app.http msg="request" method=GET path=/api/analytics/engine/plots/neighbour_overlap.png status=200 ms=58
ts=2026-09-21T13:19:25.483Z level=INFO logger=app.http msg="request" method=GET path=/api/analytics/engine/plots/hall_utilisation.png status=200 ms=58
ts=2026-09-21T13:19:25.493Z level=INFO logger=app.http msg="request" method=GET path=/api/analytics/engine/plots/budget_tuning.png status=200 ms=4
ts=2026-09-21T13:19:30.552Z level=INFO logger=app.http msg="request" method=GET path=/api/auth/me status=200 ms=3
ts=2026-09-21T13:19:30.617Z level=INFO logger=app.http msg="request" method=GET path=/api/plans status=200 ms=8
ts=2026-09-21T13:19:30.638Z level=INFO logger=app.http msg="request" method=GET path=/api/analytics/plans/1 status=200 ms=9
ts=2026-09-21T13:20:15.159Z level=INFO logger=app.seed msg="Created demo accounts" count=11
ts=2026-09-21T13:20:15.159Z level=INFO logger=app msg="SeatWise API ready" version=1.0.0 port=8113 env=development
ts=2026-09-21T13:20:15.355Z level=INFO logger=app.http msg="request" method=POST path=/api/auth/login status=200 ms=194
ts=2026-09-21T13:20:15.356Z level=INFO logger=httpx msg="HTTP Request: POST http://testserver/api/auth/login "HTTP/1.1 200 OK""
ts=2026-09-21T13:20:15.367Z level=INFO logger=app.audit msg="Alex Morgan cleared all exam data" action=workspace.reset plan_id=None actor=admin@seatwise.local
ts=2026-09-21T13:20:15.369Z level=INFO logger=app.http msg="request" method=POST path=/api/settings/reset-workspace status=200 ms=12
ts=2026-09-21T13:20:15.370Z level=INFO logger=httpx msg="HTTP Request: POST http://testserver/api/settings/reset-workspace "HTTP/1.1 200 OK""
ts=2026-09-21T13:20:15.483Z level=INFO logger=app.http msg="request" method=POST path=/api/imports/workbook/validate status=200 ms=112
ts=2026-09-21T13:20:15.484Z level=INFO logger=httpx msg="HTTP Request: POST http://testserver/api/imports/workbook/validate "HTTP/1.1 200 OK""
ts=2026-09-21T13:20:15.795Z level=INFO logger=app.audit msg="Alex Morgan imported seatwise_sample_workbook.xlsx (courses: 49 new, 0 updated, halls: 14 new, 0 updated, candidates: 908 new, 0 updated, timetable: 49 new, 0 updated)" action=import.committed plan_id=None actor=admin@seatwise.local
ts=2026-09-21T13:20:15.798Z level=INFO logger=app.http msg="request" method=POST path=/api/imports/1/commit status=200 ms=313
ts=2026-09-21T13:20:15.799Z level=INFO logger=httpx msg="HTTP Request: POST http://testserver/api/imports/1/commit "HTTP/1.1 200 OK""
ts=2026-09-21T13:20:15.820Z level=INFO logger=app.http msg="request" method=GET path=/api/sessions status=200 ms=20
ts=2026-09-21T13:20:15.821Z level=INFO logger=httpx msg="HTTP Request: GET http://testserver/api/sessions "HTTP/1.1 200 OK""
ts=2026-09-21T13:20:18.067Z level=INFO logger=app.engine msg="Plan solved" candidates=451 halls=6 attempts=1 seed=8
ts=2026-09-21T13:20:18.087Z level=INFO logger=app.audit msg="Alex Morgan generated version 1 for Mon 12 Oct 2026 · Morning with seed 8: 451 candidates in 6 halls, 0 same-paper neighbours, solved in 2.2 s" action=plan.generated plan_id=1 actor=admin@seatwise.local
ts=2026-09-21T13:20:18.101Z level=INFO logger=app.plans msg="Plan generated" plan=1 session=1 ms=2221 seed=8
ts=2026-09-21T13:20:18.104Z level=INFO logger=app.http msg="request" method=POST path=/api/sessions/1/plans status=201 ms=2282
ts=2026-09-21T13:20:18.105Z level=INFO logger=httpx msg="HTTP Request: POST http://testserver/api/sessions/1/plans "HTTP/1.1 201 Created""
ts=2026-09-21T13:20:18.132Z level=INFO logger=app.audit msg="Alex Morgan published version 1 for Mon 12 Oct 2026 · Morning" action=plan.published plan_id=1 actor=admin@seatwise.local
ts=2026-09-21T13:20:18.135Z level=INFO logger=app.http msg="request" method=POST path=/api/plans/1/publish status=200 ms=29
ts=2026-09-21T13:20:18.136Z level=INFO logger=httpx msg="HTTP Request: POST http://testserver/api/plans/1/publish "HTTP/1.1 200 OK""
ts=2026-09-21T13:20:18.160Z level=INFO logger=app.http msg="request" method=GET path=/api/analytics/overview status=200 ms=22
ts=2026-09-21T13:20:18.161Z level=INFO logger=httpx msg="HTTP Request: GET http://testserver/api/analytics/overview "HTTP/1.1 200 OK""
ts=2026-09-21T13:20:18.166Z level=INFO logger=app.http msg="request" method=GET path=/api/analytics/plans/1 status=200 ms=4
ts=2026-09-21T13:20:18.167Z level=INFO logger=httpx msg="HTTP Request: GET http://testserver/api/analytics/plans/1 "HTTP/1.1 200 OK""
ts=2026-09-21T13:20:18.171Z level=INFO logger=app.http msg="request" method=GET path=/api/analytics/engine status=200 ms=3
ts=2026-09-21T13:20:18.172Z level=INFO logger=httpx msg="HTTP Request: GET http://testserver/api/analytics/engine "HTTP/1.1 200 OK""
ts=2026-09-21T13:20:18.178Z level=INFO logger=app.http msg="request" method=GET path=/api/analytics/engine/plots/solve_time_by_size.png status=200 ms=5
ts=2026-09-21T13:20:18.180Z level=INFO logger=httpx msg="HTTP Request: GET http://testserver/api/analytics/engine/plots/solve_time_by_size.png "HTTP/1.1 200 OK""
ts=2026-09-21T13:20:18.184Z level=INFO logger=app.http msg="request" method=GET path=/api/analytics/engine/plots/../../secret.png status=404 ms=3
ts=2026-09-21T13:20:18.184Z level=INFO logger=httpx msg="HTTP Request: GET http://testserver/api/analytics/engine/plots/..%2F..%2Fsecret.png "HTTP/1.1 404 Not Found""
ts=2026-09-21T13:20:18.377Z level=INFO logger=app.http msg="request" method=POST path=/api/auth/login status=200 ms=191
ts=2026-09-21T13:20:18.378Z level=INFO logger=httpx msg="HTTP Request: POST http://testserver/api/auth/login "HTTP/1.1 200 OK""
ts=2026-09-21T13:20:18.381Z level=INFO logger=app.http msg="request" method=GET path=/api/analytics/overview status=403 ms=1
ts=2026-09-21T13:20:18.381Z level=INFO logger=httpx msg="HTTP Request: GET http://testserver/api/analytics/overview "HTTP/1.1 403 Forbidden""
ts=2026-09-21T13:20:18.389Z level=INFO logger=app.audit msg="Alex Morgan cleared all exam data" action=workspace.reset plan_id=None actor=admin@seatwise.local
ts=2026-09-21T13:20:18.391Z level=INFO logger=app.http msg="request" method=POST path=/api/settings/reset-workspace status=200 ms=8
ts=2026-09-21T13:20:18.391Z level=INFO logger=httpx msg="HTTP Request: POST http://testserver/api/settings/reset-workspace "HTTP/1.1 200 OK""
ts=2026-09-21T13:20:18.492Z level=INFO logger=app.http msg="request" method=POST path=/api/imports/workbook/validate status=200 ms=99
ts=2026-09-21T13:20:18.492Z level=INFO logger=httpx msg="HTTP Request: POST http://testserver/api/imports/workbook/validate "HTTP/1.1 200 OK""
ts=2026-09-21T13:20:18.796Z level=INFO logger=app.audit msg="Alex Morgan imported seatwise_sample_workbook.xlsx (courses: 49 new, 0 updated, halls: 14 new, 0 updated, candidates: 908 new, 0 updated, timetable: 49 new, 0 updated)" action=import.committed plan_id=None actor=admin@seatwise.local
ts=2026-09-21T13:20:18.799Z level=INFO logger=app.http msg="request" method=POST path=/api/imports/1/commit status=200 ms=306
ts=2026-09-21T13:20:18.801Z level=INFO logger=httpx msg="HTTP Request: POST http://testserver/api/imports/1/commit "HTTP/1.1 200 OK""
ts=2026-09-21T13:20:18.811Z level=INFO logger=app.http msg="request" method=GET path=/api/sessions status=200 ms=9
ts=2026-09-21T13:20:18.812Z level=INFO logger=httpx msg="HTTP Request: GET http://testserver/api/sessions "HTTP/1.1 200 OK""
ts=2026-09-21T13:20:20.813Z level=INFO logger=app.engine msg="Plan solved" candidates=451 halls=6 attempts=1 seed=3
ts=2026-09-21T13:20:20.830Z level=INFO logger=app.audit msg="Alex Morgan generated version 1 for Tue 13 Oct 2026 · Morning with seed 3: 451 candidates in 6 halls, 0 same-paper neighbours, solved in 2.0 s" action=plan.generated plan_id=1 actor=admin@seatwise.local
ts=2026-09-21T13:20:20.843Z level=INFO logger=app.plans msg="Plan generated" plan=1 session=3 ms=1992 seed=3
ts=2026-09-21T13:20:20.846Z level=INFO logger=app.http msg="request" method=POST path=/api/sessions/3/plans status=201 ms=2033
ts=2026-09-21T13:20:20.847Z level=INFO logger=httpx msg="HTTP Request: POST http://testserver/api/sessions/3/plans "HTTP/1.1 201 Created""
ts=2026-09-21T13:20:20.868Z level=INFO logger=app.audit msg="Alex Morgan published version 1 for Tue 13 Oct 2026 · Morning" action=plan.published plan_id=1 actor=admin@seatwise.local
ts=2026-09-21T13:20:20.871Z level=INFO logger=app.http msg="request" method=POST path=/api/plans/1/publish status=200 ms=23
ts=2026-09-21T13:20:20.871Z level=INFO logger=httpx msg="HTTP Request: POST http://testserver/api/plans/1/publish "HTTP/1.1 200 OK""
ts=2026-09-21T13:20:20.875Z level=INFO logger=app.http msg="request" method=GET path=/api/auth/me status=200 ms=2
ts=2026-09-21T13:20:20.875Z level=INFO logger=httpx msg="HTTP Request: GET http://testserver/api/auth/me "HTTP/1.1 200 OK""
ts=2026-09-21T13:20:20.884Z level=INFO logger=app.audit msg="Alex Morgan set invigilators for v1 of Tue 13 Oct 2026 · Morning (EW-205: Sam Taylor)" action=plan.invigilators plan_id=1 actor=admin@seatwise.local
ts=2026-09-21T13:20:20.886Z level=INFO logger=app.http msg="request" method=PUT path=/api/plans/1/invigilators status=200 ms=10
ts=2026-09-21T13:20:20.887Z level=INFO logger=httpx msg="HTTP Request: PUT http://testserver/api/plans/1/invigilators "HTTP/1.1 200 OK""
ts=2026-09-21T13:20:20.905Z level=INFO logger=app.http msg="request" method=GET path=/api/plans/1/halls/11 status=200 ms=18
ts=2026-09-21T13:20:20.907Z level=INFO logger=httpx msg="HTTP Request: GET http://testserver/api/plans/1/halls/11 "HTTP/1.1 200 OK""
ts=2026-09-21T13:20:20.915Z level=INFO logger=app.http msg="request" method=GET path=/api/plans/1/halls/3 status=200 ms=7
ts=2026-09-21T13:20:20.915Z level=INFO logger=httpx msg="HTTP Request: GET http://testserver/api/plans/1/halls/3 "HTTP/1.1 200 OK""
ts=2026-09-21T13:20:20.923Z level=INFO logger=app.http msg="request" method=GET path=/api/attendance/assignments status=200 ms=5
ts=2026-09-21T13:20:20.924Z level=INFO logger=httpx msg="HTTP Request: GET http://testserver/api/attendance/assignments "HTTP/1.1 200 OK""
ts=2026-09-21T13:20:20.934Z level=INFO logger=app.http msg="request" method=PUT path=/api/plans/1/halls/11/attendance/705 status=200 ms=8
ts=2026-09-21T13:20:20.934Z level=INFO logger=httpx msg="HTTP Request: PUT http://testserver/api/plans/1/halls/11/attendance/705 "HTTP/1.1 200 OK""
ts=2026-09-21T13:20:20.941Z level=INFO logger=app.http msg="request" method=POST path=/api/plans/1/halls/11/attendance/scan status=200 ms=6
ts=2026-09-21T13:20:20.942Z level=INFO logger=httpx msg="HTTP Request: POST http://testserver/api/plans/1/halls/11/attendance/scan "HTTP/1.1 200 OK""
ts=2026-09-21T13:20:20.947Z level=INFO logger=app.http msg="request" method=POST path=/api/plans/1/halls/11/attendance/scan status=200 ms=4
ts=2026-09-21T13:20:20.948Z level=INFO logger=httpx msg="HTTP Request: POST http://testserver/api/plans/1/halls/11/attendance/scan "HTTP/1.1 200 OK""
ts=2026-09-21T13:20:20.953Z level=INFO logger=app.http msg="request" method=POST path=/api/plans/1/halls/11/attendance/scan status=409 ms=4
ts=2026-09-21T13:20:20.954Z level=INFO logger=httpx msg="HTTP Request: POST http://testserver/api/plans/1/halls/11/attendance/scan "HTTP/1.1 409 Conflict""
ts=2026-09-21T13:20:20.959Z level=INFO logger=app.http msg="request" method=POST path=/api/plans/1/halls/11/attendance/scan status=404 ms=4
ts=2026-09-21T13:20:20.960Z level=INFO logger=httpx msg="HTTP Request: POST http://testserver/api/plans/1/halls/11/attendance/scan "HTTP/1.1 404 Not Found""
ts=2026-09-21T13:20:20.967Z level=INFO logger=app.http msg="request" method=POST path=/api/plans/1/halls/11/attendance/submit status=409 ms=5
ts=2026-09-21T13:20:20.967Z level=INFO logger=httpx msg="HTTP Request: POST http://testserver/api/plans/1/halls/11/attendance/submit "HTTP/1.1 409 Conflict""
ts=2026-09-21T13:20:20.989Z level=INFO logger=app.http msg="request" method=POST path=/api/plans/1/halls/11/attendance/mark-remaining-absent status=200 ms=20
ts=2026-09-21T13:20:20.990Z level=INFO logger=httpx msg="HTTP Request: POST http://testserver/api/plans/1/halls/11/attendance/mark-remaining-absent "HTTP/1.1 200 OK""
ts=2026-09-21T13:20:20.995Z level=INFO logger=app.audit msg="Sam Taylor submitted attendance for EW-205, Tue 13 Oct 2026 · Morning: 2 present, 70 absent" action=attendance.submitted plan_id=1 actor=invigilator@seatwise.local
ts=2026-09-21T13:20:20.997Z level=INFO logger=app.http msg="request" method=POST path=/api/plans/1/halls/11/attendance/submit status=200 ms=6
ts=2026-09-21T13:20:20.998Z level=INFO logger=httpx msg="HTTP Request: POST http://testserver/api/plans/1/halls/11/attendance/submit "HTTP/1.1 200 OK""
ts=2026-09-21T13:20:21.001Z level=INFO logger=app.http msg="request" method=PUT path=/api/plans/1/halls/11/attendance/705 status=409 ms=3
ts=2026-09-21T13:20:21.002Z level=INFO logger=httpx msg="HTTP Request: PUT http://testserver/api/plans/1/halls/11/attendance/705 "HTTP/1.1 409 Conflict""
ts=2026-09-21T13:20:21.005Z level=INFO logger=app.http msg="request" method=POST path=/api/plans/1/halls/11/attendance/reopen status=403 ms=3
ts=2026-09-21T13:20:21.006Z level=INFO logger=httpx msg="HTTP Request: POST http://testserver/api/plans/1/halls/11/attendance/reopen "HTTP/1.1 403 Forbidden""
ts=2026-09-21T13:20:21.009Z level=INFO logger=app.audit msg="Alex Morgan reopened attendance for EW-205, Tue 13 Oct 2026 · Morning" action=attendance.reopened plan_id=1 actor=admin@seatwise.local
ts=2026-09-21T13:20:21.011Z level=INFO logger=app.http msg="request" method=POST path=/api/plans/1/halls/11/attendance/reopen status=200 ms=4
ts=2026-09-21T13:20:21.011Z level=INFO logger=httpx msg="HTTP Request: POST http://testserver/api/plans/1/halls/11/attendance/reopen "HTTP/1.1 200 OK""
ts=2026-09-21T13:20:21.016Z level=INFO logger=app.http msg="request" method=POST path=/api/plans/1/halls/3/attendance/scan status=403 ms=3
ts=2026-09-21T13:20:21.016Z level=INFO logger=httpx msg="HTTP Request: POST http://testserver/api/plans/1/halls/3/attendance/scan "HTTP/1.1 403 Forbidden""
ts=2026-09-21T13:20:21.019Z level=INFO logger=app.http msg="request" method=GET path=/api/health status=200 ms=1
ts=2026-09-21T13:20:21.020Z level=INFO logger=httpx msg="HTTP Request: GET http://testserver/api/health "HTTP/1.1 200 OK""
ts=2026-09-21T13:20:21.024Z level=INFO logger=app.http msg="request" method=GET path=/api/auth/me status=200 ms=2
ts=2026-09-21T13:20:21.025Z level=INFO logger=httpx msg="HTTP Request: GET http://testserver/api/auth/me "HTTP/1.1 200 OK""
ts=2026-09-21T13:20:21.225Z level=INFO logger=app.http msg="request" method=POST path=/api/auth/login status=401 ms=198
ts=2026-09-21T13:20:21.226Z level=INFO logger=httpx msg="HTTP Request: POST http://testserver/api/auth/login "HTTP/1.1 401 Unauthorized""
ts=2026-09-21T13:20:21.228Z level=INFO logger=app.http msg="request" method=GET path=/api/auth/me status=401 ms=1
ts=2026-09-21T13:20:21.229Z level=INFO logger=httpx msg="HTTP Request: GET http://testserver/api/auth/me "HTTP/1.1 401 Unauthorized""
ts=2026-09-21T13:20:21.419Z level=INFO logger=app.audit msg="New Invigilator requested an invigilator account" action=user.registered plan_id=None actor=system
ts=2026-09-21T13:20:21.421Z level=INFO logger=app.http msg="request" method=POST path=/api/auth/register status=201 ms=191
ts=2026-09-21T13:20:21.421Z level=INFO logger=httpx msg="HTTP Request: POST http://testserver/api/auth/register "HTTP/1.1 201 Created""
ts=2026-09-21T13:20:21.613Z level=INFO logger=app.http msg="request" method=POST path=/api/auth/login status=403 ms=190
ts=2026-09-21T13:20:21.614Z level=INFO logger=httpx msg="HTTP Request: POST http://testserver/api/auth/login "HTTP/1.1 403 Forbidden""
ts=2026-09-21T13:20:21.616Z level=INFO logger=app.http msg="request" method=POST path=/api/auth/register status=409 ms=1
ts=2026-09-21T13:20:21.617Z level=INFO logger=httpx msg="HTTP Request: POST http://testserver/api/auth/register "HTTP/1.1 409 Conflict""
ts=2026-09-21T13:20:21.620Z level=INFO logger=app.audit msg="Alex Morgan updated New Invigilator: status=active" action=user.updated plan_id=None actor=admin@seatwise.local
ts=2026-09-21T13:20:21.621Z level=INFO logger=app.http msg="request" method=PATCH path=/api/users/12 status=200 ms=4
ts=2026-09-21T13:20:21.622Z level=INFO logger=httpx msg="HTTP Request: PATCH http://testserver/api/users/12 "HTTP/1.1 200 OK""
ts=2026-09-21T13:20:21.814Z level=INFO logger=app.http msg="request" method=POST path=/api/auth/login status=200 ms=192
ts=2026-09-21T13:20:21.815Z level=INFO logger=httpx msg="HTTP Request: POST http://testserver/api/auth/login "HTTP/1.1 200 OK""
ts=2026-09-21T13:20:21.818Z level=INFO logger=app.http msg="request" method=GET path=/api/users status=403 ms=2
ts=2026-09-21T13:20:21.819Z level=INFO logger=httpx msg="HTTP Request: GET http://testserver/api/users "HTTP/1.1 403 Forbidden""
ts=2026-09-21T13:20:21.822Z level=INFO logger=app.http msg="request" method=GET path=/api/auth/me status=200 ms=1
ts=2026-09-21T13:20:21.822Z level=INFO logger=httpx msg="HTTP Request: GET http://testserver/api/auth/me "HTTP/1.1 200 OK""
ts=2026-09-21T13:20:21.826Z level=INFO logger=app.http msg="request" method=PATCH path=/api/users/1 status=409 ms=2
ts=2026-09-21T13:20:21.827Z level=INFO logger=httpx msg="HTTP Request: PATCH http://testserver/api/users/1 "HTTP/1.1 409 Conflict""
ts=2026-09-21T13:20:21.829Z level=INFO logger=app.http msg="request" method=GET path=/api/settings/rules status=200 ms=2
ts=2026-09-21T13:20:21.830Z level=INFO logger=httpx msg="HTTP Request: GET http://testserver/api/settings/rules "HTTP/1.1 200 OK""
ts=2026-09-21T13:20:21.833Z level=INFO logger=app.audit msg="Alex Morgan changed default rules: roll_gap 5 -> 3" action=settings.rules plan_id=None actor=admin@seatwise.local
ts=2026-09-21T13:20:21.834Z level=INFO logger=app.http msg="request" method=PUT path=/api/settings/rules status=200 ms=4
ts=2026-09-21T13:20:21.835Z level=INFO logger=httpx msg="HTTP Request: PUT http://testserver/api/settings/rules "HTTP/1.1 200 OK""
ts=2026-09-21T13:20:21.838Z level=INFO logger=app.http msg="request" method=PUT path=/api/settings/rules status=422 ms=3
ts=2026-09-21T13:20:21.838Z level=INFO logger=httpx msg="HTTP Request: PUT http://testserver/api/settings/rules "HTTP/1.1 422 Unprocessable Entity""
ts=2026-09-21T13:20:21.841Z level=INFO logger=app.audit msg="Alex Morgan changed default rules: roll_gap 3 -> 5" action=settings.rules plan_id=None actor=admin@seatwise.local
ts=2026-09-21T13:20:21.842Z level=INFO logger=app.http msg="request" method=PUT path=/api/settings/rules status=200 ms=3
ts=2026-09-21T13:20:21.843Z level=INFO logger=httpx msg="HTTP Request: PUT http://testserver/api/settings/rules "HTTP/1.1 200 OK""
ts=2026-09-21T13:20:23.730Z level=INFO logger=app.engine msg="Plan solved" candidates=124 halls=3 attempts=1 seed=42
ts=2026-09-21T13:20:25.464Z level=INFO logger=app.engine msg="Plan solved" candidates=124 halls=3 attempts=1 seed=7
ts=2026-09-21T13:20:27.189Z level=INFO logger=app.engine msg="Plan solved" candidates=124 halls=3 attempts=1 seed=7
ts=2026-09-21T13:20:28.898Z level=INFO logger=app.engine msg="Plan solved" candidates=124 halls=3 attempts=1 seed=1
ts=2026-09-21T13:20:30.657Z level=INFO logger=app.engine msg="Plan solved" candidates=124 halls=3 attempts=1 seed=2
ts=2026-09-21T13:20:31.687Z level=INFO logger=app.engine msg="Plan solved" candidates=124 halls=3 attempts=1 seed=3
ts=2026-09-21T13:20:31.932Z level=INFO logger=app.engine msg="Plan solved" candidates=80 halls=2 attempts=1 seed=5
ts=2026-09-21T13:20:33.687Z level=INFO logger=app.engine msg="Plan solved" candidates=124 halls=3 attempts=1 seed=9
ts=2026-09-21T13:20:35.380Z level=INFO logger=app.engine msg="Plan solved" candidates=124 halls=3 attempts=1 seed=11
ts=2026-09-21T13:20:35.389Z level=INFO logger=app.audit msg="Alex Morgan cleared all exam data" action=workspace.reset plan_id=None actor=admin@seatwise.local
ts=2026-09-21T13:20:35.391Z level=INFO logger=app.http msg="request" method=POST path=/api/settings/reset-workspace status=200 ms=9
ts=2026-09-21T13:20:35.391Z level=INFO logger=httpx msg="HTTP Request: POST http://testserver/api/settings/reset-workspace "HTTP/1.1 200 OK""
ts=2026-09-21T13:20:35.494Z level=INFO logger=app.http msg="request" method=POST path=/api/imports/workbook/validate status=200 ms=101
ts=2026-09-21T13:20:35.495Z level=INFO logger=httpx msg="HTTP Request: POST http://testserver/api/imports/workbook/validate "HTTP/1.1 200 OK""
ts=2026-09-21T13:20:35.764Z level=INFO logger=app.audit msg="Alex Morgan imported seatwise_sample_workbook.xlsx (courses: 49 new, 0 updated, halls: 14 new, 0 updated, candidates: 908 new, 0 updated, timetable: 49 new, 0 updated)" action=import.committed plan_id=None actor=admin@seatwise.local
ts=2026-09-21T13:20:35.770Z level=INFO logger=app.http msg="request" method=POST path=/api/imports/1/commit status=200 ms=275
ts=2026-09-21T13:20:35.772Z level=INFO logger=httpx msg="HTTP Request: POST http://testserver/api/imports/1/commit "HTTP/1.1 200 OK""
ts=2026-09-21T13:20:35.781Z level=INFO logger=app.http msg="request" method=GET path=/api/sessions status=200 ms=8
ts=2026-09-21T13:20:35.782Z level=INFO logger=httpx msg="HTTP Request: GET http://testserver/api/sessions "HTTP/1.1 200 OK""
ts=2026-09-21T13:20:37.895Z level=INFO logger=app.engine msg="Plan solved" candidates=451 halls=6 attempts=1 seed=7
ts=2026-09-21T13:20:37.912Z level=INFO logger=app.audit msg="Alex Morgan generated version 1 for Mon 12 Oct 2026 · Morning with seed 7: 451 candidates in 6 halls, 0 same-paper neighbours, solved in 2.1 s" action=plan.generated plan_id=1 actor=admin@seatwise.local
ts=2026-09-21T13:20:37.983Z level=INFO logger=app.plans msg="Plan generated" plan=1 session=1 ms=2104 seed=7
ts=2026-09-21T13:20:37.985Z level=INFO logger=app.http msg="request" method=POST path=/api/sessions/1/plans status=201 ms=2203
ts=2026-09-21T13:20:37.986Z level=INFO logger=httpx msg="HTTP Request: POST http://testserver/api/sessions/1/plans "HTTP/1.1 201 Created""
ts=2026-09-21T13:20:38.007Z level=INFO logger=app.audit msg="Alex Morgan downloaded seating charts (all halls) for Mon 12 Oct 2026 · Morning v1" action=plan.exported plan_id=1 actor=admin@seatwise.local
ts=2026-09-21T13:20:38.111Z level=INFO logger=app.http msg="request" method=GET path=/api/plans/1/exports/seating-charts.pdf status=200 ms=124
ts=2026-09-21T13:20:38.112Z level=INFO logger=httpx msg="HTTP Request: GET http://testserver/api/plans/1/exports/seating-charts.pdf "HTTP/1.1 200 OK""
ts=2026-09-21T13:20:38.129Z level=INFO logger=app.audit msg="Alex Morgan downloaded invigilator sheets (all halls) for Mon 12 Oct 2026 · Morning v1" action=plan.exported plan_id=1 actor=admin@seatwise.local
ts=2026-09-21T13:20:38.311Z level=INFO logger=app.http msg="request" method=GET path=/api/plans/1/exports/invigilator-sheets.pdf status=200 ms=197
ts=2026-09-21T13:20:38.312Z level=INFO logger=httpx msg="HTTP Request: GET http://testserver/api/plans/1/exports/invigilator-sheets.pdf "HTTP/1.1 200 OK""
ts=2026-09-21T13:20:38.329Z level=INFO logger=app.audit msg="Alex Morgan downloaded seat slips (all halls) for Mon 12 Oct 2026 · Morning v1" action=plan.exported plan_id=1 actor=admin@seatwise.local
ts=2026-09-21T13:20:41.421Z level=INFO logger=app.http msg="request" method=GET path=/api/plans/1/exports/qr-slips.pdf status=200 ms=3106
ts=2026-09-21T13:20:41.423Z level=INFO logger=httpx msg="HTTP Request: GET http://testserver/api/plans/1/exports/qr-slips.pdf "HTTP/1.1 200 OK""
ts=2026-09-21T13:20:41.431Z level=INFO logger=app.audit msg="Alex Morgan downloaded seating charts (EW-205) for Mon 12 Oct 2026 · Morning v1" action=plan.exported plan_id=1 actor=admin@seatwise.local
ts=2026-09-21T13:20:41.450Z level=INFO logger=app.http msg="request" method=GET path=/api/plans/1/exports/seating-charts.pdf status=200 ms=25
ts=2026-09-21T13:20:41.450Z level=INFO logger=httpx msg="HTTP Request: GET http://testserver/api/plans/1/exports/seating-charts.pdf?hall_id=11 "HTTP/1.1 200 OK""
ts=2026-09-21T13:20:41.468Z level=INFO logger=app.audit msg="Alex Morgan downloaded hall lists (all halls) for Mon 12 Oct 2026 · Morning v1" action=plan.exported plan_id=1 actor=admin@seatwise.local
ts=2026-09-21T13:20:41.835Z level=INFO logger=app.http msg="request" method=GET path=/api/plans/1/exports/hall-lists.xlsx status=200 ms=382
ts=2026-09-21T13:20:41.836Z level=INFO logger=httpx msg="HTTP Request: GET http://testserver/api/plans/1/exports/hall-lists.xlsx "HTTP/1.1 200 OK""
ts=2026-09-21T13:20:41.928Z level=INFO logger=app.audit msg="Alex Morgan downloaded attendance report (all halls) for Mon 12 Oct 2026 · Morning v1" action=plan.exported plan_id=1 actor=admin@seatwise.local
ts=2026-09-21T13:20:42.093Z level=INFO logger=app.http msg="request" method=GET path=/api/plans/1/exports/attendance.xlsx status=200 ms=179
ts=2026-09-21T13:20:42.094Z level=INFO logger=httpx msg="HTTP Request: GET http://testserver/api/plans/1/exports/attendance.xlsx "HTTP/1.1 200 OK""
ts=2026-09-21T13:20:42.143Z level=INFO logger=app.http msg="request" method=GET path=/api/plans/1/exports/hall-lists.xlsx status=403 ms=3
ts=2026-09-21T13:20:42.144Z level=INFO logger=httpx msg="HTTP Request: GET http://testserver/api/plans/1/exports/hall-lists.xlsx "HTTP/1.1 403 Forbidden""
ts=2026-09-21T13:20:42.151Z level=INFO logger=app.audit msg="Alex Morgan cleared all exam data" action=workspace.reset plan_id=None actor=admin@seatwise.local
ts=2026-09-21T13:20:42.153Z level=INFO logger=app.http msg="request" method=POST path=/api/settings/reset-workspace status=200 ms=7
ts=2026-09-21T13:20:42.154Z level=INFO logger=httpx msg="HTTP Request: POST http://testserver/api/settings/reset-workspace "HTTP/1.1 200 OK""
ts=2026-09-21T13:20:42.235Z level=INFO logger=app.http msg="request" method=GET path=/api/imports/templates/courses status=200 ms=80
ts=2026-09-21T13:20:42.236Z level=INFO logger=httpx msg="HTTP Request: GET http://testserver/api/imports/templates/courses "HTTP/1.1 200 OK""
ts=2026-09-21T13:20:42.238Z level=INFO logger=app.http msg="request" method=GET path=/api/imports/samples/courses status=200 ms=2
ts=2026-09-21T13:20:42.240Z level=INFO logger=httpx msg="HTTP Request: GET http://testserver/api/imports/samples/courses "HTTP/1.1 200 OK""
ts=2026-09-21T13:20:42.251Z level=INFO logger=app.http msg="request" method=GET path=/api/imports/templates/candidates status=200 ms=10
ts=2026-09-21T13:20:42.252Z level=INFO logger=httpx msg="HTTP Request: GET http://testserver/api/imports/templates/candidates "HTTP/1.1 200 OK""
ts=2026-09-21T13:20:42.255Z level=INFO logger=app.http msg="request" method=GET path=/api/imports/samples/candidates status=200 ms=2
ts=2026-09-21T13:20:42.257Z level=INFO logger=httpx msg="HTTP Request: GET http://testserver/api/imports/samples/candidates "HTTP/1.1 200 OK""
ts=2026-09-21T13:20:42.268Z level=INFO logger=app.http msg="request" method=GET path=/api/imports/templates/halls status=200 ms=9
ts=2026-09-21T13:20:42.269Z level=INFO logger=httpx msg="HTTP Request: GET http://testserver/api/imports/templates/halls "HTTP/1.1 200 OK""
ts=2026-09-21T13:20:42.271Z level=INFO logger=app.http msg="request" method=GET path=/api/imports/samples/halls status=200 ms=2
ts=2026-09-21T13:20:42.272Z level=INFO logger=httpx msg="HTTP Request: GET http://testserver/api/imports/samples/halls "HTTP/1.1 200 OK""
ts=2026-09-21T13:20:42.289Z level=INFO logger=app.http msg="request" method=GET path=/api/imports/templates/timetable status=200 ms=15
ts=2026-09-21T13:20:42.289Z level=INFO logger=httpx msg="HTTP Request: GET http://testserver/api/imports/templates/timetable "HTTP/1.1 200 OK""
ts=2026-09-21T13:20:42.293Z level=INFO logger=app.http msg="request" method=GET path=/api/imports/samples/timetable status=200 ms=2
ts=2026-09-21T13:20:42.294Z level=INFO logger=httpx msg="HTTP Request: GET http://testserver/api/imports/samples/timetable "HTTP/1.1 200 OK""
ts=2026-09-21T13:20:42.317Z level=INFO logger=app.http msg="request" method=GET path=/api/imports/templates/workbook status=200 ms=23
ts=2026-09-21T13:20:42.318Z level=INFO logger=httpx msg="HTTP Request: GET http://testserver/api/imports/templates/workbook "HTTP/1.1 200 OK""
ts=2026-09-21T13:20:42.320Z level=INFO logger=app.http msg="request" method=GET path=/api/imports/samples/workbook status=200 ms=2
ts=2026-09-21T13:20:42.321Z level=INFO logger=httpx msg="HTTP Request: GET http://testserver/api/imports/samples/workbook "HTTP/1.1 200 OK""
ts=2026-09-21T13:20:42.326Z level=INFO logger=app.http msg="request" method=GET path=/api/imports/templates/halls status=200 ms=3
ts=2026-09-21T13:20:42.326Z level=INFO logger=httpx msg="HTTP Request: GET http://testserver/api/imports/templates/halls?format=csv "HTTP/1.1 200 OK""
ts=2026-09-21T13:20:42.356Z level=INFO logger=app.http msg="request" method=POST path=/api/imports/candidates/validate status=200 ms=27
ts=2026-09-21T13:20:42.358Z level=INFO logger=httpx msg="HTTP Request: POST http://testserver/api/imports/candidates/validate "HTTP/1.1 200 OK""
ts=2026-09-21T13:20:42.456Z level=INFO logger=app.http msg="request" method=POST path=/api/imports/workbook/validate status=200 ms=96
ts=2026-09-21T13:20:42.457Z level=INFO logger=httpx msg="HTTP Request: POST http://testserver/api/imports/workbook/validate "HTTP/1.1 200 OK""
ts=2026-09-21T13:20:42.788Z level=INFO logger=app.audit msg="Alex Morgan imported seatwise_sample_workbook.xlsx (courses: 49 new, 0 updated, halls: 14 new, 0 updated, candidates: 908 new, 0 updated, timetable: 49 new, 0 updated)" action=import.committed plan_id=None actor=admin@seatwise.local
ts=2026-09-21T13:20:42.791Z level=INFO logger=app.http msg="request" method=POST path=/api/imports/2/commit status=200 ms=333
ts=2026-09-21T13:20:42.793Z level=INFO logger=httpx msg="HTTP Request: POST http://testserver/api/imports/2/commit "HTTP/1.1 200 OK""
ts=2026-09-21T13:20:42.798Z level=INFO logger=app.http msg="request" method=GET path=/api/data/summary status=200 ms=5
ts=2026-09-21T13:20:42.799Z level=INFO logger=httpx msg="HTTP Request: GET http://testserver/api/data/summary "HTTP/1.1 200 OK""
ts=2026-09-21T13:20:42.808Z level=INFO logger=app.http msg="request" method=GET path=/api/sessions status=200 ms=9
ts=2026-09-21T13:20:42.809Z level=INFO logger=httpx msg="HTTP Request: GET http://testserver/api/sessions "HTTP/1.1 200 OK""
ts=2026-09-21T13:20:42.815Z level=INFO logger=app.http msg="request" method=GET path=/api/halls status=200 ms=4
ts=2026-09-21T13:20:42.815Z level=INFO logger=httpx msg="HTTP Request: GET http://testserver/api/halls "HTTP/1.1 200 OK""
ts=2026-09-21T13:20:42.830Z level=INFO logger=app.http msg="request" method=POST path=/api/imports/halls/validate status=200 ms=13
ts=2026-09-21T13:20:42.831Z level=INFO logger=httpx msg="HTTP Request: POST http://testserver/api/imports/halls/validate "HTTP/1.1 200 OK""
ts=2026-09-21T13:20:42.843Z level=INFO logger=app.audit msg="Alex Morgan imported halls.csv (halls: 0 new, 14 updated)" action=import.committed plan_id=None actor=admin@seatwise.local
ts=2026-09-21T13:20:42.844Z level=INFO logger=app.http msg="request" method=POST path=/api/imports/3/commit status=200 ms=12
ts=2026-09-21T13:20:42.844Z level=INFO logger=httpx msg="HTTP Request: POST http://testserver/api/imports/3/commit "HTTP/1.1 200 OK""
ts=2026-09-21T13:20:42.848Z level=INFO logger=app.http msg="request" method=POST path=/api/imports/3/commit status=409 ms=2
ts=2026-09-21T13:20:42.848Z level=INFO logger=httpx msg="HTTP Request: POST http://testserver/api/imports/3/commit "HTTP/1.1 409 Conflict""
ts=2026-09-21T13:20:42.862Z level=INFO logger=app.http msg="request" method=POST path=/api/imports/candidates/validate status=200 ms=13
ts=2026-09-21T13:20:42.863Z level=INFO logger=httpx msg="HTTP Request: POST http://testserver/api/imports/candidates/validate "HTTP/1.1 200 OK""
ts=2026-09-21T13:20:42.875Z level=INFO logger=app.http msg="request" method=POST path=/api/imports/halls/validate status=200 ms=10
ts=2026-09-21T13:20:42.876Z level=INFO logger=httpx msg="HTTP Request: POST http://testserver/api/imports/halls/validate "HTTP/1.1 200 OK""
ts=2026-09-21T13:20:42.889Z level=INFO logger=app.http msg="request" method=POST path=/api/imports/timetable/validate status=200 ms=11
ts=2026-09-21T13:20:42.890Z level=INFO logger=httpx msg="HTTP Request: POST http://testserver/api/imports/timetable/validate "HTTP/1.1 200 OK""
ts=2026-09-21T13:20:42.894Z level=INFO logger=app.http msg="request" method=POST path=/api/imports/halls/validate status=400 ms=2
ts=2026-09-21T13:20:42.895Z level=INFO logger=httpx msg="HTTP Request: POST http://testserver/api/imports/halls/validate "HTTP/1.1 400 Bad Request""
ts=2026-09-21T13:20:42.905Z level=INFO logger=app.http msg="request" method=POST path=/api/imports/courses/validate status=200 ms=10
ts=2026-09-21T13:20:42.905Z level=INFO logger=httpx msg="HTTP Request: POST http://testserver/api/imports/courses/validate "HTTP/1.1 200 OK""
ts=2026-09-21T13:20:42.910Z level=INFO logger=app.http msg="request" method=POST path=/api/imports/halls/validate status=403 ms=2
ts=2026-09-21T13:20:42.911Z level=INFO logger=httpx msg="HTTP Request: POST http://testserver/api/imports/halls/validate "HTTP/1.1 403 Forbidden""
ts=2026-09-21T13:20:42.917Z level=INFO logger=app.audit msg="Alex Morgan cleared all exam data" action=workspace.reset plan_id=None actor=admin@seatwise.local
ts=2026-09-21T13:20:42.919Z level=INFO logger=app.http msg="request" method=POST path=/api/settings/reset-workspace status=200 ms=7
ts=2026-09-21T13:20:42.919Z level=INFO logger=httpx msg="HTTP Request: POST http://testserver/api/settings/reset-workspace "HTTP/1.1 200 OK""
ts=2026-09-21T13:20:43.025Z level=INFO logger=app.http msg="request" method=POST path=/api/imports/workbook/validate status=200 ms=105
ts=2026-09-21T13:20:43.025Z level=INFO logger=httpx msg="HTTP Request: POST http://testserver/api/imports/workbook/validate "HTTP/1.1 200 OK""
ts=2026-09-21T13:20:43.302Z level=INFO logger=app.audit msg="Alex Morgan imported seatwise_sample_workbook.xlsx (courses: 49 new, 0 updated, halls: 14 new, 0 updated, candidates: 908 new, 0 updated, timetable: 49 new, 0 updated)" action=import.committed plan_id=None actor=admin@seatwise.local
ts=2026-09-21T13:20:43.305Z level=INFO logger=app.http msg="request" method=POST path=/api/imports/1/commit status=200 ms=278
ts=2026-09-21T13:20:43.307Z level=INFO logger=httpx msg="HTTP Request: POST http://testserver/api/imports/1/commit "HTTP/1.1 200 OK""
ts=2026-09-21T13:20:43.315Z level=INFO logger=app.http msg="request" method=GET path=/api/sessions status=200 ms=8
ts=2026-09-21T13:20:43.316Z level=INFO logger=httpx msg="HTTP Request: GET http://testserver/api/sessions "HTTP/1.1 200 OK""
ts=2026-09-21T13:20:45.662Z level=INFO logger=app.engine msg="Plan solved" candidates=451 halls=6 attempts=1 seed=12345
ts=2026-09-21T13:20:45.681Z level=INFO logger=app.audit msg="Alex Morgan generated version 1 for Mon 12 Oct 2026 · Morning with seed 12345: 451 candidates in 6 halls, 0 same-paper neighbours, solved in 2.3 s" action=plan.generated plan_id=1 actor=admin@seatwise.local
ts=2026-09-21T13:20:45.698Z level=INFO logger=app.plans msg="Plan generated" plan=1 session=1 ms=2336 seed=12345
ts=2026-09-21T13:20:45.700Z level=INFO logger=app.http msg="request" method=POST path=/api/sessions/1/plans status=201 ms=2382
ts=2026-09-21T13:20:45.700Z level=INFO logger=httpx msg="HTTP Request: POST http://testserver/api/sessions/1/plans "HTTP/1.1 201 Created""
ts=2026-09-21T13:20:48.044Z level=INFO logger=app.engine msg="Plan solved" candidates=451 halls=6 attempts=1 seed=12345
ts=2026-09-21T13:20:48.062Z level=INFO logger=app.audit msg="Alex Morgan generated version 2 for Mon 12 Oct 2026 · Morning with seed 12345: 451 candidates in 6 halls, 0 same-paper neighbours, solved in 2.3 s" action=plan.generated plan_id=2 actor=admin@seatwise.local
ts=2026-09-21T13:20:48.077Z level=INFO logger=app.plans msg="Plan generated" plan=2 session=1 ms=2331 seed=12345
ts=2026-09-21T13:20:48.079Z level=INFO logger=app.http msg="request" method=POST path=/api/sessions/1/plans status=201 ms=2377
ts=2026-09-21T13:20:48.080Z level=INFO logger=httpx msg="HTTP Request: POST http://testserver/api/sessions/1/plans "HTTP/1.1 201 Created""
ts=2026-09-21T13:20:50.432Z level=INFO logger=app.engine msg="Plan solved" candidates=451 halls=6 attempts=1 seed=12345
ts=2026-09-21T13:20:50.433Z level=INFO logger=app.audit msg="Alex Morgan verified version 1 of Mon 12 Oct 2026 · Morning: reproduced exactly" action=plan.verified plan_id=1 actor=admin@seatwise.local
ts=2026-09-21T13:20:50.434Z level=INFO logger=app.http msg="request" method=POST path=/api/plans/1/verify status=200 ms=2353
ts=2026-09-21T13:20:50.435Z level=INFO logger=httpx msg="HTTP Request: POST http://testserver/api/plans/1/verify "HTTP/1.1 200 OK""
ts=2026-09-21T13:20:52.489Z level=INFO logger=app.engine msg="Plan solved" candidates=451 halls=6 attempts=1 seed=999
ts=2026-09-21T13:20:52.509Z level=INFO logger=app.audit msg="Alex Morgan generated version 3 for Mon 12 Oct 2026 · Morning with seed 999: 451 candidates in 6 halls, 0 same-paper neighbours, solved in 2.0 s" action=plan.generated plan_id=3 actor=admin@seatwise.local
ts=2026-09-21T13:20:52.523Z level=INFO logger=app.plans msg="Plan generated" plan=3 session=1 ms=2043 seed=999
ts=2026-09-21T13:20:52.528Z level=INFO logger=app.http msg="request" method=POST path=/api/sessions/1/plans status=201 ms=2091
ts=2026-09-21T13:20:52.529Z level=INFO logger=httpx msg="HTTP Request: POST http://testserver/api/sessions/1/plans "HTTP/1.1 201 Created""
ts=2026-09-21T13:20:52.535Z level=INFO logger=app.http msg="request" method=GET path=/api/sessions/1/plans status=200 ms=4
ts=2026-09-21T13:20:52.536Z level=INFO logger=httpx msg="HTTP Request: GET http://testserver/api/sessions/1/plans "HTTP/1.1 200 OK""
ts=2026-09-21T13:20:52.558Z level=INFO logger=app.audit msg="Alex Morgan published version 1 for Mon 12 Oct 2026 · Morning" action=plan.published plan_id=1 actor=admin@seatwise.local
ts=2026-09-21T13:20:52.561Z level=INFO logger=app.http msg="request" method=POST path=/api/plans/1/publish status=200 ms=24
ts=2026-09-21T13:20:52.562Z level=INFO logger=httpx msg="HTTP Request: POST http://testserver/api/plans/1/publish "HTTP/1.1 200 OK""
ts=2026-09-21T13:20:52.644Z level=INFO logger=app.audit msg="Alex Morgan published version 3 for Mon 12 Oct 2026 · Morning (replacing version 1)" action=plan.published plan_id=3 actor=admin@seatwise.local
ts=2026-09-21T13:20:52.648Z level=INFO logger=app.http msg="request" method=POST path=/api/plans/3/publish status=200 ms=85
ts=2026-09-21T13:20:52.649Z level=INFO logger=httpx msg="HTTP Request: POST http://testserver/api/plans/3/publish "HTTP/1.1 200 OK""
ts=2026-09-21T13:20:52.653Z level=INFO logger=app.http msg="request" method=GET path=/api/sessions/1/plans status=200 ms=3
ts=2026-09-21T13:20:52.653Z level=INFO logger=httpx msg="HTTP Request: GET http://testserver/api/sessions/1/plans "HTTP/1.1 200 OK""
ts=2026-09-21T13:20:52.657Z level=INFO logger=app.http msg="request" method=DELETE path=/api/plans/3 status=409 ms=3
ts=2026-09-21T13:20:52.657Z level=INFO logger=httpx msg="HTTP Request: DELETE http://testserver/api/plans/3 "HTTP/1.1 409 Conflict""
ts=2026-09-21T13:20:52.661Z level=INFO logger=app.audit msg="Alex Morgan deleted version 1 of Mon 12 Oct 2026 · Morning" action=plan.deleted plan_id=None actor=admin@seatwise.local
ts=2026-09-21T13:20:52.663Z level=INFO logger=app.http msg="request" method=DELETE path=/api/plans/1 status=204 ms=5
ts=2026-09-21T13:20:52.663Z level=INFO logger=httpx msg="HTTP Request: DELETE http://testserver/api/plans/1 "HTTP/1.1 204 No Content""
ts=2026-09-21T13:20:52.667Z level=INFO logger=app.http msg="request" method=GET path=/api/sessions/1/plans status=200 ms=2
ts=2026-09-21T13:20:52.668Z level=INFO logger=httpx msg="HTTP Request: GET http://testserver/api/sessions/1/plans "HTTP/1.1 200 OK""
ts=2026-09-21T13:20:52.671Z level=INFO logger=app.http msg="request" method=GET path=/api/plans/3 status=200 ms=3
ts=2026-09-21T13:20:52.672Z level=INFO logger=httpx msg="HTTP Request: GET http://testserver/api/plans/3 "HTTP/1.1 200 OK""
ts=2026-09-21T13:20:52.680Z level=INFO logger=app.http msg="request" method=GET path=/api/plans/3/halls/11 status=200 ms=7
ts=2026-09-21T13:20:52.681Z level=INFO logger=httpx msg="HTTP Request: GET http://testserver/api/plans/3/halls/11 "HTTP/1.1 200 OK""
ts=2026-09-21T13:20:52.688Z level=INFO logger=app.http msg="request" method=GET path=/api/plans/3/halls/11/swap-check status=200 ms=7
ts=2026-09-21T13:20:52.690Z level=INFO logger=httpx msg="HTTP Request: GET http://testserver/api/plans/3/halls/11/swap-check?seat=A1 "HTTP/1.1 200 OK""
ts=2026-09-21T13:20:52.697Z level=INFO logger=app.http msg="request" method=POST path=/api/plans/3/swap status=409 ms=5
ts=2026-09-21T13:20:52.697Z level=INFO logger=httpx msg="HTTP Request: POST http://testserver/api/plans/3/swap "HTTP/1.1 409 Conflict""
ts=2026-09-21T13:20:52.725Z level=INFO logger=app.audit msg="Alex Morgan swapped ACF25015 (A1) with MCD24016 (A2) in EW-205, Mon 12 Oct 2026 · Morning v3" action=plan.seat_moved plan_id=3 actor=admin@seatwise.local
ts=2026-09-21T13:20:52.727Z level=INFO logger=app.http msg="request" method=POST path=/api/plans/3/swap status=200 ms=30
ts=2026-09-21T13:20:52.728Z level=INFO logger=httpx msg="HTTP Request: POST http://testserver/api/plans/3/swap "HTTP/1.1 200 OK""
ts=2026-09-21T13:20:52.732Z level=INFO logger=app.http msg="request" method=GET path=/api/plans/3 status=200 ms=3
ts=2026-09-21T13:20:52.733Z level=INFO logger=httpx msg="HTTP Request: GET http://testserver/api/plans/3 "HTTP/1.1 200 OK""
ts=2026-09-21T13:20:52.738Z level=INFO logger=app.http msg="request" method=GET path=/api/audit status=200 ms=4
ts=2026-09-21T13:20:52.738Z level=INFO logger=httpx msg="HTTP Request: GET http://testserver/api/audit?plan_id=3 "HTTP/1.1 200 OK""
ts=2026-09-21T13:20:52.743Z level=INFO logger=app.http msg="request" method=GET path=/api/sessions/1/plans status=200 ms=2
ts=2026-09-21T13:20:52.744Z level=INFO logger=httpx msg="HTTP Request: GET http://testserver/api/sessions/1/plans "HTTP/1.1 200 OK""
ts=2026-09-21T13:20:52.747Z level=INFO logger=app.http msg="request" method=GET path=/api/plans/3 status=200 ms=3
ts=2026-09-21T13:20:52.748Z level=INFO logger=httpx msg="HTTP Request: GET http://testserver/api/plans/3 "HTTP/1.1 200 OK""
ts=2026-09-21T13:20:52.750Z level=INFO logger=app.http msg="request" method=GET path=/api/auth/me status=200 ms=1
ts=2026-09-21T13:20:52.750Z level=INFO logger=httpx msg="HTTP Request: GET http://testserver/api/auth/me "HTTP/1.1 200 OK""
ts=2026-09-21T13:20:52.753Z level=INFO logger=app.http msg="request" method=GET path=/api/plans/3/halls/11 status=403 ms=2
ts=2026-09-21T13:20:52.754Z level=INFO logger=httpx msg="HTTP Request: GET http://testserver/api/plans/3/halls/11 "HTTP/1.1 403 Forbidden""
ts=2026-09-21T13:20:52.758Z level=INFO logger=app.audit msg="Alex Morgan set invigilators for v3 of Mon 12 Oct 2026 · Morning (EW-205: Sam Taylor)" action=plan.invigilators plan_id=3 actor=admin@seatwise.local
ts=2026-09-21T13:20:52.760Z level=INFO logger=app.http msg="request" method=PUT path=/api/plans/3/invigilators status=200 ms=6
ts=2026-09-21T13:20:52.761Z level=INFO logger=httpx msg="HTTP Request: PUT http://testserver/api/plans/3/invigilators "HTTP/1.1 200 OK""
ts=2026-09-21T13:20:52.769Z level=INFO logger=app.http msg="request" method=GET path=/api/plans/3/halls/11 status=200 ms=7
ts=2026-09-21T13:20:52.769Z level=INFO logger=httpx msg="HTTP Request: GET http://testserver/api/plans/3/halls/11 "HTTP/1.1 200 OK""
ts=2026-09-21T13:20:52.772Z level=INFO logger=app.http msg="request" method=GET path=/api/plans/3/halls/11/swap-check status=403 ms=2
ts=2026-09-21T13:20:52.772Z level=INFO logger=httpx msg="HTTP Request: GET http://testserver/api/plans/3/halls/11/swap-check?seat=A1 "HTTP/1.1 403 Forbidden""
ts=2026-09-21T13:20:52.777Z level=INFO logger=app.http msg="request" method=GET path=/api/halls status=200 ms=2
ts=2026-09-21T13:20:52.778Z level=INFO logger=httpx msg="HTTP Request: GET http://testserver/api/halls "HTTP/1.1 200 OK""
ts=2026-09-21T13:20:52.787Z level=INFO logger=app.audit msg="Alex Morgan could not generate a plan for Mon 12 Oct 2026 · Afternoon" action=plan.failed plan_id=None actor=admin@seatwise.local
ts=2026-09-21T13:20:52.789Z level=INFO logger=app.http msg="request" method=POST path=/api/sessions/2/plans status=422 ms=10
ts=2026-09-21T13:20:52.789Z level=INFO logger=httpx msg="HTTP Request: POST http://testserver/api/sessions/2/plans "HTTP/1.1 422 Unprocessable Entity""
ts=2026-09-21T13:20:52.793Z level=INFO logger=app.http msg="request" method=GET path=/api/audit status=200 ms=3
ts=2026-09-21T13:20:52.793Z level=INFO logger=httpx msg="HTTP Request: GET http://testserver/api/audit?action=plan.failed "HTTP/1.1 200 OK""
ts=2026-09-21T13:20:52.801Z level=INFO logger=app.audit msg="Alex Morgan cleared all exam data" action=workspace.reset plan_id=None actor=admin@seatwise.local
ts=2026-09-21T13:20:52.808Z level=INFO logger=app.http msg="request" method=POST path=/api/settings/reset-workspace status=200 ms=13
ts=2026-09-21T13:20:52.809Z level=INFO logger=httpx msg="HTTP Request: POST http://testserver/api/settings/reset-workspace "HTTP/1.1 200 OK""
ts=2026-09-21T13:20:52.910Z level=INFO logger=app.http msg="request" method=POST path=/api/imports/workbook/validate status=200 ms=101
ts=2026-09-21T13:20:52.911Z level=INFO logger=httpx msg="HTTP Request: POST http://testserver/api/imports/workbook/validate "HTTP/1.1 200 OK""
ts=2026-09-21T13:20:53.187Z level=INFO logger=app.audit msg="Alex Morgan imported seatwise_sample_workbook.xlsx (courses: 49 new, 0 updated, halls: 14 new, 0 updated, candidates: 908 new, 0 updated, timetable: 49 new, 0 updated)" action=import.committed plan_id=None actor=admin@seatwise.local
ts=2026-09-21T13:20:53.190Z level=INFO logger=app.http msg="request" method=POST path=/api/imports/1/commit status=200 ms=277
ts=2026-09-21T13:20:53.192Z level=INFO logger=httpx msg="HTTP Request: POST http://testserver/api/imports/1/commit "HTTP/1.1 200 OK""
ts=2026-09-21T13:20:53.201Z level=INFO logger=app.http msg="request" method=GET path=/api/sessions status=200 ms=9
ts=2026-09-21T13:20:53.202Z level=INFO logger=httpx msg="HTTP Request: GET http://testserver/api/sessions "HTTP/1.1 200 OK""
ts=2026-09-21T13:20:55.354Z level=INFO logger=app.engine msg="Plan solved" candidates=451 halls=6 attempts=1 seed=5
ts=2026-09-21T13:20:55.371Z level=INFO logger=app.audit msg="Alex Morgan generated version 1 for Mon 12 Oct 2026 · Morning with seed 5: 451 candidates in 6 halls, 0 same-paper neighbours, solved in 2.1 s" action=plan.generated plan_id=1 actor=admin@seatwise.local
ts=2026-09-21T13:20:55.388Z level=INFO logger=app.plans msg="Plan generated" plan=1 session=1 ms=2143 seed=5
ts=2026-09-21T13:20:55.391Z level=INFO logger=app.http msg="request" method=POST path=/api/sessions/1/plans status=201 ms=2188
ts=2026-09-21T13:20:55.392Z level=INFO logger=httpx msg="HTTP Request: POST http://testserver/api/sessions/1/plans "HTTP/1.1 201 Created""
ts=2026-09-21T13:20:55.469Z level=INFO logger=app.audit msg="Alex Morgan published version 1 for Mon 12 Oct 2026 · Morning" action=plan.published plan_id=1 actor=admin@seatwise.local
ts=2026-09-21T13:20:55.474Z level=INFO logger=app.http msg="request" method=POST path=/api/plans/1/publish status=200 ms=81
ts=2026-09-21T13:20:55.474Z level=INFO logger=httpx msg="HTTP Request: POST http://testserver/api/plans/1/publish "HTTP/1.1 200 OK""
ts=2026-09-21T13:20:57.229Z level=INFO logger=app.engine msg="Plan solved" candidates=457 halls=7 attempts=1 seed=6
ts=2026-09-21T13:20:57.249Z level=INFO logger=app.audit msg="Alex Morgan generated version 1 for Mon 12 Oct 2026 · Afternoon with seed 6: 457 candidates in 7 halls, 0 same-paper neighbours, solved in 1.7 s" action=plan.generated plan_id=2 actor=admin@seatwise.local
ts=2026-09-21T13:20:57.266Z level=INFO logger=app.plans msg="Plan generated" plan=2 session=2 ms=1746 seed=6
ts=2026-09-21T13:20:57.268Z level=INFO logger=app.http msg="request" method=POST path=/api/sessions/2/plans status=201 ms=1793
ts=2026-09-21T13:20:57.269Z level=INFO logger=httpx msg="HTTP Request: POST http://testserver/api/sessions/2/plans "HTTP/1.1 201 Created""
ts=2026-09-21T13:20:57.276Z level=INFO logger=app.http msg="request" method=GET path=/api/plans/1/halls/11 status=200 ms=6
ts=2026-09-21T13:20:57.276Z level=INFO logger=httpx msg="HTTP Request: GET http://testserver/api/plans/1/halls/11 "HTTP/1.1 200 OK""
ts=2026-09-21T13:20:57.284Z level=INFO logger=app.http msg="request" method=GET path=/api/public/lookup/dan25060 status=200 ms=7
ts=2026-09-21T13:20:57.284Z level=INFO logger=httpx msg="HTTP Request: GET http://testserver/api/public/lookup/dan25060 "HTTP/1.1 200 OK""
ts=2026-09-21T13:20:57.287Z level=INFO logger=app.http msg="request" method=GET path=/api/public/lookup/NOPE0000 status=404 ms=1
ts=2026-09-21T13:20:57.288Z level=INFO logger=httpx msg="HTTP Request: GET http://testserver/api/public/lookup/NOPE0000 "HTTP/1.1 404 Not Found""
ts=2026-09-21T13:20:57.291Z level=INFO logger=app.http msg="request" method=GET path=/api/public/slip/DAN25060/2.pdf status=404 ms=3
ts=2026-09-21T13:20:57.292Z level=INFO logger=httpx msg="HTTP Request: GET http://testserver/api/public/slip/DAN25060/2.pdf "HTTP/1.1 404 Not Found""
ts=2026-09-21T13:20:57.310Z level=INFO logger=app.http msg="request" method=GET path=/api/public/slip/DAN25060/1.pdf status=200 ms=16
ts=2026-09-21T13:20:57.311Z level=INFO logger=httpx msg="HTTP Request: GET http://testserver/api/public/slip/DAN25060/1.pdf "HTTP/1.1 200 OK""
ts=2026-09-21T13:20:57.332Z level=INFO logger=app.http msg="request" method=GET path=/api/public/qr/DAN25060.png status=200 ms=21
ts=2026-09-21T13:20:57.333Z level=INFO logger=httpx msg="HTTP Request: GET http://testserver/api/public/qr/DAN25060.png "HTTP/1.1 200 OK""
ts=2026-09-21T13:20:57.337Z level=INFO logger=app.http msg="request" method=GET path=/api/public/lookup/DAN25060 status=200 ms=2
ts=2026-09-21T13:20:57.337Z level=INFO logger=httpx msg="HTTP Request: GET http://testserver/api/public/lookup/DAN25060 "HTTP/1.1 200 OK""
ts=2026-09-21T13:20:57.340Z level=INFO logger=app.http msg="request" method=GET path=/api/public/lookup/DAN25060 status=200 ms=2
ts=2026-09-21T13:20:57.340Z level=INFO logger=httpx msg="HTTP Request: GET http://testserver/api/public/lookup/DAN25060 "HTTP/1.1 200 OK""
ts=2026-09-21T13:20:57.344Z level=INFO logger=app.http msg="request" method=GET path=/api/public/lookup/DAN25060 status=200 ms=3
ts=2026-09-21T13:20:57.345Z level=INFO logger=httpx msg="HTTP Request: GET http://testserver/api/public/lookup/DAN25060 "HTTP/1.1 200 OK""
ts=2026-09-21T13:20:57.347Z level=INFO logger=app.http msg="request" method=GET path=/api/public/lookup/DAN25060 status=429 ms=1
ts=2026-09-21T13:20:57.348Z level=INFO logger=httpx msg="HTTP Request: GET http://testserver/api/public/lookup/DAN25060 "HTTP/1.1 429 Too Many Requests""
ts=2026-09-21T13:24:51.064Z level=INFO logger=uvicorn.error msg="Started server process [2652]"
ts=2026-09-21T13:24:51.064Z level=INFO logger=uvicorn.error msg="Waiting for application startup."
ts=2026-09-21T13:24:51.078Z level=INFO logger=app msg="SeatWise API ready" version=1.0.0 port=8113 env=development
ts=2026-09-21T13:24:51.078Z level=INFO logger=uvicorn.error msg="Application startup complete."
ts=2026-09-21T13:24:51.079Z level=INFO logger=uvicorn.error msg="Uvicorn running on http://127.0.0.1:8113 (Press CTRL+C to quit)"
ts=2026-09-21T13:25:05.267Z level=INFO logger=app.http msg="request" method=GET path=/api/health status=200 ms=3
ts=2026-09-21T13:25:07.699Z level=INFO logger=app.http msg="request" method=GET path=/api/public/engine-summary status=200 ms=51
ts=2026-09-21T13:25:17.914Z level=INFO logger=app.http msg="request" method=GET path=/api/public/engine-summary status=200 ms=1
ts=2026-09-21T13:25:28.276Z level=INFO logger=app.http msg="request" method=GET path=/api/public/engine-summary status=200 ms=1
ts=2026-09-21T13:25:39.982Z level=INFO logger=app.http msg="request" method=GET path=/api/public/engine-summary status=200 ms=1
ts=2026-09-21T13:26:27.430Z level=INFO logger=app.seed msg="Created demo accounts" count=11
ts=2026-09-21T13:26:27.431Z level=INFO logger=app msg="SeatWise API ready" version=1.0.0 port=8113 env=development
ts=2026-09-21T13:26:27.635Z level=INFO logger=app.http msg="request" method=POST path=/api/auth/login status=200 ms=203
ts=2026-09-21T13:26:27.636Z level=INFO logger=httpx msg="HTTP Request: POST http://testserver/api/auth/login "HTTP/1.1 200 OK""
ts=2026-09-21T13:26:27.648Z level=INFO logger=app.audit msg="Alex Morgan cleared all exam data" action=workspace.reset plan_id=None actor=admin@seatwise.local
ts=2026-09-21T13:26:27.650Z level=INFO logger=app.http msg="request" method=POST path=/api/settings/reset-workspace status=200 ms=13
ts=2026-09-21T13:26:27.651Z level=INFO logger=httpx msg="HTTP Request: POST http://testserver/api/settings/reset-workspace "HTTP/1.1 200 OK""
ts=2026-09-21T13:26:27.766Z level=INFO logger=app.http msg="request" method=POST path=/api/imports/workbook/validate status=200 ms=114
ts=2026-09-21T13:26:27.767Z level=INFO logger=httpx msg="HTTP Request: POST http://testserver/api/imports/workbook/validate "HTTP/1.1 200 OK""
ts=2026-09-21T13:26:28.075Z level=INFO logger=app.audit msg="Alex Morgan imported seatwise_sample_workbook.xlsx (courses: 49 new, 0 updated, halls: 14 new, 0 updated, candidates: 908 new, 0 updated, timetable: 49 new, 0 updated)" action=import.committed plan_id=None actor=admin@seatwise.local
ts=2026-09-21T13:26:28.078Z level=INFO logger=app.http msg="request" method=POST path=/api/imports/1/commit status=200 ms=309
ts=2026-09-21T13:26:28.080Z level=INFO logger=httpx msg="HTTP Request: POST http://testserver/api/imports/1/commit "HTTP/1.1 200 OK""
ts=2026-09-21T13:26:28.106Z level=INFO logger=app.http msg="request" method=GET path=/api/sessions status=200 ms=25
ts=2026-09-21T13:26:28.106Z level=INFO logger=httpx msg="HTTP Request: GET http://testserver/api/sessions "HTTP/1.1 200 OK""
ts=2026-09-21T13:26:30.370Z level=INFO logger=app.engine msg="Plan solved" candidates=451 halls=6 attempts=1 seed=8
ts=2026-09-21T13:26:30.398Z level=INFO logger=app.audit msg="Alex Morgan generated version 1 for Mon 12 Oct 2026 · Morning with seed 8: 451 candidates in 6 halls, 0 same-paper neighbours, solved in 2.2 s" action=plan.generated plan_id=1 actor=admin@seatwise.local
ts=2026-09-21T13:26:30.412Z level=INFO logger=app.plans msg="Plan generated" plan=1 session=1 ms=2236 seed=8
ts=2026-09-21T13:26:30.416Z level=INFO logger=app.http msg="request" method=POST path=/api/sessions/1/plans status=201 ms=2308
ts=2026-09-21T13:26:30.417Z level=INFO logger=httpx msg="HTTP Request: POST http://testserver/api/sessions/1/plans "HTTP/1.1 201 Created""
ts=2026-09-21T13:26:30.443Z level=INFO logger=app.audit msg="Alex Morgan published version 1 for Mon 12 Oct 2026 · Morning" action=plan.published plan_id=1 actor=admin@seatwise.local
ts=2026-09-21T13:26:30.446Z level=INFO logger=app.http msg="request" method=POST path=/api/plans/1/publish status=200 ms=29
ts=2026-09-21T13:26:30.447Z level=INFO logger=httpx msg="HTTP Request: POST http://testserver/api/plans/1/publish "HTTP/1.1 200 OK""
ts=2026-09-21T13:26:30.467Z level=INFO logger=app.http msg="request" method=GET path=/api/analytics/overview status=200 ms=19
ts=2026-09-21T13:26:30.467Z level=INFO logger=httpx msg="HTTP Request: GET http://testserver/api/analytics/overview "HTTP/1.1 200 OK""
ts=2026-09-21T13:26:30.475Z level=INFO logger=app.http msg="request" method=GET path=/api/analytics/plans/1 status=200 ms=5
ts=2026-09-21T13:26:30.476Z level=INFO logger=httpx msg="HTTP Request: GET http://testserver/api/analytics/plans/1 "HTTP/1.1 200 OK""
ts=2026-09-21T13:26:30.482Z level=INFO logger=app.http msg="request" method=GET path=/api/analytics/engine status=200 ms=4
ts=2026-09-21T13:26:30.483Z level=INFO logger=httpx msg="HTTP Request: GET http://testserver/api/analytics/engine "HTTP/1.1 200 OK""
ts=2026-09-21T13:26:30.488Z level=INFO logger=app.http msg="request" method=GET path=/api/analytics/engine/plots/solve_time_by_size.png status=200 ms=5
ts=2026-09-21T13:26:30.490Z level=INFO logger=httpx msg="HTTP Request: GET http://testserver/api/analytics/engine/plots/solve_time_by_size.png "HTTP/1.1 200 OK""
ts=2026-09-21T13:26:30.494Z level=INFO logger=app.http msg="request" method=GET path=/api/analytics/engine/plots/../../secret.png status=404 ms=4
ts=2026-09-21T13:26:30.494Z level=INFO logger=httpx msg="HTTP Request: GET http://testserver/api/analytics/engine/plots/..%2F..%2Fsecret.png "HTTP/1.1 404 Not Found""
ts=2026-09-21T13:26:30.688Z level=INFO logger=app.http msg="request" method=POST path=/api/auth/login status=200 ms=192
ts=2026-09-21T13:26:30.689Z level=INFO logger=httpx msg="HTTP Request: POST http://testserver/api/auth/login "HTTP/1.1 200 OK""
ts=2026-09-21T13:26:30.693Z level=INFO logger=app.http msg="request" method=GET path=/api/analytics/overview status=403 ms=3
ts=2026-09-21T13:26:30.693Z level=INFO logger=httpx msg="HTTP Request: GET http://testserver/api/analytics/overview "HTTP/1.1 403 Forbidden""
ts=2026-09-21T13:26:30.701Z level=INFO logger=app.audit msg="Alex Morgan cleared all exam data" action=workspace.reset plan_id=None actor=admin@seatwise.local
ts=2026-09-21T13:26:30.702Z level=INFO logger=app.http msg="request" method=POST path=/api/settings/reset-workspace status=200 ms=7
ts=2026-09-21T13:26:30.703Z level=INFO logger=httpx msg="HTTP Request: POST http://testserver/api/settings/reset-workspace "HTTP/1.1 200 OK""
ts=2026-09-21T13:26:30.804Z level=INFO logger=app.http msg="request" method=POST path=/api/imports/workbook/validate status=200 ms=100
ts=2026-09-21T13:26:30.805Z level=INFO logger=httpx msg="HTTP Request: POST http://testserver/api/imports/workbook/validate "HTTP/1.1 200 OK""
ts=2026-09-21T13:26:31.106Z level=INFO logger=app.audit msg="Alex Morgan imported seatwise_sample_workbook.xlsx (courses: 49 new, 0 updated, halls: 14 new, 0 updated, candidates: 908 new, 0 updated, timetable: 49 new, 0 updated)" action=import.committed plan_id=None actor=admin@seatwise.local
ts=2026-09-21T13:26:31.109Z level=INFO logger=app.http msg="request" method=POST path=/api/imports/1/commit status=200 ms=304
ts=2026-09-21T13:26:31.112Z level=INFO logger=httpx msg="HTTP Request: POST http://testserver/api/imports/1/commit "HTTP/1.1 200 OK""
ts=2026-09-21T13:26:31.120Z level=INFO logger=app.http msg="request" method=GET path=/api/sessions status=200 ms=7
ts=2026-09-21T13:26:31.120Z level=INFO logger=httpx msg="HTTP Request: GET http://testserver/api/sessions "HTTP/1.1 200 OK""
ts=2026-09-21T13:26:33.074Z level=INFO logger=app.engine msg="Plan solved" candidates=451 halls=6 attempts=1 seed=3
ts=2026-09-21T13:26:33.096Z level=INFO logger=app.audit msg="Alex Morgan generated version 1 for Tue 13 Oct 2026 · Morning with seed 3: 451 candidates in 6 halls, 0 same-paper neighbours, solved in 1.9 s" action=plan.generated plan_id=1 actor=admin@seatwise.local
ts=2026-09-21T13:26:33.116Z level=INFO logger=app.plans msg="Plan generated" plan=1 session=3 ms=1945 seed=3
ts=2026-09-21T13:26:33.118Z level=INFO logger=app.http msg="request" method=POST path=/api/sessions/3/plans status=201 ms=1997
ts=2026-09-21T13:26:33.119Z level=INFO logger=httpx msg="HTTP Request: POST http://testserver/api/sessions/3/plans "HTTP/1.1 201 Created""
ts=2026-09-21T13:26:33.138Z level=INFO logger=app.audit msg="Alex Morgan published version 1 for Tue 13 Oct 2026 · Morning" action=plan.published plan_id=1 actor=admin@seatwise.local
ts=2026-09-21T13:26:33.141Z level=INFO logger=app.http msg="request" method=POST path=/api/plans/1/publish status=200 ms=22
ts=2026-09-21T13:26:33.142Z level=INFO logger=httpx msg="HTTP Request: POST http://testserver/api/plans/1/publish "HTTP/1.1 200 OK""
ts=2026-09-21T13:26:33.144Z level=INFO logger=app.http msg="request" method=GET path=/api/auth/me status=200 ms=1
ts=2026-09-21T13:26:33.144Z level=INFO logger=httpx msg="HTTP Request: GET http://testserver/api/auth/me "HTTP/1.1 200 OK""
ts=2026-09-21T13:26:33.150Z level=INFO logger=app.audit msg="Alex Morgan set invigilators for v1 of Tue 13 Oct 2026 · Morning (EW-205: Sam Taylor)" action=plan.invigilators plan_id=1 actor=admin@seatwise.local
ts=2026-09-21T13:26:33.152Z level=INFO logger=app.http msg="request" method=PUT path=/api/plans/1/invigilators status=200 ms=6
ts=2026-09-21T13:26:33.152Z level=INFO logger=httpx msg="HTTP Request: PUT http://testserver/api/plans/1/invigilators "HTTP/1.1 200 OK""
ts=2026-09-21T13:26:33.167Z level=INFO logger=app.http msg="request" method=GET path=/api/plans/1/halls/11 status=200 ms=15
ts=2026-09-21T13:26:33.168Z level=INFO logger=httpx msg="HTTP Request: GET http://testserver/api/plans/1/halls/11 "HTTP/1.1 200 OK""
ts=2026-09-21T13:26:33.173Z level=INFO logger=app.http msg="request" method=GET path=/api/plans/1/halls/3 status=200 ms=5
ts=2026-09-21T13:26:33.174Z level=INFO logger=httpx msg="HTTP Request: GET http://testserver/api/plans/1/halls/3 "HTTP/1.1 200 OK""
ts=2026-09-21T13:26:33.181Z level=INFO logger=app.http msg="request" method=GET path=/api/attendance/assignments status=200 ms=5
ts=2026-09-21T13:26:33.181Z level=INFO logger=httpx msg="HTTP Request: GET http://testserver/api/attendance/assignments "HTTP/1.1 200 OK""
ts=2026-09-21T13:26:33.191Z level=INFO logger=app.http msg="request" method=PUT path=/api/plans/1/halls/11/attendance/705 status=200 ms=8
ts=2026-09-21T13:26:33.192Z level=INFO logger=httpx msg="HTTP Request: PUT http://testserver/api/plans/1/halls/11/attendance/705 "HTTP/1.1 200 OK""
ts=2026-09-21T13:26:33.198Z level=INFO logger=app.http msg="request" method=POST path=/api/plans/1/halls/11/attendance/scan status=200 ms=5
ts=2026-09-21T13:26:33.199Z level=INFO logger=httpx msg="HTTP Request: POST http://testserver/api/plans/1/halls/11/attendance/scan "HTTP/1.1 200 OK""
ts=2026-09-21T13:26:33.204Z level=INFO logger=app.http msg="request" method=POST path=/api/plans/1/halls/11/attendance/scan status=200 ms=4
ts=2026-09-21T13:26:33.204Z level=INFO logger=httpx msg="HTTP Request: POST http://testserver/api/plans/1/halls/11/attendance/scan "HTTP/1.1 200 OK""
ts=2026-09-21T13:26:33.210Z level=INFO logger=app.http msg="request" method=POST path=/api/plans/1/halls/11/attendance/scan status=409 ms=4
ts=2026-09-21T13:26:33.210Z level=INFO logger=httpx msg="HTTP Request: POST http://testserver/api/plans/1/halls/11/attendance/scan "HTTP/1.1 409 Conflict""
ts=2026-09-21T13:26:33.215Z level=INFO logger=app.http msg="request" method=POST path=/api/plans/1/halls/11/attendance/scan status=404 ms=3
ts=2026-09-21T13:26:33.215Z level=INFO logger=httpx msg="HTTP Request: POST http://testserver/api/plans/1/halls/11/attendance/scan "HTTP/1.1 404 Not Found""
ts=2026-09-21T13:26:33.221Z level=INFO logger=app.http msg="request" method=POST path=/api/plans/1/halls/11/attendance/submit status=409 ms=4
ts=2026-09-21T13:26:33.221Z level=INFO logger=httpx msg="HTTP Request: POST http://testserver/api/plans/1/halls/11/attendance/submit "HTTP/1.1 409 Conflict""
ts=2026-09-21T13:26:33.238Z level=INFO logger=app.http msg="request" method=POST path=/api/plans/1/halls/11/attendance/mark-remaining-absent status=200 ms=16
ts=2026-09-21T13:26:33.238Z level=INFO logger=httpx msg="HTTP Request: POST http://testserver/api/plans/1/halls/11/attendance/mark-remaining-absent "HTTP/1.1 200 OK""
ts=2026-09-21T13:26:33.242Z level=INFO logger=app.audit msg="Sam Taylor submitted attendance for EW-205, Tue 13 Oct 2026 · Morning: 2 present, 70 absent" action=attendance.submitted plan_id=1 actor=invigilator@seatwise.local
ts=2026-09-21T13:26:33.244Z level=INFO logger=app.http msg="request" method=POST path=/api/plans/1/halls/11/attendance/submit status=200 ms=5
ts=2026-09-21T13:26:33.245Z level=INFO logger=httpx msg="HTTP Request: POST http://testserver/api/plans/1/halls/11/attendance/submit "HTTP/1.1 200 OK""
ts=2026-09-21T13:26:33.248Z level=INFO logger=app.http msg="request" method=PUT path=/api/plans/1/halls/11/attendance/705 status=409 ms=2
ts=2026-09-21T13:26:33.249Z level=INFO logger=httpx msg="HTTP Request: PUT http://testserver/api/plans/1/halls/11/attendance/705 "HTTP/1.1 409 Conflict""
ts=2026-09-21T13:26:33.252Z level=INFO logger=app.http msg="request" method=POST path=/api/plans/1/halls/11/attendance/reopen status=403 ms=3
ts=2026-09-21T13:26:33.252Z level=INFO logger=httpx msg="HTTP Request: POST http://testserver/api/plans/1/halls/11/attendance/reopen "HTTP/1.1 403 Forbidden""
ts=2026-09-21T13:26:33.255Z level=INFO logger=app.audit msg="Alex Morgan reopened attendance for EW-205, Tue 13 Oct 2026 · Morning" action=attendance.reopened plan_id=1 actor=admin@seatwise.local
ts=2026-09-21T13:26:33.257Z level=INFO logger=app.http msg="request" method=POST path=/api/plans/1/halls/11/attendance/reopen status=200 ms=4
ts=2026-09-21T13:26:33.257Z level=INFO logger=httpx msg="HTTP Request: POST http://testserver/api/plans/1/halls/11/attendance/reopen "HTTP/1.1 200 OK""
ts=2026-09-21T13:26:33.262Z level=INFO logger=app.http msg="request" method=POST path=/api/plans/1/halls/3/attendance/scan status=403 ms=3
ts=2026-09-21T13:26:33.263Z level=INFO logger=httpx msg="HTTP Request: POST http://testserver/api/plans/1/halls/3/attendance/scan "HTTP/1.1 403 Forbidden""
ts=2026-09-21T13:26:33.265Z level=INFO logger=app.http msg="request" method=GET path=/api/health status=200 ms=1
ts=2026-09-21T13:26:33.266Z level=INFO logger=httpx msg="HTTP Request: GET http://testserver/api/health "HTTP/1.1 200 OK""
ts=2026-09-21T13:26:33.268Z level=INFO logger=app.http msg="request" method=GET path=/api/auth/me status=200 ms=1
ts=2026-09-21T13:26:33.269Z level=INFO logger=httpx msg="HTTP Request: GET http://testserver/api/auth/me "HTTP/1.1 200 OK""
ts=2026-09-21T13:26:33.459Z level=INFO logger=app.http msg="request" method=POST path=/api/auth/login status=401 ms=189
ts=2026-09-21T13:26:33.460Z level=INFO logger=httpx msg="HTTP Request: POST http://testserver/api/auth/login "HTTP/1.1 401 Unauthorized""
ts=2026-09-21T13:26:33.463Z level=INFO logger=app.http msg="request" method=GET path=/api/auth/me status=401 ms=1
ts=2026-09-21T13:26:33.464Z level=INFO logger=httpx msg="HTTP Request: GET http://testserver/api/auth/me "HTTP/1.1 401 Unauthorized""
ts=2026-09-21T13:26:33.655Z level=INFO logger=app.audit msg="New Invigilator requested an invigilator account" action=user.registered plan_id=None actor=system
ts=2026-09-21T13:26:33.656Z level=INFO logger=app.http msg="request" method=POST path=/api/auth/register status=201 ms=192
ts=2026-09-21T13:26:33.658Z level=INFO logger=httpx msg="HTTP Request: POST http://testserver/api/auth/register "HTTP/1.1 201 Created""
ts=2026-09-21T13:26:33.847Z level=INFO logger=app.http msg="request" method=POST path=/api/auth/login status=403 ms=189
ts=2026-09-21T13:26:33.847Z level=INFO logger=httpx msg="HTTP Request: POST http://testserver/api/auth/login "HTTP/1.1 403 Forbidden""
ts=2026-09-21T13:26:33.851Z level=INFO logger=app.http msg="request" method=POST path=/api/auth/register status=409 ms=2
ts=2026-09-21T13:26:33.851Z level=INFO logger=httpx msg="HTTP Request: POST http://testserver/api/auth/register "HTTP/1.1 409 Conflict""
ts=2026-09-21T13:26:33.855Z level=INFO logger=app.audit msg="Alex Morgan updated New Invigilator: status=active" action=user.updated plan_id=None actor=admin@seatwise.local
ts=2026-09-21T13:26:33.857Z level=INFO logger=app.http msg="request" method=PATCH path=/api/users/12 status=200 ms=5
ts=2026-09-21T13:26:33.857Z level=INFO logger=httpx msg="HTTP Request: PATCH http://testserver/api/users/12 "HTTP/1.1 200 OK""
ts=2026-09-21T13:26:34.047Z level=INFO logger=app.http msg="request" method=POST path=/api/auth/login status=200 ms=188
ts=2026-09-21T13:26:34.047Z level=INFO logger=httpx msg="HTTP Request: POST http://testserver/api/auth/login "HTTP/1.1 200 OK""
ts=2026-09-21T13:26:34.051Z level=INFO logger=app.http msg="request" method=GET path=/api/users status=403 ms=2
ts=2026-09-21T13:26:34.051Z level=INFO logger=httpx msg="HTTP Request: GET http://testserver/api/users "HTTP/1.1 403 Forbidden""
ts=2026-09-21T13:26:34.054Z level=INFO logger=app.http msg="request" method=GET path=/api/auth/me status=200 ms=2
ts=2026-09-21T13:26:34.054Z level=INFO logger=httpx msg="HTTP Request: GET http://testserver/api/auth/me "HTTP/1.1 200 OK""
ts=2026-09-21T13:26:34.058Z level=INFO logger=app.http msg="request" method=PATCH path=/api/users/1 status=409 ms=3
ts=2026-09-21T13:26:34.058Z level=INFO logger=httpx msg="HTTP Request: PATCH http://testserver/api/users/1 "HTTP/1.1 409 Conflict""
ts=2026-09-21T13:26:34.061Z level=INFO logger=app.http msg="request" method=GET path=/api/settings/rules status=200 ms=2
ts=2026-09-21T13:26:34.062Z level=INFO logger=httpx msg="HTTP Request: GET http://testserver/api/settings/rules "HTTP/1.1 200 OK""
ts=2026-09-21T13:26:34.065Z level=INFO logger=app.audit msg="Alex Morgan changed default rules: roll_gap 5 -> 3" action=settings.rules plan_id=None actor=admin@seatwise.local
ts=2026-09-21T13:26:34.066Z level=INFO logger=app.http msg="request" method=PUT path=/api/settings/rules status=200 ms=4
ts=2026-09-21T13:26:34.067Z level=INFO logger=httpx msg="HTTP Request: PUT http://testserver/api/settings/rules "HTTP/1.1 200 OK""
ts=2026-09-21T13:26:34.070Z level=INFO logger=app.http msg="request" method=PUT path=/api/settings/rules status=422 ms=3
ts=2026-09-21T13:26:34.072Z level=INFO logger=httpx msg="HTTP Request: PUT http://testserver/api/settings/rules "HTTP/1.1 422 Unprocessable Entity""
ts=2026-09-21T13:26:34.075Z level=INFO logger=app.audit msg="Alex Morgan changed default rules: roll_gap 3 -> 5" action=settings.rules plan_id=None actor=admin@seatwise.local
ts=2026-09-21T13:26:34.076Z level=INFO logger=app.http msg="request" method=PUT path=/api/settings/rules status=200 ms=3
ts=2026-09-21T13:26:34.077Z level=INFO logger=httpx msg="HTTP Request: PUT http://testserver/api/settings/rules "HTTP/1.1 200 OK""
ts=2026-09-21T13:26:35.997Z level=INFO logger=app.engine msg="Plan solved" candidates=124 halls=3 attempts=1 seed=42
ts=2026-09-21T13:26:37.669Z level=INFO logger=app.engine msg="Plan solved" candidates=124 halls=3 attempts=1 seed=7
ts=2026-09-21T13:26:39.330Z level=INFO logger=app.engine msg="Plan solved" candidates=124 halls=3 attempts=1 seed=7
ts=2026-09-21T13:26:41.003Z level=INFO logger=app.engine msg="Plan solved" candidates=124 halls=3 attempts=1 seed=1
ts=2026-09-21T13:26:42.695Z level=INFO logger=app.engine msg="Plan solved" candidates=124 halls=3 attempts=1 seed=2
ts=2026-09-21T13:26:43.739Z level=INFO logger=app.engine msg="Plan solved" candidates=124 halls=3 attempts=1 seed=3
ts=2026-09-21T13:26:44.007Z level=INFO logger=app.engine msg="Plan solved" candidates=80 halls=2 attempts=1 seed=5
ts=2026-09-21T13:26:45.832Z level=INFO logger=app.engine msg="Plan solved" candidates=124 halls=3 attempts=1 seed=9
ts=2026-09-21T13:26:47.515Z level=INFO logger=app.engine msg="Plan solved" candidates=124 halls=3 attempts=1 seed=11
ts=2026-09-21T13:26:47.526Z level=INFO logger=app.audit msg="Alex Morgan cleared all exam data" action=workspace.reset plan_id=None actor=admin@seatwise.local
ts=2026-09-21T13:26:47.527Z level=INFO logger=app.http msg="request" method=POST path=/api/settings/reset-workspace status=200 ms=9
ts=2026-09-21T13:26:47.528Z level=INFO logger=httpx msg="HTTP Request: POST http://testserver/api/settings/reset-workspace "HTTP/1.1 200 OK""
ts=2026-09-21T13:26:47.658Z level=INFO logger=app.http msg="request" method=POST path=/api/imports/workbook/validate status=200 ms=130
ts=2026-09-21T13:26:47.659Z level=INFO logger=httpx msg="HTTP Request: POST http://testserver/api/imports/workbook/validate "HTTP/1.1 200 OK""
ts=2026-09-21T13:26:47.933Z level=INFO logger=app.audit msg="Alex Morgan imported seatwise_sample_workbook.xlsx (courses: 49 new, 0 updated, halls: 14 new, 0 updated, candidates: 908 new, 0 updated, timetable: 49 new, 0 updated)" action=import.committed plan_id=None actor=admin@seatwise.local
ts=2026-09-21T13:26:47.941Z level=INFO logger=app.http msg="request" method=POST path=/api/imports/1/commit status=200 ms=280
ts=2026-09-21T13:26:47.942Z level=INFO logger=httpx msg="HTTP Request: POST http://testserver/api/imports/1/commit "HTTP/1.1 200 OK""
ts=2026-09-21T13:26:47.952Z level=INFO logger=app.http msg="request" method=GET path=/api/sessions status=200 ms=9
ts=2026-09-21T13:26:47.953Z level=INFO logger=httpx msg="HTTP Request: GET http://testserver/api/sessions "HTTP/1.1 200 OK""
ts=2026-09-21T13:26:50.087Z level=INFO logger=app.engine msg="Plan solved" candidates=451 halls=6 attempts=1 seed=7
ts=2026-09-21T13:26:50.105Z level=INFO logger=app.audit msg="Alex Morgan generated version 1 for Mon 12 Oct 2026 · Morning with seed 7: 451 candidates in 6 halls, 0 same-paper neighbours, solved in 2.1 s" action=plan.generated plan_id=1 actor=admin@seatwise.local
ts=2026-09-21T13:26:50.174Z level=INFO logger=app.plans msg="Plan generated" plan=1 session=1 ms=2124 seed=7
ts=2026-09-21T13:26:50.176Z level=INFO logger=app.http msg="request" method=POST path=/api/sessions/1/plans status=201 ms=2222
ts=2026-09-21T13:26:50.176Z level=INFO logger=httpx msg="HTTP Request: POST http://testserver/api/sessions/1/plans "HTTP/1.1 201 Created""
ts=2026-09-21T13:26:50.195Z level=INFO logger=app.audit msg="Alex Morgan downloaded seating charts (all halls) for Mon 12 Oct 2026 · Morning v1" action=plan.exported plan_id=1 actor=admin@seatwise.local
ts=2026-09-21T13:26:50.295Z level=INFO logger=app.http msg="request" method=GET path=/api/plans/1/exports/seating-charts.pdf status=200 ms=117
ts=2026-09-21T13:26:50.296Z level=INFO logger=httpx msg="HTTP Request: GET http://testserver/api/plans/1/exports/seating-charts.pdf "HTTP/1.1 200 OK""
ts=2026-09-21T13:26:50.313Z level=INFO logger=app.audit msg="Alex Morgan downloaded invigilator sheets (all halls) for Mon 12 Oct 2026 · Morning v1" action=plan.exported plan_id=1 actor=admin@seatwise.local
ts=2026-09-21T13:26:50.478Z level=INFO logger=app.http msg="request" method=GET path=/api/plans/1/exports/invigilator-sheets.pdf status=200 ms=179
ts=2026-09-21T13:26:50.479Z level=INFO logger=httpx msg="HTTP Request: GET http://testserver/api/plans/1/exports/invigilator-sheets.pdf "HTTP/1.1 200 OK""
ts=2026-09-21T13:26:50.496Z level=INFO logger=app.audit msg="Alex Morgan downloaded seat slips (all halls) for Mon 12 Oct 2026 · Morning v1" action=plan.exported plan_id=1 actor=admin@seatwise.local
ts=2026-09-21T13:26:53.621Z level=INFO logger=app.http msg="request" method=GET path=/api/plans/1/exports/qr-slips.pdf status=200 ms=3140
ts=2026-09-21T13:26:53.624Z level=INFO logger=httpx msg="HTTP Request: GET http://testserver/api/plans/1/exports/qr-slips.pdf "HTTP/1.1 200 OK""
ts=2026-09-21T13:26:53.632Z level=INFO logger=app.audit msg="Alex Morgan downloaded seating charts (EW-205) for Mon 12 Oct 2026 · Morning v1" action=plan.exported plan_id=1 actor=admin@seatwise.local
ts=2026-09-21T13:26:53.651Z level=INFO logger=app.http msg="request" method=GET path=/api/plans/1/exports/seating-charts.pdf status=200 ms=25
ts=2026-09-21T13:26:53.652Z level=INFO logger=httpx msg="HTTP Request: GET http://testserver/api/plans/1/exports/seating-charts.pdf?hall_id=11 "HTTP/1.1 200 OK""
ts=2026-09-21T13:26:53.667Z level=INFO logger=app.audit msg="Alex Morgan downloaded hall lists (all halls) for Mon 12 Oct 2026 · Morning v1" action=plan.exported plan_id=1 actor=admin@seatwise.local
ts=2026-09-21T13:26:54.006Z level=INFO logger=app.http msg="request" method=GET path=/api/plans/1/exports/hall-lists.xlsx status=200 ms=353
ts=2026-09-21T13:26:54.007Z level=INFO logger=httpx msg="HTTP Request: GET http://testserver/api/plans/1/exports/hall-lists.xlsx "HTTP/1.1 200 OK""
ts=2026-09-21T13:26:54.097Z level=INFO logger=app.audit msg="Alex Morgan downloaded attendance report (all halls) for Mon 12 Oct 2026 · Morning v1" action=plan.exported plan_id=1 actor=admin@seatwise.local
ts=2026-09-21T13:26:54.278Z level=INFO logger=app.http msg="request" method=GET path=/api/plans/1/exports/attendance.xlsx status=200 ms=196
ts=2026-09-21T13:26:54.279Z level=INFO logger=httpx msg="HTTP Request: GET http://testserver/api/plans/1/exports/attendance.xlsx "HTTP/1.1 200 OK""
ts=2026-09-21T13:26:54.333Z level=INFO logger=app.http msg="request" method=GET path=/api/plans/1/exports/hall-lists.xlsx status=403 ms=3
ts=2026-09-21T13:26:54.334Z level=INFO logger=httpx msg="HTTP Request: GET http://testserver/api/plans/1/exports/hall-lists.xlsx "HTTP/1.1 403 Forbidden""
ts=2026-09-21T13:26:54.344Z level=INFO logger=app.audit msg="Alex Morgan cleared all exam data" action=workspace.reset plan_id=None actor=admin@seatwise.local
ts=2026-09-21T13:26:54.346Z level=INFO logger=app.http msg="request" method=POST path=/api/settings/reset-workspace status=200 ms=11
ts=2026-09-21T13:26:54.347Z level=INFO logger=httpx msg="HTTP Request: POST http://testserver/api/settings/reset-workspace "HTTP/1.1 200 OK""
ts=2026-09-21T13:26:54.362Z level=INFO logger=app.http msg="request" method=GET path=/api/imports/templates/courses status=200 ms=13
ts=2026-09-21T13:26:54.362Z level=INFO logger=httpx msg="HTTP Request: GET http://testserver/api/imports/templates/courses "HTTP/1.1 200 OK""
ts=2026-09-21T13:26:54.366Z level=INFO logger=app.http msg="request" method=GET path=/api/imports/samples/courses status=200 ms=2
ts=2026-09-21T13:26:54.368Z level=INFO logger=httpx msg="HTTP Request: GET http://testserver/api/imports/samples/courses "HTTP/1.1 200 OK""
ts=2026-09-21T13:26:54.380Z level=INFO logger=app.http msg="request" method=GET path=/api/imports/templates/candidates status=200 ms=12
ts=2026-09-21T13:26:54.381Z level=INFO logger=httpx msg="HTTP Request: GET http://testserver/api/imports/templates/candidates "HTTP/1.1 200 OK""
ts=2026-09-21T13:26:54.383Z level=INFO logger=app.http msg="request" method=GET path=/api/imports/samples/candidates status=200 ms=2
ts=2026-09-21T13:26:54.386Z level=INFO logger=httpx msg="HTTP Request: GET http://testserver/api/imports/samples/candidates "HTTP/1.1 200 OK""
ts=2026-09-21T13:26:54.399Z level=INFO logger=app.http msg="request" method=GET path=/api/imports/templates/halls status=200 ms=12
ts=2026-09-21T13:26:54.400Z level=INFO logger=httpx msg="HTTP Request: GET http://testserver/api/imports/templates/halls "HTTP/1.1 200 OK""
ts=2026-09-21T13:26:54.403Z level=INFO logger=app.http msg="request" method=GET path=/api/imports/samples/halls status=200 ms=2
ts=2026-09-21T13:26:54.404Z level=INFO logger=httpx msg="HTTP Request: GET http://testserver/api/imports/samples/halls "HTTP/1.1 200 OK""
ts=2026-09-21T13:26:54.418Z level=INFO logger=app.http msg="request" method=GET path=/api/imports/templates/timetable status=200 ms=12
ts=2026-09-21T13:26:54.419Z level=INFO logger=httpx msg="HTTP Request: GET http://testserver/api/imports/templates/timetable "HTTP/1.1 200 OK""
ts=2026-09-21T13:26:54.421Z level=INFO logger=app.http msg="request" method=GET path=/api/imports/samples/timetable status=200 ms=2
ts=2026-09-21T13:26:54.423Z level=INFO logger=httpx msg="HTTP Request: GET http://testserver/api/imports/samples/timetable "HTTP/1.1 200 OK""
ts=2026-09-21T13:26:54.449Z level=INFO logger=app.http msg="request" method=GET path=/api/imports/templates/workbook status=200 ms=25
ts=2026-09-21T13:26:54.450Z level=INFO logger=httpx msg="HTTP Request: GET http://testserver/api/imports/templates/workbook "HTTP/1.1 200 OK""
ts=2026-09-21T13:26:54.453Z level=INFO logger=app.http msg="request" method=GET path=/api/imports/samples/workbook status=200 ms=2
ts=2026-09-21T13:26:54.454Z level=INFO logger=httpx msg="HTTP Request: GET http://testserver/api/imports/samples/workbook "HTTP/1.1 200 OK""
ts=2026-09-21T13:26:54.458Z level=INFO logger=app.http msg="request" method=GET path=/api/imports/templates/halls status=200 ms=4
ts=2026-09-21T13:26:54.459Z level=INFO logger=httpx msg="HTTP Request: GET http://testserver/api/imports/templates/halls?format=csv "HTTP/1.1 200 OK""
ts=2026-09-21T13:26:54.491Z level=INFO logger=app.http msg="request" method=POST path=/api/imports/candidates/validate status=200 ms=29
ts=2026-09-21T13:26:54.492Z level=INFO logger=httpx msg="HTTP Request: POST http://testserver/api/imports/candidates/validate "HTTP/1.1 200 OK""
ts=2026-09-21T13:26:54.596Z level=INFO logger=app.http msg="request" method=POST path=/api/imports/workbook/validate status=200 ms=101
ts=2026-09-21T13:26:54.597Z level=INFO logger=httpx msg="HTTP Request: POST http://testserver/api/imports/workbook/validate "HTTP/1.1 200 OK""
ts=2026-09-21T13:26:54.969Z level=INFO logger=app.audit msg="Alex Morgan imported seatwise_sample_workbook.xlsx (courses: 49 new, 0 updated, halls: 14 new, 0 updated, candidates: 908 new, 0 updated, timetable: 49 new, 0 updated)" action=import.committed plan_id=None actor=admin@seatwise.local
ts=2026-09-21T13:26:54.971Z level=INFO logger=app.http msg="request" method=POST path=/api/imports/2/commit status=200 ms=374
ts=2026-09-21T13:26:54.973Z level=INFO logger=httpx msg="HTTP Request: POST http://testserver/api/imports/2/commit "HTTP/1.1 200 OK""
ts=2026-09-21T13:26:54.979Z level=INFO logger=app.http msg="request" method=GET path=/api/data/summary status=200 ms=5
ts=2026-09-21T13:26:54.980Z level=INFO logger=httpx msg="HTTP Request: GET http://testserver/api/data/summary "HTTP/1.1 200 OK""
ts=2026-09-21T13:26:54.989Z level=INFO logger=app.http msg="request" method=GET path=/api/sessions status=200 ms=8
ts=2026-09-21T13:26:54.989Z level=INFO logger=httpx msg="HTTP Request: GET http://testserver/api/sessions "HTTP/1.1 200 OK""
ts=2026-09-21T13:26:54.993Z level=INFO logger=app.http msg="request" method=GET path=/api/halls status=200 ms=3
ts=2026-09-21T13:26:54.994Z level=INFO logger=httpx msg="HTTP Request: GET http://testserver/api/halls "HTTP/1.1 200 OK""
ts=2026-09-21T13:26:55.007Z level=INFO logger=app.http msg="request" method=POST path=/api/imports/halls/validate status=200 ms=10
ts=2026-09-21T13:26:55.007Z level=INFO logger=httpx msg="HTTP Request: POST http://testserver/api/imports/halls/validate "HTTP/1.1 200 OK""
ts=2026-09-21T13:26:55.018Z level=INFO logger=app.audit msg="Alex Morgan imported halls.csv (halls: 0 new, 14 updated)" action=import.committed plan_id=None actor=admin@seatwise.local
ts=2026-09-21T13:26:55.019Z level=INFO logger=app.http msg="request" method=POST path=/api/imports/3/commit status=200 ms=11
ts=2026-09-21T13:26:55.020Z level=INFO logger=httpx msg="HTTP Request: POST http://testserver/api/imports/3/commit "HTTP/1.1 200 OK""
ts=2026-09-21T13:26:55.023Z level=INFO logger=app.http msg="request" method=POST path=/api/imports/3/commit status=409 ms=2
ts=2026-09-21T13:26:55.023Z level=INFO logger=httpx msg="HTTP Request: POST http://testserver/api/imports/3/commit "HTTP/1.1 409 Conflict""
ts=2026-09-21T13:26:55.036Z level=INFO logger=app.http msg="request" method=POST path=/api/imports/candidates/validate status=200 ms=11
ts=2026-09-21T13:26:55.037Z level=INFO logger=httpx msg="HTTP Request: POST http://testserver/api/imports/candidates/validate "HTTP/1.1 200 OK""
ts=2026-09-21T13:26:55.050Z level=INFO logger=app.http msg="request" method=POST path=/api/imports/halls/validate status=200 ms=10
ts=2026-09-21T13:26:55.051Z level=INFO logger=httpx msg="HTTP Request: POST http://testserver/api/imports/halls/validate "HTTP/1.1 200 OK""
ts=2026-09-21T13:26:55.064Z level=INFO logger=app.http msg="request" method=POST path=/api/imports/timetable/validate status=200 ms=11
ts=2026-09-21T13:26:55.064Z level=INFO logger=httpx msg="HTTP Request: POST http://testserver/api/imports/timetable/validate "HTTP/1.1 200 OK""
ts=2026-09-21T13:26:55.068Z level=INFO logger=app.http msg="request" method=POST path=/api/imports/halls/validate status=400 ms=2
ts=2026-09-21T13:26:55.068Z level=INFO logger=httpx msg="HTTP Request: POST http://testserver/api/imports/halls/validate "HTTP/1.1 400 Bad Request""
ts=2026-09-21T13:26:55.078Z level=INFO logger=app.http msg="request" method=POST path=/api/imports/courses/validate status=200 ms=9
ts=2026-09-21T13:26:55.079Z level=INFO logger=httpx msg="HTTP Request: POST http://testserver/api/imports/courses/validate "HTTP/1.1 200 OK""
ts=2026-09-21T13:26:55.082Z level=INFO logger=app.http msg="request" method=POST path=/api/imports/halls/validate status=403 ms=2
ts=2026-09-21T13:26:55.083Z level=INFO logger=httpx msg="HTTP Request: POST http://testserver/api/imports/halls/validate "HTTP/1.1 403 Forbidden""
ts=2026-09-21T13:26:55.089Z level=INFO logger=app.audit msg="Alex Morgan cleared all exam data" action=workspace.reset plan_id=None actor=admin@seatwise.local
ts=2026-09-21T13:26:55.091Z level=INFO logger=app.http msg="request" method=POST path=/api/settings/reset-workspace status=200 ms=7
ts=2026-09-21T13:26:55.091Z level=INFO logger=httpx msg="HTTP Request: POST http://testserver/api/settings/reset-workspace "HTTP/1.1 200 OK""
ts=2026-09-21T13:26:55.196Z level=INFO logger=app.http msg="request" method=POST path=/api/imports/workbook/validate status=200 ms=103
ts=2026-09-21T13:26:55.197Z level=INFO logger=httpx msg="HTTP Request: POST http://testserver/api/imports/workbook/validate "HTTP/1.1 200 OK""
ts=2026-09-21T13:26:55.483Z level=INFO logger=app.audit msg="Alex Morgan imported seatwise_sample_workbook.xlsx (courses: 49 new, 0 updated, halls: 14 new, 0 updated, candidates: 908 new, 0 updated, timetable: 49 new, 0 updated)" action=import.committed plan_id=None actor=admin@seatwise.local
ts=2026-09-21T13:26:55.485Z level=INFO logger=app.http msg="request" method=POST path=/api/imports/1/commit status=200 ms=287
ts=2026-09-21T13:26:55.487Z level=INFO logger=httpx msg="HTTP Request: POST http://testserver/api/imports/1/commit "HTTP/1.1 200 OK""
ts=2026-09-21T13:26:55.496Z level=INFO logger=app.http msg="request" method=GET path=/api/sessions status=200 ms=9
ts=2026-09-21T13:26:55.496Z level=INFO logger=httpx msg="HTTP Request: GET http://testserver/api/sessions "HTTP/1.1 200 OK""
ts=2026-09-21T13:26:57.805Z level=INFO logger=app.engine msg="Plan solved" candidates=451 halls=6 attempts=1 seed=12345
ts=2026-09-21T13:26:57.826Z level=INFO logger=app.audit msg="Alex Morgan generated version 1 for Mon 12 Oct 2026 · Morning with seed 12345: 451 candidates in 6 halls, 0 same-paper neighbours, solved in 2.3 s" action=plan.generated plan_id=1 actor=admin@seatwise.local
ts=2026-09-21T13:26:57.840Z level=INFO logger=app.plans msg="Plan generated" plan=1 session=1 ms=2300 seed=12345
ts=2026-09-21T13:26:57.842Z level=INFO logger=app.http msg="request" method=POST path=/api/sessions/1/plans status=201 ms=2345
ts=2026-09-21T13:26:57.843Z level=INFO logger=httpx msg="HTTP Request: POST http://testserver/api/sessions/1/plans "HTTP/1.1 201 Created""
ts=2026-09-21T13:27:00.150Z level=INFO logger=app.engine msg="Plan solved" candidates=451 halls=6 attempts=1 seed=12345
ts=2026-09-21T13:27:00.169Z level=INFO logger=app.audit msg="Alex Morgan generated version 2 for Mon 12 Oct 2026 · Morning with seed 12345: 451 candidates in 6 halls, 0 same-paper neighbours, solved in 2.3 s" action=plan.generated plan_id=2 actor=admin@seatwise.local
ts=2026-09-21T13:27:00.184Z level=INFO logger=app.plans msg="Plan generated" plan=2 session=1 ms=2297 seed=12345
ts=2026-09-21T13:27:00.186Z level=INFO logger=app.http msg="request" method=POST path=/api/sessions/1/plans status=201 ms=2341
ts=2026-09-21T13:27:00.187Z level=INFO logger=httpx msg="HTTP Request: POST http://testserver/api/sessions/1/plans "HTTP/1.1 201 Created""
ts=2026-09-21T13:27:02.487Z level=INFO logger=app.engine msg="Plan solved" candidates=451 halls=6 attempts=1 seed=12345
ts=2026-09-21T13:27:02.488Z level=INFO logger=app.audit msg="Alex Morgan verified version 1 of Mon 12 Oct 2026 · Morning: reproduced exactly" action=plan.verified plan_id=1 actor=admin@seatwise.local
ts=2026-09-21T13:27:02.489Z level=INFO logger=app.http msg="request" method=POST path=/api/plans/1/verify status=200 ms=2301
ts=2026-09-21T13:27:02.490Z level=INFO logger=httpx msg="HTTP Request: POST http://testserver/api/plans/1/verify "HTTP/1.1 200 OK""
ts=2026-09-21T13:27:04.519Z level=INFO logger=app.engine msg="Plan solved" candidates=451 halls=6 attempts=1 seed=999
ts=2026-09-21T13:27:04.537Z level=INFO logger=app.audit msg="Alex Morgan generated version 3 for Mon 12 Oct 2026 · Morning with seed 999: 451 candidates in 6 halls, 0 same-paper neighbours, solved in 2.0 s" action=plan.generated plan_id=3 actor=admin@seatwise.local
ts=2026-09-21T13:27:04.551Z level=INFO logger=app.plans msg="Plan generated" plan=3 session=1 ms=2019 seed=999
ts=2026-09-21T13:27:04.554Z level=INFO logger=app.http msg="request" method=POST path=/api/sessions/1/plans status=201 ms=2063
ts=2026-09-21T13:27:04.554Z level=INFO logger=httpx msg="HTTP Request: POST http://testserver/api/sessions/1/plans "HTTP/1.1 201 Created""
ts=2026-09-21T13:27:04.559Z level=INFO logger=app.http msg="request" method=GET path=/api/sessions/1/plans status=200 ms=3
ts=2026-09-21T13:27:04.560Z level=INFO logger=httpx msg="HTTP Request: GET http://testserver/api/sessions/1/plans "HTTP/1.1 200 OK""
ts=2026-09-21T13:27:04.580Z level=INFO logger=app.audit msg="Alex Morgan published version 1 for Mon 12 Oct 2026 · Morning" action=plan.published plan_id=1 actor=admin@seatwise.local
ts=2026-09-21T13:27:04.583Z level=INFO logger=app.http msg="request" method=POST path=/api/plans/1/publish status=200 ms=23
ts=2026-09-21T13:27:04.584Z level=INFO logger=httpx msg="HTTP Request: POST http://testserver/api/plans/1/publish "HTTP/1.1 200 OK""
ts=2026-09-21T13:27:04.666Z level=INFO logger=app.audit msg="Alex Morgan published version 3 for Mon 12 Oct 2026 · Morning (replacing version 1)" action=plan.published plan_id=3 actor=admin@seatwise.local
ts=2026-09-21T13:27:04.669Z level=INFO logger=app.http msg="request" method=POST path=/api/plans/3/publish status=200 ms=83
ts=2026-09-21T13:27:04.670Z level=INFO logger=httpx msg="HTTP Request: POST http://testserver/api/plans/3/publish "HTTP/1.1 200 OK""
ts=2026-09-21T13:27:04.673Z level=INFO logger=app.http msg="request" method=GET path=/api/sessions/1/plans status=200 ms=2
ts=2026-09-21T13:27:04.673Z level=INFO logger=httpx msg="HTTP Request: GET http://testserver/api/sessions/1/plans "HTTP/1.1 200 OK""
ts=2026-09-21T13:27:04.677Z level=INFO logger=app.http msg="request" method=DELETE path=/api/plans/3 status=409 ms=3
ts=2026-09-21T13:27:04.678Z level=INFO logger=httpx msg="HTTP Request: DELETE http://testserver/api/plans/3 "HTTP/1.1 409 Conflict""
ts=2026-09-21T13:27:04.680Z level=INFO logger=app.audit msg="Alex Morgan deleted version 1 of Mon 12 Oct 2026 · Morning" action=plan.deleted plan_id=None actor=admin@seatwise.local
ts=2026-09-21T13:27:04.683Z level=INFO logger=app.http msg="request" method=DELETE path=/api/plans/1 status=204 ms=5
ts=2026-09-21T13:27:04.683Z level=INFO logger=httpx msg="HTTP Request: DELETE http://testserver/api/plans/1 "HTTP/1.1 204 No Content""
ts=2026-09-21T13:27:04.687Z level=INFO logger=app.http msg="request" method=GET path=/api/sessions/1/plans status=200 ms=2
ts=2026-09-21T13:27:04.688Z level=INFO logger=httpx msg="HTTP Request: GET http://testserver/api/sessions/1/plans "HTTP/1.1 200 OK""
ts=2026-09-21T13:27:04.692Z level=INFO logger=app.http msg="request" method=GET path=/api/plans/3 status=200 ms=3
ts=2026-09-21T13:27:04.693Z level=INFO logger=httpx msg="HTTP Request: GET http://testserver/api/plans/3 "HTTP/1.1 200 OK""
ts=2026-09-21T13:27:04.700Z level=INFO logger=app.http msg="request" method=GET path=/api/plans/3/halls/11 status=200 ms=5
ts=2026-09-21T13:27:04.701Z level=INFO logger=httpx msg="HTTP Request: GET http://testserver/api/plans/3/halls/11 "HTTP/1.1 200 OK""
ts=2026-09-21T13:27:04.708Z level=INFO logger=app.http msg="request" method=GET path=/api/plans/3/halls/11/swap-check status=200 ms=7
ts=2026-09-21T13:27:04.709Z level=INFO logger=httpx msg="HTTP Request: GET http://testserver/api/plans/3/halls/11/swap-check?seat=A1 "HTTP/1.1 200 OK""
ts=2026-09-21T13:27:04.714Z level=INFO logger=app.http msg="request" method=POST path=/api/plans/3/swap status=409 ms=5
ts=2026-09-21T13:27:04.715Z level=INFO logger=httpx msg="HTTP Request: POST http://testserver/api/plans/3/swap "HTTP/1.1 409 Conflict""
ts=2026-09-21T13:27:04.739Z level=INFO logger=app.audit msg="Alex Morgan swapped ACF25015 (A1) with MCD24016 (A2) in EW-205, Mon 12 Oct 2026 · Morning v3" action=plan.seat_moved plan_id=3 actor=admin@seatwise.local
ts=2026-09-21T13:27:04.742Z level=INFO logger=app.http msg="request" method=POST path=/api/plans/3/swap status=200 ms=26
ts=2026-09-21T13:27:04.743Z level=INFO logger=httpx msg="HTTP Request: POST http://testserver/api/plans/3/swap "HTTP/1.1 200 OK""
ts=2026-09-21T13:27:04.747Z level=INFO logger=app.http msg="request" method=GET path=/api/plans/3 status=200 ms=3
ts=2026-09-21T13:27:04.748Z level=INFO logger=httpx msg="HTTP Request: GET http://testserver/api/plans/3 "HTTP/1.1 200 OK""
ts=2026-09-21T13:27:04.752Z level=INFO logger=app.http msg="request" method=GET path=/api/audit status=200 ms=4
ts=2026-09-21T13:27:04.753Z level=INFO logger=httpx msg="HTTP Request: GET http://testserver/api/audit?plan_id=3 "HTTP/1.1 200 OK""
ts=2026-09-21T13:27:04.757Z level=INFO logger=app.http msg="request" method=GET path=/api/sessions/1/plans status=200 ms=2
ts=2026-09-21T13:27:04.758Z level=INFO logger=httpx msg="HTTP Request: GET http://testserver/api/sessions/1/plans "HTTP/1.1 200 OK""
ts=2026-09-21T13:27:04.761Z level=INFO logger=app.http msg="request" method=GET path=/api/plans/3 status=200 ms=3
ts=2026-09-21T13:27:04.761Z level=INFO logger=httpx msg="HTTP Request: GET http://testserver/api/plans/3 "HTTP/1.1 200 OK""
ts=2026-09-21T13:27:04.764Z level=INFO logger=app.http msg="request" method=GET path=/api/auth/me status=200 ms=1
ts=2026-09-21T13:27:04.764Z level=INFO logger=httpx msg="HTTP Request: GET http://testserver/api/auth/me "HTTP/1.1 200 OK""
ts=2026-09-21T13:27:04.767Z level=INFO logger=app.http msg="request" method=GET path=/api/plans/3/halls/11 status=403 ms=2
ts=2026-09-21T13:27:04.767Z level=INFO logger=httpx msg="HTTP Request: GET http://testserver/api/plans/3/halls/11 "HTTP/1.1 403 Forbidden""
ts=2026-09-21T13:27:04.771Z level=INFO logger=app.audit msg="Alex Morgan set invigilators for v3 of Mon 12 Oct 2026 · Morning (EW-205: Sam Taylor)" action=plan.invigilators plan_id=3 actor=admin@seatwise.local
ts=2026-09-21T13:27:04.775Z level=INFO logger=app.http msg="request" method=PUT path=/api/plans/3/invigilators status=200 ms=6
ts=2026-09-21T13:27:04.776Z level=INFO logger=httpx msg="HTTP Request: PUT http://testserver/api/plans/3/invigilators "HTTP/1.1 200 OK""
ts=2026-09-21T13:27:04.785Z level=INFO logger=app.http msg="request" method=GET path=/api/plans/3/halls/11 status=200 ms=8
ts=2026-09-21T13:27:04.786Z level=INFO logger=httpx msg="HTTP Request: GET http://testserver/api/plans/3/halls/11 "HTTP/1.1 200 OK""
ts=2026-09-21T13:27:04.788Z level=INFO logger=app.http msg="request" method=GET path=/api/plans/3/halls/11/swap-check status=403 ms=2
ts=2026-09-21T13:27:04.789Z level=INFO logger=httpx msg="HTTP Request: GET http://testserver/api/plans/3/halls/11/swap-check?seat=A1 "HTTP/1.1 403 Forbidden""
ts=2026-09-21T13:27:04.793Z level=INFO logger=app.http msg="request" method=GET path=/api/halls status=200 ms=2
ts=2026-09-21T13:27:04.794Z level=INFO logger=httpx msg="HTTP Request: GET http://testserver/api/halls "HTTP/1.1 200 OK""
ts=2026-09-21T13:27:04.803Z level=INFO logger=app.audit msg="Alex Morgan could not generate a plan for Mon 12 Oct 2026 · Afternoon" action=plan.failed plan_id=None actor=admin@seatwise.local
ts=2026-09-21T13:27:04.804Z level=INFO logger=app.http msg="request" method=POST path=/api/sessions/2/plans status=422 ms=10
ts=2026-09-21T13:27:04.805Z level=INFO logger=httpx msg="HTTP Request: POST http://testserver/api/sessions/2/plans "HTTP/1.1 422 Unprocessable Entity""
ts=2026-09-21T13:27:04.809Z level=INFO logger=app.http msg="request" method=GET path=/api/audit status=200 ms=3
ts=2026-09-21T13:27:04.809Z level=INFO logger=httpx msg="HTTP Request: GET http://testserver/api/audit?action=plan.failed "HTTP/1.1 200 OK""
ts=2026-09-21T13:27:04.818Z level=INFO logger=app.audit msg="Alex Morgan cleared all exam data" action=workspace.reset plan_id=None actor=admin@seatwise.local
ts=2026-09-21T13:27:04.824Z level=INFO logger=app.http msg="request" method=POST path=/api/settings/reset-workspace status=200 ms=12
ts=2026-09-21T13:27:04.824Z level=INFO logger=httpx msg="HTTP Request: POST http://testserver/api/settings/reset-workspace "HTTP/1.1 200 OK""
ts=2026-09-21T13:27:04.921Z level=INFO logger=app.http msg="request" method=POST path=/api/imports/workbook/validate status=200 ms=96
ts=2026-09-21T13:27:04.922Z level=INFO logger=httpx msg="HTTP Request: POST http://testserver/api/imports/workbook/validate "HTTP/1.1 200 OK""
ts=2026-09-21T13:27:05.233Z level=INFO logger=app.audit msg="Alex Morgan imported seatwise_sample_workbook.xlsx (courses: 49 new, 0 updated, halls: 14 new, 0 updated, candidates: 908 new, 0 updated, timetable: 49 new, 0 updated)" action=import.committed plan_id=None actor=admin@seatwise.local
ts=2026-09-21T13:27:05.235Z level=INFO logger=app.http msg="request" method=POST path=/api/imports/1/commit status=200 ms=311
ts=2026-09-21T13:27:05.236Z level=INFO logger=httpx msg="HTTP Request: POST http://testserver/api/imports/1/commit "HTTP/1.1 200 OK""
ts=2026-09-21T13:27:05.247Z level=INFO logger=app.http msg="request" method=GET path=/api/sessions status=200 ms=10
ts=2026-09-21T13:27:05.248Z level=INFO logger=httpx msg="HTTP Request: GET http://testserver/api/sessions "HTTP/1.1 200 OK""
ts=2026-09-21T13:27:07.479Z level=INFO logger=app.engine msg="Plan solved" candidates=451 halls=6 attempts=1 seed=5
ts=2026-09-21T13:27:07.499Z level=INFO logger=app.audit msg="Alex Morgan generated version 1 for Mon 12 Oct 2026 · Morning with seed 5: 451 candidates in 6 halls, 0 same-paper neighbours, solved in 2.2 s" action=plan.generated plan_id=1 actor=admin@seatwise.local
ts=2026-09-21T13:27:07.513Z level=INFO logger=app.plans msg="Plan generated" plan=1 session=1 ms=2221 seed=5
ts=2026-09-21T13:27:07.515Z level=INFO logger=app.http msg="request" method=POST path=/api/sessions/1/plans status=201 ms=2267
ts=2026-09-21T13:27:07.516Z level=INFO logger=httpx msg="HTTP Request: POST http://testserver/api/sessions/1/plans "HTTP/1.1 201 Created""
ts=2026-09-21T13:27:07.606Z level=INFO logger=app.audit msg="Alex Morgan published version 1 for Mon 12 Oct 2026 · Morning" action=plan.published plan_id=1 actor=admin@seatwise.local
ts=2026-09-21T13:27:07.610Z level=INFO logger=app.http msg="request" method=POST path=/api/plans/1/publish status=200 ms=93
ts=2026-09-21T13:27:07.610Z level=INFO logger=httpx msg="HTTP Request: POST http://testserver/api/plans/1/publish "HTTP/1.1 200 OK""
ts=2026-09-21T13:27:09.500Z level=INFO logger=app.engine msg="Plan solved" candidates=457 halls=7 attempts=1 seed=6
ts=2026-09-21T13:27:09.517Z level=INFO logger=app.audit msg="Alex Morgan generated version 1 for Mon 12 Oct 2026 · Afternoon with seed 6: 457 candidates in 7 halls, 0 same-paper neighbours, solved in 1.9 s" action=plan.generated plan_id=2 actor=admin@seatwise.local
ts=2026-09-21T13:27:09.534Z level=INFO logger=app.plans msg="Plan generated" plan=2 session=2 ms=1881 seed=6
ts=2026-09-21T13:27:09.570Z level=INFO logger=app.http msg="request" method=POST path=/api/sessions/2/plans status=201 ms=1959
ts=2026-09-21T13:27:09.577Z level=INFO logger=httpx msg="HTTP Request: POST http://testserver/api/sessions/2/plans "HTTP/1.1 201 Created""
ts=2026-09-21T13:27:09.583Z level=INFO logger=app.http msg="request" method=GET path=/api/plans/1/halls/11 status=200 ms=6
ts=2026-09-21T13:27:09.584Z level=INFO logger=httpx msg="HTTP Request: GET http://testserver/api/plans/1/halls/11 "HTTP/1.1 200 OK""
ts=2026-09-21T13:27:09.593Z level=INFO logger=app.http msg="request" method=GET path=/api/public/lookup/dan25060 status=200 ms=7
ts=2026-09-21T13:27:09.594Z level=INFO logger=httpx msg="HTTP Request: GET http://testserver/api/public/lookup/dan25060 "HTTP/1.1 200 OK""
ts=2026-09-21T13:27:09.597Z level=INFO logger=app.http msg="request" method=GET path=/api/public/lookup/NOPE0000 status=404 ms=1
ts=2026-09-21T13:27:09.597Z level=INFO logger=httpx msg="HTTP Request: GET http://testserver/api/public/lookup/NOPE0000 "HTTP/1.1 404 Not Found""
ts=2026-09-21T13:27:09.601Z level=INFO logger=app.http msg="request" method=GET path=/api/public/slip/DAN25060/2.pdf status=404 ms=3
ts=2026-09-21T13:27:09.602Z level=INFO logger=httpx msg="HTTP Request: GET http://testserver/api/public/slip/DAN25060/2.pdf "HTTP/1.1 404 Not Found""
ts=2026-09-21T13:27:09.621Z level=INFO logger=app.http msg="request" method=GET path=/api/public/slip/DAN25060/1.pdf status=200 ms=17
ts=2026-09-21T13:27:09.622Z level=INFO logger=httpx msg="HTTP Request: GET http://testserver/api/public/slip/DAN25060/1.pdf "HTTP/1.1 200 OK""
ts=2026-09-21T13:27:09.652Z level=INFO logger=app.http msg="request" method=GET path=/api/public/qr/DAN25060.png status=200 ms=29
ts=2026-09-21T13:27:09.653Z level=INFO logger=httpx msg="HTTP Request: GET http://testserver/api/public/qr/DAN25060.png "HTTP/1.1 200 OK""
ts=2026-09-21T13:27:09.656Z level=INFO logger=app.http msg="request" method=GET path=/api/public/engine-summary status=200 ms=1
ts=2026-09-21T13:27:09.656Z level=INFO logger=httpx msg="HTTP Request: GET http://testserver/api/public/engine-summary "HTTP/1.1 200 OK""
ts=2026-09-21T13:27:09.660Z level=INFO logger=app.http msg="request" method=GET path=/api/public/lookup/DAN25060 status=200 ms=2
ts=2026-09-21T13:27:09.661Z level=INFO logger=httpx msg="HTTP Request: GET http://testserver/api/public/lookup/DAN25060 "HTTP/1.1 200 OK""
ts=2026-09-21T13:27:09.663Z level=INFO logger=app.http msg="request" method=GET path=/api/public/lookup/DAN25060 status=200 ms=2
ts=2026-09-21T13:27:09.664Z level=INFO logger=httpx msg="HTTP Request: GET http://testserver/api/public/lookup/DAN25060 "HTTP/1.1 200 OK""
ts=2026-09-21T13:27:09.666Z level=INFO logger=app.http msg="request" method=GET path=/api/public/lookup/DAN25060 status=200 ms=2
ts=2026-09-21T13:27:09.667Z level=INFO logger=httpx msg="HTTP Request: GET http://testserver/api/public/lookup/DAN25060 "HTTP/1.1 200 OK""
ts=2026-09-21T13:27:09.669Z level=INFO logger=app.http msg="request" method=GET path=/api/public/lookup/DAN25060 status=429 ms=1
ts=2026-09-21T13:27:09.669Z level=INFO logger=httpx msg="HTTP Request: GET http://testserver/api/public/lookup/DAN25060 "HTTP/1.1 429 Too Many Requests""
ts=2026-09-21T13:27:40.375Z level=INFO logger=uvicorn.error msg="Started server process [19984]"
ts=2026-09-21T13:27:40.376Z level=INFO logger=uvicorn.error msg="Waiting for application startup."
ts=2026-09-21T13:27:40.387Z level=INFO logger=app msg="SeatWise API ready" version=1.0.0 port=8113 env=development
ts=2026-09-21T13:27:40.388Z level=INFO logger=uvicorn.error msg="Application startup complete."
ts=2026-09-21T13:27:40.388Z level=INFO logger=uvicorn.error msg="Uvicorn running on http://127.0.0.1:8113 (Press CTRL+C to quit)"
ts=2026-09-21T13:27:42.556Z level=INFO logger=app.http msg="request" method=GET path=/api/health status=200 ms=3
ts=2026-09-21T13:27:43.097Z level=INFO logger=app.http msg="request" method=POST path=/api/auth/login status=200 ms=230
ts=2026-09-21T13:27:43.130Z level=INFO logger=app.http msg="request" method=GET path=/api/plans status=200 ms=31
ts=2026-09-21T13:27:43.141Z level=INFO logger=app.http msg="request" method=GET path=/api/plans/1 status=200 ms=8
ts=2026-09-21T13:27:44.268Z level=INFO logger=app.http msg="request" method=POST path=/api/auth/login status=200 ms=211
ts=2026-09-21T13:27:44.338Z level=INFO logger=app.http msg="request" method=GET path=/api/auth/demo status=200 ms=223
ts=2026-09-21T13:27:44.345Z level=INFO logger=app.http msg="request" method=GET path=/api/auth/me status=200 ms=2
ts=2026-09-21T13:27:44.476Z level=INFO logger=app.http msg="request" method=GET path=/api/public/engine-summary status=200 ms=19
ts=2026-09-21T13:27:46.269Z level=INFO logger=app.http msg="request" method=GET path=/api/auth/me status=200 ms=2
ts=2026-09-21T13:27:46.442Z level=INFO logger=app.http msg="request" method=GET path=/api/analytics/overview status=200 ms=12
ts=2026-09-21T13:27:46.536Z level=INFO logger=app.http msg="request" method=GET path=/api/auth/demo status=200 ms=208
ts=2026-09-21T13:27:48.204Z level=INFO logger=app.http msg="request" method=GET path=/api/auth/me status=200 ms=2
ts=2026-09-21T13:27:50.095Z level=INFO logger=app.http msg="request" method=GET path=/api/auth/me status=200 ms=2
ts=2026-09-21T13:27:51.996Z level=INFO logger=app.http msg="request" method=GET path=/api/auth/me status=200 ms=2
ts=2026-09-21T13:27:52.039Z level=INFO logger=app.http msg="request" method=GET path=/api/analytics/overview status=200 ms=7
ts=2026-09-21T13:27:53.902Z level=INFO logger=app.http msg="request" method=GET path=/api/auth/me status=200 ms=3
ts=2026-09-21T13:27:54.016Z level=INFO logger=app.http msg="request" method=GET path=/api/imports status=200 ms=13
ts=2026-09-21T13:27:55.812Z level=INFO logger=app.http msg="request" method=GET path=/api/auth/me status=200 ms=2
ts=2026-09-21T13:27:55.916Z level=INFO logger=app.http msg="request" method=GET path=/api/departments status=200 ms=13
ts=2026-09-21T13:27:55.917Z level=INFO logger=app.http msg="request" method=GET path=/api/data/summary status=200 ms=12
ts=2026-09-21T13:27:55.931Z level=INFO logger=app.http msg="request" method=GET path=/api/candidates status=200 ms=26
ts=2026-09-21T13:27:57.706Z level=INFO logger=app.http msg="request" method=GET path=/api/auth/me status=200 ms=2
ts=2026-09-21T13:27:57.758Z level=INFO logger=app.http msg="request" method=GET path=/api/data/summary status=200 ms=10
ts=2026-09-21T13:27:57.761Z level=INFO logger=app.http msg="request" method=GET path=/api/courses status=200 ms=12
ts=2026-09-21T13:27:59.611Z level=INFO logger=app.http msg="request" method=GET path=/api/auth/me status=200 ms=2
ts=2026-09-21T13:27:59.650Z level=INFO logger=app.http msg="request" method=GET path=/api/halls status=200 ms=7
ts=2026-09-21T13:27:59.651Z level=INFO logger=app.http msg="request" method=GET path=/api/data/summary status=200 ms=9
ts=2026-09-21T13:28:01.508Z level=INFO logger=app.http msg="request" method=GET path=/api/auth/me status=200 ms=2
ts=2026-09-21T13:28:01.549Z level=INFO logger=app.http msg="request" method=GET path=/api/data/summary status=200 ms=5
ts=2026-09-21T13:28:01.559Z level=INFO logger=app.http msg="request" method=GET path=/api/sessions status=200 ms=16
ts=2026-09-21T13:28:03.406Z level=INFO logger=app.http msg="request" method=GET path=/api/auth/me status=200 ms=2
ts=2026-09-21T13:28:03.453Z level=INFO logger=app.http msg="request" method=GET path=/api/sessions status=200 ms=11
ts=2026-09-21T13:28:05.324Z level=INFO logger=app.http msg="request" method=GET path=/api/auth/me status=200 ms=2
ts=2026-09-21T13:28:05.438Z level=INFO logger=app.http msg="request" method=GET path=/api/sessions/1/plans status=200 ms=5
ts=2026-09-21T13:28:05.440Z level=INFO logger=app.http msg="request" method=GET path=/api/sessions/1 status=200 ms=7
ts=2026-09-21T13:28:05.454Z level=INFO logger=app.http msg="request" method=GET path=/api/plans/1 status=200 ms=6
ts=2026-09-21T13:28:05.454Z level=INFO logger=app.http msg="request" method=GET path=/api/users status=200 ms=6
ts=2026-09-21T13:28:07.247Z level=INFO logger=app.http msg="request" method=GET path=/api/auth/me status=200 ms=3
ts=2026-09-21T13:28:07.335Z level=INFO logger=app.http msg="request" method=GET path=/api/plans/1/halls/11 status=200 ms=16
ts=2026-09-21T13:28:09.151Z level=INFO logger=app.http msg="request" method=GET path=/api/auth/me status=200 ms=2
ts=2026-09-21T13:28:09.190Z level=INFO logger=app.http msg="request" method=GET path=/api/plans status=200 ms=3
ts=2026-09-21T13:28:09.209Z level=INFO logger=app.http msg="request" method=GET path=/api/plans/1 status=200 ms=5
ts=2026-09-21T13:28:11.042Z level=INFO logger=app.http msg="request" method=GET path=/api/auth/me status=200 ms=3
ts=2026-09-21T13:28:11.089Z level=INFO logger=app.http msg="request" method=GET path=/api/attendance/assignments status=200 ms=14
ts=2026-09-21T13:28:12.941Z level=INFO logger=app.http msg="request" method=GET path=/api/auth/me status=200 ms=2
ts=2026-09-21T13:28:13.004Z level=INFO logger=app.http msg="request" method=GET path=/api/plans/1/halls/11 status=200 ms=6
ts=2026-09-21T13:28:14.858Z level=INFO logger=app.http msg="request" method=GET path=/api/auth/me status=200 ms=2
ts=2026-09-21T13:28:14.932Z level=INFO logger=app.http msg="request" method=GET path=/api/plans status=200 ms=3
ts=2026-09-21T13:28:14.947Z level=INFO logger=app.http msg="request" method=GET path=/api/analytics/plans/1 status=200 ms=5
ts=2026-09-21T13:28:16.775Z level=INFO logger=app.http msg="request" method=GET path=/api/auth/me status=200 ms=3
ts=2026-09-21T13:28:16.812Z level=INFO logger=app.http msg="request" method=GET path=/api/analytics/engine status=200 ms=3
ts=2026-09-21T13:28:16.854Z level=INFO logger=app.http msg="request" method=GET path=/api/analytics/engine/plots/solve_time_by_size.png status=200 ms=19
ts=2026-09-21T13:28:16.856Z level=INFO logger=app.http msg="request" method=GET path=/api/analytics/engine/plots/conflicts_by_method.png status=200 ms=18
ts=2026-09-21T13:28:16.857Z level=INFO logger=app.http msg="request" method=GET path=/api/analytics/engine/plots/department_mix_by_method.png status=200 ms=17
ts=2026-09-21T13:28:16.858Z level=INFO logger=app.http msg="request" method=GET path=/api/analytics/engine/plots/roll_seat_correlation.png status=200 ms=17
ts=2026-09-21T13:28:16.859Z level=INFO logger=app.http msg="request" method=GET path=/api/analytics/engine/plots/hall_utilisation.png status=200 ms=15
ts=2026-09-21T13:28:16.860Z level=INFO logger=app.http msg="request" method=GET path=/api/analytics/engine/plots/neighbour_overlap.png status=200 ms=17
ts=2026-09-21T13:28:16.868Z level=INFO logger=app.http msg="request" method=GET path=/api/analytics/engine/plots/budget_tuning.png status=200 ms=5
ts=2026-09-21T13:28:18.688Z level=INFO logger=app.http msg="request" method=GET path=/api/auth/me status=200 ms=2
ts=2026-09-21T13:28:18.729Z level=INFO logger=app.http msg="request" method=GET path=/api/audit status=200 ms=7
ts=2026-09-21T13:28:20.605Z level=INFO logger=app.http msg="request" method=GET path=/api/auth/me status=200 ms=2
ts=2026-09-21T13:28:20.657Z level=INFO logger=app.http msg="request" method=GET path=/api/users status=200 ms=2
ts=2026-09-21T13:28:22.520Z level=INFO logger=app.http msg="request" method=GET path=/api/auth/me status=200 ms=2
ts=2026-09-21T13:28:22.563Z level=INFO logger=app.http msg="request" method=GET path=/api/settings/rules status=200 ms=4
ts=2026-09-21T13:28:24.434Z level=INFO logger=app.http msg="request" method=GET path=/api/auth/me status=200 ms=3
ts=2026-09-21T13:28:59.818Z level=INFO logger=app.http msg="request" method=GET path=/api/health status=200 ms=1
ts=2026-09-21T13:29:00.289Z level=INFO logger=app.http msg="request" method=POST path=/api/auth/login status=200 ms=193
ts=2026-09-21T13:29:00.295Z level=INFO logger=app.http msg="request" method=GET path=/api/plans status=200 ms=2
ts=2026-09-21T13:29:00.300Z level=INFO logger=app.http msg="request" method=GET path=/api/plans/1 status=200 ms=4
ts=2026-09-21T13:29:01.216Z level=INFO logger=app.http msg="request" method=POST path=/api/auth/login status=200 ms=211
ts=2026-09-21T13:29:01.279Z level=INFO logger=app.http msg="request" method=GET path=/api/auth/demo status=200 ms=212
ts=2026-09-21T13:29:01.292Z level=INFO logger=app.http msg="request" method=GET path=/api/auth/me status=200 ms=2
ts=2026-09-21T13:29:01.405Z level=INFO logger=app.http msg="request" method=GET path=/api/public/engine-summary status=200 ms=1
ts=2026-09-21T13:29:03.236Z level=INFO logger=app.http msg="request" method=GET path=/api/auth/me status=200 ms=2
ts=2026-09-21T13:29:03.317Z level=INFO logger=app.http msg="request" method=GET path=/api/analytics/overview status=200 ms=6
ts=2026-09-21T13:29:03.467Z level=INFO logger=app.http msg="request" method=GET path=/api/auth/demo status=200 ms=204
ts=2026-09-21T13:29:05.119Z level=INFO logger=app.http msg="request" method=GET path=/api/auth/me status=200 ms=2
ts=2026-09-21T13:29:07.017Z level=INFO logger=app.http msg="request" method=GET path=/api/auth/me status=200 ms=2
ts=2026-09-21T13:29:08.929Z level=INFO logger=app.http msg="request" method=GET path=/api/auth/me status=200 ms=2
ts=2026-09-21T13:29:08.971Z level=INFO logger=app.http msg="request" method=GET path=/api/analytics/overview status=200 ms=6
ts=2026-09-21T13:29:10.830Z level=INFO logger=app.http msg="request" method=GET path=/api/auth/me status=200 ms=2
ts=2026-09-21T13:29:10.875Z level=INFO logger=app.http msg="request" method=GET path=/api/imports status=200 ms=4
ts=2026-09-21T13:29:12.740Z level=INFO logger=app.http msg="request" method=GET path=/api/auth/me status=200 ms=2
ts=2026-09-21T13:29:12.809Z level=INFO logger=app.http msg="request" method=GET path=/api/departments status=200 ms=16
ts=2026-09-21T13:29:12.814Z level=INFO logger=app.http msg="request" method=GET path=/api/data/summary status=200 ms=18
ts=2026-09-21T13:29:12.828Z level=INFO logger=app.http msg="request" method=GET path=/api/candidates status=200 ms=34
ts=2026-09-21T13:29:14.645Z level=INFO logger=app.http msg="request" method=GET path=/api/auth/me status=200 ms=2
ts=2026-09-21T13:29:14.689Z level=INFO logger=app.http msg="request" method=GET path=/api/data/summary status=200 ms=6
ts=2026-09-21T13:29:14.692Z level=INFO logger=app.http msg="request" method=GET path=/api/courses status=200 ms=9
ts=2026-09-21T13:29:16.548Z level=INFO logger=app.http msg="request" method=GET path=/api/auth/me status=200 ms=2
ts=2026-09-21T13:29:16.584Z level=INFO logger=app.http msg="request" method=GET path=/api/halls status=200 ms=5
ts=2026-09-21T13:29:16.587Z level=INFO logger=app.http msg="request" method=GET path=/api/data/summary status=200 ms=7
ts=2026-09-21T13:29:18.471Z level=INFO logger=app.http msg="request" method=GET path=/api/auth/me status=200 ms=2
ts=2026-09-21T13:29:18.513Z level=INFO logger=app.http msg="request" method=GET path=/api/data/summary status=200 ms=7
ts=2026-09-21T13:29:18.519Z level=INFO logger=app.http msg="request" method=GET path=/api/sessions status=200 ms=14
ts=2026-09-21T13:29:20.380Z level=INFO logger=app.http msg="request" method=GET path=/api/auth/me status=200 ms=3
ts=2026-09-21T13:29:20.420Z level=INFO logger=app.http msg="request" method=GET path=/api/sessions status=200 ms=9
ts=2026-09-21T13:29:22.292Z level=INFO logger=app.http msg="request" method=GET path=/api/auth/me status=200 ms=3
ts=2026-09-21T13:29:22.335Z level=INFO logger=app.http msg="request" method=GET path=/api/sessions/1/plans status=200 ms=4
ts=2026-09-21T13:29:22.338Z level=INFO logger=app.http msg="request" method=GET path=/api/sessions/1 status=200 ms=7
ts=2026-09-21T13:29:22.350Z level=INFO logger=app.http msg="request" method=GET path=/api/users status=200 ms=5
ts=2026-09-21T13:29:22.352Z level=INFO logger=app.http msg="request" method=GET path=/api/plans/1 status=200 ms=6
ts=2026-09-21T13:29:24.217Z level=INFO logger=app.http msg="request" method=GET path=/api/auth/me status=200 ms=2
ts=2026-09-21T13:29:24.252Z level=INFO logger=app.http msg="request" method=GET path=/api/plans/1/halls/11 status=200 ms=6
ts=2026-09-21T13:29:26.133Z level=INFO logger=app.http msg="request" method=GET path=/api/auth/me status=200 ms=2
ts=2026-09-21T13:29:26.174Z level=INFO logger=app.http msg="request" method=GET path=/api/plans status=200 ms=3
ts=2026-09-21T13:29:26.193Z level=INFO logger=app.http msg="request" method=GET path=/api/plans/1 status=200 ms=4
ts=2026-09-21T13:29:28.063Z level=INFO logger=app.http msg="request" method=GET path=/api/auth/me status=200 ms=2
ts=2026-09-21T13:29:28.100Z level=INFO logger=app.http msg="request" method=GET path=/api/attendance/assignments status=200 ms=7
ts=2026-09-21T13:29:29.960Z level=INFO logger=app.http msg="request" method=GET path=/api/auth/me status=200 ms=2
ts=2026-09-21T13:29:30.015Z level=INFO logger=app.http msg="request" method=GET path=/api/plans/1/halls/11 status=200 ms=11
ts=2026-09-21T13:29:31.869Z level=INFO logger=app.http msg="request" method=GET path=/api/auth/me status=200 ms=2
ts=2026-09-21T13:29:31.918Z level=INFO logger=app.http msg="request" method=GET path=/api/plans status=200 ms=3
ts=2026-09-21T13:29:31.931Z level=INFO logger=app.http msg="request" method=GET path=/api/analytics/plans/1 status=200 ms=4
ts=2026-09-21T13:29:33.773Z level=INFO logger=app.http msg="request" method=GET path=/api/auth/me status=200 ms=2
ts=2026-09-21T13:29:33.810Z level=INFO logger=app.http msg="request" method=GET path=/api/analytics/engine status=200 ms=2
ts=2026-09-21T13:29:33.846Z level=INFO logger=app.http msg="request" method=GET path=/api/analytics/engine/plots/solve_time_by_size.png status=200 ms=14
ts=2026-09-21T13:29:33.849Z level=INFO logger=app.http msg="request" method=GET path=/api/analytics/engine/plots/conflicts_by_method.png status=200 ms=13
ts=2026-09-21T13:29:33.849Z level=INFO logger=app.http msg="request" method=GET path=/api/analytics/engine/plots/department_mix_by_method.png status=200 ms=14
ts=2026-09-21T13:29:33.850Z level=INFO logger=app.http msg="request" method=GET path=/api/analytics/engine/plots/neighbour_overlap.png status=200 ms=11
ts=2026-09-21T13:29:33.850Z level=INFO logger=app.http msg="request" method=GET path=/api/analytics/engine/plots/roll_seat_correlation.png status=200 ms=12
ts=2026-09-21T13:29:33.859Z level=INFO logger=app.http msg="request" method=GET path=/api/analytics/engine/plots/hall_utilisation.png status=200 ms=20
ts=2026-09-21T13:29:33.860Z level=INFO logger=app.http msg="request" method=GET path=/api/analytics/engine/plots/budget_tuning.png status=200 ms=4
ts=2026-09-21T13:29:35.694Z level=INFO logger=app.http msg="request" method=GET path=/api/auth/me status=200 ms=2
ts=2026-09-21T13:29:35.723Z level=INFO logger=app.http msg="request" method=GET path=/api/audit status=200 ms=3
ts=2026-09-21T13:29:37.613Z level=INFO logger=app.http msg="request" method=GET path=/api/auth/me status=200 ms=3
ts=2026-09-21T13:29:37.648Z level=INFO logger=app.http msg="request" method=GET path=/api/users status=200 ms=3
ts=2026-09-21T13:29:39.521Z level=INFO logger=app.http msg="request" method=GET path=/api/auth/me status=200 ms=2
ts=2026-09-21T13:29:39.553Z level=INFO logger=app.http msg="request" method=GET path=/api/settings/rules status=200 ms=2
ts=2026-09-21T13:29:41.438Z level=INFO logger=app.http msg="request" method=GET path=/api/auth/me status=200 ms=2
ts=2026-09-21T13:32:45.372Z level=INFO logger=uvicorn.error msg="Started server process [13524]"
ts=2026-09-21T13:32:45.372Z level=INFO logger=uvicorn.error msg="Waiting for application startup."
ts=2026-09-21T13:32:45.378Z level=INFO logger=app msg="SeatWise API ready" version=1.0.0 port=8113 env=development
ts=2026-09-21T13:32:45.379Z level=INFO logger=uvicorn.error msg="Application startup complete."
ts=2026-09-21T13:32:45.379Z level=INFO logger=uvicorn.error msg="Uvicorn running on http://127.0.0.1:8113 (Press CTRL+C to quit)"
ts=2026-09-21T13:32:46.101Z level=INFO logger=app.http msg="request" method=GET path=/api/health status=200 ms=3
ts=2026-09-21T13:32:47.786Z level=INFO logger=app.http msg="request" method=GET path=/api/public/engine-summary status=200 ms=60
ts=2026-09-21T13:38:15.903Z level=INFO logger=app.http msg="request" method=GET path=/api/health status=200 ms=1
ts=2026-09-21T13:38:31.113Z level=INFO logger=app.http msg="request" method=GET path=/api/health status=200 ms=1
ts=2026-09-21T13:38:31.396Z level=INFO logger=app.http msg="request" method=POST path=/api/auth/login status=200 ms=265
ts=2026-09-21T13:38:31.567Z level=INFO logger=app.http msg="request" method=POST path=/api/imports/workbook/validate status=200 ms=167
ts=2026-09-21T13:38:31.945Z level=INFO logger=app.audit msg="Alex Morgan imported seatwise_sample_workbook.xlsx (courses: 49 new, 0 updated, halls: 14 new, 0 updated, candidates: 908 new, 0 updated, timetable: 49 new, 0 updated)" action=import.committed plan_id=None actor=admin@seatwise.local
ts=2026-09-21T13:38:31.950Z level=INFO logger=app.http msg="request" method=POST path=/api/imports/1/commit status=200 ms=379
ts=2026-09-21T13:38:31.963Z level=INFO logger=app.http msg="request" method=GET path=/api/data/summary status=200 ms=10
ts=2026-09-21T13:38:32.077Z level=INFO logger=app.http msg="request" method=GET path=/api/sessions status=200 ms=86
ts=2026-09-21T13:38:35.042Z level=INFO logger=app.engine msg="Plan solved" candidates=451 halls=6 attempts=1 seed=414169745
ts=2026-09-21T13:38:35.078Z level=INFO logger=app.audit msg="Alex Morgan generated version 1 for Mon 12 Oct 2026 · Morning with seed 414169745: 451 candidates in 6 halls, 0 same-paper neighbours, solved in 2.9 s" action=plan.generated plan_id=1 actor=admin@seatwise.local
ts=2026-09-21T13:38:35.101Z level=INFO logger=app.plans msg="Plan generated" plan=1 session=1 ms=2941 seed=414169745
ts=2026-09-21T13:38:35.106Z level=INFO logger=app.http msg="request" method=POST path=/api/sessions/1/plans status=201 ms=3025
ts=2026-09-21T13:38:35.155Z level=INFO logger=app.audit msg="Alex Morgan published version 1 for Mon 12 Oct 2026 · Morning" action=plan.published plan_id=1 actor=admin@seatwise.local
ts=2026-09-21T13:38:35.161Z level=INFO logger=app.http msg="request" method=POST path=/api/plans/1/publish status=200 ms=50
ts=2026-09-21T13:38:37.983Z level=INFO logger=app.engine msg="Plan solved" candidates=457 halls=7 attempts=1 seed=100853765
ts=2026-09-21T13:38:38.018Z level=INFO logger=app.audit msg="Alex Morgan generated version 1 for Mon 12 Oct 2026 · Afternoon with seed 100853765: 457 candidates in 7 halls, 0 same-paper neighbours, solved in 2.8 s" action=plan.generated plan_id=2 actor=admin@seatwise.local
ts=2026-09-21T13:38:38.040Z level=INFO logger=app.plans msg="Plan generated" plan=2 session=2 ms=2806 seed=100853765
ts=2026-09-21T13:38:38.045Z level=INFO logger=app.http msg="request" method=POST path=/api/sessions/2/plans status=201 ms=2881
ts=2026-09-21T13:38:38.138Z level=INFO logger=app.audit msg="Alex Morgan published version 1 for Mon 12 Oct 2026 · Afternoon" action=plan.published plan_id=2 actor=admin@seatwise.local
ts=2026-09-21T13:38:38.145Z level=INFO logger=app.http msg="request" method=POST path=/api/plans/2/publish status=200 ms=95
ts=2026-09-21T13:38:40.900Z level=INFO logger=app.engine msg="Plan solved" candidates=451 halls=6 attempts=1 seed=1737902151
ts=2026-09-21T13:38:40.930Z level=INFO logger=app.audit msg="Alex Morgan generated version 1 for Tue 13 Oct 2026 · Morning with seed 1737902151: 451 candidates in 6 halls, 0 same-paper neighbours, solved in 2.7 s" action=plan.generated plan_id=3 actor=admin@seatwise.local
ts=2026-09-21T13:38:40.948Z level=INFO logger=app.plans msg="Plan generated" plan=3 session=3 ms=2737 seed=1737902151
ts=2026-09-21T13:38:40.951Z level=INFO logger=app.http msg="request" method=POST path=/api/sessions/3/plans status=201 ms=2802
ts=2026-09-21T13:38:40.979Z level=INFO logger=app.audit msg="Alex Morgan published version 1 for Tue 13 Oct 2026 · Morning" action=plan.published plan_id=3 actor=admin@seatwise.local
ts=2026-09-21T13:38:40.982Z level=INFO logger=app.http msg="request" method=POST path=/api/plans/3/publish status=200 ms=29
ts=2026-09-21T13:38:41.006Z level=INFO logger=app.http msg="request" method=GET path=/api/plans/1/halls/11 status=200 ms=20
ts=2026-09-21T13:38:41.020Z level=INFO logger=app.http msg="request" method=GET path=/api/plans/1/halls/11/swap-check status=200 ms=10
ts=2026-09-21T13:38:41.030Z level=INFO logger=app.http msg="request" method=POST path=/api/plans/1/swap status=409 ms=7
ts=2026-09-21T13:38:41.059Z level=INFO logger=app.audit msg="Alex Morgan downloaded seating charts (all halls) for Mon 12 Oct 2026 · Morning v1" action=plan.exported plan_id=1 actor=admin@seatwise.local
ts=2026-09-21T13:38:41.221Z level=INFO logger=app.http msg="request" method=GET path=/api/plans/1/exports/seating-charts.pdf status=200 ms=188
ts=2026-09-21T13:38:41.251Z level=INFO logger=app.audit msg="Alex Morgan downloaded invigilator sheets (all halls) for Mon 12 Oct 2026 · Morning v1" action=plan.exported plan_id=1 actor=admin@seatwise.local
ts=2026-09-21T13:38:41.551Z level=INFO logger=app.http msg="request" method=GET path=/api/plans/1/exports/invigilator-sheets.pdf status=200 ms=325
ts=2026-09-21T13:38:41.573Z level=INFO logger=app.audit msg="Alex Morgan downloaded seat slips (all halls) for Mon 12 Oct 2026 · Morning v1" action=plan.exported plan_id=1 actor=admin@seatwise.local
ts=2026-09-21T13:38:46.071Z level=INFO logger=app.http msg="request" method=GET path=/api/plans/1/exports/qr-slips.pdf status=200 ms=4516
ts=2026-09-21T13:38:46.124Z level=INFO logger=app.audit msg="Alex Morgan downloaded hall lists (all halls) for Mon 12 Oct 2026 · Morning v1" action=plan.exported plan_id=1 actor=admin@seatwise.local
ts=2026-09-21T13:38:46.583Z level=INFO logger=app.http msg="request" method=GET path=/api/plans/1/exports/hall-lists.xlsx status=200 ms=485
ts=2026-09-21T13:38:46.609Z level=INFO logger=app.audit msg="Alex Morgan downloaded attendance report (all halls) for Mon 12 Oct 2026 · Morning v1" action=plan.exported plan_id=1 actor=admin@seatwise.local
ts=2026-09-21T13:38:46.859Z level=INFO logger=app.http msg="request" method=GET path=/api/plans/1/exports/attendance.xlsx status=200 ms=273
ts=2026-09-21T13:38:46.899Z level=INFO logger=app.http msg="request" method=GET path=/api/plans/1/halls/11 status=200 ms=10
ts=2026-09-21T13:38:46.935Z level=INFO logger=app.http msg="request" method=GET path=/api/public/lookup/DAN25047 status=200 ms=15
ts=2026-09-21T13:38:46.974Z level=INFO logger=app.http msg="request" method=GET path=/api/public/slip/DAN25047/1.pdf status=200 ms=24
ts=2026-09-21T13:38:47.189Z level=INFO logger=app.http msg="request" method=POST path=/api/auth/login status=200 ms=209
ts=2026-09-21T13:38:47.207Z level=INFO logger=app.http msg="request" method=GET path=/api/auth/me status=200 ms=2
ts=2026-09-21T13:38:47.216Z level=INFO logger=app.audit msg="Alex Morgan set invigilators for v1 of Mon 12 Oct 2026 · Morning (EW-205: Sam Taylor)" action=plan.invigilators plan_id=1 actor=admin@seatwise.local
ts=2026-09-21T13:38:47.220Z level=INFO logger=app.http msg="request" method=PUT path=/api/plans/1/invigilators status=200 ms=8
ts=2026-09-21T13:38:47.248Z level=INFO logger=app.http msg="request" method=GET path=/api/plans/1/halls/11 status=200 ms=12
ts=2026-09-21T13:38:47.282Z level=INFO logger=app.http msg="request" method=PUT path=/api/plans/1/halls/11/attendance/87 status=200 ms=15
ts=2026-09-21T13:38:47.309Z level=INFO logger=app.http msg="request" method=POST path=/api/plans/1/halls/11/attendance/scan status=200 ms=9
ts=2026-09-21T13:39:51.816Z level=INFO logger=uvicorn.error msg="Started server process [17852]"
ts=2026-09-21T13:39:51.816Z level=INFO logger=uvicorn.error msg="Waiting for application startup."
ts=2026-09-21T13:39:51.833Z level=INFO logger=app msg="SeatWise API ready" version=1.0.0 port=8113 env=development
ts=2026-09-21T13:39:51.833Z level=INFO logger=uvicorn.error msg="Application startup complete."
ts=2026-09-21T13:39:51.834Z level=INFO logger=uvicorn.error msg="Uvicorn running on http://127.0.0.1:8113 (Press CTRL+C to quit)"
ts=2026-09-21T13:39:52.259Z level=INFO logger=app.http msg="request" method=GET path=/api/health status=200 ms=4
ts=2026-09-21T13:39:54.074Z level=INFO logger=app.http msg="request" method=GET path=/api/public/engine-summary status=200 ms=81
ts=2026-09-21T13:39:54.089Z level=INFO logger=app.http msg="request" method=GET path=/api/public/engine-summary status=200 ms=2
ts=2026-09-21T13:41:12.936Z level=INFO logger=app.seed msg="Created demo accounts" count=11
ts=2026-09-21T13:41:12.937Z level=INFO logger=app msg="SeatWise API ready" version=1.0.0 port=8113 env=development
ts=2026-09-21T13:41:13.383Z level=INFO logger=app.http msg="request" method=POST path=/api/auth/login status=200 ms=444
ts=2026-09-21T13:41:13.385Z level=INFO logger=httpx msg="HTTP Request: POST http://testserver/api/auth/login "HTTP/1.1 200 OK""
ts=2026-09-21T13:41:13.444Z level=INFO logger=app.audit msg="Alex Morgan cleared all exam data" action=workspace.reset plan_id=None actor=admin@seatwise.local
ts=2026-09-21T13:41:13.470Z level=INFO logger=app.http msg="request" method=POST path=/api/settings/reset-workspace status=200 ms=83
ts=2026-09-21T13:41:13.636Z level=INFO logger=httpx msg="HTTP Request: POST http://testserver/api/settings/reset-workspace "HTTP/1.1 200 OK""
ts=2026-09-21T13:41:13.895Z level=INFO logger=app.http msg="request" method=POST path=/api/imports/workbook/validate status=200 ms=249
ts=2026-09-21T13:41:13.896Z level=INFO logger=httpx msg="HTTP Request: POST http://testserver/api/imports/workbook/validate "HTTP/1.1 200 OK""
ts=2026-09-21T13:41:14.364Z level=INFO logger=app.audit msg="Alex Morgan imported seatwise_sample_workbook.xlsx (courses: 49 new, 0 updated, halls: 14 new, 0 updated, candidates: 908 new, 0 updated, timetable: 49 new, 0 updated)" action=import.committed plan_id=None actor=admin@seatwise.local
ts=2026-09-21T13:41:14.379Z level=INFO logger=app.http msg="request" method=POST path=/api/imports/1/commit status=200 ms=482
ts=2026-09-21T13:41:14.382Z level=INFO logger=httpx msg="HTTP Request: POST http://testserver/api/imports/1/commit "HTTP/1.1 200 OK""
ts=2026-09-21T13:41:14.419Z level=INFO logger=app.http msg="request" method=GET path=/api/sessions status=200 ms=37
ts=2026-09-21T13:41:14.421Z level=INFO logger=httpx msg="HTTP Request: GET http://testserver/api/sessions "HTTP/1.1 200 OK""
ts=2026-09-21T13:41:18.689Z level=INFO logger=app.engine msg="Plan solved" candidates=451 halls=6 attempts=1 seed=8
ts=2026-09-21T13:41:18.713Z level=INFO logger=app.audit msg="Alex Morgan generated version 1 for Mon 12 Oct 2026 · Morning with seed 8: 451 candidates in 6 halls, 0 same-paper neighbours, solved in 4.2 s" action=plan.generated plan_id=1 actor=admin@seatwise.local
ts=2026-09-21T13:41:18.965Z level=INFO logger=app.plans msg="Plan generated" plan=1 session=1 ms=4216 seed=8
ts=2026-09-21T13:41:18.979Z level=INFO logger=app.http msg="request" method=POST path=/api/sessions/1/plans status=201 ms=4558
ts=2026-09-21T13:41:18.981Z level=INFO logger=httpx msg="HTTP Request: POST http://testserver/api/sessions/1/plans "HTTP/1.1 201 Created""
ts=2026-09-21T13:41:19.022Z level=INFO logger=app.audit msg="Alex Morgan published version 1 for Mon 12 Oct 2026 · Morning" action=plan.published plan_id=1 actor=admin@seatwise.local
ts=2026-09-21T13:41:19.027Z level=INFO logger=app.http msg="request" method=POST path=/api/plans/1/publish status=200 ms=45
ts=2026-09-21T13:41:19.028Z level=INFO logger=httpx msg="HTTP Request: POST http://testserver/api/plans/1/publish "HTTP/1.1 200 OK""
ts=2026-09-21T13:41:19.053Z level=INFO logger=app.http msg="request" method=GET path=/api/analytics/overview status=200 ms=22
ts=2026-09-21T13:41:19.054Z level=INFO logger=httpx msg="HTTP Request: GET http://testserver/api/analytics/overview "HTTP/1.1 200 OK""
ts=2026-09-21T13:41:19.070Z level=INFO logger=app.http msg="request" method=GET path=/api/analytics/plans/1 status=200 ms=5
ts=2026-09-21T13:41:19.070Z level=INFO logger=httpx msg="HTTP Request: GET http://testserver/api/analytics/plans/1 "HTTP/1.1 200 OK""
ts=2026-09-21T13:41:19.077Z level=INFO logger=app.http msg="request" method=GET path=/api/analytics/engine status=200 ms=4
ts=2026-09-21T13:41:19.078Z level=INFO logger=httpx msg="HTTP Request: GET http://testserver/api/analytics/engine "HTTP/1.1 200 OK""
ts=2026-09-21T13:41:19.101Z level=INFO logger=app.http msg="request" method=GET path=/api/analytics/engine/plots/solve_time_by_size.png status=200 ms=22
ts=2026-09-21T13:41:19.103Z level=INFO logger=httpx msg="HTTP Request: GET http://testserver/api/analytics/engine/plots/solve_time_by_size.png "HTTP/1.1 200 OK""
ts=2026-09-21T13:41:19.110Z level=INFO logger=app.http msg="request" method=GET path=/api/analytics/engine/plots/../../secret.png status=404 ms=5
ts=2026-09-21T13:41:19.111Z level=INFO logger=httpx msg="HTTP Request: GET http://testserver/api/analytics/engine/plots/..%2F..%2Fsecret.png "HTTP/1.1 404 Not Found""
ts=2026-09-21T13:41:19.325Z level=INFO logger=app.http msg="request" method=POST path=/api/auth/login status=200 ms=212
ts=2026-09-21T13:41:19.326Z level=INFO logger=httpx msg="HTTP Request: POST http://testserver/api/auth/login "HTTP/1.1 200 OK""
ts=2026-09-21T13:41:19.330Z level=INFO logger=app.http msg="request" method=GET path=/api/analytics/overview status=403 ms=2
ts=2026-09-21T13:41:19.331Z level=INFO logger=httpx msg="HTTP Request: GET http://testserver/api/analytics/overview "HTTP/1.1 403 Forbidden""
ts=2026-09-21T13:41:19.339Z level=INFO logger=app.audit msg="Alex Morgan cleared all exam data" action=workspace.reset plan_id=None actor=admin@seatwise.local
ts=2026-09-21T13:41:19.341Z level=INFO logger=app.http msg="request" method=POST path=/api/settings/reset-workspace status=200 ms=8
ts=2026-09-21T13:41:19.342Z level=INFO logger=httpx msg="HTTP Request: POST http://testserver/api/settings/reset-workspace "HTTP/1.1 200 OK""
ts=2026-09-21T13:41:19.453Z level=INFO logger=app.http msg="request" method=POST path=/api/imports/workbook/validate status=200 ms=110
ts=2026-09-21T13:41:19.454Z level=INFO logger=httpx msg="HTTP Request: POST http://testserver/api/imports/workbook/validate "HTTP/1.1 200 OK""
ts=2026-09-21T13:41:19.881Z level=INFO logger=app.audit msg="Alex Morgan imported seatwise_sample_workbook.xlsx (courses: 49 new, 0 updated, halls: 14 new, 0 updated, candidates: 908 new, 0 updated, timetable: 49 new, 0 updated)" action=import.committed plan_id=None actor=admin@seatwise.local
ts=2026-09-21T13:41:19.887Z level=INFO logger=app.http msg="request" method=POST path=/api/imports/1/commit status=200 ms=431
ts=2026-09-21T13:41:19.888Z level=INFO logger=httpx msg="HTTP Request: POST http://testserver/api/imports/1/commit "HTTP/1.1 200 OK""
ts=2026-09-21T13:41:19.905Z level=INFO logger=app.http msg="request" method=GET path=/api/sessions status=200 ms=16
ts=2026-09-21T13:41:19.906Z level=INFO logger=httpx msg="HTTP Request: GET http://testserver/api/sessions "HTTP/1.1 200 OK""
ts=2026-09-21T13:41:22.378Z level=INFO logger=app.engine msg="Plan solved" candidates=451 halls=6 attempts=1 seed=3
ts=2026-09-21T13:41:22.402Z level=INFO logger=app.audit msg="Alex Morgan generated version 1 for Tue 13 Oct 2026 · Morning with seed 3: 451 candidates in 6 halls, 0 same-paper neighbours, solved in 2.5 s" action=plan.generated plan_id=1 actor=admin@seatwise.local
ts=2026-09-21T13:41:22.426Z level=INFO logger=app.plans msg="Plan generated" plan=1 session=3 ms=2457 seed=3
ts=2026-09-21T13:41:22.429Z level=INFO logger=app.http msg="request" method=POST path=/api/sessions/3/plans status=201 ms=2523
ts=2026-09-21T13:41:22.432Z level=INFO logger=httpx msg="HTTP Request: POST http://testserver/api/sessions/3/plans "HTTP/1.1 201 Created""
ts=2026-09-21T13:41:22.462Z level=INFO logger=app.audit msg="Alex Morgan published version 1 for Tue 13 Oct 2026 · Morning" action=plan.published plan_id=1 actor=admin@seatwise.local
ts=2026-09-21T13:41:22.465Z level=INFO logger=app.http msg="request" method=POST path=/api/plans/1/publish status=200 ms=32
ts=2026-09-21T13:41:22.466Z level=INFO logger=httpx msg="HTTP Request: POST http://testserver/api/plans/1/publish "HTTP/1.1 200 OK""
ts=2026-09-21T13:41:22.468Z level=INFO logger=app.http msg="request" method=GET path=/api/auth/me status=200 ms=1
ts=2026-09-21T13:41:22.469Z level=INFO logger=httpx msg="HTTP Request: GET http://testserver/api/auth/me "HTTP/1.1 200 OK""
ts=2026-09-21T13:41:22.474Z level=INFO logger=app.audit msg="Alex Morgan set invigilators for v1 of Tue 13 Oct 2026 · Morning (EW-205: Sam Taylor)" action=plan.invigilators plan_id=1 actor=admin@seatwise.local
ts=2026-09-21T13:41:22.477Z level=INFO logger=app.http msg="request" method=PUT path=/api/plans/1/invigilators status=200 ms=8
ts=2026-09-21T13:41:22.479Z level=INFO logger=httpx msg="HTTP Request: PUT http://testserver/api/plans/1/invigilators "HTTP/1.1 200 OK""
ts=2026-09-21T13:41:22.500Z level=INFO logger=app.http msg="request" method=GET path=/api/plans/1/halls/11 status=200 ms=20
ts=2026-09-21T13:41:22.502Z level=INFO logger=httpx msg="HTTP Request: GET http://testserver/api/plans/1/halls/11 "HTTP/1.1 200 OK""
ts=2026-09-21T13:41:22.507Z level=INFO logger=app.http msg="request" method=GET path=/api/plans/1/halls/3 status=200 ms=5
ts=2026-09-21T13:41:22.508Z level=INFO logger=httpx msg="HTTP Request: GET http://testserver/api/plans/1/halls/3 "HTTP/1.1 200 OK""
ts=2026-09-21T13:41:22.522Z level=INFO logger=app.http msg="request" method=GET path=/api/attendance/assignments status=200 ms=11
ts=2026-09-21T13:41:22.523Z level=INFO logger=httpx msg="HTTP Request: GET http://testserver/api/attendance/assignments "HTTP/1.1 200 OK""
ts=2026-09-21T13:41:22.539Z level=INFO logger=app.http msg="request" method=PUT path=/api/plans/1/halls/11/attendance/705 status=200 ms=12
ts=2026-09-21T13:41:22.540Z level=INFO logger=httpx msg="HTTP Request: PUT http://testserver/api/plans/1/halls/11/attendance/705 "HTTP/1.1 200 OK""
ts=2026-09-21T13:41:22.550Z level=INFO logger=app.http msg="request" method=POST path=/api/plans/1/halls/11/attendance/scan status=200 ms=9
ts=2026-09-21T13:41:22.552Z level=INFO logger=httpx msg="HTTP Request: POST http://testserver/api/plans/1/halls/11/attendance/scan "HTTP/1.1 200 OK""
ts=2026-09-21T13:41:22.561Z level=INFO logger=app.http msg="request" method=POST path=/api/plans/1/halls/11/attendance/scan status=200 ms=9
ts=2026-09-21T13:41:22.562Z level=INFO logger=httpx msg="HTTP Request: POST http://testserver/api/plans/1/halls/11/attendance/scan "HTTP/1.1 200 OK""
ts=2026-09-21T13:41:22.570Z level=INFO logger=app.http msg="request" method=POST path=/api/plans/1/halls/11/attendance/scan status=409 ms=5
ts=2026-09-21T13:41:22.570Z level=INFO logger=httpx msg="HTTP Request: POST http://testserver/api/plans/1/halls/11/attendance/scan "HTTP/1.1 409 Conflict""
ts=2026-09-21T13:41:22.575Z level=INFO logger=app.http msg="request" method=POST path=/api/plans/1/halls/11/attendance/scan status=404 ms=3
ts=2026-09-21T13:41:22.576Z level=INFO logger=httpx msg="HTTP Request: POST http://testserver/api/plans/1/halls/11/attendance/scan "HTTP/1.1 404 Not Found""
ts=2026-09-21T13:41:22.583Z level=INFO logger=app.http msg="request" method=POST path=/api/plans/1/halls/11/attendance/submit status=409 ms=4
ts=2026-09-21T13:41:22.584Z level=INFO logger=httpx msg="HTTP Request: POST http://testserver/api/plans/1/halls/11/attendance/submit "HTTP/1.1 409 Conflict""
ts=2026-09-21T13:41:22.611Z level=INFO logger=app.http msg="request" method=POST path=/api/plans/1/halls/11/attendance/mark-remaining-absent status=200 ms=26
ts=2026-09-21T13:41:22.612Z level=INFO logger=httpx msg="HTTP Request: POST http://testserver/api/plans/1/halls/11/attendance/mark-remaining-absent "HTTP/1.1 200 OK""
ts=2026-09-21T13:41:22.618Z level=INFO logger=app.audit msg="Sam Taylor submitted attendance for EW-205, Tue 13 Oct 2026 · Morning: 2 present, 70 absent" action=attendance.submitted plan_id=1 actor=invigilator@seatwise.local
ts=2026-09-21T13:41:22.621Z level=INFO logger=app.http msg="request" method=POST path=/api/plans/1/halls/11/attendance/submit status=200 ms=8
ts=2026-09-21T13:41:22.622Z level=INFO logger=httpx msg="HTTP Request: POST http://testserver/api/plans/1/halls/11/attendance/submit "HTTP/1.1 200 OK""
ts=2026-09-21T13:41:22.630Z level=INFO logger=app.http msg="request" method=PUT path=/api/plans/1/halls/11/attendance/705 status=409 ms=6
ts=2026-09-21T13:41:22.630Z level=INFO logger=httpx msg="HTTP Request: PUT http://testserver/api/plans/1/halls/11/attendance/705 "HTTP/1.1 409 Conflict""
ts=2026-09-21T13:41:22.634Z level=INFO logger=app.http msg="request" method=POST path=/api/plans/1/halls/11/attendance/reopen status=403 ms=3
ts=2026-09-21T13:41:22.634Z level=INFO logger=httpx msg="HTTP Request: POST http://testserver/api/plans/1/halls/11/attendance/reopen "HTTP/1.1 403 Forbidden""
ts=2026-09-21T13:41:22.639Z level=INFO logger=app.audit msg="Alex Morgan reopened attendance for EW-205, Tue 13 Oct 2026 · Morning" action=attendance.reopened plan_id=1 actor=admin@seatwise.local
ts=2026-09-21T13:41:22.640Z level=INFO logger=app.http msg="request" method=POST path=/api/plans/1/halls/11/attendance/reopen status=200 ms=5
ts=2026-09-21T13:41:22.641Z level=INFO logger=httpx msg="HTTP Request: POST http://testserver/api/plans/1/halls/11/attendance/reopen "HTTP/1.1 200 OK""
ts=2026-09-21T13:41:22.650Z level=INFO logger=app.http msg="request" method=POST path=/api/plans/1/halls/3/attendance/scan status=403 ms=4
ts=2026-09-21T13:41:22.650Z level=INFO logger=httpx msg="HTTP Request: POST http://testserver/api/plans/1/halls/3/attendance/scan "HTTP/1.1 403 Forbidden""
ts=2026-09-21T13:41:22.654Z level=INFO logger=app.http msg="request" method=GET path=/api/health status=200 ms=1
ts=2026-09-21T13:41:22.655Z level=INFO logger=httpx msg="HTTP Request: GET http://testserver/api/health "HTTP/1.1 200 OK""
ts=2026-09-21T13:41:22.657Z level=INFO logger=app.http msg="request" method=GET path=/api/auth/me status=200 ms=2
ts=2026-09-21T13:41:22.659Z level=INFO logger=httpx msg="HTTP Request: GET http://testserver/api/auth/me "HTTP/1.1 200 OK""
ts=2026-09-21T13:41:22.866Z level=INFO logger=app.http msg="request" method=POST path=/api/auth/login status=401 ms=203
ts=2026-09-21T13:41:22.867Z level=INFO logger=httpx msg="HTTP Request: POST http://testserver/api/auth/login "HTTP/1.1 401 Unauthorized""
ts=2026-09-21T13:41:22.870Z level=INFO logger=app.http msg="request" method=GET path=/api/auth/me status=401 ms=1
ts=2026-09-21T13:41:22.870Z level=INFO logger=httpx msg="HTTP Request: GET http://testserver/api/auth/me "HTTP/1.1 401 Unauthorized""
ts=2026-09-21T13:41:23.078Z level=INFO logger=app.audit msg="New Invigilator requested an invigilator account" action=user.registered plan_id=None actor=system
ts=2026-09-21T13:41:23.080Z level=INFO logger=app.http msg="request" method=POST path=/api/auth/register status=201 ms=207
ts=2026-09-21T13:41:23.081Z level=INFO logger=httpx msg="HTTP Request: POST http://testserver/api/auth/register "HTTP/1.1 201 Created""
ts=2026-09-21T13:41:23.301Z level=INFO logger=app.http msg="request" method=POST path=/api/auth/login status=403 ms=220
ts=2026-09-21T13:41:23.302Z level=INFO logger=httpx msg="HTTP Request: POST http://testserver/api/auth/login "HTTP/1.1 403 Forbidden""
ts=2026-09-21T13:41:23.304Z level=INFO logger=app.http msg="request" method=POST path=/api/auth/register status=409 ms=2
ts=2026-09-21T13:41:23.305Z level=INFO logger=httpx msg="HTTP Request: POST http://testserver/api/auth/register "HTTP/1.1 409 Conflict""
ts=2026-09-21T13:41:23.312Z level=INFO logger=app.audit msg="Alex Morgan updated New Invigilator: status=active" action=user.updated plan_id=None actor=admin@seatwise.local
ts=2026-09-21T13:41:23.314Z level=INFO logger=app.http msg="request" method=PATCH path=/api/users/12 status=200 ms=8
ts=2026-09-21T13:41:23.315Z level=INFO logger=httpx msg="HTTP Request: PATCH http://testserver/api/users/12 "HTTP/1.1 200 OK""
ts=2026-09-21T13:41:23.520Z level=INFO logger=app.http msg="request" method=POST path=/api/auth/login status=200 ms=205
ts=2026-09-21T13:41:23.522Z level=INFO logger=httpx msg="HTTP Request: POST http://testserver/api/auth/login "HTTP/1.1 200 OK""
ts=2026-09-21T13:41:23.526Z level=INFO logger=app.http msg="request" method=GET path=/api/users status=403 ms=3
ts=2026-09-21T13:41:23.527Z level=INFO logger=httpx msg="HTTP Request: GET http://testserver/api/users "HTTP/1.1 403 Forbidden""
ts=2026-09-21T13:41:23.531Z level=INFO logger=app.http msg="request" method=GET path=/api/auth/me status=200 ms=2
ts=2026-09-21T13:41:23.532Z level=INFO logger=httpx msg="HTTP Request: GET http://testserver/api/auth/me "HTTP/1.1 200 OK""
ts=2026-09-21T13:41:23.536Z level=INFO logger=app.http msg="request" method=PATCH path=/api/users/1 status=409 ms=3
ts=2026-09-21T13:41:23.536Z level=INFO logger=httpx msg="HTTP Request: PATCH http://testserver/api/users/1 "HTTP/1.1 409 Conflict""
ts=2026-09-21T13:41:23.539Z level=INFO logger=app.http msg="request" method=GET path=/api/settings/rules status=200 ms=2
ts=2026-09-21T13:41:23.540Z level=INFO logger=httpx msg="HTTP Request: GET http://testserver/api/settings/rules "HTTP/1.1 200 OK""
ts=2026-09-21T13:41:23.546Z level=INFO logger=app.audit msg="Alex Morgan changed default rules: roll_gap 5 -> 3" action=settings.rules plan_id=None actor=admin@seatwise.local
ts=2026-09-21T13:41:23.548Z level=INFO logger=app.http msg="request" method=PUT path=/api/settings/rules status=200 ms=6
ts=2026-09-21T13:41:23.549Z level=INFO logger=httpx msg="HTTP Request: PUT http://testserver/api/settings/rules "HTTP/1.1 200 OK""
ts=2026-09-21T13:41:23.552Z level=INFO logger=app.http msg="request" method=PUT path=/api/settings/rules status=422 ms=3
ts=2026-09-21T13:41:23.553Z level=INFO logger=httpx msg="HTTP Request: PUT http://testserver/api/settings/rules "HTTP/1.1 422 Unprocessable Entity""
ts=2026-09-21T13:41:23.556Z level=INFO logger=app.audit msg="Alex Morgan changed default rules: roll_gap 3 -> 5" action=settings.rules plan_id=None actor=admin@seatwise.local
ts=2026-09-21T13:41:23.560Z level=INFO logger=app.http msg="request" method=PUT path=/api/settings/rules status=200 ms=7
ts=2026-09-21T13:41:23.562Z level=INFO logger=httpx msg="HTTP Request: PUT http://testserver/api/settings/rules "HTTP/1.1 200 OK""
ts=2026-09-21T13:41:26.007Z level=INFO logger=app.engine msg="Plan solved" candidates=124 halls=3 attempts=1 seed=42
ts=2026-09-21T13:41:28.173Z level=INFO logger=app.engine msg="Plan solved" candidates=124 halls=3 attempts=1 seed=7
ts=2026-09-21T13:41:30.205Z level=INFO logger=app.engine msg="Plan solved" candidates=124 halls=3 attempts=1 seed=7
ts=2026-09-21T13:41:32.290Z level=INFO logger=app.engine msg="Plan solved" candidates=124 halls=3 attempts=1 seed=1
ts=2026-09-21T13:41:34.372Z level=INFO logger=app.engine msg="Plan solved" candidates=124 halls=3 attempts=1 seed=2
ts=2026-09-21T13:41:35.615Z level=INFO logger=app.engine msg="Plan solved" candidates=124 halls=3 attempts=1 seed=3
ts=2026-09-21T13:41:35.933Z level=INFO logger=app.engine msg="Plan solved" candidates=80 halls=2 attempts=1 seed=5
ts=2026-09-21T13:41:38.133Z level=INFO logger=app.engine msg="Plan solved" candidates=124 halls=3 attempts=1 seed=9
ts=2026-09-21T13:41:40.180Z level=INFO logger=app.engine msg="Plan solved" candidates=124 halls=3 attempts=1 seed=11
ts=2026-09-21T13:41:40.196Z level=INFO logger=app.audit msg="Alex Morgan cleared all exam data" action=workspace.reset plan_id=None actor=admin@seatwise.local
ts=2026-09-21T13:41:40.198Z level=INFO logger=app.http msg="request" method=POST path=/api/settings/reset-workspace status=200 ms=14
ts=2026-09-21T13:41:40.199Z level=INFO logger=httpx msg="HTTP Request: POST http://testserver/api/settings/reset-workspace "HTTP/1.1 200 OK""
ts=2026-09-21T13:41:40.332Z level=INFO logger=app.http msg="request" method=POST path=/api/imports/workbook/validate status=200 ms=132
ts=2026-09-21T13:41:40.333Z level=INFO logger=httpx msg="HTTP Request: POST http://testserver/api/imports/workbook/validate "HTTP/1.1 200 OK""
ts=2026-09-21T13:41:40.776Z level=INFO logger=app.audit msg="Alex Morgan imported seatwise_sample_workbook.xlsx (courses: 49 new, 0 updated, halls: 14 new, 0 updated, candidates: 908 new, 0 updated, timetable: 49 new, 0 updated)" action=import.committed plan_id=None actor=admin@seatwise.local
ts=2026-09-21T13:41:41.195Z level=INFO logger=app.http msg="request" method=POST path=/api/imports/1/commit status=200 ms=861
ts=2026-09-21T13:41:41.197Z level=INFO logger=httpx msg="HTTP Request: POST http://testserver/api/imports/1/commit "HTTP/1.1 200 OK""
ts=2026-09-21T13:41:41.206Z level=INFO logger=app.http msg="request" method=GET path=/api/sessions status=200 ms=8
ts=2026-09-21T13:41:41.209Z level=INFO logger=httpx msg="HTTP Request: GET http://testserver/api/sessions "HTTP/1.1 200 OK""
ts=2026-09-21T13:41:43.720Z level=INFO logger=app.engine msg="Plan solved" candidates=451 halls=6 attempts=1 seed=7
ts=2026-09-21T13:41:43.740Z level=INFO logger=app.audit msg="Alex Morgan generated version 1 for Mon 12 Oct 2026 · Morning with seed 7: 451 candidates in 6 halls, 0 same-paper neighbours, solved in 2.5 s" action=plan.generated plan_id=1 actor=admin@seatwise.local
ts=2026-09-21T13:41:43.793Z level=INFO logger=app.plans msg="Plan generated" plan=1 session=1 ms=2494 seed=7
ts=2026-09-21T13:41:43.798Z level=INFO logger=app.http msg="request" method=POST path=/api/sessions/1/plans status=201 ms=2587
ts=2026-09-21T13:41:43.799Z level=INFO logger=httpx msg="HTTP Request: POST http://testserver/api/sessions/1/plans "HTTP/1.1 201 Created""
ts=2026-09-21T13:41:43.821Z level=INFO logger=app.audit msg="Alex Morgan downloaded seating charts (all halls) for Mon 12 Oct 2026 · Morning v1" action=plan.exported plan_id=1 actor=admin@seatwise.local
ts=2026-09-21T13:41:43.997Z level=INFO logger=app.http msg="request" method=GET path=/api/plans/1/exports/seating-charts.pdf status=200 ms=197
ts=2026-09-21T13:41:43.998Z level=INFO logger=httpx msg="HTTP Request: GET http://testserver/api/plans/1/exports/seating-charts.pdf "HTTP/1.1 200 OK""
ts=2026-09-21T13:41:44.023Z level=INFO logger=app.audit msg="Alex Morgan downloaded invigilator sheets (all halls) for Mon 12 Oct 2026 · Morning v1" action=plan.exported plan_id=1 actor=admin@seatwise.local
ts=2026-09-21T13:41:44.279Z level=INFO logger=app.http msg="request" method=GET path=/api/plans/1/exports/invigilator-sheets.pdf status=200 ms=278
ts=2026-09-21T13:41:44.280Z level=INFO logger=httpx msg="HTTP Request: GET http://testserver/api/plans/1/exports/invigilator-sheets.pdf "HTTP/1.1 200 OK""
ts=2026-09-21T13:41:44.298Z level=INFO logger=app.audit msg="Alex Morgan downloaded seat slips (all halls) for Mon 12 Oct 2026 · Morning v1" action=plan.exported plan_id=1 actor=admin@seatwise.local
ts=2026-09-21T13:41:48.250Z level=INFO logger=app.http msg="request" method=GET path=/api/plans/1/exports/qr-slips.pdf status=200 ms=3968
ts=2026-09-21T13:41:48.252Z level=INFO logger=httpx msg="HTTP Request: GET http://testserver/api/plans/1/exports/qr-slips.pdf "HTTP/1.1 200 OK""
ts=2026-09-21T13:41:48.261Z level=INFO logger=app.audit msg="Alex Morgan downloaded seating charts (EW-205) for Mon 12 Oct 2026 · Morning v1" action=plan.exported plan_id=1 actor=admin@seatwise.local
ts=2026-09-21T13:41:48.284Z level=INFO logger=app.http msg="request" method=GET path=/api/plans/1/exports/seating-charts.pdf status=200 ms=30
ts=2026-09-21T13:41:48.285Z level=INFO logger=httpx msg="HTTP Request: GET http://testserver/api/plans/1/exports/seating-charts.pdf?hall_id=11 "HTTP/1.1 200 OK""
ts=2026-09-21T13:41:48.307Z level=INFO logger=app.audit msg="Alex Morgan downloaded hall lists (all halls) for Mon 12 Oct 2026 · Morning v1" action=plan.exported plan_id=1 actor=admin@seatwise.local
ts=2026-09-21T13:41:48.762Z level=INFO logger=app.http msg="request" method=GET path=/api/plans/1/exports/hall-lists.xlsx status=200 ms=475
ts=2026-09-21T13:41:48.763Z level=INFO logger=httpx msg="HTTP Request: GET http://testserver/api/plans/1/exports/hall-lists.xlsx "HTTP/1.1 200 OK""
ts=2026-09-21T13:41:48.951Z level=INFO logger=app.audit msg="Alex Morgan downloaded attendance report (all halls) for Mon 12 Oct 2026 · Morning v1" action=plan.exported plan_id=1 actor=admin@seatwise.local
ts=2026-09-21T13:41:49.168Z level=INFO logger=app.http msg="request" method=GET path=/api/plans/1/exports/attendance.xlsx status=200 ms=236
ts=2026-09-21T13:41:49.169Z level=INFO logger=httpx msg="HTTP Request: GET http://testserver/api/plans/1/exports/attendance.xlsx "HTTP/1.1 200 OK""
ts=2026-09-21T13:41:49.230Z level=INFO logger=app.http msg="request" method=GET path=/api/plans/1/exports/hall-lists.xlsx status=403 ms=4
ts=2026-09-21T13:41:49.230Z level=INFO logger=httpx msg="HTTP Request: GET http://testserver/api/plans/1/exports/hall-lists.xlsx "HTTP/1.1 403 Forbidden""
ts=2026-09-21T13:41:49.239Z level=INFO logger=app.audit msg="Alex Morgan cleared all exam data" action=workspace.reset plan_id=None actor=admin@seatwise.local
ts=2026-09-21T13:41:49.242Z level=INFO logger=app.http msg="request" method=POST path=/api/settings/reset-workspace status=200 ms=8
ts=2026-09-21T13:41:49.243Z level=INFO logger=httpx msg="HTTP Request: POST http://testserver/api/settings/reset-workspace "HTTP/1.1 200 OK""
ts=2026-09-21T13:41:49.264Z level=INFO logger=app.http msg="request" method=GET path=/api/imports/templates/courses status=200 ms=20
ts=2026-09-21T13:41:49.266Z level=INFO logger=httpx msg="HTTP Request: GET http://testserver/api/imports/templates/courses "HTTP/1.1 200 OK""
ts=2026-09-21T13:41:49.269Z level=INFO logger=app.http msg="request" method=GET path=/api/imports/samples/courses status=200 ms=2
ts=2026-09-21T13:41:49.270Z level=INFO logger=httpx msg="HTTP Request: GET http://testserver/api/imports/samples/courses "HTTP/1.1 200 OK""
ts=2026-09-21T13:41:49.289Z level=INFO logger=app.http msg="request" method=GET path=/api/imports/templates/candidates status=200 ms=18
ts=2026-09-21T13:41:49.290Z level=INFO logger=httpx msg="HTTP Request: GET http://testserver/api/imports/templates/candidates "HTTP/1.1 200 OK""
ts=2026-09-21T13:41:49.294Z level=INFO logger=app.http msg="request" method=GET path=/api/imports/samples/candidates status=200 ms=3
ts=2026-09-21T13:41:49.296Z level=INFO logger=httpx msg="HTTP Request: GET http://testserver/api/imports/samples/candidates "HTTP/1.1 200 OK""
ts=2026-09-21T13:41:49.317Z level=INFO logger=app.http msg="request" method=GET path=/api/imports/templates/halls status=200 ms=19
ts=2026-09-21T13:41:49.317Z level=INFO logger=httpx msg="HTTP Request: GET http://testserver/api/imports/templates/halls "HTTP/1.1 200 OK""
ts=2026-09-21T13:41:49.320Z level=INFO logger=app.http msg="request" method=GET path=/api/imports/samples/halls status=200 ms=2
ts=2026-09-21T13:41:49.321Z level=INFO logger=httpx msg="HTTP Request: GET http://testserver/api/imports/samples/halls "HTTP/1.1 200 OK""
ts=2026-09-21T13:41:49.340Z level=INFO logger=app.http msg="request" method=GET path=/api/imports/templates/timetable status=200 ms=18
ts=2026-09-21T13:41:49.341Z level=INFO logger=httpx msg="HTTP Request: GET http://testserver/api/imports/templates/timetable "HTTP/1.1 200 OK""
ts=2026-09-21T13:41:49.346Z level=INFO logger=app.http msg="request" method=GET path=/api/imports/samples/timetable status=200 ms=3
ts=2026-09-21T13:41:49.347Z level=INFO logger=httpx msg="HTTP Request: GET http://testserver/api/imports/samples/timetable "HTTP/1.1 200 OK""
ts=2026-09-21T13:41:49.397Z level=INFO logger=app.http msg="request" method=GET path=/api/imports/templates/workbook status=200 ms=50
ts=2026-09-21T13:41:49.398Z level=INFO logger=httpx msg="HTTP Request: GET http://testserver/api/imports/templates/workbook "HTTP/1.1 200 OK""
ts=2026-09-21T13:41:49.402Z level=INFO logger=app.http msg="request" method=GET path=/api/imports/samples/workbook status=200 ms=2
ts=2026-09-21T13:41:49.404Z level=INFO logger=httpx msg="HTTP Request: GET http://testserver/api/imports/samples/workbook "HTTP/1.1 200 OK""
ts=2026-09-21T13:41:49.408Z level=INFO logger=app.http msg="request" method=GET path=/api/imports/templates/halls status=200 ms=3
ts=2026-09-21T13:41:49.410Z level=INFO logger=httpx msg="HTTP Request: GET http://testserver/api/imports/templates/halls?format=csv "HTTP/1.1 200 OK""
ts=2026-09-21T13:41:49.452Z level=INFO logger=app.http msg="request" method=POST path=/api/imports/candidates/validate status=200 ms=40
ts=2026-09-21T13:41:49.454Z level=INFO logger=httpx msg="HTTP Request: POST http://testserver/api/imports/candidates/validate "HTTP/1.1 200 OK""
ts=2026-09-21T13:41:49.610Z level=INFO logger=app.http msg="request" method=POST path=/api/imports/workbook/validate status=200 ms=152
ts=2026-09-21T13:41:49.612Z level=INFO logger=httpx msg="HTTP Request: POST http://testserver/api/imports/workbook/validate "HTTP/1.1 200 OK""
ts=2026-09-21T13:41:50.082Z level=INFO logger=app.audit msg="Alex Morgan imported seatwise_sample_workbook.xlsx (courses: 49 new, 0 updated, halls: 14 new, 0 updated, candidates: 908 new, 0 updated, timetable: 49 new, 0 updated)" action=import.committed plan_id=None actor=admin@seatwise.local
ts=2026-09-21T13:41:50.085Z level=INFO logger=app.http msg="request" method=POST path=/api/imports/2/commit status=200 ms=471
ts=2026-09-21T13:41:50.087Z level=INFO logger=httpx msg="HTTP Request: POST http://testserver/api/imports/2/commit "HTTP/1.1 200 OK""
ts=2026-09-21T13:41:50.098Z level=INFO logger=app.http msg="request" method=GET path=/api/data/summary status=200 ms=9
ts=2026-09-21T13:41:50.099Z level=INFO logger=httpx msg="HTTP Request: GET http://testserver/api/data/summary "HTTP/1.1 200 OK""
ts=2026-09-21T13:41:50.113Z level=INFO logger=app.http msg="request" method=GET path=/api/sessions status=200 ms=13
ts=2026-09-21T13:41:50.114Z level=INFO logger=httpx msg="HTTP Request: GET http://testserver/api/sessions "HTTP/1.1 200 OK""
ts=2026-09-21T13:41:50.119Z level=INFO logger=app.http msg="request" method=GET path=/api/halls status=200 ms=4
ts=2026-09-21T13:41:50.120Z level=INFO logger=httpx msg="HTTP Request: GET http://testserver/api/halls "HTTP/1.1 200 OK""
ts=2026-09-21T13:41:50.138Z level=INFO logger=app.http msg="request" method=POST path=/api/imports/halls/validate status=200 ms=15
ts=2026-09-21T13:41:50.139Z level=INFO logger=httpx msg="HTTP Request: POST http://testserver/api/imports/halls/validate "HTTP/1.1 200 OK""
ts=2026-09-21T13:41:50.157Z level=INFO logger=app.audit msg="Alex Morgan imported halls.csv (halls: 0 new, 14 updated)" action=import.committed plan_id=None actor=admin@seatwise.local
ts=2026-09-21T13:41:50.161Z level=INFO logger=app.http msg="request" method=POST path=/api/imports/3/commit status=200 ms=20
ts=2026-09-21T13:41:50.162Z level=INFO logger=httpx msg="HTTP Request: POST http://testserver/api/imports/3/commit "HTTP/1.1 200 OK""
ts=2026-09-21T13:41:50.167Z level=INFO logger=app.http msg="request" method=POST path=/api/imports/3/commit status=409 ms=3
ts=2026-09-21T13:41:50.168Z level=INFO logger=httpx msg="HTTP Request: POST http://testserver/api/imports/3/commit "HTTP/1.1 409 Conflict""
ts=2026-09-21T13:41:50.187Z level=INFO logger=app.http msg="request" method=POST path=/api/imports/candidates/validate status=200 ms=18
ts=2026-09-21T13:41:50.188Z level=INFO logger=httpx msg="HTTP Request: POST http://testserver/api/imports/candidates/validate "HTTP/1.1 200 OK""
ts=2026-09-21T13:41:50.213Z level=INFO logger=app.http msg="request" method=POST path=/api/imports/halls/validate status=200 ms=22
ts=2026-09-21T13:41:50.214Z level=INFO logger=httpx msg="HTTP Request: POST http://testserver/api/imports/halls/validate "HTTP/1.1 200 OK""
ts=2026-09-21T13:41:50.235Z level=INFO logger=app.http msg="request" method=POST path=/api/imports/timetable/validate status=200 ms=18
ts=2026-09-21T13:41:50.236Z level=INFO logger=httpx msg="HTTP Request: POST http://testserver/api/imports/timetable/validate "HTTP/1.1 200 OK""
ts=2026-09-21T13:41:50.242Z level=INFO logger=app.http msg="request" method=POST path=/api/imports/halls/validate status=400 ms=4
ts=2026-09-21T13:41:50.243Z level=INFO logger=httpx msg="HTTP Request: POST http://testserver/api/imports/halls/validate "HTTP/1.1 400 Bad Request""
ts=2026-09-21T13:41:50.260Z level=INFO logger=app.http msg="request" method=POST path=/api/imports/courses/validate status=200 ms=15
ts=2026-09-21T13:41:50.263Z level=INFO logger=httpx msg="HTTP Request: POST http://testserver/api/imports/courses/validate "HTTP/1.1 200 OK""
ts=2026-09-21T13:41:50.268Z level=INFO logger=app.http msg="request" method=POST path=/api/imports/halls/validate status=403 ms=2
ts=2026-09-21T13:41:50.269Z level=INFO logger=httpx msg="HTTP Request: POST http://testserver/api/imports/halls/validate "HTTP/1.1 403 Forbidden""
ts=2026-09-21T13:41:50.280Z level=INFO logger=app.audit msg="Alex Morgan cleared all exam data" action=workspace.reset plan_id=None actor=admin@seatwise.local
ts=2026-09-21T13:41:50.282Z level=INFO logger=app.http msg="request" method=POST path=/api/settings/reset-workspace status=200 ms=11
ts=2026-09-21T13:41:50.283Z level=INFO logger=httpx msg="HTTP Request: POST http://testserver/api/settings/reset-workspace "HTTP/1.1 200 OK""
ts=2026-09-21T13:41:50.429Z level=INFO logger=app.http msg="request" method=POST path=/api/imports/workbook/validate status=200 ms=145
ts=2026-09-21T13:41:50.430Z level=INFO logger=httpx msg="HTTP Request: POST http://testserver/api/imports/workbook/validate "HTTP/1.1 200 OK""
ts=2026-09-21T13:41:50.848Z level=INFO logger=app.audit msg="Alex Morgan imported seatwise_sample_workbook.xlsx (courses: 49 new, 0 updated, halls: 14 new, 0 updated, candidates: 908 new, 0 updated, timetable: 49 new, 0 updated)" action=import.committed plan_id=None actor=admin@seatwise.local
ts=2026-09-21T13:41:50.852Z level=INFO logger=app.http msg="request" method=POST path=/api/imports/1/commit status=200 ms=420
ts=2026-09-21T13:41:50.853Z level=INFO logger=httpx msg="HTTP Request: POST http://testserver/api/imports/1/commit "HTTP/1.1 200 OK""
ts=2026-09-21T13:41:50.866Z level=INFO logger=app.http msg="request" method=GET path=/api/sessions status=200 ms=12
ts=2026-09-21T13:41:50.867Z level=INFO logger=httpx msg="HTTP Request: GET http://testserver/api/sessions "HTTP/1.1 200 OK""
ts=2026-09-21T13:41:54.069Z level=INFO logger=app.engine msg="Plan solved" candidates=451 halls=6 attempts=1 seed=12345
ts=2026-09-21T13:41:54.098Z level=INFO logger=app.audit msg="Alex Morgan generated version 1 for Mon 12 Oct 2026 · Morning with seed 12345: 451 candidates in 6 halls, 0 same-paper neighbours, solved in 3.2 s" action=plan.generated plan_id=1 actor=admin@seatwise.local
ts=2026-09-21T13:41:54.123Z level=INFO logger=app.plans msg="Plan generated" plan=1 session=1 ms=3187 seed=12345
ts=2026-09-21T13:41:54.128Z level=INFO logger=app.http msg="request" method=POST path=/api/sessions/1/plans status=201 ms=3259
ts=2026-09-21T13:41:54.129Z level=INFO logger=httpx msg="HTTP Request: POST http://testserver/api/sessions/1/plans "HTTP/1.1 201 Created""
ts=2026-09-21T13:41:57.210Z level=INFO logger=app.engine msg="Plan solved" candidates=451 halls=6 attempts=1 seed=12345
ts=2026-09-21T13:41:57.249Z level=INFO logger=app.audit msg="Alex Morgan generated version 2 for Mon 12 Oct 2026 · Morning with seed 12345: 451 candidates in 6 halls, 0 same-paper neighbours, solved in 3.1 s" action=plan.generated plan_id=2 actor=admin@seatwise.local
ts=2026-09-21T13:41:57.276Z level=INFO logger=app.plans msg="Plan generated" plan=2 session=1 ms=3064 seed=12345
ts=2026-09-21T13:41:57.282Z level=INFO logger=app.http msg="request" method=POST path=/api/sessions/1/plans status=201 ms=3151
ts=2026-09-21T13:41:57.284Z level=INFO logger=httpx msg="HTTP Request: POST http://testserver/api/sessions/1/plans "HTTP/1.1 201 Created""
ts=2026-09-21T13:42:00.260Z level=INFO logger=app.engine msg="Plan solved" candidates=451 halls=6 attempts=1 seed=12345
ts=2026-09-21T13:42:00.262Z level=INFO logger=app.audit msg="Alex Morgan verified version 1 of Mon 12 Oct 2026 · Morning: reproduced exactly" action=plan.verified plan_id=1 actor=admin@seatwise.local
ts=2026-09-21T13:42:00.265Z level=INFO logger=app.http msg="request" method=POST path=/api/plans/1/verify status=200 ms=2979
ts=2026-09-21T13:42:00.265Z level=INFO logger=httpx msg="HTTP Request: POST http://testserver/api/plans/1/verify "HTTP/1.1 200 OK""
ts=2026-09-21T13:42:02.881Z level=INFO logger=app.engine msg="Plan solved" candidates=451 halls=6 attempts=1 seed=999
ts=2026-09-21T13:42:02.905Z level=INFO logger=app.audit msg="Alex Morgan generated version 3 for Mon 12 Oct 2026 · Morning with seed 999: 451 candidates in 6 halls, 0 same-paper neighbours, solved in 2.6 s" action=plan.generated plan_id=3 actor=admin@seatwise.local
ts=2026-09-21T13:42:03.020Z level=INFO logger=app.plans msg="Plan generated" plan=3 session=1 ms=2602 seed=999
ts=2026-09-21T13:42:03.022Z level=INFO logger=app.http msg="request" method=POST path=/api/sessions/1/plans status=201 ms=2757
ts=2026-09-21T13:42:03.023Z level=INFO logger=httpx msg="HTTP Request: POST http://testserver/api/sessions/1/plans "HTTP/1.1 201 Created""
ts=2026-09-21T13:42:03.031Z level=INFO logger=app.http msg="request" method=GET path=/api/sessions/1/plans status=200 ms=5
ts=2026-09-21T13:42:03.032Z level=INFO logger=httpx msg="HTTP Request: GET http://testserver/api/sessions/1/plans "HTTP/1.1 200 OK""
ts=2026-09-21T13:42:03.063Z level=INFO logger=app.audit msg="Alex Morgan published version 1 for Mon 12 Oct 2026 · Morning" action=plan.published plan_id=1 actor=admin@seatwise.local
ts=2026-09-21T13:42:03.068Z level=INFO logger=app.http msg="request" method=POST path=/api/plans/1/publish status=200 ms=34
ts=2026-09-21T13:42:03.068Z level=INFO logger=httpx msg="HTTP Request: POST http://testserver/api/plans/1/publish "HTTP/1.1 200 OK""
ts=2026-09-21T13:42:03.102Z level=INFO logger=app.audit msg="Alex Morgan published version 3 for Mon 12 Oct 2026 · Morning (replacing version 1)" action=plan.published plan_id=3 actor=admin@seatwise.local
ts=2026-09-21T13:42:03.106Z level=INFO logger=app.http msg="request" method=POST path=/api/plans/3/publish status=200 ms=37
ts=2026-09-21T13:42:03.108Z level=INFO logger=httpx msg="HTTP Request: POST http://testserver/api/plans/3/publish "HTTP/1.1 200 OK""
ts=2026-09-21T13:42:03.114Z level=INFO logger=app.http msg="request" method=GET path=/api/sessions/1/plans status=200 ms=5
ts=2026-09-21T13:42:03.116Z level=INFO logger=httpx msg="HTTP Request: GET http://testserver/api/sessions/1/plans "HTTP/1.1 200 OK""
ts=2026-09-21T13:42:03.119Z level=INFO logger=app.http msg="request" method=DELETE path=/api/plans/3 status=409 ms=3
ts=2026-09-21T13:42:03.120Z level=INFO logger=httpx msg="HTTP Request: DELETE http://testserver/api/plans/3 "HTTP/1.1 409 Conflict""
ts=2026-09-21T13:42:03.124Z level=INFO logger=app.audit msg="Alex Morgan deleted version 1 of Mon 12 Oct 2026 · Morning" action=plan.deleted plan_id=None actor=admin@seatwise.local
ts=2026-09-21T13:42:03.130Z level=INFO logger=app.http msg="request" method=DELETE path=/api/plans/1 status=204 ms=10
ts=2026-09-21T13:42:03.131Z level=INFO logger=httpx msg="HTTP Request: DELETE http://testserver/api/plans/1 "HTTP/1.1 204 No Content""
ts=2026-09-21T13:42:03.139Z level=INFO logger=app.http msg="request" method=GET path=/api/sessions/1/plans status=200 ms=5
ts=2026-09-21T13:42:03.140Z level=INFO logger=httpx msg="HTTP Request: GET http://testserver/api/sessions/1/plans "HTTP/1.1 200 OK""
ts=2026-09-21T13:42:03.148Z level=INFO logger=app.http msg="request" method=GET path=/api/plans/3 status=200 ms=7
ts=2026-09-21T13:42:03.149Z level=INFO logger=httpx msg="HTTP Request: GET http://testserver/api/plans/3 "HTTP/1.1 200 OK""
ts=2026-09-21T13:42:03.156Z level=INFO logger=app.http msg="request" method=GET path=/api/plans/3/halls/11 status=200 ms=6
ts=2026-09-21T13:42:03.157Z level=INFO logger=httpx msg="HTTP Request: GET http://testserver/api/plans/3/halls/11 "HTTP/1.1 200 OK""
ts=2026-09-21T13:42:03.169Z level=INFO logger=app.http msg="request" method=GET path=/api/plans/3/halls/11/swap-check status=200 ms=11
ts=2026-09-21T13:42:03.170Z level=INFO logger=httpx msg="HTTP Request: GET http://testserver/api/plans/3/halls/11/swap-check?seat=A1 "HTTP/1.1 200 OK""
ts=2026-09-21T13:42:03.180Z level=INFO logger=app.http msg="request" method=POST path=/api/plans/3/swap status=409 ms=8
ts=2026-09-21T13:42:03.180Z level=INFO logger=httpx msg="HTTP Request: POST http://testserver/api/plans/3/swap "HTTP/1.1 409 Conflict""
ts=2026-09-21T13:42:03.215Z level=INFO logger=app.audit msg="Alex Morgan swapped ACF25015 (A1) with MCD24016 (A2) in EW-205, Mon 12 Oct 2026 · Morning v3" action=plan.seat_moved plan_id=3 actor=admin@seatwise.local
ts=2026-09-21T13:42:03.218Z level=INFO logger=app.http msg="request" method=POST path=/api/plans/3/swap status=200 ms=37
ts=2026-09-21T13:42:03.219Z level=INFO logger=httpx msg="HTTP Request: POST http://testserver/api/plans/3/swap "HTTP/1.1 200 OK""
ts=2026-09-21T13:42:03.224Z level=INFO logger=app.http msg="request" method=GET path=/api/plans/3 status=200 ms=3
ts=2026-09-21T13:42:03.226Z level=INFO logger=httpx msg="HTTP Request: GET http://testserver/api/plans/3 "HTTP/1.1 200 OK""
ts=2026-09-21T13:42:03.234Z level=INFO logger=app.http msg="request" method=GET path=/api/audit status=200 ms=6
ts=2026-09-21T13:42:03.235Z level=INFO logger=httpx msg="HTTP Request: GET http://testserver/api/audit?plan_id=3 "HTTP/1.1 200 OK""
ts=2026-09-21T13:42:03.239Z level=INFO logger=app.http msg="request" method=GET path=/api/sessions/1/plans status=200 ms=2
ts=2026-09-21T13:42:03.240Z level=INFO logger=httpx msg="HTTP Request: GET http://testserver/api/sessions/1/plans "HTTP/1.1 200 OK""
ts=2026-09-21T13:42:03.248Z level=INFO logger=app.http msg="request" method=GET path=/api/plans/3 status=200 ms=6
ts=2026-09-21T13:42:03.248Z level=INFO logger=httpx msg="HTTP Request: GET http://testserver/api/plans/3 "HTTP/1.1 200 OK""
ts=2026-09-21T13:42:03.250Z level=INFO logger=app.http msg="request" method=GET path=/api/auth/me status=200 ms=2
ts=2026-09-21T13:42:03.252Z level=INFO logger=httpx msg="HTTP Request: GET http://testserver/api/auth/me "HTTP/1.1 200 OK""
ts=2026-09-21T13:42:03.256Z level=INFO logger=app.http msg="request" method=GET path=/api/plans/3/halls/11 status=403 ms=3
ts=2026-09-21T13:42:03.256Z level=INFO logger=httpx msg="HTTP Request: GET http://testserver/api/plans/3/halls/11 "HTTP/1.1 403 Forbidden""
ts=2026-09-21T13:42:03.263Z level=INFO logger=app.audit msg="Alex Morgan set invigilators for v3 of Mon 12 Oct 2026 · Morning (EW-205: Sam Taylor)" action=plan.invigilators plan_id=3 actor=admin@seatwise.local
ts=2026-09-21T13:42:03.266Z level=INFO logger=app.http msg="request" method=PUT path=/api/plans/3/invigilators status=200 ms=8
ts=2026-09-21T13:42:03.267Z level=INFO logger=httpx msg="HTTP Request: PUT http://testserver/api/plans/3/invigilators "HTTP/1.1 200 OK""
ts=2026-09-21T13:42:03.278Z level=INFO logger=app.http msg="request" method=GET path=/api/plans/3/halls/11 status=200 ms=11
ts=2026-09-21T13:42:03.284Z level=INFO logger=httpx msg="HTTP Request: GET http://testserver/api/plans/3/halls/11 "HTTP/1.1 200 OK""
ts=2026-09-21T13:42:03.287Z level=INFO logger=app.http msg="request" method=GET path=/api/plans/3/halls/11/swap-check status=403 ms=2
ts=2026-09-21T13:42:03.288Z level=INFO logger=httpx msg="HTTP Request: GET http://testserver/api/plans/3/halls/11/swap-check?seat=A1 "HTTP/1.1 403 Forbidden""
ts=2026-09-21T13:42:03.292Z level=INFO logger=app.http msg="request" method=GET path=/api/halls status=200 ms=3
ts=2026-09-21T13:42:03.294Z level=INFO logger=httpx msg="HTTP Request: GET http://testserver/api/halls "HTTP/1.1 200 OK""
ts=2026-09-21T13:42:03.312Z level=INFO logger=app.audit msg="Alex Morgan could not generate a plan for Mon 12 Oct 2026 · Afternoon" action=plan.failed plan_id=None actor=admin@seatwise.local
ts=2026-09-21T13:42:03.314Z level=INFO logger=app.http msg="request" method=POST path=/api/sessions/2/plans status=422 ms=19
ts=2026-09-21T13:42:03.315Z level=INFO logger=httpx msg="HTTP Request: POST http://testserver/api/sessions/2/plans "HTTP/1.1 422 Unprocessable Entity""
ts=2026-09-21T13:42:03.319Z level=INFO logger=app.http msg="request" method=GET path=/api/audit status=200 ms=3
ts=2026-09-21T13:42:03.320Z level=INFO logger=httpx msg="HTTP Request: GET http://testserver/api/audit?action=plan.failed "HTTP/1.1 200 OK""
ts=2026-09-21T13:42:03.335Z level=INFO logger=app.audit msg="Alex Morgan cleared all exam data" action=workspace.reset plan_id=None actor=admin@seatwise.local
ts=2026-09-21T13:42:03.465Z level=INFO logger=app.http msg="request" method=POST path=/api/settings/reset-workspace status=200 ms=142
ts=2026-09-21T13:42:03.466Z level=INFO logger=httpx msg="HTTP Request: POST http://testserver/api/settings/reset-workspace "HTTP/1.1 200 OK""
ts=2026-09-21T13:42:03.588Z level=INFO logger=app.http msg="request" method=POST path=/api/imports/workbook/validate status=200 ms=120
ts=2026-09-21T13:42:03.589Z level=INFO logger=httpx msg="HTTP Request: POST http://testserver/api/imports/workbook/validate "HTTP/1.1 200 OK""
ts=2026-09-21T13:42:04.026Z level=INFO logger=app.audit msg="Alex Morgan imported seatwise_sample_workbook.xlsx (courses: 49 new, 0 updated, halls: 14 new, 0 updated, candidates: 908 new, 0 updated, timetable: 49 new, 0 updated)" action=import.committed plan_id=None actor=admin@seatwise.local
ts=2026-09-21T13:42:04.030Z level=INFO logger=app.http msg="request" method=POST path=/api/imports/1/commit status=200 ms=441
ts=2026-09-21T13:42:04.032Z level=INFO logger=httpx msg="HTTP Request: POST http://testserver/api/imports/1/commit "HTTP/1.1 200 OK""
ts=2026-09-21T13:42:04.047Z level=INFO logger=app.http msg="request" method=GET path=/api/sessions status=200 ms=13
ts=2026-09-21T13:42:04.048Z level=INFO logger=httpx msg="HTTP Request: GET http://testserver/api/sessions "HTTP/1.1 200 OK""
ts=2026-09-21T13:42:06.759Z level=INFO logger=app.engine msg="Plan solved" candidates=451 halls=6 attempts=1 seed=5
ts=2026-09-21T13:42:06.782Z level=INFO logger=app.audit msg="Alex Morgan generated version 1 for Mon 12 Oct 2026 · Morning with seed 5: 451 candidates in 6 halls, 0 same-paper neighbours, solved in 2.7 s" action=plan.generated plan_id=1 actor=admin@seatwise.local
ts=2026-09-21T13:42:06.807Z level=INFO logger=app.plans msg="Plan generated" plan=1 session=1 ms=2699 seed=5
ts=2026-09-21T13:42:06.813Z level=INFO logger=app.http msg="request" method=POST path=/api/sessions/1/plans status=201 ms=2764
ts=2026-09-21T13:42:06.814Z level=INFO logger=httpx msg="HTTP Request: POST http://testserver/api/sessions/1/plans "HTTP/1.1 201 Created""
ts=2026-09-21T13:42:06.847Z level=INFO logger=app.audit msg="Alex Morgan published version 1 for Mon 12 Oct 2026 · Morning" action=plan.published plan_id=1 actor=admin@seatwise.local
ts=2026-09-21T13:42:06.852Z level=INFO logger=app.http msg="request" method=POST path=/api/plans/1/publish status=200 ms=36
ts=2026-09-21T13:42:06.853Z level=INFO logger=httpx msg="HTTP Request: POST http://testserver/api/plans/1/publish "HTTP/1.1 200 OK""
ts=2026-09-21T13:42:09.355Z level=INFO logger=app.engine msg="Plan solved" candidates=457 halls=7 attempts=1 seed=6
ts=2026-09-21T13:42:09.380Z level=INFO logger=app.audit msg="Alex Morgan generated version 1 for Mon 12 Oct 2026 · Afternoon with seed 6: 457 candidates in 7 halls, 0 same-paper neighbours, solved in 2.5 s" action=plan.generated plan_id=2 actor=admin@seatwise.local
ts=2026-09-21T13:42:09.400Z level=INFO logger=app.plans msg="Plan generated" plan=2 session=2 ms=2481 seed=6
ts=2026-09-21T13:42:09.404Z level=INFO logger=app.http msg="request" method=POST path=/api/sessions/2/plans status=201 ms=2550
ts=2026-09-21T13:42:09.405Z level=INFO logger=httpx msg="HTTP Request: POST http://testserver/api/sessions/2/plans "HTTP/1.1 201 Created""
ts=2026-09-21T13:42:09.416Z level=INFO logger=app.http msg="request" method=GET path=/api/plans/1/halls/11 status=200 ms=10
ts=2026-09-21T13:42:09.417Z level=INFO logger=httpx msg="HTTP Request: GET http://testserver/api/plans/1/halls/11 "HTTP/1.1 200 OK""
ts=2026-09-21T13:42:09.431Z level=INFO logger=app.http msg="request" method=GET path=/api/public/lookup/dan25060 status=200 ms=11
ts=2026-09-21T13:42:09.432Z level=INFO logger=httpx msg="HTTP Request: GET http://testserver/api/public/lookup/dan25060 "HTTP/1.1 200 OK""
ts=2026-09-21T13:42:09.436Z level=INFO logger=app.http msg="request" method=GET path=/api/public/lookup/NOPE0000 status=404 ms=2
ts=2026-09-21T13:42:09.437Z level=INFO logger=httpx msg="HTTP Request: GET http://testserver/api/public/lookup/NOPE0000 "HTTP/1.1 404 Not Found""
ts=2026-09-21T13:42:09.442Z level=INFO logger=app.http msg="request" method=GET path=/api/public/slip/DAN25060/2.pdf status=404 ms=4
ts=2026-09-21T13:42:09.444Z level=INFO logger=httpx msg="HTTP Request: GET http://testserver/api/public/slip/DAN25060/2.pdf "HTTP/1.1 404 Not Found""
ts=2026-09-21T13:42:09.470Z level=INFO logger=app.http msg="request" method=GET path=/api/public/slip/DAN25060/1.pdf status=200 ms=23
ts=2026-09-21T13:42:09.471Z level=INFO logger=httpx msg="HTTP Request: GET http://testserver/api/public/slip/DAN25060/1.pdf "HTTP/1.1 200 OK""
ts=2026-09-21T13:42:09.508Z level=INFO logger=app.http msg="request" method=GET path=/api/public/qr/DAN25060.png status=200 ms=36
ts=2026-09-21T13:42:09.510Z level=INFO logger=httpx msg="HTTP Request: GET http://testserver/api/public/qr/DAN25060.png "HTTP/1.1 200 OK""
ts=2026-09-21T13:42:09.514Z level=INFO logger=app.http msg="request" method=GET path=/api/public/engine-summary status=200 ms=1
ts=2026-09-21T13:42:09.515Z level=INFO logger=httpx msg="HTTP Request: GET http://testserver/api/public/engine-summary "HTTP/1.1 200 OK""
ts=2026-09-21T13:42:09.520Z level=INFO logger=app.http msg="request" method=GET path=/api/public/lookup/DAN25060 status=200 ms=3
ts=2026-09-21T13:42:09.521Z level=INFO logger=httpx msg="HTTP Request: GET http://testserver/api/public/lookup/DAN25060 "HTTP/1.1 200 OK""
ts=2026-09-21T13:42:09.524Z level=INFO logger=app.http msg="request" method=GET path=/api/public/lookup/DAN25060 status=200 ms=2
ts=2026-09-21T13:42:09.525Z level=INFO logger=httpx msg="HTTP Request: GET http://testserver/api/public/lookup/DAN25060 "HTTP/1.1 200 OK""
ts=2026-09-21T13:42:09.530Z level=INFO logger=app.http msg="request" method=GET path=/api/public/lookup/DAN25060 status=200 ms=4
ts=2026-09-21T13:42:09.531Z level=INFO logger=httpx msg="HTTP Request: GET http://testserver/api/public/lookup/DAN25060 "HTTP/1.1 200 OK""
ts=2026-09-21T13:42:09.533Z level=INFO logger=app.http msg="request" method=GET path=/api/public/lookup/DAN25060 status=429 ms=1
ts=2026-09-21T13:42:09.534Z level=INFO logger=httpx msg="HTTP Request: GET http://testserver/api/public/lookup/DAN25060 "HTTP/1.1 429 Too Many Requests""
ts=2026-09-21T13:42:48.827Z level=INFO logger=app.http msg="request" method=POST path=/api/auth/login status=200 ms=248
ts=2026-09-21T13:42:48.842Z level=INFO logger=app.http msg="request" method=GET path=/api/data/summary status=200 ms=12
ts=2026-09-21T13:42:48.864Z level=INFO logger=app.http msg="request" method=GET path=/api/sessions status=200 ms=21
ts=2026-09-21T13:42:48.872Z level=INFO logger=app.http msg="request" method=GET path=/api/plans status=200 ms=5
ts=2026-09-21T13:42:48.882Z level=INFO logger=app.http msg="request" method=GET path=/api/plans/3 status=200 ms=8
ts=2026-09-21T13:42:48.901Z level=INFO logger=app.http msg="request" method=GET path=/api/plans/3/halls/11 status=200 ms=19
ts=2026-09-21T13:42:48.912Z level=INFO logger=app.http msg="request" method=GET path=/api/plans/3/halls/11/swap-check status=200 ms=9
ts=2026-09-21T13:42:48.921Z level=INFO logger=app.http msg="request" method=POST path=/api/plans/3/swap status=409 ms=7
ts=2026-09-21T13:42:51.411Z level=INFO logger=app.engine msg="Plan solved" candidates=451 halls=6 attempts=1 seed=1737902151
ts=2026-09-21T13:42:51.412Z level=INFO logger=app.audit msg="Alex Morgan verified version 1 of Tue 13 Oct 2026 · Morning: reproduced exactly" action=plan.verified plan_id=3 actor=admin@seatwise.local
ts=2026-09-21T13:42:51.416Z level=INFO logger=app.http msg="request" method=POST path=/api/plans/3/verify status=200 ms=2495
ts=2026-09-21T13:42:51.433Z level=INFO logger=app.http msg="request" method=GET path=/api/public/lookup/MCD24037 status=200 ms=15
ts=2026-09-21T13:42:51.435Z level=INFO logger=app.http msg="request" method=GET path=/api/public/engine-summary status=200 ms=1
ts=2026-09-21T13:42:51.462Z level=INFO logger=app.http msg="request" method=GET path=/api/attendance/assignments status=200 ms=26
ts=2026-09-21T13:42:51.476Z level=INFO logger=app.http msg="request" method=GET path=/api/analytics/overview status=200 ms=12
ts=2026-09-21T13:42:51.483Z level=INFO logger=app.http msg="request" method=GET path=/api/audit status=200 ms=5
ts=2026-09-21T13:42:51.487Z level=INFO logger=app.http msg="request" method=GET path=/api/settings/rules status=200 ms=3
ts=2026-09-21T13:42:51.715Z level=INFO logger=app.http msg="request" method=POST path=/api/auth/login status=401 ms=227
ts=2026-09-21T13:47:07.390Z level=INFO logger=app.http msg="request" method=POST path=/api/auth/login status=200 ms=225
ts=2026-09-21T13:47:07.447Z level=INFO logger=app.http msg="request" method=GET path=/api/candidates status=200 ms=13
ts=2026-09-21T13:47:07.466Z level=INFO logger=app.http msg="request" method=GET path=/api/plans/3 status=200 ms=5
ts=2026-09-21T13:48:25.257Z level=INFO logger=app.seed msg="Created demo accounts" count=11
ts=2026-09-21T13:48:25.257Z level=INFO logger=app msg="SeatWise API ready" version=1.0.0 port=8113 env=development
ts=2026-09-21T13:48:25.466Z level=INFO logger=app.http msg="request" method=POST path=/api/auth/login status=200 ms=206
ts=2026-09-21T13:48:25.467Z level=INFO logger=httpx msg="HTTP Request: POST http://testserver/api/auth/login "HTTP/1.1 200 OK""
ts=2026-09-21T13:48:25.485Z level=INFO logger=app.audit msg="Alex Morgan cleared all exam data" action=workspace.reset plan_id=None actor=admin@seatwise.local
ts=2026-09-21T13:48:25.487Z level=INFO logger=app.http msg="request" method=POST path=/api/settings/reset-workspace status=200 ms=19
ts=2026-09-21T13:48:25.488Z level=INFO logger=httpx msg="HTTP Request: POST http://testserver/api/settings/reset-workspace "HTTP/1.1 200 OK""
ts=2026-09-21T13:48:25.634Z level=INFO logger=app.http msg="request" method=POST path=/api/imports/workbook/validate status=200 ms=145
ts=2026-09-21T13:48:25.635Z level=INFO logger=httpx msg="HTTP Request: POST http://testserver/api/imports/workbook/validate "HTTP/1.1 200 OK""
ts=2026-09-21T13:48:26.046Z level=INFO logger=app.audit msg="Alex Morgan imported seatwise_sample_workbook.xlsx (courses: 49 new, 0 updated, halls: 14 new, 0 updated, candidates: 908 new, 0 updated, timetable: 49 new, 0 updated)" action=import.committed plan_id=None actor=admin@seatwise.local
ts=2026-09-21T13:48:26.051Z level=INFO logger=app.http msg="request" method=POST path=/api/imports/1/commit status=200 ms=414
ts=2026-09-21T13:48:26.052Z level=INFO logger=httpx msg="HTTP Request: POST http://testserver/api/imports/1/commit "HTTP/1.1 200 OK""
ts=2026-09-21T13:48:26.083Z level=INFO logger=app.http msg="request" method=GET path=/api/sessions status=200 ms=30
ts=2026-09-21T13:48:26.084Z level=INFO logger=httpx msg="HTTP Request: GET http://testserver/api/sessions "HTTP/1.1 200 OK""
ts=2026-09-21T13:48:28.780Z level=INFO logger=app.engine msg="Plan solved" candidates=451 halls=6 attempts=1 seed=8
ts=2026-09-21T13:48:28.804Z level=INFO logger=app.audit msg="Alex Morgan generated version 1 for Mon 12 Oct 2026 · Morning with seed 8: 451 candidates in 6 halls, 0 same-paper neighbours, solved in 2.7 s" action=plan.generated plan_id=1 actor=admin@seatwise.local
ts=2026-09-21T13:48:28.830Z level=INFO logger=app.plans msg="Plan generated" plan=1 session=1 ms=2669 seed=8
ts=2026-09-21T13:48:28.834Z level=INFO logger=app.http msg="request" method=POST path=/api/sessions/1/plans status=201 ms=2749
ts=2026-09-21T13:48:28.835Z level=INFO logger=httpx msg="HTTP Request: POST http://testserver/api/sessions/1/plans "HTTP/1.1 201 Created""
ts=2026-09-21T13:48:28.866Z level=INFO logger=app.audit msg="Alex Morgan published version 1 for Mon 12 Oct 2026 · Morning" action=plan.published plan_id=1 actor=admin@seatwise.local
ts=2026-09-21T13:48:28.871Z level=INFO logger=app.http msg="request" method=POST path=/api/plans/1/publish status=200 ms=35
ts=2026-09-21T13:48:28.872Z level=INFO logger=httpx msg="HTTP Request: POST http://testserver/api/plans/1/publish "HTTP/1.1 200 OK""
ts=2026-09-21T13:48:28.900Z level=INFO logger=app.http msg="request" method=GET path=/api/analytics/overview status=200 ms=26
ts=2026-09-21T13:48:28.901Z level=INFO logger=httpx msg="HTTP Request: GET http://testserver/api/analytics/overview "HTTP/1.1 200 OK""
ts=2026-09-21T13:48:28.907Z level=INFO logger=app.http msg="request" method=GET path=/api/analytics/plans/1 status=200 ms=4
ts=2026-09-21T13:48:28.909Z level=INFO logger=httpx msg="HTTP Request: GET http://testserver/api/analytics/plans/1 "HTTP/1.1 200 OK""
ts=2026-09-21T13:48:28.916Z level=INFO logger=app.http msg="request" method=GET path=/api/analytics/engine status=200 ms=5
ts=2026-09-21T13:48:28.917Z level=INFO logger=httpx msg="HTTP Request: GET http://testserver/api/analytics/engine "HTTP/1.1 200 OK""
ts=2026-09-21T13:48:28.927Z level=INFO logger=app.http msg="request" method=GET path=/api/analytics/engine/plots/solve_time_by_size.png status=200 ms=9
ts=2026-09-21T13:48:28.936Z level=INFO logger=httpx msg="HTTP Request: GET http://testserver/api/analytics/engine/plots/solve_time_by_size.png "HTTP/1.1 200 OK""
ts=2026-09-21T13:48:28.941Z level=INFO logger=app.http msg="request" method=GET path=/api/analytics/engine/plots/../../secret.png status=404 ms=3
ts=2026-09-21T13:48:28.941Z level=INFO logger=httpx msg="HTTP Request: GET http://testserver/api/analytics/engine/plots/..%2F..%2Fsecret.png "HTTP/1.1 404 Not Found""
ts=2026-09-21T13:48:29.158Z level=INFO logger=app.http msg="request" method=POST path=/api/auth/login status=200 ms=214
ts=2026-09-21T13:48:29.160Z level=INFO logger=httpx msg="HTTP Request: POST http://testserver/api/auth/login "HTTP/1.1 200 OK""
ts=2026-09-21T13:48:29.164Z level=INFO logger=app.http msg="request" method=GET path=/api/analytics/overview status=403 ms=3
ts=2026-09-21T13:48:29.165Z level=INFO logger=httpx msg="HTTP Request: GET http://testserver/api/analytics/overview "HTTP/1.1 403 Forbidden""
ts=2026-09-21T13:48:29.178Z level=INFO logger=app.audit msg="Alex Morgan cleared all exam data" action=workspace.reset plan_id=None actor=admin@seatwise.local
ts=2026-09-21T13:48:29.181Z level=INFO logger=app.http msg="request" method=POST path=/api/settings/reset-workspace status=200 ms=14
ts=2026-09-21T13:48:29.182Z level=INFO logger=httpx msg="HTTP Request: POST http://testserver/api/settings/reset-workspace "HTTP/1.1 200 OK""
ts=2026-09-21T13:48:29.303Z level=INFO logger=app.http msg="request" method=POST path=/api/imports/workbook/validate status=200 ms=120
ts=2026-09-21T13:48:29.305Z level=INFO logger=httpx msg="HTTP Request: POST http://testserver/api/imports/workbook/validate "HTTP/1.1 200 OK""
ts=2026-09-21T13:48:29.685Z level=INFO logger=app.audit msg="Alex Morgan imported seatwise_sample_workbook.xlsx (courses: 49 new, 0 updated, halls: 14 new, 0 updated, candidates: 908 new, 0 updated, timetable: 49 new, 0 updated)" action=import.committed plan_id=None actor=admin@seatwise.local
ts=2026-09-21T13:48:29.689Z level=INFO logger=app.http msg="request" method=POST path=/api/imports/1/commit status=200 ms=384
ts=2026-09-21T13:48:29.691Z level=INFO logger=httpx msg="HTTP Request: POST http://testserver/api/imports/1/commit "HTTP/1.1 200 OK""
ts=2026-09-21T13:48:29.702Z level=INFO logger=app.http msg="request" method=GET path=/api/sessions status=200 ms=10
ts=2026-09-21T13:48:29.703Z level=INFO logger=httpx msg="HTTP Request: GET http://testserver/api/sessions "HTTP/1.1 200 OK""
ts=2026-09-21T13:48:32.126Z level=INFO logger=app.engine msg="Plan solved" candidates=451 halls=6 attempts=1 seed=3
ts=2026-09-21T13:48:32.154Z level=INFO logger=app.audit msg="Alex Morgan generated version 1 for Tue 13 Oct 2026 · Morning with seed 3: 451 candidates in 6 halls, 0 same-paper neighbours, solved in 2.4 s" action=plan.generated plan_id=1 actor=admin@seatwise.local
ts=2026-09-21T13:48:32.174Z level=INFO logger=app.plans msg="Plan generated" plan=1 session=3 ms=2410 seed=3
ts=2026-09-21T13:48:32.180Z level=INFO logger=app.http msg="request" method=POST path=/api/sessions/3/plans status=201 ms=2476
ts=2026-09-21T13:48:32.182Z level=INFO logger=httpx msg="HTTP Request: POST http://testserver/api/sessions/3/plans "HTTP/1.1 201 Created""
ts=2026-09-21T13:48:32.203Z level=INFO logger=app.audit msg="Alex Morgan published version 1 for Tue 13 Oct 2026 · Morning" action=plan.published plan_id=1 actor=admin@seatwise.local
ts=2026-09-21T13:48:32.206Z level=INFO logger=app.http msg="request" method=POST path=/api/plans/1/publish status=200 ms=23
ts=2026-09-21T13:48:32.207Z level=INFO logger=httpx msg="HTTP Request: POST http://testserver/api/plans/1/publish "HTTP/1.1 200 OK""
ts=2026-09-21T13:48:32.210Z level=INFO logger=app.http msg="request" method=GET path=/api/auth/me status=200 ms=3
ts=2026-09-21T13:48:32.211Z level=INFO logger=httpx msg="HTTP Request: GET http://testserver/api/auth/me "HTTP/1.1 200 OK""
ts=2026-09-21T13:48:32.218Z level=INFO logger=app.audit msg="Alex Morgan set invigilators for v1 of Tue 13 Oct 2026 · Morning (EW-205: Sam Taylor)" action=plan.invigilators plan_id=1 actor=admin@seatwise.local
ts=2026-09-21T13:48:32.220Z level=INFO logger=app.http msg="request" method=PUT path=/api/plans/1/invigilators status=200 ms=7
ts=2026-09-21T13:48:32.221Z level=INFO logger=httpx msg="HTTP Request: PUT http://testserver/api/plans/1/invigilators "HTTP/1.1 200 OK""
ts=2026-09-21T13:48:32.239Z level=INFO logger=app.http msg="request" method=GET path=/api/plans/1/halls/11 status=200 ms=17
ts=2026-09-21T13:48:32.240Z level=INFO logger=httpx msg="HTTP Request: GET http://testserver/api/plans/1/halls/11 "HTTP/1.1 200 OK""
ts=2026-09-21T13:48:32.249Z level=INFO logger=app.http msg="request" method=GET path=/api/plans/1/halls/3 status=200 ms=8
ts=2026-09-21T13:48:32.249Z level=INFO logger=httpx msg="HTTP Request: GET http://testserver/api/plans/1/halls/3 "HTTP/1.1 200 OK""
ts=2026-09-21T13:48:32.261Z level=INFO logger=app.http msg="request" method=GET path=/api/attendance/assignments status=200 ms=10
ts=2026-09-21T13:48:32.262Z level=INFO logger=httpx msg="HTTP Request: GET http://testserver/api/attendance/assignments "HTTP/1.1 200 OK""
ts=2026-09-21T13:48:32.272Z level=INFO logger=app.http msg="request" method=PUT path=/api/plans/1/halls/11/attendance/705 status=200 ms=8
ts=2026-09-21T13:48:32.273Z level=INFO logger=httpx msg="HTTP Request: PUT http://testserver/api/plans/1/halls/11/attendance/705 "HTTP/1.1 200 OK""
ts=2026-09-21T13:48:32.285Z level=INFO logger=app.http msg="request" method=POST path=/api/plans/1/halls/11/attendance/scan status=200 ms=10
ts=2026-09-21T13:48:32.285Z level=INFO logger=httpx msg="HTTP Request: POST http://testserver/api/plans/1/halls/11/attendance/scan "HTTP/1.1 200 OK""
ts=2026-09-21T13:48:32.291Z level=INFO logger=app.http msg="request" method=POST path=/api/plans/1/halls/11/attendance/scan status=200 ms=4
ts=2026-09-21T13:48:32.292Z level=INFO logger=httpx msg="HTTP Request: POST http://testserver/api/plans/1/halls/11/attendance/scan "HTTP/1.1 200 OK""
ts=2026-09-21T13:48:32.300Z level=INFO logger=app.http msg="request" method=POST path=/api/plans/1/halls/11/attendance/scan status=409 ms=4
ts=2026-09-21T13:48:32.300Z level=INFO logger=httpx msg="HTTP Request: POST http://testserver/api/plans/1/halls/11/attendance/scan "HTTP/1.1 409 Conflict""
ts=2026-09-21T13:48:32.303Z level=INFO logger=app.http msg="request" method=POST path=/api/plans/1/halls/11/attendance/scan status=404 ms=3
ts=2026-09-21T13:48:32.304Z level=INFO logger=httpx msg="HTTP Request: POST http://testserver/api/plans/1/halls/11/attendance/scan "HTTP/1.1 404 Not Found""
ts=2026-09-21T13:48:32.311Z level=INFO logger=app.http msg="request" method=POST path=/api/plans/1/halls/11/attendance/submit status=409 ms=5
ts=2026-09-21T13:48:32.311Z level=INFO logger=httpx msg="HTTP Request: POST http://testserver/api/plans/1/halls/11/attendance/submit "HTTP/1.1 409 Conflict""
ts=2026-09-21T13:48:32.334Z level=INFO logger=app.http msg="request" method=POST path=/api/plans/1/halls/11/attendance/mark-remaining-absent status=200 ms=21
ts=2026-09-21T13:48:32.335Z level=INFO logger=httpx msg="HTTP Request: POST http://testserver/api/plans/1/halls/11/attendance/mark-remaining-absent "HTTP/1.1 200 OK""
ts=2026-09-21T13:48:32.340Z level=INFO logger=app.audit msg="Sam Taylor submitted attendance for EW-205, Tue 13 Oct 2026 · Morning: 2 present, 70 absent" action=attendance.submitted plan_id=1 actor=invigilator@seatwise.local
ts=2026-09-21T13:48:32.343Z level=INFO logger=app.http msg="request" method=POST path=/api/plans/1/halls/11/attendance/submit status=200 ms=7
ts=2026-09-21T13:48:32.345Z level=INFO logger=httpx msg="HTTP Request: POST http://testserver/api/plans/1/halls/11/attendance/submit "HTTP/1.1 200 OK""
ts=2026-09-21T13:48:32.349Z level=INFO logger=app.http msg="request" method=PUT path=/api/plans/1/halls/11/attendance/705 status=409 ms=3
ts=2026-09-21T13:48:32.349Z level=INFO logger=httpx msg="HTTP Request: PUT http://testserver/api/plans/1/halls/11/attendance/705 "HTTP/1.1 409 Conflict""
ts=2026-09-21T13:48:32.352Z level=INFO logger=app.http msg="request" method=POST path=/api/plans/1/halls/11/attendance/reopen status=403 ms=2
ts=2026-09-21T13:48:32.352Z level=INFO logger=httpx msg="HTTP Request: POST http://testserver/api/plans/1/halls/11/attendance/reopen "HTTP/1.1 403 Forbidden""
ts=2026-09-21T13:48:32.355Z level=INFO logger=app.audit msg="Alex Morgan reopened attendance for EW-205, Tue 13 Oct 2026 · Morning" action=attendance.reopened plan_id=1 actor=admin@seatwise.local
ts=2026-09-21T13:48:32.357Z level=INFO logger=app.http msg="request" method=POST path=/api/plans/1/halls/11/attendance/reopen status=200 ms=5
ts=2026-09-21T13:48:32.359Z level=INFO logger=httpx msg="HTTP Request: POST http://testserver/api/plans/1/halls/11/attendance/reopen "HTTP/1.1 200 OK""
ts=2026-09-21T13:48:32.365Z level=INFO logger=app.http msg="request" method=POST path=/api/plans/1/halls/3/attendance/scan status=403 ms=3
ts=2026-09-21T13:48:32.365Z level=INFO logger=httpx msg="HTTP Request: POST http://testserver/api/plans/1/halls/3/attendance/scan "HTTP/1.1 403 Forbidden""
ts=2026-09-21T13:48:32.372Z level=INFO logger=app.http msg="request" method=GET path=/api/health status=200 ms=2
ts=2026-09-21T13:48:32.373Z level=INFO logger=httpx msg="HTTP Request: GET http://testserver/api/health "HTTP/1.1 200 OK""
ts=2026-09-21T13:48:32.382Z level=INFO logger=app.http msg="request" method=GET path=/api/auth/me status=200 ms=3
ts=2026-09-21T13:48:32.383Z level=INFO logger=httpx msg="HTTP Request: GET http://testserver/api/auth/me "HTTP/1.1 200 OK""
ts=2026-09-21T13:48:32.608Z level=INFO logger=app.http msg="request" method=POST path=/api/auth/login status=401 ms=221
ts=2026-09-21T13:48:32.609Z level=INFO logger=httpx msg="HTTP Request: POST http://testserver/api/auth/login "HTTP/1.1 401 Unauthorized""
ts=2026-09-21T13:48:32.614Z level=INFO logger=app.http msg="request" method=GET path=/api/auth/me status=401 ms=1
ts=2026-09-21T13:48:32.615Z level=INFO logger=httpx msg="HTTP Request: GET http://testserver/api/auth/me "HTTP/1.1 401 Unauthorized""
ts=2026-09-21T13:48:32.839Z level=INFO logger=app.audit msg="New Invigilator requested an invigilator account" action=user.registered plan_id=None actor=system
ts=2026-09-21T13:48:32.841Z level=INFO logger=app.http msg="request" method=POST path=/api/auth/register status=201 ms=223
ts=2026-09-21T13:48:32.842Z level=INFO logger=httpx msg="HTTP Request: POST http://testserver/api/auth/register "HTTP/1.1 201 Created""
ts=2026-09-21T13:48:33.048Z level=INFO logger=app.http msg="request" method=POST path=/api/auth/login status=403 ms=205
ts=2026-09-21T13:48:33.049Z level=INFO logger=httpx msg="HTTP Request: POST http://testserver/api/auth/login "HTTP/1.1 403 Forbidden""
ts=2026-09-21T13:48:33.052Z level=INFO logger=app.http msg="request" method=POST path=/api/auth/register status=409 ms=2
ts=2026-09-21T13:48:33.052Z level=INFO logger=httpx msg="HTTP Request: POST http://testserver/api/auth/register "HTTP/1.1 409 Conflict""
ts=2026-09-21T13:48:33.056Z level=INFO logger=app.audit msg="Alex Morgan updated New Invigilator: status=active" action=user.updated plan_id=None actor=admin@seatwise.local
ts=2026-09-21T13:48:33.059Z level=INFO logger=app.http msg="request" method=PATCH path=/api/users/12 status=200 ms=6
ts=2026-09-21T13:48:33.060Z level=INFO logger=httpx msg="HTTP Request: PATCH http://testserver/api/users/12 "HTTP/1.1 200 OK""
ts=2026-09-21T13:48:33.271Z level=INFO logger=app.http msg="request" method=POST path=/api/auth/login status=200 ms=209
ts=2026-09-21T13:48:33.272Z level=INFO logger=httpx msg="HTTP Request: POST http://testserver/api/auth/login "HTTP/1.1 200 OK""
ts=2026-09-21T13:48:33.278Z level=INFO logger=app.http msg="request" method=GET path=/api/users status=403 ms=4
ts=2026-09-21T13:48:33.279Z level=INFO logger=httpx msg="HTTP Request: GET http://testserver/api/users "HTTP/1.1 403 Forbidden""
ts=2026-09-21T13:48:33.283Z level=INFO logger=app.http msg="request" method=GET path=/api/auth/me status=200 ms=2
ts=2026-09-21T13:48:33.283Z level=INFO logger=httpx msg="HTTP Request: GET http://testserver/api/auth/me "HTTP/1.1 200 OK""
ts=2026-09-21T13:48:33.286Z level=INFO logger=app.http msg="request" method=PATCH path=/api/users/1 status=409 ms=2
ts=2026-09-21T13:48:33.287Z level=INFO logger=httpx msg="HTTP Request: PATCH http://testserver/api/users/1 "HTTP/1.1 409 Conflict""
ts=2026-09-21T13:48:33.290Z level=INFO logger=app.http msg="request" method=GET path=/api/settings/rules status=200 ms=2
ts=2026-09-21T13:48:33.291Z level=INFO logger=httpx msg="HTTP Request: GET http://testserver/api/settings/rules "HTTP/1.1 200 OK""
ts=2026-09-21T13:48:33.297Z level=INFO logger=app.audit msg="Alex Morgan changed default rules: roll_gap 5 -> 3" action=settings.rules plan_id=None actor=admin@seatwise.local
ts=2026-09-21T13:48:33.299Z level=INFO logger=app.http msg="request" method=PUT path=/api/settings/rules status=200 ms=7
ts=2026-09-21T13:48:33.300Z level=INFO logger=httpx msg="HTTP Request: PUT http://testserver/api/settings/rules "HTTP/1.1 200 OK""
ts=2026-09-21T13:48:33.304Z level=INFO logger=app.http msg="request" method=PUT path=/api/settings/rules status=422 ms=4
ts=2026-09-21T13:48:33.305Z level=INFO logger=httpx msg="HTTP Request: PUT http://testserver/api/settings/rules "HTTP/1.1 422 Unprocessable Entity""
ts=2026-09-21T13:48:33.309Z level=INFO logger=app.audit msg="Alex Morgan changed default rules: roll_gap 3 -> 5" action=settings.rules plan_id=None actor=admin@seatwise.local
ts=2026-09-21T13:48:33.313Z level=INFO logger=app.http msg="request" method=PUT path=/api/settings/rules status=200 ms=7
ts=2026-09-21T13:48:33.314Z level=INFO logger=httpx msg="HTTP Request: PUT http://testserver/api/settings/rules "HTTP/1.1 200 OK""
ts=2026-09-21T13:48:35.712Z level=INFO logger=app.engine msg="Plan solved" candidates=124 halls=3 attempts=1 seed=42
ts=2026-09-21T13:48:37.872Z level=INFO logger=app.engine msg="Plan solved" candidates=124 halls=3 attempts=1 seed=7
ts=2026-09-21T13:48:39.869Z level=INFO logger=app.engine msg="Plan solved" candidates=124 halls=3 attempts=1 seed=7
ts=2026-09-21T13:48:41.855Z level=INFO logger=app.engine msg="Plan solved" candidates=124 halls=3 attempts=1 seed=1
ts=2026-09-21T13:48:44.071Z level=INFO logger=app.engine msg="Plan solved" candidates=124 halls=3 attempts=1 seed=2
ts=2026-09-21T13:48:45.449Z level=INFO logger=app.engine msg="Plan solved" candidates=124 halls=3 attempts=1 seed=3
ts=2026-09-21T13:48:45.786Z level=INFO logger=app.engine msg="Plan solved" candidates=80 halls=2 attempts=1 seed=5
ts=2026-09-21T13:48:48.282Z level=INFO logger=app.engine msg="Plan solved" candidates=124 halls=3 attempts=1 seed=9
ts=2026-09-21T13:48:50.426Z level=INFO logger=app.engine msg="Plan solved" candidates=124 halls=3 attempts=1 seed=11
ts=2026-09-21T13:48:50.438Z level=INFO logger=app.audit msg="Alex Morgan cleared all exam data" action=workspace.reset plan_id=None actor=admin@seatwise.local
ts=2026-09-21T13:48:50.441Z level=INFO logger=app.http msg="request" method=POST path=/api/settings/reset-workspace status=200 ms=10
ts=2026-09-21T13:48:50.442Z level=INFO logger=httpx msg="HTTP Request: POST http://testserver/api/settings/reset-workspace "HTTP/1.1 200 OK""
ts=2026-09-21T13:48:50.596Z level=INFO logger=app.http msg="request" method=POST path=/api/imports/workbook/validate status=200 ms=153
ts=2026-09-21T13:48:50.597Z level=INFO logger=httpx msg="HTTP Request: POST http://testserver/api/imports/workbook/validate "HTTP/1.1 200 OK""
ts=2026-09-21T13:48:50.963Z level=INFO logger=app.audit msg="Alex Morgan imported seatwise_sample_workbook.xlsx (courses: 49 new, 0 updated, halls: 14 new, 0 updated, candidates: 908 new, 0 updated, timetable: 49 new, 0 updated)" action=import.committed plan_id=None actor=admin@seatwise.local
ts=2026-09-21T13:48:50.972Z level=INFO logger=app.http msg="request" method=POST path=/api/imports/1/commit status=200 ms=374
ts=2026-09-21T13:48:50.974Z level=INFO logger=httpx msg="HTTP Request: POST http://testserver/api/imports/1/commit "HTTP/1.1 200 OK""
ts=2026-09-21T13:48:50.989Z level=INFO logger=app.http msg="request" method=GET path=/api/sessions status=200 ms=13
ts=2026-09-21T13:48:50.990Z level=INFO logger=httpx msg="HTTP Request: GET http://testserver/api/sessions "HTTP/1.1 200 OK""
ts=2026-09-21T13:48:53.949Z level=INFO logger=app.engine msg="Plan solved" candidates=451 halls=6 attempts=1 seed=7
ts=2026-09-21T13:48:53.978Z level=INFO logger=app.audit msg="Alex Morgan generated version 1 for Mon 12 Oct 2026 · Morning with seed 7: 451 candidates in 6 halls, 0 same-paper neighbours, solved in 2.9 s" action=plan.generated plan_id=1 actor=admin@seatwise.local
ts=2026-09-21T13:48:53.998Z level=INFO logger=app.plans msg="Plan generated" plan=1 session=1 ms=2878 seed=7
ts=2026-09-21T13:48:54.001Z level=INFO logger=app.http msg="request" method=POST path=/api/sessions/1/plans status=201 ms=3009
ts=2026-09-21T13:48:54.002Z level=INFO logger=httpx msg="HTTP Request: POST http://testserver/api/sessions/1/plans "HTTP/1.1 201 Created""
ts=2026-09-21T13:48:54.027Z level=INFO logger=app.audit msg="Alex Morgan downloaded seating charts (all halls) for Mon 12 Oct 2026 · Morning v1" action=plan.exported plan_id=1 actor=admin@seatwise.local
ts=2026-09-21T13:48:54.180Z level=INFO logger=app.http msg="request" method=GET path=/api/plans/1/exports/seating-charts.pdf status=200 ms=176
ts=2026-09-21T13:48:54.181Z level=INFO logger=httpx msg="HTTP Request: GET http://testserver/api/plans/1/exports/seating-charts.pdf "HTTP/1.1 200 OK""
ts=2026-09-21T13:48:54.203Z level=INFO logger=app.audit msg="Alex Morgan downloaded invigilator sheets (all halls) for Mon 12 Oct 2026 · Morning v1" action=plan.exported plan_id=1 actor=admin@seatwise.local
ts=2026-09-21T13:48:54.420Z level=INFO logger=app.http msg="request" method=GET path=/api/plans/1/exports/invigilator-sheets.pdf status=200 ms=237
ts=2026-09-21T13:48:54.422Z level=INFO logger=httpx msg="HTTP Request: GET http://testserver/api/plans/1/exports/invigilator-sheets.pdf "HTTP/1.1 200 OK""
ts=2026-09-21T13:48:54.446Z level=INFO logger=app.audit msg="Alex Morgan downloaded seat slips (all halls) for Mon 12 Oct 2026 · Morning v1" action=plan.exported plan_id=1 actor=admin@seatwise.local
ts=2026-09-21T13:48:58.935Z level=INFO logger=app.http msg="request" method=GET path=/api/plans/1/exports/qr-slips.pdf status=200 ms=4509
ts=2026-09-21T13:48:58.937Z level=INFO logger=httpx msg="HTTP Request: GET http://testserver/api/plans/1/exports/qr-slips.pdf "HTTP/1.1 200 OK""
ts=2026-09-21T13:48:58.949Z level=INFO logger=app.audit msg="Alex Morgan downloaded seating charts (EW-205) for Mon 12 Oct 2026 · Morning v1" action=plan.exported plan_id=1 actor=admin@seatwise.local
ts=2026-09-21T13:48:58.978Z level=INFO logger=app.http msg="request" method=GET path=/api/plans/1/exports/seating-charts.pdf status=200 ms=38
ts=2026-09-21T13:48:58.980Z level=INFO logger=httpx msg="HTTP Request: GET http://testserver/api/plans/1/exports/seating-charts.pdf?hall_id=11 "HTTP/1.1 200 OK""
ts=2026-09-21T13:48:59.085Z level=INFO logger=app.audit msg="Alex Morgan downloaded hall lists (all halls) for Mon 12 Oct 2026 · Morning v1" action=plan.exported plan_id=1 actor=admin@seatwise.local
ts=2026-09-21T13:48:59.508Z level=INFO logger=app.http msg="request" method=GET path=/api/plans/1/exports/hall-lists.xlsx status=200 ms=526
ts=2026-09-21T13:48:59.510Z level=INFO logger=httpx msg="HTTP Request: GET http://testserver/api/plans/1/exports/hall-lists.xlsx "HTTP/1.1 200 OK""
ts=2026-09-21T13:48:59.644Z level=INFO logger=app.audit msg="Alex Morgan downloaded attendance report (all halls) for Mon 12 Oct 2026 · Morning v1" action=plan.exported plan_id=1 actor=admin@seatwise.local
ts=2026-09-21T13:48:59.890Z level=INFO logger=app.http msg="request" method=GET path=/api/plans/1/exports/attendance.xlsx status=200 ms=266
ts=2026-09-21T13:48:59.891Z level=INFO logger=httpx msg="HTTP Request: GET http://testserver/api/plans/1/exports/attendance.xlsx "HTTP/1.1 200 OK""
ts=2026-09-21T13:48:59.953Z level=INFO logger=app.http msg="request" method=GET path=/api/plans/1/exports/hall-lists.xlsx status=403 ms=3
ts=2026-09-21T13:48:59.954Z level=INFO logger=httpx msg="HTTP Request: GET http://testserver/api/plans/1/exports/hall-lists.xlsx "HTTP/1.1 403 Forbidden""
ts=2026-09-21T13:48:59.965Z level=INFO logger=app.audit msg="Alex Morgan cleared all exam data" action=workspace.reset plan_id=None actor=admin@seatwise.local
ts=2026-09-21T13:48:59.968Z level=INFO logger=app.http msg="request" method=POST path=/api/settings/reset-workspace status=200 ms=12
ts=2026-09-21T13:48:59.969Z level=INFO logger=httpx msg="HTTP Request: POST http://testserver/api/settings/reset-workspace "HTTP/1.1 200 OK""
ts=2026-09-21T13:48:59.985Z level=INFO logger=app.http msg="request" method=GET path=/api/imports/templates/courses status=200 ms=16
ts=2026-09-21T13:48:59.987Z level=INFO logger=httpx msg="HTTP Request: GET http://testserver/api/imports/templates/courses "HTTP/1.1 200 OK""
ts=2026-09-21T13:48:59.990Z level=INFO logger=app.http msg="request" method=GET path=/api/imports/samples/courses status=200 ms=2
ts=2026-09-21T13:48:59.993Z level=INFO logger=httpx msg="HTTP Request: GET http://testserver/api/imports/samples/courses "HTTP/1.1 200 OK""
ts=2026-09-21T13:49:00.012Z level=INFO logger=app.http msg="request" method=GET path=/api/imports/templates/candidates status=200 ms=17
ts=2026-09-21T13:49:00.014Z level=INFO logger=httpx msg="HTTP Request: GET http://testserver/api/imports/templates/candidates "HTTP/1.1 200 OK""
ts=2026-09-21T13:49:00.017Z level=INFO logger=app.http msg="request" method=GET path=/api/imports/samples/candidates status=200 ms=2
ts=2026-09-21T13:49:00.021Z level=INFO logger=httpx msg="HTTP Request: GET http://testserver/api/imports/samples/candidates "HTTP/1.1 200 OK""
ts=2026-09-21T13:49:00.041Z level=INFO logger=app.http msg="request" method=GET path=/api/imports/templates/halls status=200 ms=20
ts=2026-09-21T13:49:00.043Z level=INFO logger=httpx msg="HTTP Request: GET http://testserver/api/imports/templates/halls "HTTP/1.1 200 OK""
ts=2026-09-21T13:49:00.048Z level=INFO logger=app.http msg="request" method=GET path=/api/imports/samples/halls status=200 ms=4
ts=2026-09-21T13:49:00.050Z level=INFO logger=httpx msg="HTTP Request: GET http://testserver/api/imports/samples/halls "HTTP/1.1 200 OK""
ts=2026-09-21T13:49:00.067Z level=INFO logger=app.http msg="request" method=GET path=/api/imports/templates/timetable status=200 ms=15
ts=2026-09-21T13:49:00.068Z level=INFO logger=httpx msg="HTTP Request: GET http://testserver/api/imports/templates/timetable "HTTP/1.1 200 OK""
ts=2026-09-21T13:49:00.071Z level=INFO logger=app.http msg="request" method=GET path=/api/imports/samples/timetable status=200 ms=2
ts=2026-09-21T13:49:00.073Z level=INFO logger=httpx msg="HTTP Request: GET http://testserver/api/imports/samples/timetable "HTTP/1.1 200 OK""
ts=2026-09-21T13:49:00.117Z level=INFO logger=app.http msg="request" method=GET path=/api/imports/templates/workbook status=200 ms=43
ts=2026-09-21T13:49:00.118Z level=INFO logger=httpx msg="HTTP Request: GET http://testserver/api/imports/templates/workbook "HTTP/1.1 200 OK""
ts=2026-09-21T13:49:00.121Z level=INFO logger=app.http msg="request" method=GET path=/api/imports/samples/workbook status=200 ms=2
ts=2026-09-21T13:49:00.122Z level=INFO logger=httpx msg="HTTP Request: GET http://testserver/api/imports/samples/workbook "HTTP/1.1 200 OK""
ts=2026-09-21T13:49:00.128Z level=INFO logger=app.http msg="request" method=GET path=/api/imports/templates/halls status=200 ms=5
ts=2026-09-21T13:49:00.130Z level=INFO logger=httpx msg="HTTP Request: GET http://testserver/api/imports/templates/halls?format=csv "HTTP/1.1 200 OK""
ts=2026-09-21T13:49:00.253Z level=INFO logger=app.http msg="request" method=POST path=/api/imports/candidates/validate status=200 ms=118
ts=2026-09-21T13:49:00.254Z level=INFO logger=httpx msg="HTTP Request: POST http://testserver/api/imports/candidates/validate "HTTP/1.1 200 OK""
ts=2026-09-21T13:49:00.396Z level=INFO logger=app.http msg="request" method=POST path=/api/imports/workbook/validate status=200 ms=139
ts=2026-09-21T13:49:00.396Z level=INFO logger=httpx msg="HTTP Request: POST http://testserver/api/imports/workbook/validate "HTTP/1.1 200 OK""
ts=2026-09-21T13:49:00.772Z level=INFO logger=app.audit msg="Alex Morgan imported seatwise_sample_workbook.xlsx (courses: 49 new, 0 updated, halls: 14 new, 0 updated, candidates: 908 new, 0 updated, timetable: 49 new, 0 updated)" action=import.committed plan_id=None actor=admin@seatwise.local
ts=2026-09-21T13:49:00.777Z level=INFO logger=app.http msg="request" method=POST path=/api/imports/2/commit status=200 ms=379
ts=2026-09-21T13:49:00.780Z level=INFO logger=httpx msg="HTTP Request: POST http://testserver/api/imports/2/commit "HTTP/1.1 200 OK""
ts=2026-09-21T13:49:00.786Z level=INFO logger=app.http msg="request" method=GET path=/api/data/summary status=200 ms=5
ts=2026-09-21T13:49:00.787Z level=INFO logger=httpx msg="HTTP Request: GET http://testserver/api/data/summary "HTTP/1.1 200 OK""
ts=2026-09-21T13:49:00.799Z level=INFO logger=app.http msg="request" method=GET path=/api/sessions status=200 ms=12
ts=2026-09-21T13:49:00.800Z level=INFO logger=httpx msg="HTTP Request: GET http://testserver/api/sessions "HTTP/1.1 200 OK""
ts=2026-09-21T13:49:00.805Z level=INFO logger=app.http msg="request" method=GET path=/api/halls status=200 ms=3
ts=2026-09-21T13:49:00.805Z level=INFO logger=httpx msg="HTTP Request: GET http://testserver/api/halls "HTTP/1.1 200 OK""
ts=2026-09-21T13:49:00.821Z level=INFO logger=app.http msg="request" method=POST path=/api/imports/halls/validate status=200 ms=14
ts=2026-09-21T13:49:00.822Z level=INFO logger=httpx msg="HTTP Request: POST http://testserver/api/imports/halls/validate "HTTP/1.1 200 OK""
ts=2026-09-21T13:49:00.840Z level=INFO logger=app.audit msg="Alex Morgan imported halls.csv (halls: 0 new, 14 updated)" action=import.committed plan_id=None actor=admin@seatwise.local
ts=2026-09-21T13:49:00.842Z level=INFO logger=app.http msg="request" method=POST path=/api/imports/3/commit status=200 ms=19
ts=2026-09-21T13:49:00.844Z level=INFO logger=httpx msg="HTTP Request: POST http://testserver/api/imports/3/commit "HTTP/1.1 200 OK""
ts=2026-09-21T13:49:00.848Z level=INFO logger=app.http msg="request" method=POST path=/api/imports/3/commit status=409 ms=3
ts=2026-09-21T13:49:00.849Z level=INFO logger=httpx msg="HTTP Request: POST http://testserver/api/imports/3/commit "HTTP/1.1 409 Conflict""
ts=2026-09-21T13:49:00.871Z level=INFO logger=app.http msg="request" method=POST path=/api/imports/candidates/validate status=200 ms=19
ts=2026-09-21T13:49:00.872Z level=INFO logger=httpx msg="HTTP Request: POST http://testserver/api/imports/candidates/validate "HTTP/1.1 200 OK""
ts=2026-09-21T13:49:00.890Z level=INFO logger=app.http msg="request" method=POST path=/api/imports/halls/validate status=200 ms=16
ts=2026-09-21T13:49:00.892Z level=INFO logger=httpx msg="HTTP Request: POST http://testserver/api/imports/halls/validate "HTTP/1.1 200 OK""
ts=2026-09-21T13:49:00.918Z level=INFO logger=app.http msg="request" method=POST path=/api/imports/timetable/validate status=200 ms=22
ts=2026-09-21T13:49:00.920Z level=INFO logger=httpx msg="HTTP Request: POST http://testserver/api/imports/timetable/validate "HTTP/1.1 200 OK""
ts=2026-09-21T13:49:00.926Z level=INFO logger=app.http msg="request" method=POST path=/api/imports/halls/validate status=400 ms=4
ts=2026-09-21T13:49:00.929Z level=INFO logger=httpx msg="HTTP Request: POST http://testserver/api/imports/halls/validate "HTTP/1.1 400 Bad Request""
ts=2026-09-21T13:49:00.943Z level=INFO logger=app.http msg="request" method=POST path=/api/imports/courses/validate status=200 ms=13
ts=2026-09-21T13:49:00.944Z level=INFO logger=httpx msg="HTTP Request: POST http://testserver/api/imports/courses/validate "HTTP/1.1 200 OK""
ts=2026-09-21T13:49:00.950Z level=INFO logger=app.http msg="request" method=POST path=/api/imports/halls/validate status=403 ms=2
ts=2026-09-21T13:49:00.950Z level=INFO logger=httpx msg="HTTP Request: POST http://testserver/api/imports/halls/validate "HTTP/1.1 403 Forbidden""
ts=2026-09-21T13:49:00.962Z level=INFO logger=app.audit msg="Alex Morgan cleared all exam data" action=workspace.reset plan_id=None actor=admin@seatwise.local
ts=2026-09-21T13:49:00.964Z level=INFO logger=app.http msg="request" method=POST path=/api/settings/reset-workspace status=200 ms=12
ts=2026-09-21T13:49:00.965Z level=INFO logger=httpx msg="HTTP Request: POST http://testserver/api/settings/reset-workspace "HTTP/1.1 200 OK""
ts=2026-09-21T13:49:01.107Z level=INFO logger=app.http msg="request" method=POST path=/api/imports/workbook/validate status=200 ms=141
ts=2026-09-21T13:49:01.109Z level=INFO logger=httpx msg="HTTP Request: POST http://testserver/api/imports/workbook/validate "HTTP/1.1 200 OK""
ts=2026-09-21T13:49:01.573Z level=INFO logger=app.audit msg="Alex Morgan imported seatwise_sample_workbook.xlsx (courses: 49 new, 0 updated, halls: 14 new, 0 updated, candidates: 908 new, 0 updated, timetable: 49 new, 0 updated)" action=import.committed plan_id=None actor=admin@seatwise.local
ts=2026-09-21T13:49:01.578Z level=INFO logger=app.http msg="request" method=POST path=/api/imports/1/commit status=200 ms=468
ts=2026-09-21T13:49:01.581Z level=INFO logger=httpx msg="HTTP Request: POST http://testserver/api/imports/1/commit "HTTP/1.1 200 OK""
ts=2026-09-21T13:49:01.590Z level=INFO logger=app.http msg="request" method=GET path=/api/sessions status=200 ms=9
ts=2026-09-21T13:49:01.593Z level=INFO logger=httpx msg="HTTP Request: GET http://testserver/api/sessions "HTTP/1.1 200 OK""
ts=2026-09-21T13:49:04.562Z level=INFO logger=app.engine msg="Plan solved" candidates=451 halls=6 attempts=1 seed=12345
ts=2026-09-21T13:49:04.594Z level=INFO logger=app.audit msg="Alex Morgan generated version 1 for Mon 12 Oct 2026 · Morning with seed 12345: 451 candidates in 6 halls, 0 same-paper neighbours, solved in 3.0 s" action=plan.generated plan_id=1 actor=admin@seatwise.local
ts=2026-09-21T13:49:04.622Z level=INFO logger=app.plans msg="Plan generated" plan=1 session=1 ms=2955 seed=12345
ts=2026-09-21T13:49:04.626Z level=INFO logger=app.http msg="request" method=POST path=/api/sessions/1/plans status=201 ms=3032
ts=2026-09-21T13:49:04.628Z level=INFO logger=httpx msg="HTTP Request: POST http://testserver/api/sessions/1/plans "HTTP/1.1 201 Created""
ts=2026-09-21T13:49:07.644Z level=INFO logger=app.engine msg="Plan solved" candidates=451 halls=6 attempts=1 seed=12345
ts=2026-09-21T13:49:07.670Z level=INFO logger=app.audit msg="Alex Morgan generated version 2 for Mon 12 Oct 2026 · Morning with seed 12345: 451 candidates in 6 halls, 0 same-paper neighbours, solved in 3.0 s" action=plan.generated plan_id=2 actor=admin@seatwise.local
ts=2026-09-21T13:49:07.689Z level=INFO logger=app.plans msg="Plan generated" plan=2 session=1 ms=3000 seed=12345
ts=2026-09-21T13:49:07.691Z level=INFO logger=app.http msg="request" method=POST path=/api/sessions/1/plans status=201 ms=3060
ts=2026-09-21T13:49:07.692Z level=INFO logger=httpx msg="HTTP Request: POST http://testserver/api/sessions/1/plans "HTTP/1.1 201 Created""
ts=2026-09-21T13:49:10.693Z level=INFO logger=app.engine msg="Plan solved" candidates=451 halls=6 attempts=1 seed=12345
ts=2026-09-21T13:49:10.696Z level=INFO logger=app.audit msg="Alex Morgan verified version 1 of Mon 12 Oct 2026 · Morning: reproduced exactly" action=plan.verified plan_id=1 actor=admin@seatwise.local
ts=2026-09-21T13:49:10.697Z level=INFO logger=app.http msg="request" method=POST path=/api/plans/1/verify status=200 ms=3003
ts=2026-09-21T13:49:10.698Z level=INFO logger=httpx msg="HTTP Request: POST http://testserver/api/plans/1/verify "HTTP/1.1 200 OK""
ts=2026-09-21T13:49:13.306Z level=INFO logger=app.engine msg="Plan solved" candidates=451 halls=6 attempts=1 seed=999
ts=2026-09-21T13:49:13.337Z level=INFO logger=app.audit msg="Alex Morgan generated version 3 for Mon 12 Oct 2026 · Morning with seed 999: 451 candidates in 6 halls, 0 same-paper neighbours, solved in 2.6 s" action=plan.generated plan_id=3 actor=admin@seatwise.local
ts=2026-09-21T13:49:13.357Z level=INFO logger=app.plans msg="Plan generated" plan=3 session=1 ms=2598 seed=999
ts=2026-09-21T13:49:13.361Z level=INFO logger=app.http msg="request" method=POST path=/api/sessions/1/plans status=201 ms=2661
ts=2026-09-21T13:49:13.362Z level=INFO logger=httpx msg="HTTP Request: POST http://testserver/api/sessions/1/plans "HTTP/1.1 201 Created""
ts=2026-09-21T13:49:13.367Z level=INFO logger=app.http msg="request" method=GET path=/api/sessions/1/plans status=200 ms=3
ts=2026-09-21T13:49:13.368Z level=INFO logger=httpx msg="HTTP Request: GET http://testserver/api/sessions/1/plans "HTTP/1.1 200 OK""
ts=2026-09-21T13:49:13.402Z level=INFO logger=app.audit msg="Alex Morgan published version 1 for Mon 12 Oct 2026 · Morning" action=plan.published plan_id=1 actor=admin@seatwise.local
ts=2026-09-21T13:49:13.405Z level=INFO logger=app.http msg="request" method=POST path=/api/plans/1/publish status=200 ms=36
ts=2026-09-21T13:49:13.407Z level=INFO logger=httpx msg="HTTP Request: POST http://testserver/api/plans/1/publish "HTTP/1.1 200 OK""
ts=2026-09-21T13:49:13.446Z level=INFO logger=app.audit msg="Alex Morgan published version 3 for Mon 12 Oct 2026 · Morning (replacing version 1)" action=plan.published plan_id=3 actor=admin@seatwise.local
ts=2026-09-21T13:49:13.450Z level=INFO logger=app.http msg="request" method=POST path=/api/plans/3/publish status=200 ms=42
ts=2026-09-21T13:49:13.452Z level=INFO logger=httpx msg="HTTP Request: POST http://testserver/api/plans/3/publish "HTTP/1.1 200 OK""
ts=2026-09-21T13:49:13.456Z level=INFO logger=app.http msg="request" method=GET path=/api/sessions/1/plans status=200 ms=3
ts=2026-09-21T13:49:13.457Z level=INFO logger=httpx msg="HTTP Request: GET http://testserver/api/sessions/1/plans "HTTP/1.1 200 OK""
ts=2026-09-21T13:49:13.463Z level=INFO logger=app.http msg="request" method=DELETE path=/api/plans/3 status=409 ms=5
ts=2026-09-21T13:49:13.464Z level=INFO logger=httpx msg="HTTP Request: DELETE http://testserver/api/plans/3 "HTTP/1.1 409 Conflict""
ts=2026-09-21T13:49:13.468Z level=INFO logger=app.audit msg="Alex Morgan deleted version 1 of Mon 12 Oct 2026 · Morning" action=plan.deleted plan_id=None actor=admin@seatwise.local
ts=2026-09-21T13:49:13.472Z level=INFO logger=app.http msg="request" method=DELETE path=/api/plans/1 status=204 ms=7
ts=2026-09-21T13:49:13.472Z level=INFO logger=httpx msg="HTTP Request: DELETE http://testserver/api/plans/1 "HTTP/1.1 204 No Content""
ts=2026-09-21T13:49:13.479Z level=INFO logger=app.http msg="request" method=GET path=/api/sessions/1/plans status=200 ms=4
ts=2026-09-21T13:49:13.480Z level=INFO logger=httpx msg="HTTP Request: GET http://testserver/api/sessions/1/plans "HTTP/1.1 200 OK""
ts=2026-09-21T13:49:13.485Z level=INFO logger=app.http msg="request" method=GET path=/api/plans/3 status=200 ms=4
ts=2026-09-21T13:49:13.486Z level=INFO logger=httpx msg="HTTP Request: GET http://testserver/api/plans/3 "HTTP/1.1 200 OK""
ts=2026-09-21T13:49:13.497Z level=INFO logger=app.http msg="request" method=GET path=/api/plans/3/halls/11 status=200 ms=10
ts=2026-09-21T13:49:13.498Z level=INFO logger=httpx msg="HTTP Request: GET http://testserver/api/plans/3/halls/11 "HTTP/1.1 200 OK""
ts=2026-09-21T13:49:13.511Z level=INFO logger=app.http msg="request" method=GET path=/api/plans/3/halls/11/swap-check status=200 ms=10
ts=2026-09-21T13:49:13.512Z level=INFO logger=httpx msg="HTTP Request: GET http://testserver/api/plans/3/halls/11/swap-check?seat=A1 "HTTP/1.1 200 OK""
ts=2026-09-21T13:49:13.521Z level=INFO logger=app.http msg="request" method=POST path=/api/plans/3/swap status=409 ms=8
ts=2026-09-21T13:49:13.522Z level=INFO logger=httpx msg="HTTP Request: POST http://testserver/api/plans/3/swap "HTTP/1.1 409 Conflict""
ts=2026-09-21T13:49:13.580Z level=INFO logger=app.audit msg="Alex Morgan swapped ACF25015 (A1) with MCD24016 (A2) in EW-205, Mon 12 Oct 2026 · Morning v3" action=plan.seat_moved plan_id=3 actor=admin@seatwise.local
ts=2026-09-21T13:49:13.584Z level=INFO logger=app.http msg="request" method=POST path=/api/plans/3/swap status=200 ms=62
ts=2026-09-21T13:49:13.586Z level=INFO logger=httpx msg="HTTP Request: POST http://testserver/api/plans/3/swap "HTTP/1.1 200 OK""
ts=2026-09-21T13:49:13.598Z level=INFO logger=app.http msg="request" method=GET path=/api/plans/3 status=200 ms=10
ts=2026-09-21T13:49:13.600Z level=INFO logger=httpx msg="HTTP Request: GET http://testserver/api/plans/3 "HTTP/1.1 200 OK""
ts=2026-09-21T13:49:13.608Z level=INFO logger=app.http msg="request" method=GET path=/api/audit status=200 ms=7
ts=2026-09-21T13:49:13.611Z level=INFO logger=httpx msg="HTTP Request: GET http://testserver/api/audit?plan_id=3 "HTTP/1.1 200 OK""
ts=2026-09-21T13:49:13.620Z level=INFO logger=app.http msg="request" method=GET path=/api/sessions/1/plans status=200 ms=4
ts=2026-09-21T13:49:13.621Z level=INFO logger=httpx msg="HTTP Request: GET http://testserver/api/sessions/1/plans "HTTP/1.1 200 OK""
ts=2026-09-21T13:49:13.632Z level=INFO logger=app.http msg="request" method=GET path=/api/plans/3 status=200 ms=10
ts=2026-09-21T13:49:13.634Z level=INFO logger=httpx msg="HTTP Request: GET http://testserver/api/plans/3 "HTTP/1.1 200 OK""
ts=2026-09-21T13:49:13.638Z level=INFO logger=app.http msg="request" method=GET path=/api/auth/me status=200 ms=3
ts=2026-09-21T13:49:13.638Z level=INFO logger=httpx msg="HTTP Request: GET http://testserver/api/auth/me "HTTP/1.1 200 OK""
ts=2026-09-21T13:49:13.651Z level=INFO logger=app.http msg="request" method=GET path=/api/plans/3/halls/11 status=403 ms=10
ts=2026-09-21T13:49:13.652Z level=INFO logger=httpx msg="HTTP Request: GET http://testserver/api/plans/3/halls/11 "HTTP/1.1 403 Forbidden""
ts=2026-09-21T13:49:13.663Z level=INFO logger=app.audit msg="Alex Morgan set invigilators for v3 of Mon 12 Oct 2026 · Morning (EW-205: Sam Taylor)" action=plan.invigilators plan_id=3 actor=admin@seatwise.local
ts=2026-09-21T13:49:13.667Z level=INFO logger=app.http msg="request" method=PUT path=/api/plans/3/invigilators status=200 ms=14
ts=2026-09-21T13:49:13.667Z level=INFO logger=httpx msg="HTTP Request: PUT http://testserver/api/plans/3/invigilators "HTTP/1.1 200 OK""
ts=2026-09-21T13:49:13.682Z level=INFO logger=app.http msg="request" method=GET path=/api/plans/3/halls/11 status=200 ms=13
ts=2026-09-21T13:49:13.683Z level=INFO logger=httpx msg="HTTP Request: GET http://testserver/api/plans/3/halls/11 "HTTP/1.1 200 OK""
ts=2026-09-21T13:49:13.686Z level=INFO logger=app.http msg="request" method=GET path=/api/plans/3/halls/11/swap-check status=403 ms=2
ts=2026-09-21T13:49:13.687Z level=INFO logger=httpx msg="HTTP Request: GET http://testserver/api/plans/3/halls/11/swap-check?seat=A1 "HTTP/1.1 403 Forbidden""
ts=2026-09-21T13:49:13.693Z level=INFO logger=app.http msg="request" method=GET path=/api/halls status=200 ms=4
ts=2026-09-21T13:49:13.694Z level=INFO logger=httpx msg="HTTP Request: GET http://testserver/api/halls "HTTP/1.1 200 OK""
ts=2026-09-21T13:49:13.710Z level=INFO logger=app.audit msg="Alex Morgan could not generate a plan for Mon 12 Oct 2026 · Afternoon" action=plan.failed plan_id=None actor=admin@seatwise.local
ts=2026-09-21T13:49:13.713Z level=INFO logger=app.http msg="request" method=POST path=/api/sessions/2/plans status=422 ms=17
ts=2026-09-21T13:49:13.714Z level=INFO logger=httpx msg="HTTP Request: POST http://testserver/api/sessions/2/plans "HTTP/1.1 422 Unprocessable Entity""
ts=2026-09-21T13:49:13.719Z level=INFO logger=app.http msg="request" method=GET path=/api/audit status=200 ms=4
ts=2026-09-21T13:49:13.719Z level=INFO logger=httpx msg="HTTP Request: GET http://testserver/api/audit?action=plan.failed "HTTP/1.1 200 OK""
ts=2026-09-21T13:49:13.734Z level=INFO logger=app.audit msg="Alex Morgan cleared all exam data" action=workspace.reset plan_id=None actor=admin@seatwise.local
ts=2026-09-21T13:49:13.742Z level=INFO logger=app.http msg="request" method=POST path=/api/settings/reset-workspace status=200 ms=21
ts=2026-09-21T13:49:13.744Z level=INFO logger=httpx msg="HTTP Request: POST http://testserver/api/settings/reset-workspace "HTTP/1.1 200 OK""
ts=2026-09-21T13:49:13.989Z level=INFO logger=app.http msg="request" method=POST path=/api/imports/workbook/validate status=200 ms=243
ts=2026-09-21T13:49:13.990Z level=INFO logger=httpx msg="HTTP Request: POST http://testserver/api/imports/workbook/validate "HTTP/1.1 200 OK""
ts=2026-09-21T13:49:14.390Z level=INFO logger=app.audit msg="Alex Morgan imported seatwise_sample_workbook.xlsx (courses: 49 new, 0 updated, halls: 14 new, 0 updated, candidates: 908 new, 0 updated, timetable: 49 new, 0 updated)" action=import.committed plan_id=None actor=admin@seatwise.local
ts=2026-09-21T13:49:14.394Z level=INFO logger=app.http msg="request" method=POST path=/api/imports/1/commit status=200 ms=402
ts=2026-09-21T13:49:14.396Z level=INFO logger=httpx msg="HTTP Request: POST http://testserver/api/imports/1/commit "HTTP/1.1 200 OK""
ts=2026-09-21T13:49:14.409Z level=INFO logger=app.http msg="request" method=GET path=/api/sessions status=200 ms=12
ts=2026-09-21T13:49:14.411Z level=INFO logger=httpx msg="HTTP Request: GET http://testserver/api/sessions "HTTP/1.1 200 OK""
ts=2026-09-21T13:49:17.139Z level=INFO logger=app.engine msg="Plan solved" candidates=451 halls=6 attempts=1 seed=5
ts=2026-09-21T13:49:17.203Z level=INFO logger=app.audit msg="Alex Morgan generated version 1 for Mon 12 Oct 2026 · Morning with seed 5: 451 candidates in 6 halls, 0 same-paper neighbours, solved in 2.7 s" action=plan.generated plan_id=1 actor=admin@seatwise.local
ts=2026-09-21T13:49:17.229Z level=INFO logger=app.plans msg="Plan generated" plan=1 session=1 ms=2745 seed=5
ts=2026-09-21T13:49:17.232Z level=INFO logger=app.http msg="request" method=POST path=/api/sessions/1/plans status=201 ms=2819
ts=2026-09-21T13:49:17.232Z level=INFO logger=httpx msg="HTTP Request: POST http://testserver/api/sessions/1/plans "HTTP/1.1 201 Created""
ts=2026-09-21T13:49:17.269Z level=INFO logger=app.audit msg="Alex Morgan published version 1 for Mon 12 Oct 2026 · Morning" action=plan.published plan_id=1 actor=admin@seatwise.local
ts=2026-09-21T13:49:17.272Z level=INFO logger=app.http msg="request" method=POST path=/api/plans/1/publish status=200 ms=39
ts=2026-09-21T13:49:17.273Z level=INFO logger=httpx msg="HTTP Request: POST http://testserver/api/plans/1/publish "HTTP/1.1 200 OK""
ts=2026-09-21T13:49:19.623Z level=INFO logger=app.engine msg="Plan solved" candidates=457 halls=7 attempts=1 seed=6
ts=2026-09-21T13:49:19.650Z level=INFO logger=app.audit msg="Alex Morgan generated version 1 for Mon 12 Oct 2026 · Afternoon with seed 6: 457 candidates in 7 halls, 0 same-paper neighbours, solved in 2.3 s" action=plan.generated plan_id=2 actor=admin@seatwise.local
ts=2026-09-21T13:49:19.674Z level=INFO logger=app.plans msg="Plan generated" plan=2 session=2 ms=2338 seed=6
ts=2026-09-21T13:49:19.678Z level=INFO logger=app.http msg="request" method=POST path=/api/sessions/2/plans status=201 ms=2404
ts=2026-09-21T13:49:19.680Z level=INFO logger=httpx msg="HTTP Request: POST http://testserver/api/sessions/2/plans "HTTP/1.1 201 Created""
ts=2026-09-21T13:49:19.695Z level=INFO logger=app.http msg="request" method=GET path=/api/plans/1/halls/11 status=200 ms=13
ts=2026-09-21T13:49:19.696Z level=INFO logger=httpx msg="HTTP Request: GET http://testserver/api/plans/1/halls/11 "HTTP/1.1 200 OK""
ts=2026-09-21T13:49:19.710Z level=INFO logger=app.http msg="request" method=GET path=/api/public/lookup/dan25060 status=200 ms=11
ts=2026-09-21T13:49:19.711Z level=INFO logger=httpx msg="HTTP Request: GET http://testserver/api/public/lookup/dan25060 "HTTP/1.1 200 OK""
ts=2026-09-21T13:49:19.716Z level=INFO logger=app.http msg="request" method=GET path=/api/public/lookup/NOPE0000 status=404 ms=2
ts=2026-09-21T13:49:19.716Z level=INFO logger=httpx msg="HTTP Request: GET http://testserver/api/public/lookup/NOPE0000 "HTTP/1.1 404 Not Found""
ts=2026-09-21T13:49:19.720Z level=INFO logger=app.http msg="request" method=GET path=/api/public/slip/DAN25060/2.pdf status=404 ms=3
ts=2026-09-21T13:49:19.721Z level=INFO logger=httpx msg="HTTP Request: GET http://testserver/api/public/slip/DAN25060/2.pdf "HTTP/1.1 404 Not Found""
ts=2026-09-21T13:49:19.740Z level=INFO logger=app.http msg="request" method=GET path=/api/public/slip/DAN25060/1.pdf status=200 ms=18
ts=2026-09-21T13:49:19.741Z level=INFO logger=httpx msg="HTTP Request: GET http://testserver/api/public/slip/DAN25060/1.pdf "HTTP/1.1 200 OK""
ts=2026-09-21T13:49:19.772Z level=INFO logger=app.http msg="request" method=GET path=/api/public/qr/DAN25060.png status=200 ms=29
ts=2026-09-21T13:49:19.774Z level=INFO logger=httpx msg="HTTP Request: GET http://testserver/api/public/qr/DAN25060.png "HTTP/1.1 200 OK""
ts=2026-09-21T13:49:19.781Z level=INFO logger=app.http msg="request" method=GET path=/api/public/engine-summary status=200 ms=2
ts=2026-09-21T13:49:19.781Z level=INFO logger=httpx msg="HTTP Request: GET http://testserver/api/public/engine-summary "HTTP/1.1 200 OK""
ts=2026-09-21T13:49:19.787Z level=INFO logger=app.http msg="request" method=GET path=/api/public/lookup/DAN25060 status=200 ms=3
ts=2026-09-21T13:49:19.788Z level=INFO logger=httpx msg="HTTP Request: GET http://testserver/api/public/lookup/DAN25060 "HTTP/1.1 200 OK""
ts=2026-09-21T13:49:19.792Z level=INFO logger=app.http msg="request" method=GET path=/api/public/lookup/DAN25060 status=200 ms=2
ts=2026-09-21T13:49:19.792Z level=INFO logger=httpx msg="HTTP Request: GET http://testserver/api/public/lookup/DAN25060 "HTTP/1.1 200 OK""
ts=2026-09-21T13:49:19.797Z level=INFO logger=app.http msg="request" method=GET path=/api/public/lookup/DAN25060 status=200 ms=3
ts=2026-09-21T13:49:19.798Z level=INFO logger=httpx msg="HTTP Request: GET http://testserver/api/public/lookup/DAN25060 "HTTP/1.1 200 OK""
ts=2026-09-21T13:49:19.799Z level=INFO logger=app.http msg="request" method=GET path=/api/public/lookup/DAN25060 status=429 ms=1
ts=2026-09-21T13:49:19.800Z level=INFO logger=httpx msg="HTTP Request: GET http://testserver/api/public/lookup/DAN25060 "HTTP/1.1 429 Too Many Requests""
ts=2026-09-21T16:19:48.392Z level=INFO logger=uvicorn.error msg="Started server process [21320]"
ts=2026-09-21T16:19:48.392Z level=INFO logger=uvicorn.error msg="Waiting for application startup."
ts=2026-09-21T16:19:48.398Z level=INFO logger=app msg="SeatWise API ready" version=1.0.0 port=8113 env=development
ts=2026-09-21T16:19:48.398Z level=INFO logger=uvicorn.error msg="Application startup complete."
ts=2026-09-21T16:19:48.398Z level=INFO logger=uvicorn.error msg="Uvicorn running on http://127.0.0.1:8113 (Press CTRL+C to quit)"
ts=2026-09-21T16:19:49.364Z level=INFO logger=app.http msg="request" method=GET path=/api/health status=200 ms=5
ts=2026-09-21T16:19:51.050Z level=INFO logger=app.http msg="request" method=GET path=/api/public/engine-summary status=200 ms=79
ts=2026-09-21T16:19:51.476Z level=INFO logger=app.http msg="request" method=GET path=/api/public/engine-summary status=200 ms=1
ts=2026-09-21T16:20:03.476Z level=INFO logger=app.http msg="request" method=GET path=/api/auth/demo status=200 ms=274
ts=2026-09-21T16:20:06.675Z level=INFO logger=app.http msg="request" method=POST path=/api/auth/login status=200 ms=227
ts=2026-09-21T16:20:06.870Z level=INFO logger=app.http msg="request" method=GET path=/api/analytics/overview status=200 ms=15
ts=2026-09-21T16:20:14.295Z level=INFO logger=app.http msg="request" method=GET path=/api/auth/demo status=200 ms=226
ts=2026-09-21T16:20:27.234Z level=INFO logger=app.http msg="request" method=POST path=/api/auth/login status=200 ms=208
ts=2026-09-21T16:20:27.262Z level=INFO logger=app.http msg="request" method=GET path=/api/attendance/assignments status=200 ms=9
ts=2026-09-21T16:20:27.274Z level=INFO logger=app.http msg="request" method=GET path=/api/settings/rules status=200 ms=18
ts=2026-09-21T16:20:33.752Z level=INFO logger=app.http msg="request" method=GET path=/api/auth/demo status=200 ms=221
ts=2026-09-21T16:20:35.440Z level=INFO logger=app.http msg="request" method=POST path=/api/auth/login status=200 ms=209
ts=2026-09-21T16:20:35.463Z level=INFO logger=app.http msg="request" method=GET path=/api/analytics/overview status=200 ms=4
ts=2026-09-21T16:20:37.281Z level=INFO logger=app.http msg="request" method=GET path=/api/imports status=200 ms=5
ts=2026-09-21T16:20:38.689Z level=INFO logger=app.http msg="request" method=GET path=/api/departments status=200 ms=14
ts=2026-09-21T16:20:38.695Z level=INFO logger=app.http msg="request" method=GET path=/api/data/summary status=200 ms=17
ts=2026-09-21T16:20:38.705Z level=INFO logger=app.http msg="request" method=GET path=/api/candidates status=200 ms=28
ts=2026-09-21T16:20:46.789Z level=INFO logger=app.http msg="request" method=GET path=/api/sessions status=200 ms=3
ts=2026-09-21T16:20:50.032Z level=INFO logger=app.http msg="request" method=GET path=/api/users status=200 ms=17
ts=2026-09-21T16:21:00.817Z level=INFO logger=app.http msg="request" method=GET path=/api/settings/rules status=200 ms=3
ts=2026-09-21T16:21:06.857Z level=INFO logger=app.http msg="request" method=GET path=/api/analytics/overview status=200 ms=5
ts=2026-09-21T16:21:13.028Z level=INFO logger=app.http msg="request" method=GET path=/api/auth/demo status=200 ms=228
ts=2026-09-21T16:21:15.609Z level=INFO logger=app.http msg="request" method=GET path=/api/public/engine-summary status=200 ms=1
ts=2026-09-22T04:50:28.801Z level=INFO logger=uvicorn.error msg="Started server process [20604]"
ts=2026-09-22T04:50:28.802Z level=INFO logger=uvicorn.error msg="Waiting for application startup."
ts=2026-09-22T04:50:28.835Z level=INFO logger=app msg="SeatWise API ready" version=1.0.0 port=8113 env=development
ts=2026-09-22T04:50:28.836Z level=INFO logger=uvicorn.error msg="Application startup complete."
ts=2026-09-22T04:50:28.837Z level=INFO logger=uvicorn.error msg="Uvicorn running on http://127.0.0.1:8113 (Press CTRL+C to quit)"
ts=2026-09-22T04:50:29.315Z level=INFO logger=app.http msg="request" method=GET path=/api/health status=200 ms=21
ts=2026-09-22T04:50:32.093Z level=INFO logger=app.http msg="request" method=GET path=/api/health status=200 ms=2
ts=2026-09-22T04:50:34.824Z level=INFO logger=app.http msg="request" method=GET path=/api/health status=200 ms=1
ts=2026-09-22T04:50:41.295Z level=INFO logger=app.http msg="request" method=GET path=/api/public/engine-summary status=200 ms=93
ts=2026-09-22T04:50:41.302Z level=INFO logger=app.http msg="request" method=GET path=/api/public/engine-summary status=200 ms=1
ts=2026-09-22T05:35:37.584Z level=INFO logger=app.http msg="request" method=GET path=/api/public/engine-summary status=200 ms=69
