food_id,name,alt_names,role,diet,vegan,cuisine,allergens,fried,rich,gi,serving_g,kcal,protein,carbs,fat,fibre,sugar,sodium,calcium,iron,typical_minutes,label_source
1,Hot tea,Garam Chai,bev,vegetarian,True,north,,False,False,45,200,16.14,0.39,2.58,0.53,0.0,2.58,3.12,14.2,0.02,,rules
2,Instant coffee,,bev,vegetarian,True,north,,False,False,45,200,23.16,0.64,3.65,0.75,0.0,3.62,4.92,20.87,0.06,,rules
3,Espreso coffee,,bev,vegetarian,True,continental,,False,False,45,200,51.54,1.75,6.62,2.14,0.0,6.53,13.98,58.1,0.15,,rules
4,Iced tea,,bev,vegetarian,True,continental,,False,False,45,200,10.34,0.03,2.7,0.01,0.0,2.7,0.23,1.18,0.02,,rules
5,Raw mango drink,Aam panna,bev,vegetarian,True,north,,False,False,60,200,35.92,0.16,9.05,0.03,0.61,7.49,79.82,7.08,0.14,,rules
6,Fruit Punch,with fresh juices,bev,vegetarian,True,north,,False,False,70,200,36.12,0.14,9.38,0.03,0.06,9.25,2.63,5.07,0.1,,rules
7,Lemonade,,bev,vegetarian,True,continental,,False,False,70,200,20.8,0.03,5.48,0.01,0.02,5.47,28.52,1.84,0.05,,rules
8,Lem-o-gin,,other,vegetarian,True,north,,False,False,45,150,21.52,0.08,5.55,0.03,0.13,5.38,28.13,2.2,0.09,,rules
9,Cumin infused water,Jeere/Zeere ka pani,bev,vegetarian,True,north,,False,False,45,200,9.09,0.17,1.86,0.11,0.46,1.46,189.6,10.84,0.32,,rules
10,Coco pine cooler,,bev,vegetarian,True,north,,False,False,45,200,32.75,0.56,5.72,1.0,0.26,5.52,23.2,17.81,0.13,,rules
11,Summer cooler,,bev,vegetarian,True,north,,False,False,45,200,22.43,0.37,5.43,0.04,0.2,5.21,1.57,8.13,0.28,,rules
12,Hot cocoa,,bev,vegetarian,True,north,,False,False,45,200,90.1,3.36,9.23,4.56,0.0,9.01,24.2,113.66,0.31,,rules
13,Cold coffee with ice cream,,dessert,vegetarian,False,north,dairy,False,True,45,80,67.85,1.57,11.24,2.11,0.01,11.18,13.84,53.29,0.12,,rules
14,Banana milkshake,Kele milkshake,bev,vegetarian,False,north,dairy,False,False,60,200,65.31,1.84,9.15,2.37,0.26,7.96,13.61,62.64,0.13,,rules
15,Mango milkshake,Aam milkshake,bev,vegetarian,False,north,dairy,False,False,60,200,56.9,1.73,7.23,2.35,0.26,7.15,13.27,62.33,0.15,,rules
16,Pineapple milkshake,Ananas milkshake,bev,vegetarian,False,north,dairy,False,False,60,200,55.72,1.66,7.62,2.23,0.0,7.6,14.05,59.92,0.11,,rules
17,Orange milkshake,Narangi milkshake,bev,vegetarian,False,north,dairy,False,False,50,200,57.42,1.86,7.11,2.52,0.0,7.08,14.63,67.42,0.11,,rules
18,Egg nog,,bev,eggetarian,False,north,egg,False,False,30,200,97.14,4.78,8.15,5.11,0.02,8.06,40.65,102.13,0.43,,rules
19,Sweet Lassi,Meethi lassi,bev,vegetarian,False,north,dairy,False,False,70,200,35.66,1.29,6.51,0.68,0.0,6.51,18.31,45.65,0.03,,rules
20,Lassi,salted,bev,vegetarian,False,north,dairy,False,False,30,200,18.84,1.35,1.86,0.72,0.02,1.84,65.4,47.78,0.04,,rules
21,Cheese and chilli sandwich,,bf,vegetarian,False,continental,dairy|gluten,False,True,70,120,218.11,6.8,27.4,9.78,2.08,2.38,437.5,113.79,0.99,,rules
22,Egg sandwich,Ande ka sandwich,bf,eggetarian,False,continental,dairy|egg|gluten,False,False,70,100,285.96,8.69,29.16,15.8,1.88,1.86,461.67,110.13,1.44,,rules+carbon
23,Cucumber sandwich,Kheere ka sandwich,bf,vegetarian,True,continental,gluten,False,False,70,120,188.6,4.8,25.77,8.0,2.45,1.64,362.64,87.84,1.02,,rules
24,Cheese and pineapple sandwich,Cheese aur ananas ka sandwich,bf,vegetarian,False,continental,dairy|gluten,False,True,70,120,257.71,8.2,29.1,12.8,2.33,4.1,571.96,199.73,1.04,,rules
25,Cheese and tomato sandwich,Cheese aur tamatar ke sandwich,bf,vegetarian,False,continental,dairy|gluten,False,True,70,120,243.32,7.92,26.92,12.27,1.97,2.85,549.71,191.2,1.0,,rules
26,Chicken sandwich,,bf,non_vegetarian,False,continental,gluten,False,False,70,120,253.27,13.12,25.38,11.75,1.64,1.6,389.67,89.56,1.19,,rules+carbon
27,Peanut and tomato sandwich,Moongfali aur tamatar ka sandwich,bf,vegetarian,True,continental,gluten|peanut,False,False,70,120,291.43,9.53,28.54,16.14,4.03,2.82,364.99,94.03,1.58,,rules
28,Rainbow sandwich,,bf,vegetarian,True,continental,gluten,False,False,70,120,272.75,7.75,34.26,12.54,2.1,4.05,612.49,172.04,1.2,,rules
29,Club sandwich,,bf,vegetarian,True,continental,gluten,False,False,70,120,235.32,7.31,18.51,15.12,1.81,2.01,461.66,115.68,0.86,,rules
30,Vegetarian club sandwich,,bf,vegetarian,True,continental,gluten,False,False,70,120,198.33,5.45,19.68,11.33,2.06,2.08,305.36,122.44,0.77,,rules
31,Pin wheel sandwich,,bf,vegetarian,True,continental,gluten,False,False,70,120,311.52,8.77,14.0,24.93,0.93,1.45,374.39,67.75,1.36,,rules
32,Carrot apple sandwich,Gajar aur seb ka sandwich,bf,vegetarian,True,continental,gluten,False,False,70,120,214.11,5.3,29.04,9.12,3.66,5.3,302.88,118.05,1.8,,rules
33,Salami sandwich,,bf,non_vegetarian,False,continental,gluten,False,True,70,120,255.59,8.7,21.54,15.51,1.97,2.0,662.75,73.54,1.11,,rules+carbon
34,Vegetable and mayonnaise sandwich,,bf,eggetarian,False,continental,egg|gluten,False,True,70,120,244.26,4.47,23.2,15.4,2.35,2.35,342.7,79.53,0.91,,rules
35,Egg and tomato sandwich,Ande aur tamatar ka sandwich,bf,eggetarian,False,continental,egg|gluten,False,False,70,100,222.11,7.66,25.9,10.51,1.77,2.09,423.26,95.71,1.3,,rules
36,Sweet open sandwich,,dessert,vegetarian,True,continental,gluten,False,False,70,80,244.25,4.99,39.24,8.15,2.36,12.23,205.27,85.18,1.15,,rules
37,Mushroom and cheese sandwich,toasted,bf,vegetarian,False,continental,dairy|gluten,False,True,70,120,227.42,7.79,21.01,13.01,2.28,2.11,456.57,172.35,0.84,,rules
38,Pea potato sandwich,toasted Matar aloo ka sandwich,bf,vegetarian,True,continental,gluten,False,False,75,120,164.9,4.6,25.17,5.43,2.89,1.33,262.63,64.15,1.11,,rules
39,Paneer pea sandwich,toasted Paneer matar ka sandwich,bf,vegetarian,False,continental,dairy|gluten,False,False,70,120,249.56,12.4,24.05,11.98,2.12,6.4,268.9,274.1,1.26,,rules+carbon
40,Pea keema sandwich,toasted Matar aur keema ka sandwich,bf,non_vegetarian,False,continental,gluten,False,False,70,120,171.78,11.06,20.26,5.61,2.45,1.94,290.07,70.79,1.51,,rules
41,Classic club sandwich,,bf,vegetarian,True,continental,gluten,False,False,70,120,200.83,6.74,18.49,11.56,1.62,1.86,277.49,107.73,1.09,,rules
42,Sesame toast,,bf,vegetarian,True,continental,gluten|sesame,False,False,70,120,495.19,1.9,11.15,49.38,1.32,1.46,128.78,43.44,0.72,,rules
43,Cracked wheat porridge,Meetha daliya,dessert,vegetarian,True,north,gluten,False,False,60,80,81.57,2.64,8.87,4.08,0.62,5.12,15.89,75.88,0.32,,rules
44,Semolina porridge,Suji/Rava daliya,bf,vegetarian,True,south,gluten,False,False,70,150,100.89,3.75,12.39,4.08,0.7,7.54,23.21,108.52,0.36,,rules
45,Oatmeal Porridge,,bf,vegetarian,True,continental,gluten,False,False,50,150,72.85,2.6,8.77,3.22,0.39,5.2,16.14,76.83,0.28,,rules
46,Cornflakes with milk,,bf,vegetarian,False,continental,dairy|gluten,False,False,75,150,117.33,3.59,14.95,5.12,0.78,9.97,26.55,106.47,0.42,,rules
47,Rice flakes,Chiwda/Aval,bf,vegetarian,True,north,peanut,True,False,75,150,112.44,3.62,15.57,3.99,0.37,7.28,22.4,103.15,0.62,,rules
48,Wheat flakes,,other,vegetarian,True,north,gluten,False,False,60,150,112.44,3.62,15.57,3.99,0.37,7.28,22.4,103.15,0.62,,rules
49,Murmura,Puffed rice,snack,vegetarian,True,north,,False,False,75,80,113.32,3.62,15.67,4.04,0.28,7.31,22.52,103.79,0.63,,rules
50,Puffed wheat,Murmure/Moori,other,vegetarian,True,north,gluten,False,False,60,150,113.32,3.62,15.67,4.04,0.28,7.31,22.52,103.79,0.63,,rules
51,Boiled egg,Ubla anda,bf,eggetarian,False,north,egg,False,False,30,100,45.35,4.43,0.12,3.04,0.11,0.0,170.94,17.75,0.64,,rules
52,Fried Egg,,bf,eggetarian,False,north,egg,True,False,30,100,223.67,11.59,0.31,19.62,0.29,0.0,446.96,46.4,1.69,,rules
53,Poached egg,,bf,eggetarian,False,north,egg,False,False,30,100,123.87,11.98,0.37,8.19,0.3,0.05,1163.07,48.24,1.75,,rules
54,Scrambled egg,Ande ki bhurji,bf,eggetarian,False,north,egg,False,False,30,100,155.97,10.29,1.35,12.21,0.24,1.08,374.66,64.59,1.42,,rules
55,Baked egg,,bf,eggetarian,False,continental,egg,False,False,30,100,218.85,11.88,15.42,12.65,1.03,1.66,523.29,164.05,1.48,,rules
56,Plain omelette/omlet,,bf,eggetarian,False,north,egg,False,False,30,100,272.41,9.66,0.64,25.74,0.12,0.51,226.18,48.4,1.35,,rules
57,Stuffed egg omelette/omlet,,bf,eggetarian,False,north,egg,False,False,30,100,203.51,8.6,2.3,17.77,0.75,1.57,267.19,89.91,0.91,,rules
58,Pancake,,bf,eggetarian,False,continental,egg|gluten,False,False,45,150,203.36,5.68,20.49,10.82,0.65,3.32,143.7,79.49,0.69,,rules
59,Keema pancake,,bf,non_vegetarian,False,continental,egg|gluten,False,False,30,150,176.27,9.01,9.56,11.25,0.84,2.2,125.4,40.96,0.93,,rules
60,Vegetable pancake,,bf,eggetarian,False,continental,egg|gluten,False,False,45,150,125.18,3.87,12.24,6.57,2.48,2.09,116.69,42.89,0.79,,rules
61,Jam and fruit pancake,,dessert,eggetarian,False,continental,egg|gluten,False,False,70,80,162.02,3.79,20.73,7.01,1.21,7.85,93.09,54.06,0.52,,rules
62,Khoa and coconut pancake,,dessert,eggetarian,False,continental,dairy|egg|gluten,False,True,45,80,271.98,6.98,27.32,15.29,1.65,16.47,101.0,157.22,1.12,,rules
63,Brown stock,,other,vegetarian,True,north,,False,False,45,150,21.32,1.95,0.25,1.38,0.09,0.14,44.6,17.16,0.3,,rules
64,Vegetable stock,,other,vegetarian,True,north,,False,False,45,150,17.6,0.3,0.96,1.38,0.38,0.44,49.75,5.08,0.12,,rules
65,Chicken stock,,other,non_vegetarian,False,north,,False,False,30,150,29.88,3.69,0.37,1.51,0.1,0.2,58.58,3.57,0.18,,rules
66,Clear tomato soup,Tamatar ka soup,side,vegetarian,True,north,,False,False,45,200,80.07,4.79,3.45,12.22,1.96,1.44,5135.74,29.05,1.14,,rules
67,Lentil soup,,side,vegetarian,True,north,,False,False,45,200,31.17,9.65,3.94,11.68,2.57,1.06,10418.84,40.57,2.26,,rules
68,Chicken consomme,Clear chicken soup,side,non_vegetarian,False,north,,False,False,30,200,47.94,11.47,1.19,12.02,1.57,0.54,8953.64,35.48,1.82,,rules
69,Cream of tomato soup,,side,vegetarian,False,north,dairy,False,True,45,200,97.81,4.61,3.93,13.12,1.38,1.81,4461.22,39.61,0.95,,rules
70,Cream of green peas soup,,side,vegetarian,False,north,dairy,False,True,45,200,127.84,7.13,6.75,14.78,2.95,1.61,4999.7,51.01,1.48,,rules
71,Cream of spinach soup,,side,vegetarian,False,north,dairy,False,True,45,200,100.54,5.21,3.45,13.31,1.74,1.13,4429.81,70.77,2.1,,rules
72,Cream of mixed vegetable soup,,side,vegetarian,False,north,dairy,False,True,45,200,59.65,6.84,4.93,9.05,2.14,2.1,5655.45,65.26,1.36,,rules
73,Cream of mushroom soup,,side,vegetarian,False,north,dairy,False,True,45,200,117.28,6.64,3.74,15.5,1.34,1.93,5276.06,70.56,1.81,,rules
74,Chicken sweet corn soup,,dessert,non_vegetarian,False,indo_chinese,,False,False,70,80,28.32,14.48,1.63,12.59,0.47,0.27,12205.33,91.5,3.83,,rules
75,Minestrone soup,,side,vegetarian,True,continental,,False,False,45,200,42.66,9.3,3.71,11.09,1.92,1.01,8875.06,53.55,1.82,,rules
76,Egg drop soup,,side,eggetarian,False,north,egg,False,False,30,200,26.64,12.93,1.1,13.52,0.81,0.6,12418.84,100.14,3.93,,rules
77,French onion soup,,side,vegetarian,True,continental,,False,False,45,200,55.61,11.41,4.28,14.39,1.01,1.5,11202.89,106.22,3.52,,rules
78,Hot and sour soup,,side,vegetarian,True,indo_chinese,,False,False,45,200,31.51,3.12,1.78,1.31,0.6,0.66,163.26,10.68,0.43,,rules
79,Talaumein soup,,side,vegetarian,True,north,,False,False,45,200,35.63,10.12,4.17,12.78,1.94,0.77,11088.14,42.33,2.23,,rules
80,Cold cucumber soup,Thanda kheere ka soup,side,vegetarian,True,north,,False,False,45,200,48.03,2.99,4.58,1.99,0.88,3.34,121.32,99.79,0.32,,rules
81,Cold summer garden soup,,side,vegetarian,True,north,,False,False,45,200,49.19,8.57,2.65,14.08,1.86,0.46,9919.62,43.93,2.13,,rules
82,Chapati/Roti,,staple,vegetarian,True,north,gluten,False,False,60,80,202.31,5.88,35.65,3.56,6.31,1.0,1.16,17.22,2.28,,rules
83,Plain parantha/paratha,,staple,vegetarian,True,north,gluten,False,False,60,100,298.3,5.06,30.69,16.86,5.43,0.86,62.07,14.81,1.98,,rules
84,Potato parantha/paratha,Aloo ka parantha/paratha,staple,vegetarian,True,north,gluten,False,False,75,100,205.04,3.7,23.92,10.22,4.18,1.15,127.2,17.38,1.52,,rules
85,Radish parantha/paratha,Mooli ka parantha/paratha,staple,vegetarian,True,north,gluten,False,False,60,100,183.52,3.3,20.54,9.53,4.32,1.31,127.03,23.75,1.39,,rules
86,Cauliflower parantha/paratha,Phoolgobhi ka parantha/paratha,staple,vegetarian,True,north,gluten,False,False,60,100,178.07,3.73,18.84,9.47,4.68,1.15,190.03,22.0,1.59,,rules
87,Dal parantha/paratha,,staple,vegetarian,True,north,gluten,False,False,60,100,268.24,6.78,30.03,13.05,6.46,1.43,156.13,23.89,2.45,,rules
88,Sprouted moong parantha/paratha,,staple,vegetarian,True,north,gluten,False,False,60,100,228.59,4.29,24.31,12.43,4.49,1.47,153.94,20.33,1.94,,rules
89,Pea parantha/paratha,Matar ka parantha/paratha,staple,vegetarian,True,north,gluten,False,False,60,100,190.73,5.59,21.51,8.8,5.61,1.29,109.99,23.49,1.78,,rules
90,Keema parantha/paratha,,staple,non_vegetarian,False,north,gluten,False,False,60,100,238.09,9.41,18.36,13.91,3.44,0.99,140.62,19.35,1.8,,rules
91,Paneer parantha/paratha,,staple,vegetarian,False,north,dairy|gluten,False,False,60,100,262.97,7.98,24.33,14.62,4.0,3.77,142.52,127.65,1.7,,rules
92,Besan and spinach parantha/paratha,Besan aur palak ka parantha/paratha,staple,vegetarian,True,north,gluten,False,False,60,100,216.49,5.54,21.39,12.09,4.39,1.31,177.19,33.07,1.85,,rules
93,Tandoori parantha/paratha,,staple,vegetarian,True,north,gluten,False,False,60,100,295.37,5.08,30.74,16.51,5.44,0.86,1.14,14.98,1.96,,rules
94,Boiled rice,Uble chawal,staple,vegetarian,True,south,,False,False,70,150,117.19,2.6,25.72,0.18,1.25,0.22,1.05,2.7,0.24,,rules+carbon
95,Plain pulao,,onedish,vegetarian,True,north,,False,False,70,250,140.21,2.34,21.82,4.62,1.69,1.15,193.76,12.76,0.41,,rules
96,Mixed vegetable pulao,,onedish,vegetarian,True,north,,False,False,70,250,113.05,2.72,17.49,3.33,2.67,1.35,187.92,19.61,0.6,,rules+carbon
97,Mushroom pulao,,onedish,vegetarian,True,north,,False,False,70,250,124.29,2.52,19.02,4.03,1.88,1.0,222.36,13.54,0.39,,rules
98,Sprouted moong pulao,,onedish,vegetarian,True,north,,False,False,70,250,112.97,2.19,17.49,3.61,1.78,1.43,153.16,16.26,0.65,,rules
99,Peanut pulao,,onedish,vegetarian,True,north,peanut,False,False,70,250,193.28,5.32,21.18,9.51,2.9,1.6,168.4,18.52,0.83,,rules
100,Navratan pulao,,onedish,vegetarian,True,north,tree_nut,False,False,70,250,261.71,6.2,36.98,9.45,3.82,2.52,334.26,59.61,1.1,,rules
101,Green chickpeas pulao,Choliya pulao/Hare chane ka pulao,onedish,vegetarian,True,north,,False,False,70,250,173.43,4.88,27.57,4.82,3.15,2.48,170.05,18.94,0.95,,rules
102,Mutton biryani/biriyani,,onedish,non_vegetarian,False,north,tree_nut,False,False,70,250,190.76,7.38,22.5,7.72,2.42,2.39,262.64,68.58,1.29,,rules
103,Vegetable biryani/biriyani,,onedish,vegetarian,True,north,tree_nut,False,False,70,250,174.61,3.16,18.56,9.51,3.31,2.14,183.79,33.52,0.86,,rules
104,Lemon rice,"Pulihora, Elumichai sadam, Chitranna",onedish,vegetarian,True,south,peanut,False,False,70,250,176.3,4.26,21.62,7.88,2.52,0.78,187.11,12.7,0.77,,rules+carbon
105,Sweet rice,Meethe chawal,dessert,vegetarian,True,north,,False,False,70,80,215.41,2.1,42.59,4.57,1.13,24.8,3.2,11.38,0.34,,rules
106,Curd rice,Dahi bhaat/Dahi chawal/ Perugu annam/Daddojanam/Thayir saadam,onedish,vegetarian,False,south,dairy,False,False,70,250,195.74,5.75,32.93,4.32,2.13,3.91,213.29,101.52,0.59,,rules+carbon
107,Tamarind rice,Chintapandu pulihora/Puliyodharai/Puli sadam/Huli anna,onedish,vegetarian,True,south,peanut,False,False,70,250,373.04,7.45,65.08,8.53,5.12,11.65,162.41,50.94,2.89,,rules
108,Spanish rice,,onedish,vegetarian,True,north,,False,False,70,250,164.24,4.19,31.1,2.23,2.78,1.26,96.61,18.93,0.92,,rules
109,Chinese fried rice,,onedish,vegetarian,True,indo_chinese,soy,True,False,70,250,120.58,4.05,13.4,5.43,2.31,1.47,248.36,34.7,0.99,,rules
110,Macroni cheese pie,,dessert,vegetarian,False,continental,dairy|gluten,False,True,30,80,170.63,5.85,21.1,7.48,0.4,3.4,200.51,122.01,0.54,,rules
111,Vegetable chowmein,,onedish,vegetarian,True,indo_chinese,gluten|soy,False,False,45,250,129.71,3.07,15.44,6.36,1.86,1.97,258.47,28.33,0.99,,rules
112,Chicken chowmein,,onedish,non_vegetarian,False,indo_chinese,gluten|soy,False,False,30,250,151.33,6.33,13.3,8.23,1.64,1.63,288.15,26.1,0.89,,rules
113,Cheese noodle ring,,other,vegetarian,False,north,dairy,False,True,30,150,133.67,6.22,13.96,6.12,1.27,2.84,241.96,99.3,0.79,,rules
114,Spaghetti and cheese balls in tomato sauce,,onedish,vegetarian,False,continental,dairy|gluten,False,True,70,250,508.32,2.41,7.82,52.08,0.59,1.83,104.14,40.59,0.32,,rules
115,Penne platter,,onedish,vegetarian,True,continental,gluten,False,False,45,250,177.4,5.04,20.87,8.71,1.09,4.5,283.37,67.67,0.9,,rules
116,Pasta hot pot,,onedish,vegetarian,True,continental,gluten,False,False,70,250,125.17,5.84,11.6,6.47,0.8,5.99,231.17,55.28,0.82,,rules
117,Chicken lasagne,,onedish,non_vegetarian,False,continental,dairy|gluten,False,False,30,250,187.49,10.45,13.9,10.36,0.11,2.74,238.55,119.98,0.64,,rules
118,Fettuccine with spinach sauce,,onedish,vegetarian,True,continental,gluten,False,False,45,250,129.21,3.1,12.19,7.83,0.77,1.18,153.59,53.67,1.28,,rules
119,Naan,,staple,vegetarian,False,north,dairy|gluten,False,False,70,100,286.45,8.05,51.75,4.99,1.91,5.59,326.11,88.01,1.29,138,rules
120,Idli,,bf,vegetarian,True,south,,False,False,70,150,137.54,4.64,28.18,0.33,2.31,0.28,100.83,8.0,0.68,128,rules
121,Masala dosa,,bf,vegetarian,True,south,,False,False,70,150,164.58,3.29,19.57,7.84,2.52,1.33,191.28,15.58,0.79,138,rules
122,Semolina dosa,Suji/Rava dosa,bf,vegetarian,True,south,gluten,False,False,70,150,227.05,7.3,32.84,7.12,4.04,4.37,202.36,116.04,1.39,,rules
123,Paneer kaathi roll,,onedish,vegetarian,False,north,dairy|gluten,False,False,30,250,285.94,6.92,20.1,19.55,2.4,3.29,221.03,101.66,1.42,,rules
124,Makki ki roti,,staple,vegetarian,True,north,gluten,False,False,60,80,263.97,3.49,24.19,16.85,5.19,0.7,236.22,14.76,1.11,,rules
125,Washed moong dal,Dhuli moong ki dal,curry,vegetarian,True,north,,False,False,32,150,50.0,2.68,5.91,1.68,1.17,0.12,150.64,8.48,0.64,,rules
126,Washed urad dal,Dhuli urad ki dal,curry,vegetarian,True,north,,False,False,32,150,61.32,2.51,5.84,2.98,1.53,0.32,142.21,10.24,0.72,,rules
127,Split bengal gram with bottle gourd,Channa dal with ghiya/lauki,curry,vegetarian,True,north,,False,False,32,150,73.25,2.79,7.1,3.6,2.72,1.05,149.47,14.33,0.99,,rules
128,Dry washed urad,,curry,vegetarian,True,north,,False,False,32,150,124.71,6.85,15.66,3.5,4.06,0.73,295.79,27.08,1.89,,rules
129,Mixed dal,,curry,vegetarian,True,north,,False,False,32,150,61.93,2.51,5.79,3.1,1.62,0.34,141.36,11.0,0.78,,rules
130,Whole moong,Moong ki dal,curry,vegetarian,True,north,,False,False,32,150,53.7,2.25,5.22,2.56,2.02,0.59,123.86,13.58,0.68,,rules
131,Whole masoor,Masoor ki dal,curry,vegetarian,True,north,,False,False,32,150,54.05,2.28,5.37,2.52,1.98,0.67,123.72,12.2,0.95,,rules
132,Whole moth,Moth ki dal,curry,vegetarian,True,north,,False,False,32,150,55.0,2.01,5.74,2.62,1.85,0.66,125.08,18.98,0.95,,rules
133,Whole urad,Urad ki dal,curry,vegetarian,True,north,,False,False,32,150,53.8,2.21,5.05,2.62,2.32,0.57,126.12,13.07,0.78,,rules
134,Moti mahal dal,Urad rajmah mix dal,curry,vegetarian,True,north,,False,False,32,150,103.13,3.93,8.74,5.66,3.38,1.7,157.61,38.13,1.05,,rules
135,Black channa curry/Bengal gram curry,Kale chane ki curry,curry,vegetarian,True,north,,False,False,45,150,140.68,5.67,14.11,6.61,7.99,2.36,358.63,53.87,2.43,,rules
136,Chickpeas curry,Safed channa curry,curry,vegetarian,True,north,,False,False,32,150,163.43,6.1,19.98,6.84,4.73,4.78,357.99,30.61,1.82,,rules+carbon
137,Lobia curry,,curry,vegetarian,True,north,,False,False,32,150,148.99,6.06,17.88,5.62,4.57,2.51,355.41,36.8,2.21,,rules
138,Soyabean curry,,curry,vegetarian,True,north,soy,False,False,45,150,163.28,10.43,6.76,10.19,7.34,2.66,352.69,65.13,2.79,,rules
139,Kidney bean curry,Rajmah curry,curry,non_vegetarian,False,north,,False,False,45,150,143.73,5.95,16.38,5.77,5.83,2.49,354.6,47.87,2.27,,rules
140,Sambar,,curry,vegetarian,True,south,,False,False,32,150,96.92,3.35,10.57,4.38,3.52,3.31,159.54,30.24,1.24,,rules+carbon
141,Khatta channa,,other,vegetarian,True,north,,False,False,45,150,202.57,6.3,21.14,10.56,5.26,4.75,513.32,40.77,1.94,,rules
142,Sprouted moong dal chat,,curry,vegetarian,True,north,,False,False,32,150,32.47,1.35,6.01,0.32,1.35,1.57,87.07,16.54,0.88,,rules
143,Potato cauliflower,Aloo gobhi,curry,vegetarian,True,north,,False,False,75,150,106.18,1.9,5.99,8.13,3.02,0.44,254.76,22.87,1.07,,rules
144,Potato capsicum,Shimla mirch aloo,curry,vegetarian,True,north,,False,False,75,150,125.53,1.41,8.72,9.33,2.02,0.54,277.92,16.45,0.86,,rules
145,Cabbage and peas,Pattagobhi aur matar,curry,vegetarian,True,north,,False,False,45,150,63.88,3.24,6.24,2.64,3.99,0.97,253.73,45.5,1.1,,rules
146,Carrot and fenugreek leaves,Gajar methi,curry,vegetarian,True,north,,False,False,45,150,61.92,2.1,4.17,3.81,4.43,2.11,262.91,128.83,2.72,,rules
147,Potato fenugreek,Aloo methi,curry,vegetarian,True,north,,False,False,75,150,135.15,2.25,8.47,10.04,2.93,0.54,221.93,107.8,2.53,,rules
148,Brinjal bhartha,Baingan ka bhartha,curry,vegetarian,True,north,,False,False,45,150,65.12,1.38,4.4,4.48,3.27,1.82,132.15,17.85,0.48,,rules
149,Dry potato,Sookhe aloo,curry,vegetarian,True,north,,False,False,75,150,103.15,1.62,14.38,4.18,1.88,0.33,199.99,17.2,0.83,,rules
150,Beans with coconut,Nariyal aur sem/phali; Beans thoran,curry,vegetarian,True,south,,False,False,45,150,131.63,2.62,4.39,11.39,5.59,2.06,271.65,51.92,1.34,,rules
151,Cauliflower with coconut,Nariyal ke saath phoolgobhi,curry,vegetarian,True,north,,False,False,45,150,132.11,2.64,3.99,11.56,5.27,1.71,286.06,35.37,1.33,,rules
152,Carrot and cabbage with coconut,Nariyal ke saath pattagobhi aur gajar,curry,vegetarian,True,north,,False,False,45,150,106.61,1.82,4.99,8.62,4.52,2.36,219.6,48.63,0.84,,rules
153,Raw turnip with coconut,,other,vegetarian,True,north,,False,False,45,150,132.15,1.8,5.78,11.47,2.79,4.4,275.55,50.65,0.82,,rules
154,Raw papaya with coconut,Papaya thoran,snack,vegetarian,True,south,,False,False,60,150,132.75,1.54,5.58,11.42,4.31,3.82,270.56,33.74,0.82,,rules
155,Stuffed okra,Bharwa bhindi,curry,vegetarian,True,north,,False,False,45,150,94.34,2.08,3.85,7.66,4.15,0.48,210.03,86.89,1.18,,rules
156,Stuffed round gourd,Bharwa tinde,curry,vegetarian,True,north,,False,False,45,150,72.8,1.1,4.02,5.75,2.1,1.96,180.15,20.21,0.59,,rules
157,Stuffed capsicum,Bharwa shimla mirch,other,vegetarian,True,north,,False,False,45,150,90.94,1.34,8.26,5.7,2.01,1.21,173.94,15.17,0.61,,rules
158,Stuffed brinjal,Bharwa baingan,curry,vegetarian,True,north,,False,False,45,150,93.0,1.53,3.96,7.73,4.09,0.92,212.88,24.37,0.75,,rules
159,Stuffed tomatoes,Bharwa tamatar,other,vegetarian,True,north,,False,False,45,150,93.35,3.28,6.19,6.06,2.2,2.68,165.85,59.16,0.62,,rules
160,Pea potato curry,Aloo matar,curry,vegetarian,True,north,,False,False,75,150,100.92,3.48,9.74,5.13,3.61,1.86,154.83,21.1,1.02,,rules
161,Pea paneer curry,Matar paneer,curry,vegetarian,False,north,dairy,False,False,30,150,134.83,6.61,9.29,7.75,3.3,3.89,157.34,105.2,1.08,,rules
162,Pea mushroom curry,Matar mushroom,curry,vegetarian,True,north,,False,False,45,150,93.3,3.87,7.41,5.16,3.86,1.82,155.48,22.7,0.97,,rules
163,Pea curry,Matar ki sabzi,curry,vegetarian,True,north,,False,False,45,150,102.99,4.51,9.2,5.11,4.44,1.98,154.75,24.48,1.2,,rules
164,Pea vadi curry,,curry,vegetarian,True,north,,False,False,45,150,101.95,4.64,8.9,5.08,4.28,1.92,149.51,23.62,1.2,,rules
165,Paneer curry,,curry,vegetarian,False,north,dairy,False,False,30,150,176.52,7.8,8.4,12.38,1.4,6.29,216.09,189.06,0.81,,rules
166,Lotus stem curry,Kamal kakdi curry,curry,vegetarian,True,north,,False,False,45,150,110.34,1.53,9.24,7.25,3.14,2.09,217.05,26.59,1.71,,rules
167,Gravy for kofta,,curry,vegetarian,True,north,,False,False,45,150,125.59,1.75,6.31,10.35,1.96,3.73,312.86,39.65,0.75,,rules
168,Baked vegetables,,curry,vegetarian,True,continental,soy,False,False,45,150,88.99,3.67,8.44,4.44,2.34,2.56,124.7,80.2,0.62,,rules+carbon
169,Cauliflower musallam,Phoolgobhi musallam,curry,vegetarian,True,north,,False,False,45,150,58.83,1.89,4.48,3.55,3.06,1.71,123.36,24.61,0.83,,rules
170,Baked vegetables with spinach,,curry,vegetarian,True,continental,,False,False,45,150,77.79,3.22,6.93,4.03,2.33,2.09,122.85,78.63,1.16,,rules
171,Baked potato with skin,,curry,vegetarian,True,continental,,False,False,75,150,135.77,3.43,11.11,8.5,1.2,1.66,354.5,90.06,0.5,,rules
172,Shepherd's pie,vegetarian,dessert,vegetarian,True,continental,gluten,False,False,45,80,135.63,5.04,12.03,7.3,2.23,2.78,118.2,85.59,0.76,,rules
173,Baked brinjal in tomato sauce,,curry,vegetarian,True,continental,,False,False,45,150,38.63,1.58,4.13,1.62,2.34,2.2,79.66,26.24,0.32,,rules
174,Spinach paneer,Palak paneer,curry,vegetarian,False,north,dairy,False,False,30,150,77.68,4.03,4.43,4.76,1.91,2.55,166.87,113.25,1.85,,rules
175,Sarson ka saag,,curry,vegetarian,True,north,,False,False,45,150,87.84,3.0,5.33,5.86,3.69,0.75,165.45,134.41,2.43,,rules+carbon
176,Avial,,curry,vegetarian,True,south,,False,False,45,150,124.56,2.46,8.47,8.94,5.44,3.83,81.5,31.9,1.01,,rules
177,Al yakhani,,other,vegetarian,True,north,,False,False,45,150,147.54,2.86,4.65,13.14,1.27,3.56,206.24,103.88,0.46,,rules
178,Shahi paneer,,curry,vegetarian,False,north,dairy|tree_nut,False,True,30,150,156.5,5.06,6.64,12.34,1.4,5.01,215.35,125.38,0.62,,rules
179,Paneer in butter sauce,,curry,vegetarian,False,north,dairy,False,True,30,150,145.61,6.99,9.7,8.81,1.5,7.49,151.45,170.59,0.85,,rules
180,Methi malai paneer,,curry,vegetarian,False,north,dairy,False,True,30,150,194.98,7.34,8.15,14.76,1.47,6.0,221.16,183.96,0.77,,rules
181,Paneer makhana korma,,snack,vegetarian,False,north,dairy|tree_nut,False,True,30,30,775.82,3.24,4.63,82.76,0.21,1.84,77.01,72.89,0.55,,rules
182,Kadhai Paneer,,curry,vegetarian,False,north,dairy,False,False,30,150,107.99,4.33,7.34,6.81,2.07,5.54,144.33,91.53,0.65,,rules
183,Roghan josh,,other,vegetarian,True,north,,False,False,45,150,139.59,9.56,4.93,9.02,2.08,2.66,204.31,112.33,1.77,,rules
184,Spinach mutton,Palak mutton,curry,non_vegetarian,False,north,,False,False,30,150,80.32,5.74,3.45,4.71,2.23,1.42,121.1,96.88,2.38,,rules
185,Pea keema curry,Matar keema ki sabzi,curry,non_vegetarian,False,north,,False,False,30,150,133.0,8.43,6.24,8.14,2.96,1.82,148.38,35.6,1.35,,rules
186,Keema kofta curry,,curry,non_vegetarian,False,north,,False,False,30,150,154.45,9.77,5.64,10.39,1.51,2.14,311.51,49.89,1.25,,rules
187,Kashmiri mutton koftas,Gushtaba,curry,non_vegetarian,False,north,,False,False,30,150,97.42,6.33,3.04,6.77,0.62,2.13,130.11,52.53,0.85,,rules
188,Mutton yakhni,,onedish,non_vegetarian,False,north,,False,False,30,250,104.13,8.27,0.84,7.7,0.67,0.13,101.02,88.61,1.66,,rules
189,Chicken yakhni,,onedish,non_vegetarian,False,north,,False,False,30,250,99.0,10.66,0.78,6.1,0.62,0.12,97.38,28.24,0.93,,rules
190,Mutton do piaza,,curry,non_vegetarian,False,north,,False,False,30,150,183.3,9.39,4.14,14.41,1.93,2.9,118.62,118.61,1.63,,rules
191,Chicken curry,,curry,non_vegetarian,False,north,,False,False,30,150,129.22,11.79,3.38,7.57,1.41,1.79,108.0,27.29,0.87,,rules+carbon
192,Tandoori chicken,,curry,non_vegetarian,False,north,,False,False,30,150,145.2,16.26,2.34,7.93,0.5,1.58,158.0,44.33,0.9,129,rules+carbon
193,Butter chicken,,curry,non_vegetarian,False,north,dairy,False,True,30,150,137.0,10.92,3.74,8.7,1.32,2.37,26.21,25.28,0.92,131,rules
194,Chilli chicken,,snack,non_vegetarian,False,indo_chinese,soy,False,False,30,80,198.83,9.57,2.86,16.56,0.99,0.93,223.75,12.97,0.66,,rules+carbon
195,Fried chicken with tomato sauce,Fried chicken tamatar ki chutney kay saath,side,non_vegetarian,False,north,,True,False,30,30,125.03,11.48,2.51,7.61,1.13,1.16,107.56,16.09,0.64,,rules
196,Fish curry,Machli curry,curry,non_vegetarian,False,south,fish,False,False,30,150,111.13,8.76,3.77,6.69,1.89,2.02,184.71,52.06,1.09,,rules+carbon
197,Baked fish with cheese sauce,,curry,non_vegetarian,False,continental,dairy|fish,False,True,30,150,113.96,8.64,4.06,7.02,0.08,3.22,209.48,115.64,0.26,,rules
198,Fish tikka,,snack,non_vegetarian,False,north,fish,False,False,30,80,117.33,16.0,3.91,4.15,1.18,1.18,503.44,31.98,1.41,,rules+carbon
199,Tandoori fish,,curry,non_vegetarian,False,north,fish,False,False,30,150,95.98,11.19,2.37,4.64,0.58,1.6,123.94,37.27,0.46,,rules
200,"Paneer, apple and pineapple salad",,side,vegetarian,False,north,dairy,False,False,60,100,95.08,3.88,8.35,5.07,1.65,6.36,176.63,103.05,0.84,,rules
201,Russian salad,,side,vegetarian,True,north,,False,False,45,100,114.83,4.26,6.5,7.84,2.57,1.66,101.09,34.92,1.23,,rules
202,Pasta salad,,onedish,vegetarian,True,continental,gluten,False,False,70,250,190.36,4.15,12.7,13.92,0.96,2.6,152.31,66.74,0.81,,rules+carbon
203,Deviled egg,,bf,eggetarian,False,north,egg,False,False,30,100,98.56,4.97,2.23,7.72,1.15,0.82,117.29,36.84,1.51,,rules
204,Hawain salad,,side,vegetarian,True,north,,False,False,45,100,175.23,4.27,14.35,11.37,3.93,5.24,64.92,61.03,1.12,,rules
205,Mixed pulse and vegetable salad,,side,vegetarian,True,north,,False,False,45,100,83.12,4.74,13.96,0.84,2.96,1.36,127.78,51.63,2.13,,rules
206,Sprouted moong salad,,side,vegetarian,True,north,,False,False,32,100,37.81,2.29,5.48,0.74,0.95,2.13,116.38,54.56,1.45,,rules
207,Tossed salad,,side,vegetarian,True,north,,False,False,45,100,62.96,1.02,4.95,4.22,2.15,1.56,77.5,32.37,0.86,,rules
208,Mixed vegetable salad with curd sauce,,side,vegetarian,False,north,dairy,False,False,30,100,60.28,4.23,7.03,1.5,3.79,2.16,116.66,65.51,1.35,,rules
209,Potato salad,Aloo ka salaad,side,vegetarian,True,north,,False,False,75,100,89.91,1.4,11.19,4.4,1.32,3.94,125.01,25.61,0.99,,rules+carbon
210,Waldroff salad,,side,vegetarian,True,north,,False,False,45,100,141.75,1.47,11.02,10.05,1.87,8.23,13.42,29.29,1.07,,rules
211,Coleslaw,,side,vegetarian,True,continental,,False,False,45,100,76.71,1.24,5.59,5.32,2.34,3.62,29.87,37.0,0.63,,rules
212,Fruit salad,Phalon ka salaad,side,vegetarian,True,north,,False,False,50,100,78.14,0.91,15.96,1.22,1.58,9.78,7.11,25.93,0.81,,rules
213,Tomato onion raita,Tamatar aur pyaaz ka raita,side,vegetarian,False,north,dairy,False,False,30,100,59.0,3.74,7.08,1.84,0.97,5.98,165.21,120.62,0.26,,rules
214,Peanut raita,Mungfali ka raita,side,vegetarian,False,north,dairy|peanut,False,False,32,100,150.39,8.59,9.3,8.98,1.89,7.11,235.83,174.6,0.74,,rules
215,Sprouted moong raita,,side,vegetarian,False,north,dairy,False,False,32,100,60.89,4.62,6.13,2.19,0.16,5.59,189.2,139.44,0.86,,rules
216,Bottle gourd raita,Ghiya/Lauki ka raita,side,vegetarian,False,north,dairy,False,False,30,100,56.31,3.98,5.76,2.07,0.85,5.25,188.37,138.26,0.23,,rules
217,Cucumber raita,Kheere ka raita,side,vegetarian,False,north,dairy,False,False,30,100,59.13,4.04,6.35,2.08,0.86,5.22,189.96,138.58,0.29,,rules+carbon
218,Carrot and spinach raita,Gajar aur palak ka raita,side,vegetarian,False,north,dairy,False,False,30,100,56.83,4.0,5.83,1.99,1.39,4.93,180.79,142.57,1.04,,rules
219,Mint raita,Pudinay ka raita,side,vegetarian,False,continental,dairy,False,False,30,100,77.59,5.64,7.65,2.96,0.34,7.48,274.38,198.22,0.37,,rules+carbon
220,Potato raita,Aloo ka raita,side,vegetarian,False,north,dairy,False,False,75,100,75.38,4.22,10.24,2.04,0.75,5.08,183.37,132.31,0.34,,rules
221,Sweet raita,Meetha raita,dessert,vegetarian,False,north,dairy,False,False,70,80,99.24,3.24,17.93,1.78,1.02,15.36,42.98,108.91,0.21,,rules
222,Saunth/Sonth chutney with tamarind/imli,,side,vegetarian,True,north,,False,False,45,30,141.53,1.01,33.55,0.15,0.93,31.31,244.38,54.74,2.71,,rules
223,Rice kheer,Chawal ki kheer,dessert,vegetarian,False,north,dairy|tree_nut,False,False,70,80,75.03,2.3,10.05,2.97,0.17,8.02,16.24,75.57,0.17,,rules+carbon
224,Makhana kheer,,dessert,vegetarian,False,north,dairy|tree_nut,False,False,45,80,107.85,3.31,12.88,5.0,0.11,11.54,23.4,111.64,0.28,,rules+carbon
225,Vermicelli kheer,Semiya/Seviyan ki kheer,dessert,vegetarian,False,south,dairy|gluten|tree_nut,False,False,70,80,120.07,3.35,15.87,5.0,0.5,12.79,22.52,104.8,0.3,,rules
226,Semolina kheer,Suji/Rava kheer,dessert,vegetarian,False,south,dairy|gluten|tree_nut,False,False,70,80,113.21,3.43,15.88,4.2,0.51,12.88,22.66,105.99,0.34,,rules
227,Paneer kheer,,dessert,vegetarian,False,north,dairy|tree_nut,False,False,30,80,105.31,4.53,10.03,5.37,0.07,9.87,23.81,144.66,0.26,,rules
228,Cabbage kheer,Pattagobhi ki kheer,dessert,vegetarian,False,north,dairy|tree_nut,False,False,45,80,83.51,2.87,9.73,3.8,0.51,9.28,22.67,102.74,0.24,,rules
229,Carrot kheer,Gajar ki kheer,dessert,vegetarian,False,north,dairy|tree_nut,False,False,45,80,85.35,2.81,10.09,3.85,0.73,9.63,28.54,100.12,0.28,,rules
230,Cauliflower kheer,Phoolgobhi ki kheer,dessert,vegetarian,False,north,dairy|tree_nut,False,False,45,80,81.95,3.04,8.78,3.95,0.55,8.49,25.19,101.75,0.3,,rules
231,Moong dal kheer,,dessert,vegetarian,False,north,dairy|tree_nut,False,False,32,80,77.16,2.95,9.89,2.97,0.4,7.92,16.34,75.66,0.28,,rules
232,Phirni,,dessert,vegetarian,False,north,dairy|tree_nut,False,False,45,80,116.12,3.49,16.11,4.34,0.36,10.79,22.47,104.57,0.23,,rules
233,Semolina halwa,Suji ka halwa,dessert,vegetarian,False,north,dairy|gluten|tree_nut,False,False,70,80,225.65,2.16,24.67,13.38,1.86,13.98,1.28,11.77,0.65,,rules
234,Shahi suji halwa,,dessert,vegetarian,False,north,dairy|gluten|tree_nut,False,True,70,80,382.34,3.48,44.44,21.73,2.96,27.21,2.18,18.64,0.98,,rules
235,Carrot halwa,Gajar ka halwa,dessert,vegetarian,False,north,dairy|gluten|tree_nut,False,False,45,80,172.64,3.11,18.53,9.73,2.65,16.85,39.96,106.94,0.76,,rules
236,Egg halwa,Ande ka halwa,dessert,eggetarian,False,north,dairy|egg|gluten|tree_nut,False,False,30,80,299.74,7.85,39.59,13.41,0.49,37.85,83.04,35.77,1.45,,rules
237,Potato halwa,Aloo ka halwa,dessert,vegetarian,False,north,dairy|gluten|tree_nut,False,False,75,80,151.66,1.53,29.18,3.48,1.64,17.42,4.23,14.15,0.63,,rules
238,Pumpkin halwa,Kaddu ka halwa,dessert,vegetarian,False,north,dairy|gluten|tree_nut,False,False,45,80,190.27,1.33,27.6,8.81,2.97,26.64,8.09,24.34,0.63,,rules
239,Moong dal halwa,,dessert,vegetarian,False,north,dairy|gluten|tree_nut,False,False,32,80,349.8,8.35,40.23,17.68,2.65,25.59,11.19,110.4,1.51,,rules
240,Caramel custard,steamed,dessert,vegetarian,False,continental,dairy,False,False,45,80,121.58,4.97,15.02,4.87,0.0,14.98,43.57,88.12,0.51,,rules
241,Baked custard,,dessert,vegetarian,False,continental,dairy,False,False,45,80,106.53,5.41,9.45,5.3,0.0,9.42,47.13,95.32,0.54,,rules
242,Soft Custard,stirred,dessert,vegetarian,False,continental,dairy,False,False,45,80,109.18,5.01,11.19,5.07,0.0,11.15,122.17,95.82,0.49,,rules
243,Chocolate ice cream,,dessert,vegetarian,False,north,dairy,False,True,45,80,177.7,4.47,15.41,11.25,0.0,15.33,36.79,84.24,0.47,,rules
244,Mango ice cream,,dessert,vegetarian,False,north,dairy,False,True,60,80,125.69,3.4,11.14,7.62,0.52,11.01,29.13,67.17,0.39,,rules
245,Fruit Ice cream,Phalon ka Ice cream,dessert,vegetarian,False,north,dairy,False,True,50,80,171.46,4.37,16.05,10.38,0.33,14.03,38.78,93.35,0.36,,rules
246,Caramel ice cream,,dessert,vegetarian,False,north,dairy,False,True,45,80,173.52,4.31,14.81,11.15,0.08,14.52,33.47,87.32,0.35,,rules
247,Lemon souffle,,dessert,eggetarian,False,continental,dairy|egg,False,False,45,80,168.51,6.95,13.43,10.02,0.0,11.67,50.73,59.81,0.56,,rules
248,Orange souffle,,dessert,eggetarian,False,continental,dairy|egg,False,False,50,80,168.28,6.8,14.2,9.73,0.22,12.31,49.22,59.04,0.65,,rules
249,Vanilla souffle,,dessert,eggetarian,False,continental,dairy|egg,False,False,45,80,187.85,7.71,14.78,11.19,0.0,12.86,56.73,70.6,0.58,,rules
250,Chocolate souffle,,dessert,eggetarian,False,continental,dairy|egg,False,False,45,80,189.32,7.88,14.74,11.36,0.0,12.69,56.07,71.55,0.71,,rules
251,Pineapple souffle,,dessert,eggetarian,False,continental,dairy|egg,False,False,60,80,196.14,8.06,15.52,11.72,0.0,13.45,59.17,67.23,0.61,,rules
252,Apple mousse,,dessert,eggetarian,False,continental,dairy|egg,False,False,50,80,106.92,4.21,12.77,4.27,1.6,10.56,28.79,33.76,0.48,,rules
253,Rich chocolate mousse,,dessert,eggetarian,False,continental,dairy|egg,False,False,45,80,188.26,7.96,10.84,12.19,0.0,10.3,51.71,54.59,0.97,,rules
254,Mango mousse,,dessert,eggetarian,False,continental,dairy|egg,False,False,60,80,124.98,3.21,9.14,8.47,0.88,8.89,19.62,51.38,0.35,,rules
255,Orange and pineapple cream,,snack,vegetarian,False,north,dairy,False,True,60,150,101.18,1.44,11.96,5.43,1.03,11.37,10.17,35.0,0.41,,rules
256,Charlotte rousse,,dessert,eggetarian,False,continental,egg,False,False,45,80,188.29,3.95,34.08,4.78,1.01,20.48,56.45,34.95,0.53,,rules
257,Triffle pudding,,dessert,vegetarian,False,continental,dairy,False,False,45,80,116.97,2.93,18.24,3.93,0.12,13.89,26.95,48.72,0.47,,rules
258,Snow flakes pudding,,dessert,vegetarian,False,continental,dairy,False,False,45,80,95.21,4.67,8.07,4.97,0.03,8.01,39.6,101.33,0.42,,rules
259,Kulfi,,dessert,vegetarian,False,north,dairy|tree_nut,False,False,45,80,98.43,3.21,11.3,4.7,0.12,10.39,23.97,111.86,0.2,,rules
260,Steamed orange pudding,,dessert,vegetarian,False,continental,dairy,False,False,50,80,278.03,2.34,41.53,12.04,0.58,26.53,79.1,21.15,0.55,,rules
261,Meringue and rice pudding,,dessert,eggetarian,False,continental,dairy|egg,False,False,70,80,112.93,4.84,14.6,4.05,0.17,10.87,44.16,85.43,0.37,,rules
262,Cheese pudding,,dessert,vegetarian,False,continental,dairy,False,True,30,80,285.01,11.29,19.27,18.37,0.05,18.63,37.83,226.11,0.87,,rules
263,Chocolate pudding,,dessert,vegetarian,False,continental,dairy,False,False,45,80,211.96,3.55,29.59,9.48,0.53,20.68,171.36,64.56,0.6,,rules
264,Bread and butter pudding,,dessert,vegetarian,False,continental,dairy|gluten,False,True,70,80,167.94,5.59,19.63,7.88,0.98,11.84,96.3,105.54,0.9,,rules
265,Queen of pudding,,dessert,vegetarian,False,continental,dairy,False,False,45,80,132.92,5.51,16.35,5.38,0.27,11.77,85.59,78.26,0.53,,rules
266,Pineapple upside down pudding,,dessert,vegetarian,False,continental,dairy,False,False,60,80,257.73,3.15,35.73,11.91,0.8,22.16,74.52,26.05,0.68,,rules
267,Date and nut pie,,dessert,vegetarian,True,continental,gluten|tree_nut,False,False,45,80,322.42,3.93,46.86,13.31,4.13,31.18,3.87,34.69,1.54,,rules
268,Stewed apple with custard,,dessert,vegetarian,False,continental,dairy,False,False,50,80,92.87,1.27,18.36,1.82,1.01,15.46,16.66,49.24,0.18,,rules
269,Apple snowballs,,snack,vegetarian,True,north,,False,False,50,150,101.51,0.86,24.58,0.31,1.25,19.4,12.8,9.43,0.18,,rules
270,Hot orange souffle,,dessert,eggetarian,False,continental,dairy|egg,False,False,50,80,179.97,6.87,18.77,8.95,0.29,14.93,58.8,53.81,1.03,,rules
271,Hot chocolate souffle,,dessert,eggetarian,False,continental,dairy|egg,False,False,45,80,226.09,6.7,26.21,11.1,0.12,22.88,54.11,60.19,1.08,,rules
272,Hot vanilla souffle,,dessert,eggetarian,False,continental,dairy|egg,False,False,45,80,192.93,6.87,21.77,9.07,0.13,18.17,59.59,63.2,0.93,,rules
273,Plain burfi,Burfi,dessert,vegetarian,False,north,dairy|tree_nut,False,False,45,80,408.32,9.82,30.88,27.96,0.17,30.43,31.65,355.78,1.5,,rules
274,Coconut burfi,Nariyal ki burfi,dessert,vegetarian,False,north,dairy|tree_nut,False,False,45,80,467.64,8.81,32.15,34.63,3.5,31.5,27.63,272.81,1.82,,rules
275,Bottle gourd burfi,Ghiya/Lauki burfi,dessert,vegetarian,False,north,dairy|tree_nut,False,False,45,80,275.96,5.86,24.51,17.68,0.73,23.92,18.15,215.85,0.93,,rules
276,Chocolate burfi,,dessert,vegetarian,False,north,dairy|tree_nut,False,False,45,80,339.33,13.0,33.15,17.86,0.0,32.38,39.32,466.48,2.12,,rules
277,Cashewnut burfi,Kaju burfi/Kaju katli,dessert,vegetarian,False,north,dairy|tree_nut,False,False,45,80,421.74,5.48,37.92,28.46,1.12,31.43,4.23,12.95,1.79,,rules
278,Gram flour burfi,Besan burfi,dessert,vegetarian,False,north,dairy|tree_nut,False,False,32,80,421.79,11.19,46.59,22.41,3.41,28.44,13.02,160.71,1.47,,rules
279,Semolina ladoo with khoya,Suji/Rava aur khoye ke ladoo ,dessert,vegetarian,False,south,dairy|gluten|tree_nut,False,True,70,80,428.71,6.71,52.86,21.86,4.68,33.28,14.4,106.42,1.73,,rules
280,Semolina ladoo with coconut,Suji/Rava aur nariyal ke ladoo ,dessert,vegetarian,False,south,dairy|gluten|tree_nut,False,False,70,80,464.43,5.68,50.9,27.03,6.69,27.32,9.06,26.72,1.83,,rules
281,Gram flour ladoo,Besan ladoo,dessert,vegetarian,False,north,dairy|tree_nut,False,False,32,80,476.91,8.93,62.61,22.76,4.43,37.76,5.48,25.35,1.51,,rules
282,Sesame ladoo,Til ke ladoo,dessert,vegetarian,False,north,dairy|sesame|tree_nut,False,False,45,80,396.96,10.7,43.5,19.64,7.72,38.63,18.55,631.82,8.94,,rules
283,Chenna murki,,other,vegetarian,True,north,,False,False,45,150,252.69,10.46,36.01,8.2,0.0,35.55,11.4,266.85,0.55,,rules
284,Milk cake,,dessert,eggetarian,False,continental,dairy|egg|gluten,False,False,70,80,127.41,3.01,9.13,8.93,0.06,8.9,24.97,104.94,0.2,,rules
285,Shahi tukre,,other,vegetarian,False,north,dairy|tree_nut,False,True,45,150,189.81,2.76,41.46,2.54,0.51,34.7,71.04,76.47,0.37,,rules
286,Peanut cutlet,Mungfali ke cutlet,snack,vegetarian,True,north,gluten|peanut,False,False,32,80,698.77,2.63,5.68,74.0,1.21,0.51,84.24,14.38,0.56,,rules
287,Cheese toast,,bf,vegetarian,False,continental,dairy|gluten,False,True,70,120,785.37,1.98,5.49,84.11,0.31,0.53,121.05,43.87,0.31,,rules
288,Cheese pizza,,onedish,vegetarian,False,continental,dairy|gluten,False,True,70,250,249.5,5.79,30.62,12.43,1.95,3.42,397.73,96.51,1.09,,rules
289,Peanut sago vada,Sabudana mungfali vada,bf,vegetarian,True,south,peanut,True,False,75,150,749.89,1.01,7.14,79.82,0.62,0.19,71.29,5.03,0.38,,rules
290,Paneer shaslik/tikka,,snack,vegetarian,False,north,dairy,False,False,30,80,93.85,5.11,7.98,4.49,1.23,4.61,103.39,123.86,0.68,,rules
291,Peanut brittle,Moongfali ki chikki,dessert,vegetarian,True,north,peanut|tree_nut,False,False,32,80,320.46,6.94,47.46,11.13,2.63,43.92,15.99,68.03,3.22,,rules
292,Dry mango chutney,Sookhe aam ki chutney,side,vegetarian,True,north,,False,False,60,30,298.13,2.43,69.17,0.7,3.74,61.86,437.91,72.05,3.98,,rules
293,Peanut chutney,Mungfali ki chutney,side,vegetarian,True,north,peanut,False,False,32,30,258.37,11.8,9.87,19.06,5.73,2.76,475.34,34.79,1.99,,rules
294,Coconut chutney,Nariyal ki chutney,side,vegetarian,True,south,peanut,False,False,45,30,265.92,3.59,8.29,25.0,6.73,3.79,428.28,15.7,1.25,,rules+carbon
295,Mint and coriander chutney,Pudinay aur dhaniye ki chutney,side,vegetarian,True,north,,False,False,45,30,102.6,2.81,21.18,0.51,4.33,15.88,391.66,107.45,4.76,,rules
296,Custard tart,,dessert,eggetarian,False,continental,dairy|egg|gluten,False,False,45,80,225.6,3.72,28.66,10.73,0.91,9.31,59.74,57.47,0.49,,rules
297,Lemon tart,,dessert,vegetarian,True,continental,gluten,False,False,45,80,303.35,6.12,30.68,17.45,0.81,10.68,76.09,24.03,0.98,,rules
298,Jam tart,,dessert,vegetarian,True,continental,gluten,False,False,70,80,360.72,4.42,46.18,17.35,1.14,14.74,70.34,12.23,0.74,,rules
299,Orange cream tart,,dessert,vegetarian,False,continental,dairy|gluten,False,True,50,80,197.16,2.58,27.43,8.72,0.64,10.08,36.85,13.84,0.58,,rules
300,Pineapple tart,,dessert,vegetarian,True,continental,gluten,False,False,60,80,195.4,2.29,28.62,8.21,0.87,11.09,37.88,12.02,0.5,,rules
301,Cheese and mushroom tart,,dessert,vegetarian,False,continental,dairy|gluten,False,True,30,80,246.1,5.51,21.43,15.28,1.18,3.16,212.42,100.97,0.59,,rules
302,Cottage cheese pie,,dessert,vegetarian,False,continental,dairy|gluten,False,True,30,80,238.98,7.45,20.66,13.83,2.21,3.62,103.29,108.05,0.92,,rules
303,Minced meat pie,,dessert,non_vegetarian,False,continental,gluten,False,False,30,80,221.55,7.38,18.11,13.04,2.33,1.42,127.85,18.14,1.07,,rules
304,Apple cinnamon pie,,dessert,vegetarian,True,continental,gluten,False,False,50,80,258.73,3.35,33.68,12.21,1.77,11.95,60.14,16.14,0.65,,rules
305,Lemon meringue pie,,dessert,eggetarian,False,continental,egg|gluten,False,False,45,80,224.43,3.88,35.11,8.16,0.44,21.17,85.12,16.79,0.67,,rules
306,Chocolate meringue pie,,dessert,eggetarian,False,continental,egg|gluten,False,False,45,80,214.76,4.98,28.8,9.17,0.37,15.03,80.77,55.98,0.92,,rules
307,Cream puffs,,other,vegetarian,False,north,dairy,False,True,45,150,221.33,4.7,16.0,15.48,0.38,5.94,98.76,37.93,0.58,,rules
308,Chocolate eclairs,,dessert,vegetarian,True,north,,False,False,45,80,239.42,4.24,26.22,13.5,0.33,17.34,85.88,34.21,0.68,,rules
309,Cheese balls,,snack,vegetarian,False,north,dairy,False,True,30,80,681.28,2.21,4.81,72.57,0.18,0.63,120.7,30.01,0.32,,rules
310,Minced meat patties,,snack,non_vegetarian,False,north,gluten,False,False,30,80,265.72,6.88,15.25,19.57,0.77,0.88,252.18,19.23,0.93,,rules
311,Cheese patties,,snack,vegetarian,False,north,dairy|gluten,False,True,30,80,324.01,7.38,22.23,22.67,1.24,3.93,295.22,126.41,0.82,,rules
312,Hot cheese souffle,,dessert,eggetarian,False,continental,dairy|egg,False,True,30,80,177.1,9.18,5.41,13.23,0.12,2.91,286.96,169.17,0.83,,rules
313,Hot potato souffle,,dessert,eggetarian,False,continental,dairy|egg,False,False,75,80,125.64,5.51,8.56,7.64,0.66,1.78,97.2,56.84,0.79,,rules
314,Hot fish souffle,,dessert,non_vegetarian,False,continental,dairy|egg|fish,False,False,30,80,142.92,11.23,3.69,9.24,0.1,1.68,110.94,58.18,0.7,,rules
315,Hot spinach souffle,,dessert,eggetarian,False,continental,dairy|egg,False,False,45,80,104.25,5.43,4.19,7.24,0.99,1.64,104.69,80.77,1.67,,rules
316,Plain cream cake,,dessert,eggetarian,False,continental,dairy|egg|gluten,False,True,70,80,353.94,6.18,47.18,16.17,0.71,27.74,174.0,41.95,1.02,,rules
317,Apple cake,Seb ka cake,dessert,eggetarian,False,continental,dairy|egg|gluten,False,False,70,80,290.08,4.94,39.48,12.87,1.22,23.52,136.95,38.99,0.9,,rules
318,Marble cake,,dessert,eggetarian,False,continental,dairy|egg|gluten,False,False,70,80,354.11,6.3,46.88,16.27,0.71,27.56,138.48,39.6,1.12,,rules
319,Chocolate cake,,dessert,eggetarian,False,continental,dairy|egg|gluten,False,False,70,80,335.61,6.01,45.14,15.18,0.64,27.58,241.93,41.13,1.08,,rules
320,Orange cake,,dessert,eggetarian,False,continental,dairy|egg|gluten,False,False,70,80,357.61,6.1,48.28,16.21,0.83,28.38,105.41,29.72,1.06,,rules
321,Fruit Loaf,,snack,vegetarian,True,north,,False,False,50,150,324.19,5.36,46.49,13.31,0.87,24.54,160.6,45.71,0.96,,rules
322,Banana cake,Kele ka cake,dessert,eggetarian,False,continental,dairy|egg|gluten,False,False,70,80,389.51,5.77,40.0,23.31,1.14,23.04,117.81,23.55,1.14,,rules
323,Chocolate chiffon cake,,dessert,eggetarian,False,continental,dairy|egg|gluten,False,False,70,80,311.71,5.76,37.87,15.8,0.7,24.25,188.59,42.15,1.07,,rules
324,Christmas cake,,dessert,eggetarian,False,continental,dairy|egg|gluten,False,False,70,80,372.95,5.49,48.29,16.88,1.49,27.45,64.84,40.98,1.32,,rules
325,Strawberry and vanilla cake with butter icing,,other,eggetarian,False,continental,dairy|egg|gluten,False,True,70,150,370.54,3.89,44.25,20.39,0.79,32.43,107.27,28.17,0.7,,rules
326,Eggless cake,,dessert,vegetarian,False,continental,dairy|gluten,False,False,70,80,318.08,8.12,46.14,11.75,0.68,27.7,310.5,212.97,0.61,,rules
327,Swiss roll,,dessert,vegetarian,True,north,gluten,False,False,45,80,251.87,7.3,48.34,3.77,0.55,32.96,51.9,24.11,1.19,,rules
328,Pineapple pastry,,dessert,vegetarian,True,north,gluten,False,False,60,80,208.21,6.06,29.04,7.87,0.72,18.83,44.3,42.97,0.86,,rules
329,Black forest pastry,,dessert,vegetarian,True,north,gluten,False,False,45,80,233.55,6.09,34.48,8.46,0.54,21.35,53.43,44.15,0.92,,rules
330,Coconut finger,,snack,vegetarian,True,north,,False,False,45,80,274.86,7.09,42.56,8.86,1.87,28.55,46.86,24.04,1.31,,rules
331,Pineapple cake,,dessert,eggetarian,False,continental,dairy|egg|gluten,False,False,70,80,195.57,5.01,23.51,9.34,0.76,16.16,37.47,49.06,0.64,,rules
332,Chocolate walnut cookies,Chocolate aur akhrot ke cookies,dessert,eggetarian,False,north,egg|gluten|tree_nut,False,False,32,80,424.8,6.56,47.1,23.62,1.54,22.58,280.44,36.1,1.37,,rules
333,Chocolate chip cookies,,dessert,eggetarian,False,north,egg|gluten,False,False,45,80,425.29,5.79,57.98,19.38,1.05,30.29,278.29,24.76,1.22,,rules
334,Sweet plain biscuit,,snack,vegetarian,True,north,gluten,False,False,70,30,380.76,5.86,50.29,17.67,1.07,21.77,132.59,42.88,0.92,,rules
335,Chocolate biscuit,,snack,vegetarian,True,north,gluten,False,False,70,30,379.76,5.88,51.56,17.09,1.01,24.16,127.02,41.51,1.14,,rules
336,Coconut biscuit,Nariyal ke biscuit,snack,vegetarian,True,north,gluten,False,False,70,30,434.98,5.78,42.9,27.16,3.64,20.76,105.76,37.81,1.32,,rules
337,Sweet and salty biscuit,Meethay aur namkeen biscuit,snack,vegetarian,True,north,gluten,True,False,70,30,407.96,6.15,45.09,22.39,1.68,7.22,414.7,37.24,1.05,,rules
338,Peanut biscuit,,snack,vegetarian,True,north,gluten|peanut,False,False,70,30,401.05,8.45,46.72,20.41,2.48,21.26,202.26,50.58,1.34,,rules
339,Pin wheel biscuit,,snack,vegetarian,True,north,gluten,False,False,70,30,404.6,5.4,54.56,18.66,1.16,23.25,131.73,42.7,1.13,,rules
340,Saffron biscuit,Kesar biscuit,snack,vegetarian,True,north,gluten,False,False,70,30,458.61,6.05,59.7,22.01,1.9,22.42,5.65,25.71,1.23,,rules
341,Masala biscuit,,snack,vegetarian,True,north,gluten,False,False,70,30,393.64,6.06,45.18,20.75,2.14,6.82,714.52,53.73,1.32,,rules
342,Ice box cookies,,dessert,eggetarian,False,north,egg|gluten,False,False,45,80,374.24,5.7,56.09,14.44,1.28,26.69,449.14,18.5,1.04,,rules
343,Ginger bread man,,dessert,vegetarian,True,north,gluten,False,False,70,80,365.0,6.61,60.26,11.01,1.6,29.12,477.99,37.92,2.12,,rules
344,Danish cookies,,dessert,eggetarian,False,north,egg|gluten,False,False,45,80,475.33,5.33,58.0,24.92,1.37,21.73,201.06,15.97,0.98,,rules
345,Short bread cookies,,dessert,eggetarian,False,north,egg|gluten,False,False,70,80,443.09,6.03,64.82,17.98,1.57,23.31,145.0,15.92,1.12,,rules
346,Coffee biscuit,,snack,vegetarian,True,north,gluten,False,False,70,30,416.57,6.9,46.55,23.0,1.59,21.69,112.53,48.92,1.27,,rules
347,Melting moments,,other,vegetarian,True,north,,False,False,45,150,437.91,5.71,55.84,21.78,1.88,25.0,119.09,30.39,1.2,,rules
348,Ginger biscuit,Adarak ke biscuit,snack,vegetarian,True,north,gluten,False,False,70,30,417.91,5.98,58.44,18.31,1.49,27.06,79.68,25.97,2.2,,rules
349,Peanut burfi,Moongfali ki burfi,dessert,vegetarian,False,north,dairy|peanut|tree_nut,False,False,32,80,550.99,9.31,48.14,36.84,4.09,43.08,6.78,25.2,1.45,,rules
350,Spinach peanut namak paras,Palak moongfali namak paras,snack,vegetarian,True,north,peanut,False,False,32,80,740.16,1.65,6.62,78.51,0.81,0.28,73.15,13.35,0.67,,rules
351,Split bengal gram sweet rice,Channa dal sweet rice,dessert,vegetarian,True,north,,False,False,70,80,190.21,4.15,41.07,0.64,2.23,19.41,8.38,30.37,1.77,,rules
352,Wheat flour and moong dal burfi,Atta aur moong dal ki burfi,dessert,vegetarian,False,north,dairy|gluten|tree_nut,False,False,60,80,441.08,9.84,60.0,18.41,6.02,31.12,5.25,25.2,2.3,,rules
353,Spinach burfi,Palak burfi,dessert,vegetarian,False,north,dairy|tree_nut,False,False,45,80,121.17,2.71,12.76,6.81,1.17,12.12,27.77,93.68,1.05,,rules
354,Sweet split chickpea roti,Sweet channa dal roti/Puranpoli,dessert,vegetarian,True,north,gluten,False,False,70,80,366.59,9.51,62.66,7.93,8.16,24.73,12.05,53.3,4.36,,rules
355,Sprouted moong daliya,,bf,vegetarian,True,north,gluten,False,False,50,150,111.56,2.81,14.77,4.71,3.12,1.67,196.73,22.62,1.29,,rules
356,Sprouted moong poha,,bf,vegetarian,True,north,peanut,False,False,75,150,192.6,5.59,26.6,6.89,3.13,1.93,220.82,28.39,2.43,,rules
357,Pearl millet ladoo,Bajra ladoo,dessert,vegetarian,False,north,dairy|tree_nut,False,False,60,80,319.66,9.61,50.98,8.06,6.0,27.44,12.26,118.74,4.72,,rules
358,Paushtik ladoo,,dessert,vegetarian,False,north,dairy|tree_nut,False,False,45,80,485.87,7.65,60.34,24.98,4.57,38.12,6.09,20.67,1.63,,rules
359,Paushtik roti,,staple,vegetarian,True,north,gluten,False,False,60,80,149.26,7.17,26.59,1.51,5.74,2.03,170.96,52.74,2.62,,rules
360,Dhokla,,bf,vegetarian,True,north,,False,False,32,150,216.49,13.45,30.68,5.28,4.95,4.78,376.02,123.21,1.39,,rules+carbon
361,Kashmiri tea,Kehwa,bev,vegetarian,True,north,,False,False,45,200,24.9,0.17,5.23,0.51,0.16,5.14,0.29,3.19,0.07,,rules
362,Steeped hot coffee,,bev,vegetarian,True,north,,False,False,45,200,15.91,0.39,3.01,0.33,0.0,2.96,2.82,10.4,0.06,,rules
363,Hot chocolate,,dessert,vegetarian,True,north,,False,False,45,80,90.01,3.43,9.02,4.61,0.0,8.86,36.04,113.63,0.33,,rules
364,Cold coffee,with cream,bev,vegetarian,False,continental,dairy,False,True,45,200,82.76,1.93,11.98,3.29,0.0,11.91,15.35,64.43,0.14,,rules+carbon
365,Banana milkshake with ice cream,Kele ka milkshake ice cream ke saath,dessert,vegetarian,False,north,dairy,False,True,60,80,76.45,2.01,11.15,2.77,0.27,9.94,16.63,68.3,0.14,,rules
366,Flavoured milkshake,,bev,vegetarian,False,north,dairy,False,False,45,200,66.78,2.06,8.65,2.83,0.0,8.61,16.34,75.05,0.11,,rules
367,Jal jeera,,other,vegetarian,True,north,,False,False,45,150,30.24,0.44,6.7,0.26,0.95,5.71,215.62,24.72,0.84,,rules
368,Gingo,,other,vegetarian,True,north,,False,False,45,150,48.02,0.14,12.42,0.06,0.17,12.08,21.5,6.33,0.21,,rules
369,Mintade,,other,vegetarian,True,north,,False,False,45,150,40.32,0.03,10.59,0.02,0.03,10.47,26.69,2.1,0.05,,rules
370,Canjee,,other,vegetarian,True,north,,False,False,45,150,6.61,0.24,0.44,0.42,0.36,0.21,43.03,5.82,0.17,,rules
371,Cauliflower canjee,Phoolgobhi ki canjee,curry,vegetarian,True,north,,False,False,45,150,6.9,0.39,0.35,0.42,0.49,0.09,41.45,6.26,0.22,,rules
372,Potato canjee,Aloo canjee,curry,vegetarian,True,north,,False,False,75,150,16.26,0.44,2.69,0.39,0.43,0.1,35.99,5.21,0.22,,rules
373,Vermicelli porridge,Semiya/Seviyan porridge,bf,vegetarian,True,south,gluten,False,False,70,150,78.4,2.5,10.56,2.98,0.48,7.04,65.33,72.96,0.2,,rules
374,Semolina upma,Suji/Rava upma,bf,vegetarian,True,south,gluten,False,False,70,150,147.89,3.3,16.31,7.49,3.24,1.31,101.59,21.57,1.1,,rules
375,Vermicelli upma,Semiya/Seviyan upma,bf,vegetarian,True,south,gluten,False,False,70,150,149.11,3.11,16.88,7.45,3.21,1.4,101.8,20.3,0.93,,rules
376,Rice upma,,bf,vegetarian,True,south,gluten,False,False,70,150,151.27,2.63,17.96,7.46,2.12,1.13,101.75,17.57,0.67,,rules
377,Bread upma,,bf,vegetarian,True,south,gluten,False,False,70,150,129.51,2.8,12.6,7.75,1.96,1.56,176.44,45.22,0.82,,rules
378,Vegetable upma,,bf,vegetarian,True,south,gluten,False,False,70,150,146.47,4.73,16.46,6.63,4.19,1.39,347.02,26.68,1.35,,rules
379,Poha,,bf,vegetarian,True,north,peanut,False,False,75,150,294.53,6.09,35.05,14.14,3.72,0.87,377.1,37.67,3.01,,rules
380,Vegetable poha,,bf,vegetarian,True,north,peanut,False,False,75,150,180.52,4.89,21.52,8.07,3.76,1.4,418.02,28.01,1.92,,rules
381,Moong dal stuffed cheela/chilla,Moong dal ka cheela/chilla,bf,vegetarian,True,north,,False,False,32,150,154.89,6.97,19.42,5.11,4.25,1.11,267.23,39.34,2.22,,rules
382,Paneer stuffed cheela/chilla,,bf,vegetarian,False,north,dairy,False,False,32,150,205.19,11.44,19.16,8.89,4.03,3.81,289.1,151.3,2.41,,rules
383,Indian style egg bhujia ),Anda bhujia (Indian style,other,eggetarian,False,north,egg,False,False,30,150,102.83,6.1,3.76,7.02,1.53,1.95,218.05,31.9,1.14,,rules
384,French omelette/omlet,,bf,eggetarian,False,continental,egg,False,False,30,100,211.04,10.03,0.41,18.86,0.38,0.1,381.85,46.35,1.58,,rules
385,Puffy omelette/omlet,,bf,eggetarian,False,north,egg,False,False,30,100,188.15,8.82,0.08,16.84,0.0,0.08,340.53,34.96,1.2,,rules
386,Orange omelette/omlet,,bf,eggetarian,False,north,egg,False,False,50,100,194.66,8.93,1.68,16.84,0.0,1.68,340.92,37.33,1.26,,rules
387,Cheese and mushroom omelette/omlet,,bf,eggetarian,False,north,dairy|egg,False,True,30,100,205.63,9.69,1.68,17.82,0.93,1.07,400.29,148.77,1.01,,rules
388,Spanish omelette/omlet,,bf,eggetarian,False,north,egg,False,False,30,100,157.45,8.25,5.1,11.44,2.54,1.03,233.87,31.72,1.28,,rules
389,Mixed stock,,other,vegetarian,True,north,,False,False,45,150,25.19,2.06,0.33,1.71,0.15,0.2,9.51,2.06,0.07,,rules
390,Meat stock,,other,non_vegetarian,False,north,,False,False,30,150,24.48,2.1,0.0,1.78,0.0,0.0,8.62,0.86,0.05,,rules
391,White stock,,other,vegetarian,True,north,,False,False,45,150,6.99,0.07,0.4,0.56,0.17,0.24,1.56,1.58,0.03,,rules
392,Meat consomme,with mutton,side,non_vegetarian,False,north,,False,False,30,100,29.76,14.86,0.51,13.68,0.71,0.24,12665.52,115.88,4.22,,rules
393,Consomme au julienne,,side,vegetarian,True,north,,False,False,45,100,27.76,12.49,1.49,10.66,1.38,0.83,10208.47,85.89,3.34,,rules
394,Consomme au vermicelli,,side,vegetarian,True,north,gluten,False,False,70,100,29.94,15.23,1.3,12.98,0.81,0.27,12524.61,97.34,3.98,,rules
395,Green pea soup,Matar ka soup,side,vegetarian,True,north,,False,False,45,200,39.81,11.06,3.63,12.9,2.49,0.87,10958.11,46.63,2.18,,rules
396,Spinach soup,Palak ka soup,side,vegetarian,True,continental,,False,False,45,200,32.59,10.54,3.03,14.26,1.98,0.29,12088.21,56.23,2.68,,rules+carbon
397,Mixed vegetable soup,,side,vegetarian,True,north,,False,False,45,200,35.71,8.22,2.95,11.66,1.64,1.64,9202.27,50.69,1.74,,rules
398,Cheese soup,,side,vegetarian,False,north,dairy,False,True,30,200,41.13,12.39,1.87,17.07,1.8,0.84,13695.35,83.65,2.4,,rules
399,Mulligatawny soup,,side,vegetarian,True,north,,False,False,45,200,54.42,11.26,8.24,13.28,2.6,1.26,11602.5,43.89,2.65,,rules
400,Cream of carrot soup,,side,vegetarian,False,north,dairy,False,True,45,200,59.77,8.27,5.69,12.35,1.98,1.77,8694.79,57.24,1.73,,rules
401,Cream of broccoli soup,,side,vegetarian,False,north,dairy,False,True,45,200,56.14,8.97,3.72,12.75,1.89,1.59,8792.43,66.55,1.82,,rules
402,Cream of potato soup,,side,vegetarian,False,north,dairy,False,True,75,200,60.2,8.1,6.14,12.05,1.51,1.24,8503.99,51.97,1.7,,rules
403,Almond soup,Badam ka soup,side,vegetarian,True,continental,tree_nut,False,False,32,200,78.65,10.13,3.68,13.8,0.91,1.94,8376.94,114.95,2.83,,rules+carbon
404,Cold cucumber cream soup,,side,vegetarian,False,north,dairy,False,True,45,200,11.88,0.34,1.76,0.34,0.73,0.51,207.89,8.02,0.16,,rules
405,Cold tomato soup,,side,vegetarian,True,north,,False,False,45,200,16.9,0.11,0.59,1.56,0.16,0.22,287.15,4.2,0.1,,rules
406,Chicken stew,,curry,non_vegetarian,False,continental,,False,False,30,150,127.55,7.19,4.44,8.91,1.82,1.43,79.62,31.53,0.9,,rules+carbon
407,Veg paneer stew,,curry,vegetarian,False,north,dairy,False,False,30,150,145.55,6.98,10.22,8.41,3.08,4.85,73.15,160.51,1.37,,rules
408,Onion-green chilli parantha/paratha,Pyaaz aur hari mirch ka parantha/paratha,staple,vegetarian,True,north,gluten,False,False,60,100,191.27,4.37,26.37,7.27,5.16,2.71,241.19,24.91,1.81,,rules
409,Methi parantha/paratha,,staple,vegetarian,True,north,gluten,False,False,60,100,148.36,4.27,22.19,4.34,5.09,2.44,48.36,65.85,2.42,,rules
410,Pizza,,onedish,vegetarian,False,continental,dairy|gluten,False,False,70,250,146.77,6.85,9.94,8.72,1.71,1.38,225.02,77.23,0.66,,rules
411,Bacon and mushroom pancake,,bf,non_vegetarian,False,continental,egg|gluten,False,True,45,150,157.67,6.82,8.47,10.6,1.59,1.23,344.23,44.74,0.54,,rules
412,Cheese and tomato pancake,,bf,eggetarian,False,continental,dairy|egg|gluten,False,True,30,150,147.39,5.15,10.66,9.28,1.06,3.48,281.62,127.51,0.64,,rules
413,Minced meat pancake,with chicken,bf,non_vegetarian,False,continental,egg|gluten,False,False,30,150,116.04,12.01,8.18,10.48,0.7,1.29,4942.18,64.72,1.99,,rules
414,Eggplant/Brinjal rice,Vangi bhat,onedish,vegetarian,True,north,,False,False,70,250,184.8,5.28,31.74,3.67,4.44,4.36,59.06,36.02,1.91,,rules
415,Kashmiri 'tahar',,other,vegetarian,True,north,,False,False,45,150,98.21,1.95,19.11,1.37,0.98,0.17,61.29,3.93,0.32,,rules
416,Cumin pulao,Jeera/Zeera pulao,onedish,vegetarian,True,north,,False,False,70,250,135.24,2.47,23.61,3.2,1.4,0.64,219.73,7.25,0.33,,rules
417,Peas pulao,Matar pulao,onedish,vegetarian,True,north,,False,False,70,250,108.87,3.89,18.42,1.9,3.21,1.3,86.18,18.18,0.78,,rules
418,Split bengal gram dal and vegetable pulao,Channa dal and vegetable pulao,onedish,vegetarian,True,north,,False,False,70,250,116.53,3.6,19.72,2.3,3.16,1.59,98.07,19.09,0.82,,rules
419,Black channa pulao/ Bengal gram pulao,Kale chane ka pulao,onedish,vegetarian,True,north,,False,False,70,250,125.51,3.44,21.55,2.58,2.69,1.99,103.09,16.51,0.77,,rules
420,Mutton pulao,,onedish,non_vegetarian,False,north,,False,False,70,250,130.77,6.52,11.26,10.78,1.65,1.0,3115.59,49.87,1.25,,rules
421,Chicken pulao,,onedish,non_vegetarian,False,north,,False,False,70,250,108.24,6.07,11.17,8.48,1.64,0.99,3093.47,32.25,0.98,,rules
422,Mexican rice,,onedish,vegetarian,True,continental,,False,False,70,250,120.57,4.62,14.21,4.88,1.64,1.44,93.42,14.51,0.55,,rules
423,Plain khitchdi,Plain khichri/khichdi,onedish,vegetarian,True,north,,False,False,60,250,57.03,1.72,10.04,1.01,0.85,0.12,37.14,5.05,0.31,,rules
424,Instant idli,with semolina,bf,vegetarian,True,south,gluten,False,False,70,150,247.29,9.16,43.4,3.61,7.13,3.35,1504.66,93.2,2.31,,rules
425,Plain dosa,,bf,vegetarian,True,south,,False,False,70,150,380.91,10.34,64.08,8.43,5.23,0.7,142.98,19.35,1.5,,rules+carbon
426,Masala dosa mixed vegetable fillings,,bf,vegetarian,True,south,,False,False,70,150,144.53,4.84,23.02,3.26,4.31,1.53,122.08,31.79,1.21,,rules
427,Masala dosa paneer fillings,,bf,vegetarian,False,south,dairy,False,False,70,150,243.12,10.31,29.76,8.84,3.11,4.81,160.4,171.23,1.27,,rules
428,Uttapam,,bf,vegetarian,True,south,,False,False,70,150,255.95,6.18,36.28,9.03,4.4,1.5,228.69,40.86,1.23,,rules+carbon
429,Appam,,bf,vegetarian,True,south,,False,False,70,150,267.7,3.12,13.28,22.63,6.19,4.16,26.59,6.36,0.83,,rules
430,Beans and macaroni,,onedish,vegetarian,True,continental,gluten,False,False,70,250,136.08,4.58,14.24,7.01,2.05,1.68,182.79,86.86,0.75,,rules
431,Spaghetti bolognese,,onedish,non_vegetarian,False,continental,gluten,False,False,70,250,97.43,9.35,10.04,9.51,1.08,1.41,5358.6,73.66,2.06,,rules
432,Meat and macaroni casserole,,onedish,non_vegetarian,False,continental,gluten,False,False,70,250,161.55,9.15,16.12,10.17,1.19,1.0,2511.99,68.28,1.85,,rules
433,Spaghetti with meat balls and tomato sauce,,onedish,non_vegetarian,False,continental,gluten,False,False,70,250,158.13,5.61,10.46,10.64,1.11,1.87,189.13,40.82,0.71,,rules
434,Spaghetti with paneer balls and tomato sauce,,onedish,vegetarian,False,continental,dairy|gluten,False,False,70,250,158.54,3.95,12.72,10.44,1.25,3.03,199.55,80.73,0.55,,rules
435,Lasagne with meat sauce,,onedish,non_vegetarian,False,continental,dairy|gluten,False,False,30,250,63.38,2.9,5.38,3.43,0.47,1.04,37.08,24.61,0.49,,rules
436,Lasagne with vegetables,,onedish,vegetarian,False,continental,dairy|gluten,False,False,45,250,49.23,1.71,5.9,2.16,0.66,1.37,40.78,32.89,0.57,,rules
437,Home made egg noodles,,onedish,eggetarian,False,indo_chinese,egg|gluten,False,False,70,250,240.84,6.55,42.92,4.37,1.6,1.03,177.24,15.96,1.15,,rules
438,Sour lentils,Khatti dal,curry,vegetarian,True,north,,False,False,32,150,34.79,2.22,6.04,0.12,1.22,1.25,115.6,8.29,0.85,,rules
439,Urad special dehusked,,curry,vegetarian,True,north,,False,False,32,150,69.43,3.14,8.86,2.17,2.5,1.32,109.56,16.4,0.83,,rules
440,Arhar with spinach,Arhar dal aur palak,curry,vegetarian,True,north,,False,False,32,150,52.84,2.05,4.77,2.76,1.3,0.23,109.97,21.81,0.89,,rules
441,Moong dal with vadi,,curry,vegetarian,True,north,,False,False,32,150,24.08,0.4,1.0,2.05,0.39,0.45,112.36,2.99,0.18,,rules
442,Rasam with tamarind,Puli rasam/ Chintapandu rasam/ Charu/Saaru,side,vegetarian,True,south,,False,False,45,200,26.74,1.13,3.37,0.88,1.6,0.83,104.11,16.56,0.59,,rules
443,Rasam with lemon,Nimmakaya rasam/Nimmakaya charu/Elumichai rasam/Nimbe hannina saaru,side,vegetarian,True,south,,False,False,45,200,24.41,1.11,2.85,0.87,1.54,0.44,102.77,15.56,0.52,,rules
444,Green gram whole with baghar,Sabut moong dal with tadka,curry,vegetarian,True,north,,False,False,32,150,63.43,3.23,6.8,2.48,3.02,0.15,181.69,25.04,1.0,,rules
445,Urad sabut special,,curry,vegetarian,True,north,,False,False,32,150,79.39,2.33,5.03,5.46,2.15,0.86,60.09,21.45,0.71,,rules
446,Kabuli channa curry,,curry,vegetarian,True,north,,False,False,45,150,68.57,2.92,7.63,3.06,1.12,1.24,122.05,32.03,0.95,,rules
447,Besan gatte curry,,curry,vegetarian,True,north,,False,False,32,150,189.38,7.75,16.26,10.72,3.25,4.5,356.27,151.08,1.89,,rules
448,Dry masala chops,,curry,vegetarian,True,north,,False,False,45,150,135.07,9.08,3.3,9.54,0.86,2.27,83.47,112.25,1.39,,rules
449,Mutton korma,,curry,non_vegetarian,False,north,dairy|tree_nut,False,True,30,150,115.64,7.09,2.53,8.54,0.78,1.64,56.94,79.07,1.09,,rules
450,Minced meat ball curry,,curry,non_vegetarian,False,north,,False,False,30,150,109.79,6.82,2.86,7.85,1.49,1.27,170.06,23.84,1.01,,rules
451,Boti kebab,,snack,non_vegetarian,False,north,,False,False,45,80,132.86,9.22,3.06,9.27,0.76,2.09,78.14,98.67,1.41,,rules
452,Mutton seekh kebab,,snack,non_vegetarian,False,north,,False,False,30,80,133.94,11.25,3.11,8.43,1.88,1.4,102.17,117.44,2.19,,rules
453,Indian lamb and egg curry,Nargisi kofta,curry,non_vegetarian,False,north,egg,False,False,30,150,335.75,3.84,2.07,34.7,0.6,0.75,57.44,12.91,0.55,,rules
454,Soya chunks korma,Nutrinugget korma,curry,vegetarian,False,north,dairy|soy|tree_nut,False,True,32,150,131.43,3.86,7.67,9.5,2.57,4.66,148.98,89.7,1.18,,rules
455,Mushroom matar,,curry,vegetarian,True,north,,False,False,45,150,70.77,2.79,5.33,4.11,3.13,1.39,61.63,21.42,0.81,,rules
456,Soya chunks and peas,Nutrinugget matar,curry,vegetarian,True,north,soy,False,False,32,150,82.62,3.03,5.82,5.11,2.86,1.64,70.97,20.32,0.99,,rules
457,Spinach mushroom,Palak mushroom,curry,vegetarian,True,north,,False,False,45,150,47.63,1.94,2.95,2.96,2.27,1.0,70.97,49.75,1.69,,rules
458,Vegetarian nargisi kofta curry,,curry,vegetarian,True,north,,False,False,45,150,332.15,2.29,6.58,32.94,0.86,1.65,73.56,47.09,0.38,,rules
459,Roast chicken,,curry,non_vegetarian,False,north,,False,False,30,150,199.9,20.49,0.1,13.06,0.03,0.05,71.71,13.61,0.79,,rules
460,Shahi chicken masala,,curry,non_vegetarian,False,north,dairy|tree_nut,False,True,30,150,163.7,9.82,4.07,12.02,0.96,2.86,142.56,82.68,0.89,,rules
461,Tomato chicken,,curry,non_vegetarian,False,north,,False,False,30,150,111.68,10.57,2.13,6.71,1.42,0.93,104.83,21.24,0.87,,rules
462,Creamy chicken,,curry,non_vegetarian,False,north,dairy,False,True,30,150,152.87,13.52,3.13,9.57,0.69,2.11,97.08,50.37,0.82,,rules
463,Broccoli chicken ala king,,curry,non_vegetarian,False,north,,False,False,30,150,119.56,7.97,5.34,7.57,1.92,2.49,104.01,73.36,0.78,,rules
464,Ginger chicken,,curry,non_vegetarian,False,north,,False,False,30,150,129.17,8.24,5.6,8.24,1.21,1.95,365.86,18.41,0.96,,rules
465,Chicken korma,,curry,non_vegetarian,False,north,dairy|tree_nut,False,True,30,150,147.96,9.83,5.43,9.67,1.82,3.32,119.21,68.66,1.06,,rules+carbon
466,Bengal fish curry,Bengali machli curry,curry,non_vegetarian,False,north,fish,False,False,30,150,109.43,7.26,4.42,7.03,1.93,2.39,76.38,44.44,0.85,,rules
467,Fish in coconut milk,Nariyal ke doodh ke saath machli,curry,non_vegetarian,False,north,dairy|fish,False,False,30,150,86.21,8.66,2.73,4.43,1.52,1.55,73.93,21.94,0.91,,rules
468,Prawn curry,with coconut Jhinga curry,curry,non_vegetarian,False,north,shellfish,False,False,30,150,109.55,8.54,3.1,6.93,1.56,2.03,375.86,37.25,0.96,,rules
469,Baked stuffed fish,,curry,non_vegetarian,False,continental,fish,False,False,30,150,121.96,16.14,2.12,5.43,0.38,0.35,74.36,18.8,0.35,,rules
470,Fish pie,,dessert,non_vegetarian,False,continental,fish|gluten,False,False,30,80,120.9,9.25,7.74,5.77,0.76,1.13,101.8,36.15,0.46,,rules
471,Crispy baked fish,,curry,non_vegetarian,False,continental,fish,True,False,30,150,138.4,10.95,9.59,6.41,1.21,1.53,192.42,60.04,0.55,,rules
472,Fish souffle,,dessert,non_vegetarian,False,continental,dairy|egg|fish,False,False,30,80,139.71,10.51,5.14,8.55,0.19,2.09,92.45,63.87,0.59,,rules
473,Potato curry,Aloo ki sabzi,curry,vegetarian,True,north,,False,False,75,150,89.56,1.52,10.42,4.47,2.42,1.58,78.4,23.74,0.97,,rules
474,Egg curry,Anda curry,curry,eggetarian,False,north,egg,False,False,30,150,117.52,5.38,4.03,8.81,2.09,1.9,142.12,41.59,1.52,,rules+carbon
475,Vegetable curry with coconut,,curry,vegetarian,True,north,,False,False,45,150,83.07,2.77,7.19,4.66,3.35,1.41,43.4,19.63,0.95,,rules
476,Curd with potatoes,Dahi aloo,side,vegetarian,False,north,dairy,False,False,75,100,59.9,1.56,7.15,2.72,1.19,1.82,51.99,36.36,0.47,,rules
477,Yam kofta curry,Zimikand/Suran kofta curry,curry,vegetarian,True,north,,False,False,45,150,322.88,0.71,3.75,33.84,1.04,0.63,42.22,8.35,0.31,,rules
478,Jackfruit kofta curry,Kathal ka kofta curry,curry,vegetarian,True,north,,False,False,45,150,321.08,0.8,3.17,33.83,0.96,2.4,40.04,11.36,0.24,,rules
479,Spinach and potato,Palak aloo,curry,vegetarian,True,north,,False,False,75,150,57.17,1.63,5.91,2.82,2.04,0.93,62.46,43.67,1.59,,rules
480,Mooli bhujia,,other,vegetarian,True,north,,False,False,45,150,91.2,1.69,4.74,7.25,2.36,1.07,89.73,131.88,2.37,,rules
481,Bathua bhujia,,other,vegetarian,True,north,,False,False,45,150,90.9,2.26,3.63,7.29,3.8,1.08,81.99,165.84,2.36,,rules
482,Cabbage rolls ),dry (Pattagobhi rolls dry,curry,vegetarian,True,north,,False,False,45,150,142.48,8.21,6.09,9.36,1.84,1.26,118.05,31.54,0.98,,rules
483,Dry arbi,Sookhi arbi,curry,vegetarian,True,north,,False,False,45,150,134.95,2.12,11.11,8.97,2.47,1.55,81.25,22.77,0.68,,rules
484,Masala arbi,,curry,vegetarian,True,north,,False,False,45,150,185.38,3.01,16.16,11.9,3.1,0.81,261.31,32.08,0.99,,rules
485,Peas brinjal bhartha,Matar baingan bhartha,curry,vegetarian,True,north,,False,False,45,150,84.55,2.05,5.02,6.05,3.63,1.57,63.65,19.63,0.63,,rules
486,Okra/Lady's fingers fry,Bhindi sabzi/sabji/subji,curry,vegetarian,True,north,,True,False,45,150,110.81,1.83,4.5,9.27,3.57,1.42,92.78,67.88,0.88,,rules
487,Beans foogath,,curry,vegetarian,True,north,,False,False,45,150,105.06,2.03,3.26,9.22,4.15,1.7,81.22,44.2,0.95,,rules
488,Stuffed bittergourd,wet Bharwa karele,other,vegetarian,True,north,,False,False,45,150,162.36,1.36,4.68,15.24,2.86,1.95,360.09,17.25,0.91,,rules
489,"Cauliflower, pea and potato bhujia","Phoolgobhi, matar aur aloo bhujia",curry,vegetarian,True,north,,False,False,75,150,95.67,2.75,8.23,5.54,3.26,1.47,86.29,21.05,0.98,,rules
490,Vegetable jalfrezi,,curry,vegetarian,True,north,,False,False,45,150,68.48,1.4,5.43,4.38,2.97,1.79,79.46,27.11,0.68,,rules
491,Vegetables stir fry,,curry,vegetarian,True,north,,True,False,45,150,30.78,1.04,3.19,1.47,1.37,0.86,55.0,13.3,0.34,,rules
492,Broccoli delight,,other,vegetarian,True,north,,False,False,45,150,40.7,2.49,2.34,2.48,2.83,1.08,59.26,26.99,0.71,,rules
493,Dhansak,vegetarian,other,vegetarian,True,north,,False,False,45,150,82.8,3.32,7.28,4.18,4.17,0.91,34.18,26.4,1.26,,rules
494,Cauliflower basket,,curry,vegetarian,True,north,,False,False,45,150,90.95,5.21,3.97,5.88,2.4,1.47,194.22,100.19,0.92,,rules
495,Stuffed bottle gourd,Stuffed ghiya/lauki,curry,vegetarian,True,north,,False,False,45,150,93.19,5.84,4.36,5.8,1.18,1.52,106.99,71.83,0.66,,rules
496,Ducheese potato,,curry,vegetarian,True,north,,False,False,75,150,140.54,3.6,10.94,9.01,1.29,0.29,103.85,18.1,0.76,,rules
497,Roast potatoes,,curry,vegetarian,True,north,,False,False,45,150,87.32,1.53,14.52,2.35,1.71,0.33,90.67,10.38,0.57,,rules
498,Stuffed baked potatoes,,other,vegetarian,True,continental,,False,False,45,150,100.2,3.82,11.03,4.39,1.31,0.4,92.09,25.72,0.81,,rules
499,Potato nests,,curry,vegetarian,True,north,,False,False,75,150,111.62,5.71,11.05,4.77,2.49,1.41,182.12,55.25,0.87,,rules
500,Parsley potato,,curry,vegetarian,True,north,,False,False,75,150,119.51,1.49,13.81,6.28,1.59,0.34,4.62,11.43,0.55,,rules
501,Fricassee of Mushroom,,curry,vegetarian,True,north,,False,False,45,150,106.66,3.65,8.13,6.63,1.23,2.51,118.98,84.97,0.36,,rules
502,Cauliflower au gratin,,curry,vegetarian,False,continental,dairy,False,False,45,150,145.9,4.45,9.13,10.2,1.44,3.01,164.96,119.69,0.57,,rules
503,Vegetable and cheese pie,,dessert,vegetarian,False,continental,dairy|gluten,False,True,30,80,126.88,4.03,8.76,8.28,1.91,2.69,117.99,99.48,0.58,,rules
504,Spinach souffle,,dessert,eggetarian,False,continental,dairy|egg,False,False,45,80,150.18,7.36,6.27,10.52,1.44,0.89,244.07,133.69,2.15,,rules
505,Beetroot and egg salad,Chukandar aur ande ka salad,side,eggetarian,False,north,egg,False,False,30,100,84.92,3.36,3.4,6.45,0.55,1.97,110.12,18.13,0.55,,rules
506,Sour cream potato salad,,side,vegetarian,False,north,dairy,False,True,75,100,121.9,2.89,9.05,8.13,1.21,0.84,102.66,23.25,0.9,,rules
507,Tossed green salad,,side,vegetarian,True,north,,False,False,45,100,49.88,1.33,3.82,3.24,1.33,1.9,65.09,33.71,1.27,,rules
508,Spring basket salad,,side,vegetarian,True,north,,False,False,45,100,160.46,3.36,11.61,11.3,3.09,1.46,26.02,45.65,0.85,,rules
509,Cucumber and yogurt salad,Kheere aur dahi ka salad,side,vegetarian,False,north,dairy,False,False,30,100,36.13,2.09,4.72,0.93,1.66,2.28,141.73,68.49,0.52,,rules
510,Chicken and tomato towers,,curry,non_vegetarian,False,north,,False,False,30,150,100.55,6.9,2.36,6.99,1.14,1.21,76.02,17.54,0.77,,rules
511,Jellied sunshine fruit salad,,side,vegetarian,True,north,,False,False,50,100,48.86,5.85,4.21,0.85,1.8,2.86,74.2,37.14,0.87,,rules
512,Tomato aspic,,other,vegetarian,True,north,,False,False,45,150,50.37,6.87,5.02,0.26,1.58,3.21,98.17,44.28,1.18,,rules
513,Frozen frosty fruit salad,Phalon ka salaad,side,vegetarian,True,north,,False,False,50,100,103.51,1.68,15.61,4.17,0.26,14.38,13.23,28.61,0.41,,rules
514,Mayonnaise without eggs,,other,eggetarian,False,north,egg,False,True,45,150,329.05,2.13,3.98,33.84,0.04,3.68,193.58,75.54,0.27,,rules
515,Curd dressing,,side,vegetarian,False,north,dairy,False,False,30,100,78.8,5.59,8.03,2.9,0.22,7.57,204.62,194.59,0.18,,rules
516,Carrot raita,Gajar ka raita,side,vegetarian,False,north,dairy,False,False,30,100,64.78,4.14,7.19,2.19,1.69,5.99,274.46,146.72,0.55,,rules
517,Pumpkin raita,Kaddu ka raita,side,vegetarian,False,north,dairy,False,False,30,100,55.6,3.74,6.02,1.88,1.04,5.48,129.14,130.11,0.33,,rules
518,Mint and peanut raita,Pudinay aur moongfali ka raita,side,vegetarian,False,north,dairy|peanut,False,False,32,100,112.05,7.05,7.31,6.19,1.79,6.17,223.01,191.01,1.68,,rules
519,Spinach raita,Palak ka raita,side,vegetarian,False,north,dairy,False,False,30,100,52.75,3.95,5.06,1.86,1.39,3.97,126.57,142.96,1.61,,rules
520,Bathua raita,,side,vegetarian,False,north,dairy,False,False,30,100,54.4,4.13,5.31,1.76,2.19,4.11,110.92,206.31,1.46,,rules+carbon
521,Pineapple raita,Ananas ka raita,side,vegetarian,False,north,dairy,False,False,60,100,67.74,3.9,8.62,2.02,1.39,8.12,135.48,134.53,0.27,,rules+carbon
522,Banana raita,Kele ka raita,side,vegetarian,False,north,dairy,False,False,60,100,89.03,4.13,13.51,2.07,1.0,10.11,135.43,133.23,0.31,,rules
523,Mango raita,Aam ka raita,side,vegetarian,False,north,dairy,False,False,60,100,67.37,3.9,8.23,2.14,0.89,7.87,135.46,136.06,0.34,,rules
524,Guava raita,Amarood ka raita,side,vegetarian,False,north,dairy,False,False,50,100,64.36,4.19,7.27,2.07,3.0,6.71,135.94,136.93,0.28,,rules
525,Grapes raita,Angoor ka raita,side,vegetarian,False,north,dairy,False,False,50,100,72.59,3.98,9.66,2.07,0.71,8.51,135.64,134.52,0.26,,rules
526,Bottle gourd kheer,Ghiya/Lauki kheer,dessert,vegetarian,False,north,dairy|tree_nut,False,False,45,80,84.07,2.7,10.0,3.86,0.55,9.63,19.62,94.18,0.23,,rules
527,Pumpkin kheer,Kaddu ki kheer,dessert,vegetarian,False,north,dairy|tree_nut,False,False,45,80,86.35,2.76,10.44,3.86,0.63,10.12,20.99,95.61,0.24,,rules
528,Apple kheer,Seb ki kheer,dessert,vegetarian,False,north,dairy|tree_nut,False,False,50,80,81.3,2.14,11.34,3.18,0.51,10.71,15.86,75.67,0.18,,rules
529,Vanilla ice cream without egg,,dessert,vegetarian,False,north,dairy,False,True,30,80,228.67,2.69,14.21,18.15,0.0,13.45,23.97,81.27,0.1,,rules
530,Vanilla ice cream with egg,,dessert,eggetarian,False,north,dairy|egg,False,True,30,80,214.85,4.16,11.71,17.02,0.0,11.69,37.72,77.42,0.34,,rules
531,Strawberry ice cream,,dessert,vegetarian,False,north,dairy,False,True,45,80,215.61,4.15,12.26,16.96,0.0,11.6,37.62,77.08,0.34,,rules
532,Chocochip ice cream,,dessert,vegetarian,False,north,dairy,False,True,45,80,241.45,4.23,16.75,17.93,0.0,16.08,34.84,73.22,0.51,,rules
533,Choconut ice cream,,dessert,vegetarian,False,north,dairy,False,True,45,80,273.96,5.04,23.13,18.49,0.51,21.02,29.83,67.38,0.89,,rules
534,Pear chocholate sunday,,snack,vegetarian,True,north,,False,False,50,150,183.49,2.08,15.02,13.11,0.07,14.41,16.26,56.67,0.24,,rules
535,Chocolate sauce,,dessert,vegetarian,True,north,,False,False,45,80,263.2,1.91,43.21,10.39,0.0,42.06,2.8,18.8,1.13,,rules
536,Coffee ice cream,,dessert,vegetarian,False,north,dairy,False,True,45,80,150.62,3.15,14.09,9.43,0.0,13.35,42.09,95.72,0.15,,rules
537,Coffee pear alaska,,dessert,vegetarian,True,north,,False,False,50,80,203.99,2.88,19.36,13.22,0.15,16.88,51.11,60.61,0.22,,rules
538,Crunchy butterscotch,,other,vegetarian,True,north,,False,False,45,150,277.32,3.11,19.92,20.99,0.47,17.73,22.24,72.26,0.26,,rules
539,Peach melba ice cream,,dessert,vegetarian,False,north,dairy,False,True,45,80,200.85,2.06,16.31,14.51,0.06,13.35,17.92,60.55,0.11,,rules
540,Vanilla ice cream with apples in hot cherry sauce,,dessert,vegetarian,False,north,dairy,False,True,45,80,196.32,1.73,22.75,11.45,0.26,14.19,31.54,56.34,0.16,,rules
541,Grape and orange whip,,snack,vegetarian,True,north,,False,False,50,150,57.39,1.41,6.72,2.62,0.97,5.66,14.36,17.4,0.53,,rules
542,Honey banana cream,,snack,vegetarian,False,north,dairy,False,True,60,150,125.49,2.78,13.64,6.68,0.7,10.51,15.65,43.52,0.23,,rules
543,Raspberry bavarian cream,,other,vegetarian,False,north,dairy,False,True,45,150,150.1,3.34,17.82,7.88,2.19,15.3,24.59,26.4,0.31,,rules
544,Fruit delight,,snack,vegetarian,True,north,,False,False,50,150,107.09,2.09,9.11,7.09,0.09,9.03,17.27,71.69,0.15,,rules
545,Creamy chocolate mousse,,dessert,eggetarian,False,continental,dairy|egg,False,True,45,80,230.52,6.85,9.53,18.16,0.0,8.99,48.64,45.25,0.96,,rules
546,Cold lemon souffle,,dessert,eggetarian,False,continental,dairy|egg,False,False,45,80,169.87,5.89,15.62,9.78,0.0,13.88,46.35,55.03,0.53,,rules
547,Cold orange souffle,,dessert,eggetarian,False,continental,dairy|egg,False,False,50,80,173.19,5.94,16.27,9.82,0.11,14.42,46.53,55.45,0.57,,rules
548,Cold pineapple souffle,,dessert,eggetarian,False,continental,dairy|egg,False,False,60,80,181.22,6.23,16.85,10.39,0.0,14.99,49.38,57.13,0.54,,rules
549,Cold vanilla souffle,,dessert,eggetarian,False,continental,dairy|egg,False,False,45,80,179.54,6.22,16.29,10.32,0.0,14.49,49.09,62.47,0.52,,rules
550,Cold chocolate souffle,,dessert,eggetarian,False,continental,dairy|egg,False,False,45,80,187.53,6.37,17.22,10.86,0.0,15.31,47.77,62.91,0.68,,rules
551,Stewed fruit,with pear,snack,vegetarian,True,north,,False,False,50,150,74.32,0.25,18.22,0.32,2.84,17.67,1.7,5.94,0.21,,rules
552,Apricot fool,,other,vegetarian,True,north,,False,False,45,150,240.79,1.54,33.64,11.35,1.0,21.29,8.28,26.37,0.73,,rules
553,Pavlova,,other,vegetarian,True,north,,False,False,45,150,200.6,1.84,21.84,12.29,0.06,20.37,26.34,23.0,0.25,,rules
554,Apple crumb pudding,,dessert,vegetarian,False,continental,dairy,False,False,50,80,220.85,1.54,35.17,8.87,1.33,27.69,59.36,38.49,1.05,,rules
555,Steamed cake with chocolate sauce,,dessert,eggetarian,False,continental,dairy|egg|gluten,False,False,70,80,301.91,4.49,29.06,19.01,0.29,19.72,100.32,67.76,0.85,,rules
556,Hot lemon souffle,,dessert,eggetarian,False,continental,dairy|egg,False,False,45,80,155.25,5.29,16.31,7.93,0.14,12.07,47.75,48.77,0.55,,rules
557,Chum chum,,other,vegetarian,True,north,,False,False,45,150,130.05,1.52,28.27,1.92,0.02,27.84,16.65,62.58,0.13,,rules
558,Dil bahar,,other,vegetarian,True,north,,False,False,45,150,130.05,1.52,28.27,1.92,0.02,27.84,16.65,62.58,0.13,,rules
559,Rasbhari,,other,vegetarian,True,north,,False,False,45,150,130.05,1.52,28.27,1.92,0.02,27.84,16.65,62.58,0.13,,rules
560,Rajbogh,,other,vegetarian,True,north,,False,False,45,150,133.7,1.71,28.16,2.28,0.11,27.66,16.57,63.23,0.17,,rules
561,Rasgulla,,dessert,vegetarian,False,north,dairy,False,False,70,80,118.64,1.38,25.79,1.75,0.01,25.4,15.19,57.09,0.12,,rules
562,Rasmalai,,dessert,vegetarian,False,north,dairy,False,False,45,80,135.55,1.61,29.17,2.11,0.07,28.71,16.46,62.31,0.15,,rules
563,Khoa coconut burfi,,dessert,vegetarian,False,north,dairy|tree_nut,False,True,45,80,411.45,9.98,36.55,26.01,4.07,35.6,31.14,309.84,2.1,,rules
564,Danedar burfi,,dessert,vegetarian,False,north,dairy|tree_nut,False,False,45,80,102.68,3.24,12.33,4.72,0.09,11.98,23.31,107.53,0.24,,rules
565,Semolina burfi,Suji/Rava burfi,dessert,vegetarian,False,south,dairy|gluten|tree_nut,False,False,70,80,348.67,3.47,47.1,16.86,2.8,28.67,8.33,14.86,1.01,,rules
566,Pumpkin coconut burfi,Kaddu aur nariyal ki burfi,dessert,vegetarian,False,north,dairy|tree_nut,False,False,45,80,186.18,1.75,17.02,12.66,4.29,16.11,8.95,21.76,0.79,,rules
567,Khoa ladoo,,dessert,vegetarian,False,north,dairy|tree_nut,False,True,45,80,396.02,12.21,34.43,24.09,3.08,33.37,31.71,358.61,2.25,,rules
568,Wheat and gram flour ladoo,Atta besan ladoo,dessert,vegetarian,False,north,dairy|gluten|tree_nut,False,False,60,80,501.7,9.38,50.5,29.86,6.01,18.46,27.06,35.27,2.39,,rules
569,Semolina ladoo with nuts,Suji/Rava ladoo with nuts,dessert,vegetarian,False,south,dairy|gluten|tree_nut,False,False,70,80,441.84,5.44,48.02,25.45,4.27,19.79,3.93,18.04,1.81,,rules
570,Sesame chickpeas brittle,Til aur channe ki chikki,dessert,vegetarian,True,north,peanut|sesame|tree_nut,False,False,32,80,282.74,8.5,50.49,4.66,5.54,36.48,17.93,150.73,4.8,,rules
571,Murmura chikki,,snack,vegetarian,True,north,peanut|tree_nut,False,False,75,80,253.82,2.12,59.59,0.32,0.37,48.27,15.03,63.3,3.3,,rules
572,Khaman,dhokla,bf,vegetarian,True,north,,False,False,32,150,54.73,1.92,5.36,2.8,1.49,1.36,124.1,5.31,0.58,,rules
573,Instant dhokla,,bf,vegetarian,True,north,,False,False,32,150,207.11,7.66,24.11,9.37,3.57,6.86,763.98,66.58,1.05,,rules
574,Tomato ginger chutney,Tamatar adarak ki chutney,side,vegetarian,True,north,,False,False,45,30,44.66,1.05,9.11,0.32,2.14,6.31,209.42,23.63,1.08,,rules
575,Mint tomato chutney,Pudinay aur tamatar ki chutney,side,vegetarian,True,north,,False,False,45,30,43.65,1.53,8.22,0.36,2.63,5.48,183.98,47.59,2.06,,rules
576,Coriander chutney,Hare dhaniye ki chutney,side,vegetarian,True,north,,False,False,45,30,42.86,1.38,8.16,0.37,2.47,5.5,186.64,39.8,1.63,,rules
577,Gooseberry chutney,Amla chutney,side,vegetarian,True,north,,False,False,45,30,43.02,1.44,8.83,0.62,4.58,0.06,215.09,46.4,1.22,,rules
578,Walnut chutney,Akhrot ki chutney,side,vegetarian,True,north,tree_nut,False,False,32,30,370.43,9.44,8.91,33.46,3.04,4.4,160.0,119.57,1.77,,rules
579,Saunth/Sonth chutney with ginger,,side,vegetarian,True,north,,False,False,45,30,84.22,0.28,20.62,0.11,0.31,19.04,222.53,15.17,0.7,,rules
580,Gun powder chutney,,side,vegetarian,True,north,,False,False,45,30,312.34,21.55,47.65,2.67,13.95,1.16,195.67,68.87,5.14,,rules
581,Dessicated coconut chutney,Sookhe kase nariyal ki chutney,side,vegetarian,True,north,,False,False,45,30,346.36,12.88,36.72,15.88,13.16,10.41,321.07,73.55,5.44,,rules
582,Curd mint dip,,side,vegetarian,False,north,dairy,False,False,30,30,76.13,4.82,9.11,2.44,0.77,7.83,222.77,172.79,0.82,,rules
583,Curd vegetable dip,,side,vegetarian,False,north,dairy,False,False,30,30,56.21,3.88,6.04,1.94,0.63,5.42,132.48,129.58,0.37,,rules
584,Mayonnaise vegetable dip,,side,eggetarian,False,north,egg,False,True,45,30,241.27,3.01,4.8,23.44,0.41,4.39,119.58,91.42,0.28,,rules
585,Tomato and cucumber sandwich,Tamatar aur kheere ka sandwich,bf,vegetarian,True,continental,gluten,False,False,70,120,150.68,4.03,20.51,6.31,2.1,1.79,222.22,76.75,1.15,,rules
586,Tomato sandwich,grilled,bf,vegetarian,True,continental,gluten,False,False,70,120,189.92,6.26,21.29,9.39,1.91,2.58,420.6,150.9,0.88,,rules
587,French sandwich,toasted,bf,vegetarian,True,continental,gluten,False,False,70,120,186.75,6.82,14.82,11.51,1.37,1.82,274.68,100.73,1.24,,rules
588,Peanut butter cucumber sandwich,,bf,vegetarian,False,continental,dairy|gluten|peanut,False,True,70,120,243.33,9.04,29.76,10.56,3.35,2.91,460.09,95.35,1.32,,rules
589,Mint and peanut sandwich,,bf,vegetarian,True,continental,gluten|peanut,False,False,70,120,273.59,7.18,31.83,13.88,3.67,2.78,453.3,114.99,1.7,,rules
590,Spicy chutney sandwich,,bf,vegetarian,True,continental,gluten,False,False,70,120,249.58,8.74,34.03,9.58,3.73,3.96,315.4,154.53,1.51,,rules
591,Chicken walnut sandwich,Chicken aur akhrot ke sandwich,bf,non_vegetarian,False,continental,gluten|tree_nut,False,False,70,120,285.78,12.58,22.62,16.77,1.53,1.77,287.39,78.45,1.12,,rules
592,Rolled sandwich,,bf,vegetarian,True,continental,gluten,False,False,70,120,293.07,6.45,34.69,15.29,2.07,2.7,321.57,117.68,1.23,,rules
593,Ribbon sandwich,,bf,vegetarian,True,continental,gluten,False,False,70,120,239.26,6.26,24.76,13.37,2.92,4.66,382.11,157.85,1.05,,rules
594,Checker board sandwich,,bf,vegetarian,True,continental,gluten,False,False,70,120,348.37,7.37,25.94,24.65,2.22,2.9,358.25,188.02,1.11,,rules
595,Submarine sandwich,,bf,vegetarian,True,continental,gluten,False,False,70,120,216.92,6.09,13.6,15.32,1.24,2.5,254.28,72.35,1.23,,rules
596,Cheese open sandwich,,bf,vegetarian,False,continental,dairy|gluten,False,True,70,120,274.07,9.84,28.42,14.24,1.74,3.24,504.41,256.25,1.22,,rules
597,Sunset and sunrise open sandwich,,bf,vegetarian,True,continental,gluten,False,False,70,120,241.31,8.58,18.89,15.14,1.39,1.95,381.29,114.07,1.28,,rules
598,Danish luncheon sandwich,,bf,vegetarian,True,continental,gluten,False,False,70,120,193.82,9.03,17.77,10.1,1.52,1.13,365.63,77.13,1.27,,rules
599,Chicken and corn open sandwich,,bf,non_vegetarian,False,continental,gluten,False,False,70,120,188.16,8.63,19.21,8.83,1.67,2.48,226.72,65.13,0.8,,rules
600,Chocolate sponge cake,,dessert,eggetarian,False,continental,dairy|egg|gluten,False,False,70,80,239.86,9.13,39.54,5.51,0.52,25.0,61.47,33.99,1.81,,rules
601,Chocolate swiss roll,,dessert,vegetarian,True,north,gluten,False,False,45,80,306.08,6.01,26.97,19.76,0.29,18.83,44.53,42.79,1.08,,rules
602,Lemon curd filling,,side,vegetarian,False,north,dairy,False,False,30,100,225.62,3.43,26.41,12.58,0.0,26.13,34.9,16.39,0.6,,rules
603,Jam filling,,dessert,vegetarian,True,north,,False,False,70,80,184.62,0.0,46.15,0.0,0.0,41.54,0.0,0.0,0.0,,rules
604,Chocolate pastry,,dessert,vegetarian,True,north,gluten,False,False,45,80,243.37,7.05,32.24,10.12,0.32,22.34,46.54,50.7,1.44,,rules
605,Assorted pastry,,dessert,vegetarian,True,north,gluten,False,False,45,80,230.74,6.78,31.99,8.91,0.43,19.7,49.99,47.2,0.94,,rules
606,Orange gateau,,snack,vegetarian,True,north,,False,False,50,150,178.05,4.78,27.01,6.02,0.68,18.33,80.41,41.69,0.89,,rules
607,Black forest gateau,,other,vegetarian,True,north,,False,False,45,150,217.82,5.94,30.57,8.58,0.28,21.97,79.37,46.79,1.09,,rules
608,Lemon cake,,dessert,eggetarian,False,continental,dairy|egg|gluten,False,False,70,80,373.85,5.29,43.1,20.63,0.62,25.84,151.29,32.77,0.91,,rules
609,Dundee cake,,dessert,eggetarian,False,continental,dairy|egg|gluten,False,False,70,80,396.62,7.78,41.4,22.7,1.81,21.3,182.74,58.11,1.57,,rules
610,Victorian sandwich cake,,dessert,eggetarian,False,continental,dairy|egg|gluten,False,False,70,80,373.09,5.18,44.74,19.83,0.59,28.18,145.28,36.25,0.86,,rules
611,Chocolate eggless cake,,dessert,vegetarian,False,continental,dairy|gluten,False,False,70,80,312.01,6.66,43.45,13.19,0.32,34.2,196.61,185.38,0.95,,rules
612,Orange eggless cake,,dessert,vegetarian,False,continental,dairy|gluten,False,False,70,80,355.62,7.16,52.65,13.82,0.56,37.87,226.28,205.84,0.52,,rules
613,Chocolate glace icing,,other,vegetarian,True,north,,False,False,45,150,436.29,3.22,62.43,20.8,0.0,59.88,8.66,26.75,2.04,,rules
614,Butter icing,,other,vegetarian,False,north,dairy,False,True,45,150,500.72,0.19,71.64,25.37,0.0,71.64,5.98,12.48,0.14,,rules
615,Chocolate butter icing,,other,vegetarian,False,north,dairy,False,True,45,150,469.59,3.21,61.72,24.77,0.0,59.82,4.99,31.87,1.85,,rules
616,Almond biscuit,Badam ke biscuit,snack,vegetarian,True,north,gluten|tree_nut,False,False,70,30,407.74,6.25,52.14,19.7,1.5,22.19,151.76,44.05,1.11,,rules
617,Orange biscuit,,snack,vegetarian,True,north,gluten,False,False,70,150,354.78,3.63,62.11,11.01,0.75,42.63,259.14,20.35,0.77,,rules
618,Gingerman biscuit,,snack,vegetarian,True,north,gluten,False,False,70,30,357.43,6.26,55.24,12.73,2.0,21.64,918.57,41.35,1.59,,rules
619,Coffee drops,,dessert,vegetarian,True,north,,False,False,45,80,443.07,7.57,43.06,27.16,1.88,18.27,88.17,57.09,1.48,,rules
620,Christmas biscuit,,snack,vegetarian,True,north,gluten,False,False,70,30,406.07,5.67,60.97,15.88,2.17,26.01,127.36,29.07,1.2,,rules
621,Christmas wreath biscuit,,snack,vegetarian,True,north,gluten,False,False,70,30,386.05,5.43,58.07,15.01,2.28,24.89,120.2,29.71,1.21,,rules
622,Christmas bell biscuit,,snack,vegetarian,True,north,gluten,False,False,70,30,404.85,5.66,60.79,15.84,2.33,25.94,127.01,32.0,1.22,,rules
623,Christmas star biscuit,,snack,vegetarian,True,north,gluten,False,False,70,30,392.03,3.54,74.54,10.04,1.47,53.05,76.09,22.75,0.96,,rules
624,Christmas tree biscuit,,snack,vegetarian,True,north,gluten,False,False,70,30,385.63,5.43,58.41,15.0,2.65,24.77,120.45,35.04,1.18,,rules
625,Chocolate cream shells,,dessert,vegetarian,False,north,dairy,False,True,45,80,427.17,5.1,59.26,19.34,0.9,34.72,126.84,28.53,1.08,,rules
626,Jelly biscuit,,snack,vegetarian,True,north,gluten,False,False,70,30,404.61,4.23,55.24,19.33,2.02,29.76,110.57,36.46,1.19,,rules
627,Cherry and walnut cookies,,dessert,eggetarian,False,north,egg|gluten|tree_nut,False,False,32,80,422.6,5.63,59.35,18.75,1.3,30.37,114.62,46.27,1.31,,rules
628,Cheese straws,,other,vegetarian,False,north,dairy,False,True,30,150,382.0,9.83,30.61,24.28,1.29,1.79,587.42,160.64,1.29,,rules
629,Butterfly biscuit,,snack,vegetarian,True,north,gluten,False,False,70,30,341.45,9.98,25.33,22.11,1.02,2.44,572.05,202.49,1.09,,rules
630,Flan pastry,,dessert,vegetarian,True,north,gluten,False,False,45,80,445.8,6.72,47.84,25.04,1.58,6.22,193.23,21.85,1.15,,rules
631,Fruit flan,,snack,vegetarian,True,north,,False,False,50,150,261.35,3.3,34.71,12.48,0.71,9.52,110.04,19.28,0.61,,rules
632,Orange cream flan,,snack,vegetarian,False,north,dairy,False,True,50,150,280.28,4.73,36.16,13.59,0.63,25.27,82.41,27.9,0.93,,rules
633,Fruit puree tart,,dessert,vegetarian,True,continental,gluten,False,False,50,80,286.5,3.35,30.42,16.83,1.31,9.79,49.65,19.64,0.63,,rules
634,Apple banana pie,,dessert,vegetarian,True,continental,gluten,False,False,60,80,243.99,3.13,32.12,11.39,1.89,12.96,384.43,21.23,0.79,,rules
635,Lemon chiffon pie,,dessert,vegetarian,True,continental,gluten,False,False,45,80,259.31,4.88,27.63,14.52,0.66,11.39,94.95,34.43,0.61,,rules
636,Orange chiffon pie,,dessert,vegetarian,True,continental,gluten,False,False,50,80,207.57,3.89,23.14,11.16,0.7,10.46,73.23,30.34,0.62,,rules
637,Cream buns,,other,vegetarian,False,north,dairy|gluten,False,True,45,150,215.74,4.45,14.16,15.81,0.31,5.95,45.49,45.27,0.5,,rules
638,Savoury puffs,,other,vegetarian,True,north,,False,False,45,150,190.79,9.51,10.8,15.24,0.33,4.51,2274.24,68.83,1.19,,rules
639,Choux swans,,other,vegetarian,True,north,,False,False,45,150,216.34,4.35,14.92,15.6,0.35,6.13,145.08,44.67,0.51,,rules
640,Cream horns,,other,vegetarian,False,north,dairy,False,True,45,150,408.23,3.42,23.12,33.55,0.6,7.12,57.11,30.93,0.44,,rules
641,Savoury cheese horns,,other,vegetarian,False,north,dairy,False,True,30,150,295.15,5.66,21.38,20.71,0.73,2.74,212.28,121.83,0.63,,rules
642,Paneer patties,,snack,vegetarian,False,north,dairy|gluten,False,False,30,80,338.58,7.6,22.79,23.96,1.18,4.04,158.44,129.9,0.79,,rules
643,Vegetable patties,,snack,vegetarian,True,north,gluten,False,False,45,80,261.92,4.01,20.98,17.74,2.62,1.49,139.52,18.96,0.87,,rules
644,Pearl millet infant food,Bajra shishu aahaar,other,vegetarian,True,north,,False,False,60,150,362.44,11.98,62.1,6.62,7.84,26.06,12.67,118.52,5.67,,rules
645,Sajina,,other,vegetarian,True,north,,False,False,45,150,345.26,10.81,66.87,3.03,7.62,25.89,11.7,54.4,5.39,,rules
646,Cereal mix,,bf,vegetarian,True,continental,gluten,False,False,45,150,120.81,3.32,21.84,2.02,2.03,10.68,9.29,21.4,1.18,,rules
647,Pulse mix,,other,vegetarian,True,north,,False,False,45,150,83.29,3.16,16.0,0.54,2.25,6.59,3.88,14.93,1.29,,rules
648,Shishu ahar,,other,vegetarian,True,north,,False,False,45,150,93.37,2.61,17.42,1.43,1.02,6.61,2.68,13.78,1.02,,rules
649,Cereal pulse mix with amylase rice flour,,bf,vegetarian,True,continental,gluten,False,False,70,150,151.57,4.27,27.8,2.74,3.47,8.84,1.03,12.61,1.19,,rules
650,Banana groundnut paste/puree,,snack,vegetarian,True,north,peanut,False,False,60,150,213.19,4.27,36.15,5.45,1.7,31.67,16.85,74.93,1.9,,rules
651,Rice dal porridge,Chawal dal ki khichdi/khichri,bf,vegetarian,True,north,,False,False,70,150,383.33,10.8,65.04,8.33,4.51,26.54,12.33,50.46,2.76,,rules
652,Lentils and semolina porridge,Dal suji porridge/daliya,bf,vegetarian,True,north,gluten,False,False,70,150,117.29,3.26,23.19,1.06,1.44,13.84,9.64,44.74,1.22,,rules
653,Spinach khichri,Palak khichri/khichdi,onedish,vegetarian,True,north,,False,False,60,250,102.18,3.43,17.35,1.91,1.56,0.21,69.59,10.43,0.65,,rules
654,Vegetable mix,,curry,vegetarian,True,north,,False,False,45,150,174.21,4.7,36.02,0.94,1.93,27.36,34.94,90.06,2.27,,rules
655,Lentils and wheat porridge,Dal wheat porridge/daliya ,bf,vegetarian,True,north,gluten,False,False,60,150,52.54,2.71,8.36,0.94,1.28,0.92,62.79,26.28,0.52,,rules
656,Maize porridge,,bf,vegetarian,True,north,,False,False,45,150,89.57,2.14,15.64,1.89,1.68,7.69,5.59,17.02,1.11,,rules
657,Spinach peanut burfi,Palak aur mungfali ki burfi,dessert,vegetarian,False,north,dairy|peanut|tree_nut,False,False,32,80,105.37,3.36,13.59,4.39,2.07,11.5,19.52,40.95,1.61,,rules
658,Split bengal gram burfi/fudge,Channa dal burfi,dessert,vegetarian,False,north,dairy|tree_nut,False,False,32,80,287.36,4.65,54.63,7.09,2.06,43.38,2.53,16.44,0.62,,rules
659,Chickpea flour cookies,Sweet besan rounds/cookies,dessert,eggetarian,False,north,egg|gluten,False,False,70,80,207.01,4.29,39.64,3.42,2.56,30.66,22.29,54.95,2.16,,rules
660,Sesame biscuit,Til ke biscuit,snack,vegetarian,True,north,gluten|sesame,False,False,70,30,424.03,8.27,53.65,19.34,6.83,29.73,182.26,298.06,5.73,,rules
661,Soya chikki,,dessert,vegetarian,True,north,peanut|soy|tree_nut,False,False,32,80,423.7,7.18,62.89,15.51,3.55,45.47,17.24,81.25,4.47,,rules
662,Besan bathua chilla/cheela,,bf,vegetarian,True,north,,False,False,32,150,373.82,11.48,40.65,18.57,7.79,1.45,166.36,64.75,2.68,,rules
663,Wheat flour and nuts ladoos,Atta nuts ladoos,snack,vegetarian,True,north,gluten|tree_nut,False,False,60,30,391.9,9.46,44.31,19.19,7.3,15.94,8.07,127.29,4.01,,rules
664,Gram flour and semolina dhokla,Besan suji dhokla,bf,vegetarian,True,north,gluten,False,False,70,150,198.91,8.52,25.92,7.1,4.59,2.58,196.59,66.66,1.6,,rules
665,Atta dal burfi,,dessert,vegetarian,False,north,dairy|gluten|tree_nut,False,False,60,80,298.8,6.66,40.64,12.47,4.08,21.08,3.56,17.07,1.56,,rules
666,Soya roti,,staple,vegetarian,True,north,gluten|soy,False,False,60,80,283.96,9.18,40.03,9.23,8.71,1.58,155.93,53.42,3.85,,rules
667,Poshtik khichdi/khichri,,onedish,vegetarian,True,north,,False,False,60,250,93.37,3.04,15.64,1.88,2.0,0.26,41.67,30.41,1.0,,rules
668,Namkeen daliya,,bf,vegetarian,True,north,gluten,True,False,50,150,295.11,8.29,49.32,7.99,8.57,0.82,149.63,35.98,2.99,,rules
669,Sprouts upma,,bf,vegetarian,True,south,gluten,False,False,70,150,316.25,9.5,44.96,10.44,7.16,1.67,147.82,36.78,2.76,,rules
670,Semolina idli,Suji/Rava idli,bf,vegetarian,True,south,gluten,False,False,70,150,206.39,9.34,33.67,3.47,5.85,3.42,185.02,100.85,2.34,,rules
671,Poshtik chilla/cheela,,bf,vegetarian,True,north,,False,False,32,150,159.53,4.85,27.47,3.04,4.91,1.22,97.18,18.18,2.1,,rules
672,Cauliflower potato canjee,,curry,vegetarian,True,north,,False,False,75,150,16.79,0.57,2.63,0.39,0.69,0.13,35.58,6.78,0.28,,rules
673,Creamed spinach,,other,vegetarian,True,north,,False,False,45,150,96.91,5.18,4.44,6.39,1.33,1.59,156.02,122.3,1.89,,rules
674,Mango milkshake with ice cream,Aam milkshake ice cream ke saath,dessert,vegetarian,False,north,dairy,False,True,60,80,68.35,1.93,9.18,2.8,0.23,9.11,16.64,69.36,0.15,,rules
675,Pineapple milkshake with ice cream,Ananas milkshake ice cream ke saath,dessert,vegetarian,False,north,dairy,False,True,60,80,68.49,1.93,9.33,2.75,0.42,9.2,16.65,68.78,0.12,,rules
676,Orange milkshake with ice cream,Narangi milkshake ice cream ke saath,dessert,vegetarian,False,north,dairy,False,True,50,80,67.82,1.95,9.15,2.75,0.16,9.0,16.65,69.8,0.19,,rules
677,Woodapple juice,Bel ka sharbat,bev,vegetarian,True,north,,False,False,70,200,34.18,0.63,6.51,0.7,1.03,5.75,127.45,11.85,0.12,,rules
678,Sattu drink,,bev,vegetarian,True,north,,False,False,45,200,23.38,0.56,5.16,0.14,0.4,3.96,12.65,1.59,0.17,,rules
679,Apple and honey sorbet,Seb aur shehad ka sharbat,dessert,vegetarian,False,north,,False,False,70,80,121.3,0.15,30.74,0.29,1.13,29.18,1.97,9.11,0.18,,rules
680,Thandai,,bev,vegetarian,False,north,dairy|tree_nut,False,False,45,200,101.18,3.59,9.13,5.89,0.8,8.21,22.69,112.31,0.6,,rules
681,Cucumber sharbat,Kheere ka sharbat,bev,vegetarian,True,north,,False,False,70,200,27.28,0.26,6.64,0.06,0.78,5.46,2.57,6.49,0.18,,rules
682,Apple oats chia seed smoothie,,bev,vegetarian,True,north,gluten,False,False,50,200,85.64,3.49,13.07,2.48,1.44,5.76,32.02,88.89,0.5,,rules
683,Nannari sharbat,,bev,vegetarian,True,north,,False,False,70,200,88.79,0.01,23.62,0.01,0.0,23.58,1.16,2.67,0.05,,rules
684,Semolina milk drink,Thari kanji,bev,vegetarian,False,north,dairy|gluten,False,False,70,200,44.16,0.98,6.93,1.36,0.72,3.88,11.95,8.26,0.36,,rules
685,Saffron milk,Kesariya doodh,bev,vegetarian,False,north,dairy,False,False,30,200,102.18,3.17,12.64,4.57,0.14,12.5,23.69,110.88,0.21,,rules
686,Black rice kheer,Chak-hao kheer,dessert,vegetarian,False,north,dairy|tree_nut,False,False,70,80,147.94,4.37,22.93,4.91,0.76,12.57,25.77,94.89,0.46,,rules
687,Coconut kheer,Nariyal ki kheer,dessert,vegetarian,False,north,dairy|tree_nut,False,False,45,80,162.61,3.4,14.42,10.55,1.53,13.73,45.97,89.52,0.53,,rules
688,Apple sago payasam,Seb aur sabudana ki kheer,dessert,vegetarian,False,south,dairy|peanut|tree_nut,False,False,75,80,136.5,3.13,14.4,7.66,0.38,10.63,39.45,102.11,0.31,,rules
689,Kesari bath,,dessert,vegetarian,False,south,dairy|gluten,False,False,45,80,244.57,2.4,31.38,12.59,1.65,20.16,1.7,7.7,0.69,,rules
690,Putharekulu,,other,vegetarian,True,north,,False,False,45,150,318.3,3.66,59.61,7.55,1.75,23.86,2.67,6.11,0.38,,rules
691,Mango malpua,,dessert,vegetarian,False,north,dairy|gluten,True,False,60,80,334.64,1.65,12.84,30.67,2.08,4.96,1.89,10.64,0.7,,rules
692,Mango vanilla custard,,dessert,vegetarian,False,continental,dairy,False,False,60,80,147.63,3.43,18.41,7.04,0.99,14.62,30.12,84.86,0.58,,rules
693,Kiwi granola pudding,,dessert,vegetarian,False,continental,dairy|gluten|tree_nut,False,False,45,80,280.99,5.6,32.33,15.36,3.71,15.08,59.21,62.2,1.45,,rules
694,Oats burfi,,dessert,vegetarian,False,north,dairy|gluten|tree_nut,False,False,50,80,425.19,8.89,62.47,17.27,4.96,32.93,8.15,128.58,2.46,,rules
695,Lotus seed halwa,Kamal gattay ka halwa,dessert,vegetarian,False,north,dairy|gluten|tree_nut,False,False,45,80,370.55,7.79,39.56,20.69,0.42,9.8,3.06,82.84,1.8,,rules
696,Amaranth ladoo,Rajgira ladoo,dessert,vegetarian,False,north,dairy|tree_nut,False,False,45,80,454.15,10.12,51.33,22.7,5.11,19.92,7.51,144.58,6.47,,rules
697,Chhena poda,,other,vegetarian,False,north,dairy,False,False,45,150,344.57,13.68,33.64,17.94,1.4,30.65,13.0,295.29,1.41,,rules
698,Sweet couscous dessert,,dessert,vegetarian,True,north,,False,False,70,80,196.2,3.81,29.69,7.69,2.18,15.89,4.22,30.94,0.84,,rules
699,Sweetened yogurt,Shrikhand,dessert,vegetarian,False,north,dairy,False,False,30,80,107.18,5.27,16.02,2.89,0.08,15.81,73.61,183.02,0.17,,rules
700,Thickened sweetened milk,Rabri,dessert,vegetarian,False,north,dairy,False,True,30,80,102.79,3.52,10.55,5.35,0.19,10.09,23.92,111.87,0.29,,rules
701,Gram flour halwa,Besan halwa,dessert,vegetarian,False,north,dairy|gluten|tree_nut,False,False,32,80,276.79,5.88,25.78,17.3,1.82,15.83,15.4,77.42,0.67,,rules
702,Prawn sandwich,,bf,non_vegetarian,False,continental,gluten|shellfish,False,False,70,120,169.65,10.36,11.89,9.27,1.55,1.21,213.38,75.53,1.11,,rules
703,Watercress sandwich,,bf,vegetarian,True,continental,gluten,False,False,70,120,229.42,5.17,28.03,11.47,2.26,1.81,407.44,98.16,0.99,,rules
704,Fish sandwich,,bf,non_vegetarian,False,continental,fish|gluten,False,False,70,120,150.2,4.72,10.09,10.37,1.23,1.04,161.88,47.28,0.69,,rules
705,Kidney bean sandwich with cottage cheese,,bf,non_vegetarian,False,continental,dairy|gluten,False,True,70,120,176.64,9.85,18.86,6.84,3.66,3.69,97.97,166.63,1.64,,rules
706,Finger millet biscuit,Ragi biscuit,snack,vegetarian,True,south,gluten,False,False,70,30,458.56,4.03,52.69,25.79,5.97,16.9,98.24,207.04,2.54,,rules
707,Buttermilk biscuit,,snack,vegetarian,False,north,dairy|gluten,False,False,70,30,322.54,5.76,34.93,17.5,1.18,3.44,323.74,67.16,0.77,,rules
708,Lemon cookies,,dessert,eggetarian,False,north,egg|gluten,False,False,45,80,394.48,5.63,42.19,23.02,0.78,23.47,84.71,72.04,0.69,,rules
709,Sweet potato biscuit,Shakarkand ke biscuit,snack,vegetarian,True,north,gluten,False,False,70,30,296.4,5.14,38.13,13.31,2.27,2.53,339.58,56.34,0.81,,rules
710,Raspberry shortbread cookies,,dessert,eggetarian,False,north,egg|gluten,False,False,45,80,441.12,3.0,61.25,21.25,0.75,40.86,6.06,13.81,0.6,,rules
711,Pumpkin cookies,,dessert,eggetarian,False,north,egg|gluten,False,False,45,80,218.4,2.51,44.69,3.93,1.06,31.62,51.49,19.36,0.52,,rules
712,Greenpea cookies,,dessert,eggetarian,False,north,egg|gluten,False,False,45,80,159.42,6.53,23.07,4.24,5.32,14.45,229.9,48.45,1.47,,rules
713,Sunflower cookies,,dessert,eggetarian,False,north,egg|gluten,False,False,45,80,520.62,9.49,40.06,36.28,3.95,24.28,181.68,70.45,2.21,,rules
714,Cardamom cookies,Elaichi cookies,dessert,eggetarian,False,north,egg|gluten,False,False,45,80,400.49,5.1,53.99,19.12,2.79,38.99,98.45,25.21,1.41,,rules
715,Hazelnut cookies,,dessert,eggetarian,False,north,egg|gluten|tree_nut,False,False,45,80,493.32,6.25,39.44,34.97,2.45,22.01,81.06,47.43,1.29,,rules
716,Milk cookies,,dessert,eggetarian,False,north,dairy|egg|gluten,False,False,30,80,459.43,10.49,48.43,24.96,0.99,22.06,156.53,251.59,0.75,,rules
717,Cranberry cookies,,dessert,eggetarian,False,north,egg|gluten,False,False,45,80,272.48,3.92,36.39,12.66,1.13,19.96,58.25,36.16,0.71,,rules
718,Olive biscuit,,snack,vegetarian,True,north,gluten,False,False,70,30,438.29,3.2,55.01,23.75,0.82,32.27,120.1,10.76,1.37,,rules
719,Tutti fruitti biscuit,,snack,vegetarian,True,north,gluten,False,False,70,30,420.78,5.21,53.12,17.9,5.43,15.75,93.11,23.81,1.96,,rules
720,Peach blueberry preserves,,other,vegetarian,True,north,,False,False,45,150,177.38,0.53,45.76,0.2,1.14,45.33,2.81,9.03,0.33,,rules
721,Pear preserves,Naashpati ka murabba,other,vegetarian,True,north,,False,False,50,150,101.24,0.25,25.67,0.19,3.06,25.19,2.1,6.57,0.23,,rules
722,Starfruit preserves,,other,vegetarian,True,north,,False,False,45,150,128.93,0.24,33.62,0.12,0.78,33.47,2.06,5.24,0.2,,rules
723,Gooseberry pickle,Amla ka achaar,side,vegetarian,True,north,,False,False,45,15,278.58,1.55,7.61,27.61,3.7,0.36,86.38,31.17,1.04,,rules
724,Lotus stem pickle,Kamal kakdi ka achar,side,vegetarian,True,north,,False,False,45,15,102.69,1.44,20.07,1.6,8.58,2.53,181.83,137.73,20.57,,rules
725,Date pickle,Khajoor ka achaar,side,vegetarian,True,north,,False,False,45,15,182.29,1.68,34.66,4.21,5.2,30.47,138.86,41.49,1.96,,rules
726,Garlic pickle,Lahasun ka achar,side,vegetarian,True,north,,False,False,45,15,413.62,3.72,9.75,39.88,5.13,2.32,269.12,54.66,1.82,,rules
727,Fermented bamboo shoot pickle,Mesu pickle,side,vegetarian,True,north,,False,False,45,15,59.83,1.58,1.73,5.59,2.24,0.29,161.31,16.62,0.69,,rules
728,Sweet peach pickle,Aadoo ka achaar,dessert,vegetarian,True,north,,False,False,70,80,144.64,0.46,37.01,0.2,1.32,36.46,33.04,11.99,0.33,,rules
729,Pickled mustard greens,,other,vegetarian,True,north,,False,False,45,150,13.12,1.51,1.05,0.22,1.7,0.02,242.36,81.44,1.22,,rules
730,Small onion pickle,,side,vegetarian,True,north,,False,False,45,15,16.86,1.65,2.76,0.64,1.09,2.99,249.48,31.95,1.2,,rules
731,Green tomato pickle,Haray tamatar ka achaar,side,vegetarian,True,north,,False,False,45,15,193.26,1.23,2.87,19.67,1.74,0.77,159.18,14.22,0.77,,rules
732,Pickled cabbage,,curry,vegetarian,True,north,,False,False,45,150,13.69,0.39,2.56,0.14,0.61,2.08,121.39,15.96,0.19,,rules
733,Coconut pickle,Nariyal ka aachar,side,vegetarian,True,north,,False,False,45,15,517.26,3.02,11.53,51.71,6.35,8.98,176.54,44.78,2.62,,rules
734,Potato pickle,Aloo ka achaar,side,vegetarian,True,north,,False,False,75,15,369.14,2.07,7.87,36.46,2.21,0.82,213.73,48.46,1.12,,rules
735,Mango murabba candy,,dessert,vegetarian,True,north,,False,False,70,80,293.35,0.27,77.32,0.05,0.95,74.73,13.71,16.55,0.33,,rules
736,Afghani chicken,,curry,non_vegetarian,False,north,,False,False,30,150,151.51,15.66,1.95,9.07,0.31,0.83,87.02,35.14,1.04,,rules
737,Hariyali Fish Tikka,,snack,non_vegetarian,False,north,fish,False,False,30,80,150.24,14.01,2.21,9.41,0.99,0.83,100.45,34.86,0.83,,rules
738,Chicken manchurian,,snack,non_vegetarian,False,indo_chinese,gluten|soy,False,False,30,80,142.34,9.53,6.06,11.96,0.41,0.9,2414.77,26.52,1.28,,rules
739,Handi chicken,,curry,non_vegetarian,False,north,,False,False,30,150,166.02,12.32,1.49,12.46,0.67,0.75,75.64,26.85,0.93,,rules
740,Lemon chicken,,curry,non_vegetarian,False,north,,False,False,30,150,169.79,20.2,0.55,9.66,0.16,0.16,79.93,17.4,0.95,,rules
741,Lemon butter fish,,curry,non_vegetarian,False,north,dairy|fish,False,True,30,150,160.25,16.38,0.75,10.26,0.36,0.23,187.72,18.66,0.4,,rules
742,Baked eggs in tomato sauce,,other,eggetarian,False,continental,egg,False,False,45,150,80.05,4.92,3.78,5.22,0.01,2.03,188.21,71.94,1.31,,rules
743,Egg in a pepper,,other,eggetarian,False,north,egg,False,False,30,150,128.78,12.64,0.17,8.68,0.17,0.05,183.89,48.25,1.76,,rules
744,Spinach mushroom scrambled egg,Palak mushroom bhurji,bf,eggetarian,False,north,egg,False,False,30,100,158.85,13.28,0.59,11.51,0.39,0.1,227.97,140.31,1.6,,rules
745,Corn omelette/omlet,,bf,eggetarian,False,north,egg,False,False,50,100,166.93,11.37,1.57,12.89,0.02,0.41,166.42,96.22,1.34,,rules
746,Cajun chicken,,curry,non_vegetarian,False,north,,False,False,30,150,184.94,12.69,1.94,13.99,0.89,1.1,1740.13,156.98,0.53,,rules
747,Paaner do pyaza,,curry,vegetarian,True,north,,False,False,45,150,127.7,4.22,3.41,10.87,0.84,2.2,160.66,57.22,0.45,,rules
748,Cabbage manchurian,Pattagobhi manchurian,snack,vegetarian,True,indo_chinese,gluten|soy,False,False,45,80,224.26,0.64,4.85,22.48,0.37,0.33,75.02,3.18,0.2,,rules
749,Gobi 65,,curry,vegetarian,True,north,,False,False,45,150,278.29,0.56,3.59,29.11,0.57,0.29,69.22,12.37,0.3,,rules
750,Paneer lababdar,,curry,vegetarian,False,north,dairy,False,True,30,150,105.48,3.98,3.37,8.46,1.16,1.96,142.45,55.56,0.56,,rules
751,Roasted cauliflower steak,,curry,vegetarian,True,north,,False,False,45,150,78.68,2.05,2.02,6.7,3.53,0.44,120.19,24.47,0.95,,rules
752,Sauteed radishes with green beans,,curry,vegetarian,True,north,,False,False,45,150,94.32,2.41,6.04,6.61,3.52,1.78,65.1,40.2,1.01,,rules
753,Garlic chutney/Poondu chutney,Lahasun ki chutney,side,vegetarian,True,north,,False,False,45,30,255.51,3.34,20.44,17.55,5.15,13.36,177.62,63.51,3.26,,rules
754,Schezwan chutney,,side,vegetarian,True,indo_chinese,soy,False,False,45,30,205.19,3.33,10.79,17.72,5.72,5.66,486.27,35.46,1.96,,rules
755,Onion chutney,Pyaaz ki chutney/Vengaya chutney,side,vegetarian,True,north,,False,False,45,30,143.94,2.97,13.52,8.38,4.6,6.8,256.89,28.5,1.19,,rules
756,Dates chutney,Khajoor ki chutney,side,vegetarian,True,north,,False,False,45,30,103.57,1.07,21.69,1.12,3.41,18.68,76.77,28.72,1.19,,rules
757,Chicken salad,,side,non_vegetarian,False,north,dairy,False,False,30,100,338.19,15.33,1.3,30.26,2.0,0.96,50.62,43.19,1.23,,rules+carbon
758,Macaroni salad,,onedish,vegetarian,True,continental,gluten,False,False,70,250,262.19,5.02,21.63,17.78,0.56,3.73,163.99,35.7,0.77,,rules
759,Cabbage raita,Pattagobhi raita,side,vegetarian,False,north,dairy,False,False,30,100,84.84,3.24,5.25,5.76,0.93,4.21,125.31,118.49,0.19,,rules
760,Pomegranate raita,Anaar ka raita,side,vegetarian,False,north,dairy,False,False,50,100,72.64,4.05,7.15,3.24,0.6,7.01,195.18,138.31,0.25,,rules
761,Onion raita,Pyaaz ka raita,side,vegetarian,False,north,dairy,False,False,30,100,71.56,4.86,7.86,2.43,0.65,7.07,189.96,163.8,0.3,,rules
762,Green chilli raita,Hari mirch ka raita,side,vegetarian,False,north,dairy,False,False,30,100,77.13,5.58,7.66,2.92,0.26,7.49,161.31,193.58,0.21,,rules
763,Kale salad,,side,vegetarian,True,north,,False,False,45,100,177.71,4.86,5.01,15.33,1.36,3.31,292.04,109.11,1.3,,rules
764,Spinach and paneer souffle,,dessert,eggetarian,False,continental,dairy|egg,False,False,30,80,186.19,7.56,9.64,13.49,1.07,2.81,434.68,114.32,1.4,,rules
765,Masala souffle,,dessert,eggetarian,False,continental,dairy|egg,False,False,45,80,123.51,6.38,8.02,7.37,1.24,1.84,131.14,103.68,0.74,,rules
766,Chicken and cheese souffle,,dessert,non_vegetarian,False,continental,dairy|egg,False,True,30,80,182.35,9.07,3.47,14.74,0.26,2.46,120.93,61.71,0.63,,rules
767,Tamarind chutney,Chintapandu pachadi/Puli chutney,side,vegetarian,False,south,dairy,False,False,45,30,109.15,0.88,25.07,0.48,1.65,22.85,75.61,40.3,1.95,,rules
768,Pav bhaji masala,,onedish,vegetarian,True,north,gluten,False,False,70,250,230.47,9.13,29.15,10.96,24.3,1.48,1814.66,588.91,12.84,,rules
769,Green chutney,,side,vegetarian,True,north,,False,False,45,30,79.42,5.42,10.01,1.6,5.84,0.92,262.81,112.74,4.58,,rules+carbon
770,Sago khitchdi/khichri,Sabudana khitchdi/khichri,bf,vegetarian,True,north,peanut,False,False,75,150,187.16,2.72,22.41,10.1,1.82,1.03,100.26,15.13,0.86,,rules
771,Gram flour chilla/cheela,Besan chilla/cheela,bf,vegetarian,True,north,,False,False,32,150,135.93,7.8,21.03,2.85,4.25,1.87,135.57,28.38,2.19,,rules
772,Vegetable namkeen jave,,snack,vegetarian,True,north,,True,False,45,80,112.23,2.93,18.98,2.51,2.86,1.04,32.13,10.32,1.07,,rules
773,Khakhra,,bf,vegetarian,True,north,gluten,False,False,45,150,178.5,4.78,27.66,5.32,5.43,0.88,184.16,21.27,2.14,,rules
774,Moong bean dosa,Pesarattu,bf,vegetarian,True,south,,False,False,70,150,285.96,12.32,31.91,11.67,6.04,2.9,61.36,36.44,3.38,,rules
775,Methi thepla,,staple,vegetarian,True,north,gluten,False,False,60,100,346.16,8.98,41.34,15.95,7.56,2.98,543.27,73.51,4.52,,rules+carbon
776,Rice puttu,Ari puttu,bf,vegetarian,True,south,,False,False,70,150,81.98,1.26,11.82,3.13,0.76,0.33,48.28,4.96,0.42,,rules
777,Buckwheat pancake,Khura,bf,eggetarian,False,continental,egg|gluten,False,False,45,150,263.3,2.91,27.28,16.43,0.56,0.64,69.97,11.32,0.69,,rules
778,Quinoa khichdi/khichri,,onedish,vegetarian,True,north,,False,False,60,250,64.01,3.18,8.83,1.59,2.58,0.69,69.64,24.59,1.12,,rules
779,Khakhra chaat,,bf,vegetarian,True,north,gluten,False,False,45,150,358.66,4.52,16.64,30.65,3.04,3.26,102.78,24.49,1.26,,rules
780,Pav bhaji,,onedish,vegetarian,False,north,dairy|gluten,False,False,70,250,96.53,2.66,11.99,4.32,1.98,2.06,163.89,24.86,0.97,,rules+carbon
781,Semolina dhokla,Suji/Rava dhokla,bf,vegetarian,True,south,gluten,False,False,70,150,194.91,5.44,30.86,5.2,5.12,1.85,443.39,31.17,2.52,,rules
782,Wheat cake,,dessert,eggetarian,False,continental,dairy|egg|gluten,False,False,70,80,314.63,4.79,41.13,14.95,2.76,25.79,82.96,98.91,1.08,,rules
783,Mango cheesecake,,dessert,eggetarian,False,continental,dairy|egg|gluten,False,False,60,80,152.46,2.39,20.06,7.3,1.14,15.36,107.12,55.1,0.53,,rules
784,Carrot cake,Gajar ka cake,dessert,eggetarian,False,continental,dairy|egg|gluten,False,False,70,80,255.59,5.6,35.98,10.27,2.93,23.96,158.74,156.1,1.03,,rules
785,Semolina cake,Suji/Rava cake,dessert,eggetarian,False,continental,dairy|egg|gluten,False,False,70,80,374.14,6.58,31.32,25.18,5.37,18.86,91.36,128.28,1.36,,rules
786,Finger millet cake,Ragi cake,dessert,eggetarian,False,continental,dairy|egg|gluten,False,False,70,80,279.46,3.96,38.93,12.27,2.35,24.76,98.26,118.38,1.35,,rules
787,Honey cake,,dessert,eggetarian,False,continental,dairy|egg|gluten,False,False,70,80,333.59,3.08,49.04,14.7,0.51,33.43,72.55,50.86,0.46,,rules
788,Almond cardamom cake,Badam elaichi cake,dessert,eggetarian,False,continental,dairy|egg|gluten|tree_nut,False,False,70,80,356.35,7.18,34.53,21.36,2.35,18.06,155.37,81.29,1.29,,rules
789,Tutti frutti cake,,dessert,eggetarian,False,continental,dairy|egg|gluten,False,False,70,80,347.72,4.49,52.94,12.68,0.85,28.08,106.36,61.41,0.62,,rules
790,Ham and Bean soup,,side,non_vegetarian,False,north,,False,False,45,200,96.04,10.61,4.18,4.15,0.54,1.43,378.14,20.52,0.88,,rules
791,Whey soup,,side,vegetarian,True,north,,False,False,45,200,68.91,3.45,6.26,3.34,0.84,5.87,87.08,164.92,0.55,,rules
792,Bottle gourd soup,Ghiya/Lauki soup,side,vegetarian,True,north,,False,False,45,200,23.05,0.45,1.16,1.79,0.96,0.39,53.81,15.14,0.26,,rules
793,Baked potato soup,,side,vegetarian,True,continental,,False,False,75,200,147.05,5.73,5.85,11.21,0.3,3.44,268.69,106.56,0.27,,rules
794,Pumpkin soup,,side,vegetarian,False,north,dairy,False,False,45,200,40.05,0.47,2.08,3.2,1.19,1.47,45.5,12.17,0.19,,rules+carbon
795,Sweet corn soup,,dessert,vegetarian,True,indo_chinese,,False,False,70,80,32.25,0.99,3.56,1.63,0.31,0.9,22.35,3.72,0.41,,rules
796,Paneer soup,,side,vegetarian,False,north,dairy,False,False,30,200,47.85,3.22,2.42,2.8,0.28,1.98,68.03,82.76,0.3,,rules
797,Curried Cauliflower soup,,side,vegetarian,True,north,,False,False,45,200,37.32,6.72,3.12,9.77,2.34,1.79,7311.44,37.25,2.12,,rules
798,Millet soup,,side,vegetarian,True,north,,False,False,60,200,55.99,11.26,8.22,12.57,2.82,1.45,10918.83,65.21,2.74,,rules
799,Lemon coriander soup,,side,vegetarian,True,continental,,False,False,45,200,108.06,2.27,10.32,6.26,6.77,2.2,219.17,102.57,3.47,,rules+carbon
800,Garlic soup,,side,vegetarian,True,north,,False,False,45,200,194.86,2.38,6.99,17.62,1.66,2.39,179.26,60.55,0.73,,rules
801,Dal makhani,,curry,vegetarian,False,north,dairy,False,True,32,150,74.04,3.32,7.96,3.06,2.27,0.8,41.85,20.62,1.23,,rules
802,Dalma,,curry,vegetarian,True,north,,False,False,45,150,118.93,4.91,15.04,4.58,2.16,3.1,49.35,54.28,2.1,,rules
803,Split bengal gram dal,Channa dal,curry,vegetarian,True,north,,False,False,32,150,99.67,4.15,9.99,4.62,3.72,0.98,46.4,21.99,1.92,,rules
804,Horsegram dal,Kulthi dal,curry,vegetarian,True,north,,False,False,32,150,55.65,2.91,8.21,1.13,1.52,0.72,63.63,38.22,1.3,,rules
805,Panchmel dal,,curry,vegetarian,True,north,,False,False,32,150,111.22,4.63,10.71,5.36,3.2,0.75,79.46,23.05,1.42,,rules
806,Dal dhokli,,onedish,vegetarian,True,north,gluten,False,False,32,250,68.74,2.96,8.55,2.47,1.86,1.12,37.53,14.54,0.79,,rules
807,Gujarati handvo,,bf,vegetarian,True,north,,False,False,45,150,207.09,8.24,31.86,4.8,4.95,2.51,308.55,68.21,2.03,,rules
808,Jowar dosa,,bf,vegetarian,True,south,,False,False,70,150,294.35,8.5,40.53,10.28,5.56,0.59,97.25,19.46,2.03,,rules
809,Soya seekh kebab,,snack,non_vegetarian,False,north,soy,False,False,32,80,115.05,5.4,10.0,5.88,2.24,0.51,92.25,15.67,1.26,,rules
810,Classic seasoned black beans,,curry,vegetarian,True,north,,False,False,45,150,28.78,8.01,7.66,8.28,3.51,0.44,7989.07,40.11,1.9,,rules
811,Maa chaane ki dal,,curry,vegetarian,True,north,,False,False,32,150,344.67,19.8,43.11,9.5,13.45,1.05,43.31,68.65,5.97,,rules
812,Garlic chickpea soup,Lahasun aur chane ka shoraba,side,vegetarian,True,north,,False,False,32,200,89.53,4.45,13.92,2.01,2.84,2.65,79.73,13.93,0.96,,rules
813,White sauce,thin,other,vegetarian,False,continental,dairy,False,False,45,150,115.17,3.31,6.58,8.41,0.07,4.58,23.91,110.2,0.19,,rules
814,Cheese sauce,,other,vegetarian,False,continental,dairy,False,True,30,150,194.76,7.68,7.08,15.12,0.12,4.53,317.38,255.14,0.31,,rules
815,Egg sauce,,other,eggetarian,False,north,egg,False,False,30,150,146.85,5.97,5.88,11.08,0.12,3.19,51.54,89.49,0.65,,rules
816,Mushroom sauce,,curry,vegetarian,True,continental,,False,False,45,150,137.56,3.39,7.31,10.51,0.47,3.86,20.94,94.1,0.22,,rules+carbon
817,Mustard sauce,,other,vegetarian,True,north,,False,False,45,150,158.58,3.98,8.29,12.17,0.13,4.22,22.16,109.03,0.44,,rules
818,Brown sauce,,other,vegetarian,True,north,,False,False,45,150,109.18,11.92,5.38,23.67,1.69,0.13,14174.59,40.44,2.46,,rules
819,Classic italian pasta,,onedish,vegetarian,True,continental,gluten,False,False,70,250,42.12,0.57,4.4,2.45,1.36,2.94,49.04,19.55,0.41,,rules
820,Pasta spinach sauce,,onedish,vegetarian,True,continental,gluten,False,False,70,250,85.46,1.76,1.76,7.9,0.86,1.04,115.79,58.57,1.23,,rules
821,Pasta cheese sauce,,onedish,vegetarian,False,continental,dairy|gluten,False,True,70,250,149.26,4.33,9.0,10.84,0.14,4.22,255.95,152.68,0.25,,rules
822,Mayonnaise,,other,eggetarian,False,north,egg,False,True,45,150,774.86,1.86,1.65,84.52,0.11,1.44,272.89,15.36,0.51,,rules
823,Low calorie quick mayonnaise,,other,eggetarian,False,north,egg,False,True,45,150,242.89,1.41,4.71,24.35,0.06,0.83,165.94,6.47,0.25,,rules
824,Curd dip,,side,vegetarian,False,north,dairy,False,False,30,30,79.95,5.04,7.95,3.36,0.1,7.12,301.07,167.17,0.25,,rules
825,Short crust pastry,,dessert,vegetarian,True,north,gluten,False,False,45,80,422.1,6.11,44.72,23.98,1.58,3.18,97.2,16.9,1.02,,rules
826,Choux pastry,,dessert,vegetarian,True,north,gluten,False,False,45,80,222.37,5.55,16.2,14.96,0.56,1.5,132.28,19.43,0.83,,rules
827,Flaky pastry,,dessert,vegetarian,True,north,gluten,False,False,45,80,443.94,4.69,33.61,31.99,1.25,0.81,178.52,9.28,0.83,,rules
828,Sponge cake,,dessert,eggetarian,False,continental,dairy|egg|gluten,False,False,70,80,253.77,9.18,44.63,4.74,0.69,26.33,64.61,30.22,1.47,,rules
829,Glace icing,,other,vegetarian,True,north,,False,False,45,150,323.51,0.01,86.31,0.01,0.0,85.35,9.88,1.95,0.41,,rules
830,Royal icing,,other,vegetarian,True,north,,False,False,45,150,332.58,1.74,86.53,0.02,0.0,85.57,36.5,2.87,0.42,,rules
831,American frosting,,other,vegetarian,True,north,,False,False,45,150,257.57,1.05,67.48,0.01,0.0,67.46,19.33,7.05,0.14,,rules
832,Gum icing,,other,vegetarian,True,north,,False,False,45,150,223.07,5.94,53.19,0.0,0.0,52.63,29.32,18.62,0.4,,rules
833,Channa murmura premix,,snack,vegetarian,True,north,,False,False,75,80,339.09,10.59,72.59,3.28,8.21,1.52,206.28,21.36,4.58,,rules
834,Cracked wheat and green gram dal premix,Dalia moong dal premix,bf,vegetarian,True,north,gluten,False,False,60,150,362.16,15.89,64.75,5.11,11.66,0.63,3.25,49.03,4.28,,rules
835,Rice flakes and roasted channa,,bf,vegetarian,True,north,,False,False,75,150,333.4,10.57,71.94,2.94,8.84,1.31,205.51,17.23,4.51,,rules
836,Spinach soup in milk,,side,vegetarian,False,north,dairy,False,False,30,200,56.72,2.89,3.98,3.2,0.79,3.34,31.16,106.1,1.08,,rules
837,Vegetable soup,,side,vegetarian,True,north,,False,False,45,200,55.21,2.22,7.6,1.55,3.01,1.61,170.68,18.1,0.63,,rules
838,Mashed banana with milk,,snack,vegetarian,False,north,dairy,False,False,60,150,95.43,2.51,14.62,2.99,0.71,11.35,16.99,78.64,0.23,,rules
839,Poha with curd,Poha aur dahi,bf,vegetarian,False,north,dairy|peanut,False,False,75,150,173.32,6.01,26.72,4.65,1.09,5.46,325.07,140.9,1.61,,rules
840,Potato with curd,,side,vegetarian,False,north,dairy,False,False,75,100,73.18,3.19,12.01,1.33,1.02,3.3,190.9,85.41,0.38,,rules
841,Sweet wheat porridge,Sweet dalia,dessert,vegetarian,True,north,gluten,False,False,70,80,140.66,5.11,23.77,2.79,2.37,12.23,24.63,99.18,1.98,,rules
842,Vegetable khichdi/khichri,,onedish,vegetarian,True,north,,False,False,60,250,143.17,5.61,19.57,4.53,2.45,3.71,193.55,100.54,1.09,,rules
843,Moong dal mixture,,snack,vegetarian,True,north,peanut,True,False,32,80,158.84,4.62,33.93,1.0,1.9,24.68,29.6,70.53,1.25,,rules
844,Cracked wheat khichri/khichdi,Dalia khichri/khichdi,bf,vegetarian,True,north,gluten,False,False,60,150,167.45,7.56,22.35,5.52,3.74,3.79,224.95,123.04,2.17,,rules
845,Stewed apple,,snack,vegetarian,True,north,,False,False,50,150,91.93,0.17,22.49,0.37,1.48,20.45,1.53,9.25,0.18,,rules
846,Lemon squash,Nimbu ka squash,bev,vegetarian,True,north,,False,False,70,200,184.56,0.15,48.88,0.06,0.0,48.88,15.01,9.85,0.18,,rules
847,Orange squash,Santre ka squash,bev,vegetarian,True,north,,False,False,70,200,193.26,0.22,50.88,0.04,0.4,50.56,14.85,10.62,0.34,,rules
848,Lichi squash,,bev,vegetarian,True,north,,False,False,70,200,198.33,0.3,51.96,0.08,0.41,51.31,14.56,6.39,0.34,,rules
849,Mango squash,Aam ka squash,bev,vegetarian,True,north,,False,False,70,200,194.66,0.17,50.96,0.17,0.58,50.84,14.81,9.47,0.25,,rules
850,Pineapple squash,Ananas ka squash,bev,vegetarian,True,north,,False,False,70,200,195.02,0.16,51.34,0.05,1.06,51.08,14.84,7.96,0.18,,rules
851,Lemon and ginger squash,Nimbu aur adrak ka squash,bev,vegetarian,True,north,,False,False,70,200,170.34,0.54,44.06,0.21,1.07,42.53,16.19,11.18,0.52,,rules
852,Apple jam,Seb ka murabba,dessert,vegetarian,True,north,,False,False,70,80,188.79,0.14,48.56,0.32,1.29,46.76,2.71,10.84,0.21,,rules
853,Plum jam,Aloo bukhara jam,dessert,vegetarian,True,north,,False,False,70,80,178.89,0.31,46.2,0.19,1.0,45.25,2.67,7.5,0.2,,rules
854,Pineapple jam,,dessert,vegetarian,True,north,,False,False,70,80,149.18,0.32,38.27,0.15,2.2,37.44,2.45,10.47,0.24,,rules
855,Guava jelly,Amrood ki jelly,dessert,vegetarian,True,north,,False,False,50,80,115.74,1.11,28.18,0.25,6.61,27.38,3.36,16.55,0.29,,rules
856,Orange marmalade,Santray ka murabba,dessert,vegetarian,True,north,,False,False,50,80,104.17,0.66,25.94,0.13,1.97,25.09,2.31,17.59,0.63,,rules
857,Carrot murabba,Gajar ka murabba,dessert,vegetarian,True,north,,False,False,45,80,175.24,0.32,45.6,0.16,1.39,44.83,19.53,15.86,0.28,,rules
858,Gooseberry marmalade,Amla murabba,dessert,vegetarian,True,north,,False,False,45,80,123.16,0.14,32.34,0.03,0.0,28.61,216.89,16.4,0.38,,rules
859,Ginger candy,Adrak ki candy,dessert,vegetarian,True,north,,False,False,70,80,195.71,0.69,50.38,0.27,1.67,47.99,5.4,10.43,0.68,,rules
860,Mango pickle,Aam ka achaar,side,vegetarian,True,north,,False,False,60,15,192.12,1.6,8.11,17.89,3.68,1.79,3429.94,48.97,1.44,,rules
861,Mixed vegetable pickle,Sabziyoon ka achaar,side,vegetarian,True,north,,False,False,45,15,211.2,1.9,7.48,19.68,2.76,2.77,2488.32,42.81,2.12,,rules
862,Sweet lemon pickle,Neembu ka meetha achaar,dessert,vegetarian,True,north,,False,False,70,80,69.54,1.22,16.87,0.21,2.13,14.63,6415.9,42.57,1.02,,rules
863,Plum chutney,Aloo bukhara ki chutney,side,vegetarian,True,north,,False,False,75,30,177.11,0.47,44.95,0.29,1.37,43.9,216.81,12.38,0.34,,rules
864,Raw mango chutney,Kachhe aam/Kairi ki chutney,side,vegetarian,True,north,,False,False,60,30,193.13,0.51,49.94,0.16,2.17,45.22,480.68,25.92,0.48,,rules
865,Tomato sauce,,other,vegetarian,True,north,,False,False,45,150,34.33,0.81,7.23,0.27,1.79,5.69,174.79,13.0,0.31,,rules
866,Tomato puree,,other,vegetarian,True,north,,False,False,45,150,20.62,0.75,3.68,0.25,1.56,2.32,244.99,8.91,0.22,,rules
867,Garam masala,,curry,vegetarian,True,north,,False,False,45,150,254.21,9.89,26.2,10.97,35.56,1.79,58.33,609.77,14.51,,rules
868,Chat masala,,curry,vegetarian,True,north,,False,False,45,150,222.58,8.19,23.87,9.91,18.62,0.79,11873.64,519.5,13.27,,rules
869,Kashmiri masala,,curry,vegetarian,True,north,,False,False,45,150,389.02,8.26,23.16,31.03,12.12,2.41,3106.14,303.49,14.72,,rules
870,Rasam powder,Rasam masala,side,vegetarian,True,south,,False,False,45,200,267.96,12.04,25.19,11.8,35.71,1.91,38.78,562.15,14.72,,rules
871,Sambar powder,Sambar masala,curry,vegetarian,True,south,,False,False,32,150,297.46,12.5,23.38,15.58,34.56,1.87,27.66,439.95,12.63,,rules
872,Barbeque sauce,,other,vegetarian,True,north,,False,False,45,150,121.93,0.96,20.46,4.51,0.69,18.88,504.95,28.61,1.15,,rules
873,Bread sauce,,other,vegetarian,True,north,gluten,False,False,70,150,111.04,3.46,8.69,7.05,0.56,4.63,88.84,110.72,0.31,,rules
874,Green chilli sauce,,other,vegetarian,True,north,,False,False,45,150,46.06,1.25,7.36,0.27,1.77,5.36,1037.04,9.89,0.64,,rules
875,Home made plain noodles,,onedish,vegetarian,True,indo_chinese,gluten,False,False,70,250,238.78,6.21,44.5,3.56,1.65,1.07,182.07,12.27,1.07,,rules
876,Dal moong,,curry,vegetarian,True,north,,False,False,32,150,43.69,2.2,4.92,1.62,1.08,0.13,117.74,7.69,0.52,,rules
877,Cumin seeds baghar,Jeera baghar/tadka,other,vegetarian,True,north,,False,False,45,150,736.81,3.34,5.22,78.77,6.01,0.49,177.58,177.77,5.09,,rules
878,Onion tomato baghar,Pyaaz tamatar ka tadka,other,vegetarian,True,north,,False,False,45,150,137.52,1.26,6.17,11.98,2.12,3.51,31.33,20.45,0.63,,rules
879,Mustard seeds baghar,Mustard seed tadka,other,vegetarian,True,north,,False,False,45,150,552.59,4.73,10.45,54.3,9.74,1.14,8.9,182.93,4.14,,rules
880,Hot cherry sauce,,other,vegetarian,True,north,,False,False,45,150,252.74,0.13,67.95,0.07,0.0,17.65,105.81,24.82,0.45,,rules
881,Apple jelly,Seb ki jelly,dessert,vegetarian,True,north,,False,False,50,80,152.13,0.1,39.37,0.21,0.86,38.18,2.14,7.89,0.15,,rules
882,Marmalade,Murabba,dessert,vegetarian,True,north,,False,False,45,80,143.76,0.23,37.64,0.04,0.43,37.29,2.16,9.84,0.34,,rules
883,Plum squash,Aloo bukhara squash,bev,vegetarian,True,north,,False,False,70,200,211.17,0.16,55.51,0.1,0.52,55.02,12.71,6.9,0.16,,rules
884,Lemon green chilli pickle,Nimboo aur hari mirch ka achaar,side,vegetarian,True,north,,False,False,45,15,14.07,0.85,2.14,0.24,1.07,1.0,7559.38,20.05,0.55,,rules
885,Brinjal pickle,Baingan ka achaar,side,vegetarian,True,north,,False,False,45,15,139.01,2.24,4.23,12.98,4.62,1.07,3507.59,37.28,2.16,,rules
886,Sweet and sour tomato pickle,Khatta meetha tamatar ka achaar,dessert,vegetarian,True,north,,False,False,70,80,60.88,1.26,6.55,3.24,2.2,4.31,1281.94,15.18,0.54,,rules
887,Jhatpat achar with carrot,Jhatpat achaar gajar ke saath,side,vegetarian,True,north,,False,False,45,15,91.21,1.98,6.32,6.55,5.08,3.04,2067.33,54.31,2.32,,rules
888,Tomato chutney,Tamatar ki chutney,side,vegetarian,True,south,,False,False,45,30,176.07,0.97,31.85,6.01,1.49,30.02,823.65,25.34,0.96,,rules+carbon
889,Tomato ketchup,,other,vegetarian,True,north,,False,False,45,150,33.07,0.91,6.48,0.3,1.9,4.68,177.97,15.33,0.36,,rules
890,Bengal 5 Spice Blend,Panch Phoran,other,vegetarian,True,north,,False,False,45,150,289.79,18.26,20.0,22.16,18.4,1.4,51.43,523.0,13.37,,rules
