image,seed_type,soil_moisture,temperature,humidity,rainfall,soil_ph,viability_latent,germination_probability,germinated
seed_00000.png,Proso Millet,56.25,25.48,89.27,1.25,7.091,0.744,0.6479,1
seed_00001.png,Barnyard Millet,71.83,23.18,63.11,13.32,6.37,0.694,0.6616,1
seed_00002.png,Finger Millet,87.11,26.21,55.4,186.11,6.479,0.617,0.4772,0
seed_00003.png,Foxtail Millet,49.05,26.54,35.99,43.33,7.148,0.668,0.4609,0
seed_00004.png,Barnyard Millet,76.48,30.48,67.35,131.64,5.891,0.722,0.5446,1
seed_00005.png,Pearl Millet,55.5,27.25,60.34,101.33,6.234,0.986,0.9058,1
seed_00006.png,Proso Millet,60.56,25.25,76.06,104.27,5.352,0.861,0.8427,1
seed_00007.png,Proso Millet,38.54,25.55,69.63,24.85,5.727,0.146,0.1488,0
seed_00008.png,Proso Millet,29.59,11.3,68.03,13.55,6.759,0.268,0.0104,0
seed_00009.png,Kodo Millet,88.32,23.7,73.2,66.91,7.171,0.856,0.5599,0
seed_00010.png,Little Millet,49.15,30.2,62.04,26.06,5.496,0.248,0.1748,0
seed_00011.png,Barnyard Millet,66.31,18.43,41.65,273.14,6.637,0.812,0.2465,0
seed_00012.png,Little Millet,55.74,21.71,42.11,169.96,5.453,0.232,0.1775,0
seed_00013.png,Foxtail Millet,57.87,21.2,95.68,54.55,4.845,0.701,0.3258,0
seed_00014.png,Foxtail Millet,57.06,34.54,65.67,75.96,4.836,0.716,0.2482,0
seed_00015.png,Pearl Millet,57.81,21.48,89.6,11.48,6.229,0.557,0.578,1
seed_00016.png,Foxtail Millet,45.7,30.7,75.13,45.94,7.616,0.917,0.7613,0
seed_00017.png,Kodo Millet,62.85,20.76,46.93,1.49,7.039,0.468,0.5922,0
seed_00018.png,Finger Millet,52.56,26.57,74.76,94.75,5.888,0.673,0.6282,0
seed_00019.png,Barnyard Millet,39.1,27.82,68.7,30.65,6.243,0.775,0.5232,1
seed_00020.png,Pearl Millet,65.76,39.84,47.84,188.6,7.217,0.711,0.3761,0
seed_00021.png,Foxtail Millet,48.74,33.37,70.59,97.18,6.561,0.259,0.2717,0
seed_00022.png,Proso Millet,73.78,34.19,50.88,20.42,6.541,0.66,0.7216,0
seed_00023.png,Finger Millet,69.71,16.18,52.68,77.55,4.594,0.899,0.2267,0
seed_00024.png,Proso Millet,44.92,32.56,61.03,13.22,6.639,0.644,0.6379,1
seed_00025.png,Proso Millet,32.96,30.04,66.81,35.85,6.812,0.445,0.2263,0
seed_00026.png,Little Millet,81.32,29.39,53.03,4.73,6.767,0.559,0.3887,0
seed_00027.png,Proso Millet,56.4,17.8,55.8,69.32,7.075,0.644,0.4742,1
seed_00028.png,Barnyard Millet,60.38,23.94,65.48,59.67,6.752,0.737,0.6959,0
seed_00029.png,Foxtail Millet,43.42,19.22,60.62,31.29,6.267,0.233,0.2075,0
seed_00030.png,Barnyard Millet,48.07,24.84,74.08,74.2,7.9,0.582,0.3384,0
seed_00031.png,Finger Millet,75.07,19.46,54.88,63.08,4.339,0.909,0.0853,0
seed_00032.png,Barnyard Millet,66.14,29.62,64.27,103.14,6.731,0.338,0.3811,0
seed_00033.png,Little Millet,15.75,17.39,41.49,62.9,4.948,0.768,0.01,0
seed_00034.png,Pearl Millet,98.0,25.75,55.61,39.31,7.594,0.872,0.3545,0
seed_00035.png,Finger Millet,68.73,32.18,45.83,61.88,7.025,0.698,0.8059,1
seed_00036.png,Kodo Millet,65.34,20.58,49.13,107.81,6.556,0.955,0.8659,1
seed_00037.png,Little Millet,55.99,25.52,58.69,73.8,7.402,0.522,0.6033,1
seed_00038.png,Foxtail Millet,43.97,21.5,74.91,10.89,5.927,0.481,0.3275,0
seed_00039.png,Proso Millet,76.18,32.25,83.33,33.85,6.282,0.736,0.6799,1
seed_00040.png,Proso Millet,74.38,31.38,65.49,154.24,5.955,0.756,0.8332,1
seed_00041.png,Finger Millet,68.15,34.03,72.1,8.29,7.668,0.217,0.1015,0
seed_00042.png,Finger Millet,68.12,30.2,47.92,57.6,6.455,0.602,0.7804,0
seed_00043.png,Finger Millet,63.74,32.01,94.48,44.8,6.336,0.318,0.1677,0
seed_00044.png,Pearl Millet,53.61,34.95,83.76,137.11,6.077,0.699,0.6446,1
seed_00045.png,Finger Millet,57.32,28.77,48.77,13.41,6.254,0.504,0.7259,1
seed_00046.png,Foxtail Millet,50.16,23.76,73.74,5.59,6.22,0.488,0.3743,0
seed_00047.png,Foxtail Millet,89.0,39.69,67.17,4.17,6.102,0.295,0.0514,0
seed_00048.png,Barnyard Millet,71.85,24.94,51.09,46.6,7.495,0.529,0.4196,0
seed_00049.png,Finger Millet,70.75,33.56,63.87,7.92,6.824,0.638,0.5663,0
seed_00050.png,Little Millet,59.14,41.06,71.33,30.78,6.274,0.666,0.249,0
seed_00051.png,Proso Millet,51.34,21.64,81.38,162.59,5.121,0.179,0.048,0
seed_00052.png,Little Millet,52.69,30.57,80.9,9.3,7.18,0.234,0.2583,1
seed_00053.png,Kodo Millet,32.94,24.18,57.36,222.71,6.856,0.564,0.1134,0
seed_00054.png,Barnyard Millet,49.65,15.7,73.87,41.58,6.732,0.54,0.1928,0
seed_00055.png,Kodo Millet,68.83,24.43,51.83,98.1,6.386,0.435,0.522,0
seed_00056.png,Finger Millet,62.93,26.61,73.85,1.55,6.702,0.516,0.7703,0
seed_00057.png,Foxtail Millet,82.1,19.81,83.81,12.0,6.08,0.804,0.3631,1
seed_00058.png,Kodo Millet,71.33,23.43,73.46,54.84,5.685,0.899,0.8069,1
seed_00059.png,Proso Millet,68.25,17.6,77.72,70.8,8.396,0.479,0.08,0
seed_00060.png,Pearl Millet,52.61,24.11,60.5,8.04,7.124,0.715,0.7796,1
seed_00061.png,Pearl Millet,62.69,32.85,63.22,7.99,5.789,0.647,0.766,1
seed_00062.png,Proso Millet,61.94,23.12,46.52,39.49,4.566,0.577,0.3555,1
seed_00063.png,Kodo Millet,81.59,33.35,59.05,33.61,6.264,0.519,0.5258,0
seed_00064.png,Foxtail Millet,70.75,30.95,50.39,1.44,5.821,0.327,0.2583,0
seed_00065.png,Kodo Millet,59.99,32.74,63.75,114.48,5.438,0.598,0.3745,1
seed_00066.png,Foxtail Millet,62.96,26.97,65.08,38.52,5.239,0.899,0.7236,1
seed_00067.png,Pearl Millet,46.55,24.1,93.61,38.06,7.596,0.705,0.4721,1
seed_00068.png,Finger Millet,66.47,23.04,62.97,71.74,7.306,0.503,0.6369,0
seed_00069.png,Foxtail Millet,71.3,21.99,72.72,7.16,7.419,0.256,0.3062,1
seed_00070.png,Finger Millet,31.5,30.96,96.34,51.71,5.628,0.93,0.444,1
seed_00071.png,Proso Millet,35.32,25.02,61.79,14.26,6.509,0.829,0.7243,0
seed_00072.png,Little Millet,44.08,25.13,42.43,24.54,5.962,0.682,0.415,0
seed_00073.png,Pearl Millet,91.61,33.95,78.15,23.8,6.015,0.349,0.1653,0
seed_00074.png,Pearl Millet,58.3,13.42,67.85,92.96,5.791,0.305,0.1543,0
seed_00075.png,Little Millet,60.66,17.08,58.21,24.22,6.391,0.752,0.5212,1
seed_00076.png,Proso Millet,62.6,28.02,32.01,59.77,5.891,0.532,0.4972,0
seed_00077.png,Little Millet,51.41,31.38,66.32,33.7,9.127,0.614,0.0258,0
seed_00078.png,Barnyard Millet,90.84,25.16,69.08,6.98,6.389,0.584,0.4196,0
seed_00079.png,Finger Millet,60.55,18.32,66.77,112.77,5.732,0.42,0.2814,1
seed_00080.png,Pearl Millet,52.92,37.71,92.46,79.39,4.578,0.347,0.0301,0
seed_00081.png,Foxtail Millet,72.3,35.08,73.85,139.6,5.512,0.808,0.6211,1
seed_00082.png,Proso Millet,69.7,31.35,47.1,18.39,6.093,0.83,0.7897,0
seed_00083.png,Finger Millet,54.8,26.32,72.74,56.09,5.45,0.802,0.8199,1
seed_00084.png,Pearl Millet,49.01,40.2,66.47,157.39,4.259,0.568,0.0166,1
seed_00085.png,Finger Millet,68.67,33.31,57.66,32.23,7.762,0.444,0.2475,1
seed_00086.png,Kodo Millet,63.84,24.61,57.33,86.07,7.454,0.818,0.7738,1
seed_00087.png,Pearl Millet,26.28,23.46,77.83,77.33,7.824,0.711,0.1565,0
seed_00088.png,Kodo Millet,45.08,27.06,61.99,78.26,5.764,0.929,0.6619,0
seed_00089.png,Proso Millet,67.55,20.65,62.21,72.55,6.827,0.817,0.7988,1
seed_00090.png,Foxtail Millet,58.11,32.04,63.42,65.2,6.843,0.687,0.6902,0
seed_00091.png,Pearl Millet,48.19,27.85,52.35,58.52,6.385,0.628,0.7843,1
seed_00092.png,Little Millet,8.0,25.54,65.86,1.54,7.674,0.832,0.01,0
seed_00093.png,Finger Millet,98.0,35.84,57.95,24.7,5.971,0.705,0.1617,0
seed_00094.png,Proso Millet,70.04,18.28,35.6,2.95,6.36,0.458,0.4521,1
seed_00095.png,Foxtail Millet,66.93,31.34,61.2,7.16,7.278,0.515,0.4604,0
seed_00096.png,Foxtail Millet,73.36,18.62,34.24,0.11,7.655,0.529,0.2797,0
seed_00097.png,Little Millet,69.61,18.3,62.27,7.23,7.063,0.714,0.4177,0
seed_00098.png,Kodo Millet,74.88,10.37,51.6,162.76,5.702,0.481,0.0225,0
seed_00099.png,Finger Millet,85.76,41.26,42.12,57.89,6.65,0.241,0.0522,0
seed_00100.png,Little Millet,87.17,16.53,67.7,42.3,7.052,0.327,0.0371,0
seed_00101.png,Proso Millet,91.06,35.82,86.35,94.35,6.546,0.747,0.2937,1
seed_00102.png,Kodo Millet,42.2,44.92,70.08,24.37,7.404,0.653,0.011,0
seed_00103.png,Pearl Millet,78.87,24.39,36.78,119.11,4.795,0.555,0.2259,0
seed_00104.png,Barnyard Millet,60.96,19.28,91.59,37.74,6.446,0.851,0.7283,1
seed_00105.png,Barnyard Millet,52.31,27.36,65.76,7.84,7.493,0.695,0.5237,0
seed_00106.png,Proso Millet,53.73,24.42,81.36,48.65,3.947,0.792,0.1749,0
seed_00107.png,Proso Millet,52.06,23.1,55.44,16.71,7.46,0.488,0.3518,1
seed_00108.png,Foxtail Millet,50.0,23.6,51.32,22.9,6.045,0.576,0.4789,1
seed_00109.png,Foxtail Millet,50.1,15.9,37.18,12.75,6.1,0.704,0.2563,0
seed_00110.png,Proso Millet,68.09,27.6,68.95,19.11,5.942,0.616,0.6836,1
seed_00111.png,Kodo Millet,48.63,12.77,48.47,47.26,6.908,0.385,0.0938,1
seed_00112.png,Finger Millet,59.67,27.74,53.72,4.69,5.522,0.759,0.6588,0
seed_00113.png,Foxtail Millet,58.89,18.57,52.6,6.25,6.136,0.786,0.6247,1
seed_00114.png,Kodo Millet,52.05,21.49,67.73,24.98,8.374,0.715,0.3322,1
seed_00115.png,Pearl Millet,50.42,28.21,58.57,118.8,5.098,0.743,0.5568,0
seed_00116.png,Proso Millet,93.31,36.06,44.2,31.4,4.945,0.604,0.1053,0
seed_00117.png,Little Millet,47.65,18.95,67.66,70.52,7.641,0.425,0.132,1
seed_00118.png,Proso Millet,48.03,18.3,91.07,9.5,7.11,0.893,0.4123,1
seed_00119.png,Pearl Millet,38.03,41.32,58.39,84.49,6.542,0.562,0.077,0
seed_00120.png,Finger Millet,44.04,22.83,66.85,26.49,6.378,0.589,0.6013,0
seed_00121.png,Foxtail Millet,48.84,26.65,60.88,12.52,5.066,0.446,0.3783,1
seed_00122.png,Kodo Millet,58.17,25.98,90.55,74.44,7.146,0.486,0.5529,1
seed_00123.png,Finger Millet,61.17,23.93,64.3,75.83,7.676,0.609,0.6451,1
seed_00124.png,Finger Millet,73.07,15.08,56.61,73.4,4.076,0.667,0.0485,0
seed_00125.png,Kodo Millet,91.75,26.5,56.45,123.01,6.509,0.514,0.3264,1
seed_00126.png,Kodo Millet,71.11,35.34,86.37,36.04,7.449,0.902,0.7334,1
seed_00127.png,Barnyard Millet,58.84,20.16,66.0,56.86,6.698,0.34,0.3618,0
seed_00128.png,Proso Millet,59.6,35.47,26.71,34.63,5.922,0.756,0.4541,1
seed_00129.png,Foxtail Millet,90.75,19.89,60.23,47.86,6.824,0.569,0.1098,0
seed_00130.png,Little Millet,24.05,23.73,57.36,134.04,7.686,0.566,0.0779,0
seed_00131.png,Finger Millet,74.25,20.75,90.78,13.5,5.426,0.487,0.389,0
seed_00132.png,Foxtail Millet,39.64,26.81,54.74,132.36,6.079,0.309,0.2145,0
seed_00133.png,Proso Millet,61.02,24.9,86.18,44.94,7.788,0.692,0.6166,0
seed_00134.png,Foxtail Millet,65.39,20.15,57.48,289.56,6.077,0.713,0.3388,0
seed_00135.png,Proso Millet,64.27,31.98,84.75,8.96,6.974,0.937,0.8532,1
seed_00136.png,Kodo Millet,64.92,12.9,67.61,46.3,6.616,0.209,0.0619,0
seed_00137.png,Finger Millet,50.08,23.6,66.36,18.97,6.848,0.709,0.7693,1
seed_00138.png,Foxtail Millet,50.31,38.84,55.05,28.2,5.024,0.662,0.1111,0
seed_00139.png,Kodo Millet,44.39,24.13,84.22,24.16,5.257,0.811,0.5494,1
seed_00140.png,Barnyard Millet,85.56,24.48,64.03,113.83,6.837,0.321,0.2735,1
seed_00141.png,Pearl Millet,52.02,10.06,58.32,103.85,4.931,0.829,0.0626,0
seed_00142.png,Little Millet,78.54,28.32,76.77,18.49,4.678,0.858,0.4002,0
seed_00143.png,Foxtail Millet,41.6,28.71,53.55,264.13,7.228,0.79,0.3328,1
seed_00144.png,Barnyard Millet,71.72,34.8,51.0,60.95,6.672,0.533,0.5964,1
seed_00145.png,Little Millet,60.27,22.11,61.26,204.52,7.826,0.577,0.2945,0
seed_00146.png,Little Millet,53.5,23.14,27.93,97.92,7.319,0.648,0.5549,0
seed_00147.png,Barnyard Millet,53.18,35.52,69.81,195.16,6.571,0.534,0.3737,1
seed_00148.png,Little Millet,56.8,28.86,60.93,67.59,5.819,0.869,0.8317,1
seed_00149.png,Pearl Millet,77.8,30.02,40.5,25.78,5.66,0.56,0.623,1
seed_00150.png,Foxtail Millet,39.17,24.12,48.81,108.75,7.816,0.426,0.2026,0
seed_00151.png,Little Millet,50.91,35.09,45.89,67.48,8.722,0.435,0.013,0
seed_00152.png,Foxtail Millet,47.77,34.03,47.23,32.88,5.293,0.447,0.3374,0
seed_00153.png,Little Millet,37.83,23.68,65.88,58.34,7.785,0.519,0.2444,0
seed_00154.png,Little Millet,79.75,26.37,66.82,55.6,6.149,0.825,0.7765,0
seed_00155.png,Foxtail Millet,47.33,27.59,42.33,60.54,5.195,0.489,0.2996,0
seed_00156.png,Proso Millet,67.86,19.91,85.69,18.23,5.834,0.876,0.7944,1
seed_00157.png,Kodo Millet,63.4,24.8,61.78,8.51,6.083,0.331,0.38,1
seed_00158.png,Pearl Millet,40.13,37.38,70.16,4.6,7.363,0.406,0.0954,0
seed_00159.png,Little Millet,65.49,26.85,61.64,16.49,8.781,0.688,0.1301,1
seed_00160.png,Kodo Millet,70.45,15.04,83.69,24.1,6.169,0.528,0.2605,0
seed_00161.png,Pearl Millet,49.48,35.3,55.46,53.68,6.083,0.444,0.5119,1
seed_00162.png,Little Millet,64.49,20.86,59.69,20.36,5.273,0.463,0.4391,0
seed_00163.png,Foxtail Millet,83.94,28.25,57.9,16.94,5.409,0.284,0.2196,0
seed_00164.png,Pearl Millet,76.34,32.76,54.75,72.52,5.624,0.469,0.588,1
seed_00165.png,Foxtail Millet,52.59,27.27,54.74,10.42,5.98,0.453,0.5288,1
seed_00166.png,Kodo Millet,63.92,37.69,58.28,68.66,4.968,0.854,0.3688,1
seed_00167.png,Barnyard Millet,8.0,31.78,63.22,146.62,5.144,0.791,0.01,0
seed_00168.png,Proso Millet,31.01,35.14,47.66,55.98,6.088,0.337,0.1207,1
seed_00169.png,Finger Millet,46.42,26.79,60.29,56.71,6.783,0.263,0.3199,1
seed_00170.png,Pearl Millet,73.95,24.82,80.3,96.34,6.884,0.406,0.5622,0
seed_00171.png,Proso Millet,44.21,31.65,88.93,3.53,7.406,0.69,0.3681,0
seed_00172.png,Little Millet,17.71,27.08,60.9,70.58,5.659,0.713,0.0568,1
seed_00173.png,Barnyard Millet,93.2,32.5,40.41,151.44,6.2,0.607,0.2634,0
seed_00174.png,Proso Millet,51.4,19.61,58.88,15.86,6.391,0.272,0.2865,0
seed_00175.png,Foxtail Millet,77.38,24.58,98.0,135.86,6.41,0.729,0.5564,1
seed_00176.png,Foxtail Millet,79.95,23.85,81.89,25.93,6.039,0.946,0.7859,1
seed_00177.png,Proso Millet,48.92,35.11,73.61,69.97,5.739,0.834,0.5762,1
seed_00178.png,Little Millet,77.69,33.71,55.05,40.57,8.562,0.961,0.1684,0
seed_00179.png,Barnyard Millet,64.54,35.95,76.89,106.34,5.149,0.533,0.23,0
seed_00180.png,Proso Millet,76.64,29.64,37.37,2.59,6.721,0.959,0.8411,1
seed_00181.png,Finger Millet,40.77,41.61,67.9,225.34,6.803,0.572,0.0288,0
seed_00182.png,Barnyard Millet,73.62,29.19,50.0,26.77,7.771,0.684,0.599,1
seed_00183.png,Pearl Millet,55.13,25.6,45.05,114.06,7.829,0.428,0.2584,0
seed_00184.png,Foxtail Millet,55.71,25.94,62.41,3.32,7.539,0.861,0.7586,0
seed_00185.png,Little Millet,45.62,23.9,65.95,50.15,6.062,0.421,0.3375,0
seed_00186.png,Foxtail Millet,48.85,34.74,71.77,33.81,8.077,0.754,0.1464,0
seed_00187.png,Pearl Millet,39.94,15.83,60.02,88.59,8.675,0.823,0.0406,0
seed_00188.png,Little Millet,31.92,22.99,67.19,20.1,6.503,0.408,0.1389,0
seed_00189.png,Pearl Millet,34.82,30.56,79.28,46.68,6.381,0.62,0.538,1
seed_00190.png,Proso Millet,73.52,15.13,57.4,177.31,6.6,0.67,0.3379,0
seed_00191.png,Barnyard Millet,78.59,25.54,51.48,41.77,5.977,0.836,0.7756,1
seed_00192.png,Proso Millet,56.55,25.06,71.47,49.75,7.252,0.508,0.5804,0
seed_00193.png,Barnyard Millet,64.57,35.18,66.79,102.45,6.66,0.779,0.7312,0
seed_00194.png,Pearl Millet,69.86,30.07,32.77,49.88,7.369,0.795,0.7792,1
seed_00195.png,Foxtail Millet,40.29,26.48,81.48,19.14,5.685,0.361,0.2109,0
seed_00196.png,Barnyard Millet,55.96,19.43,78.64,23.58,6.744,0.503,0.4122,0
seed_00197.png,Proso Millet,79.92,46.0,78.77,10.18,7.094,0.858,0.0139,1
seed_00198.png,Pearl Millet,66.39,26.32,36.96,90.02,5.919,0.787,0.8399,1
seed_00199.png,Pearl Millet,62.91,16.35,67.74,59.1,5.713,0.885,0.6863,1
seed_00200.png,Barnyard Millet,64.92,35.88,43.28,32.61,7.18,0.52,0.4339,0
seed_00201.png,Pearl Millet,30.55,28.38,58.07,0.28,6.236,0.453,0.2648,0
seed_00202.png,Finger Millet,83.42,32.24,88.92,87.19,7.727,0.723,0.3346,0
seed_00203.png,Foxtail Millet,68.38,24.69,75.52,26.99,5.263,0.496,0.4113,1
seed_00204.png,Proso Millet,49.07,15.65,49.19,28.82,7.592,0.644,0.2151,0
seed_00205.png,Barnyard Millet,85.04,9.48,55.71,0.03,7.587,0.664,0.01,0
seed_00206.png,Finger Millet,56.29,8.0,56.79,47.17,6.619,0.452,0.0142,0
seed_00207.png,Foxtail Millet,37.36,31.54,70.31,63.08,6.046,0.13,0.1167,0
seed_00208.png,Kodo Millet,46.79,29.22,65.16,70.61,4.38,0.68,0.1443,0
seed_00209.png,Foxtail Millet,50.04,16.34,94.54,54.25,8.099,0.992,0.134,0
seed_00210.png,Proso Millet,25.4,34.62,59.32,1.34,7.643,0.655,0.0489,0
seed_00211.png,Pearl Millet,71.54,24.38,49.01,46.15,6.223,0.859,0.8754,1
seed_00212.png,Kodo Millet,58.2,22.94,62.64,60.78,5.418,0.22,0.3228,0
seed_00213.png,Kodo Millet,75.72,32.29,17.43,52.53,7.698,0.897,0.2113,0
seed_00214.png,Pearl Millet,55.02,34.67,74.08,12.7,6.43,0.72,0.7318,0
seed_00215.png,Barnyard Millet,64.65,35.47,98.0,20.1,6.166,0.737,0.4427,1
seed_00216.png,Proso Millet,80.44,35.69,67.04,70.66,5.753,0.181,0.2129,0
seed_00217.png,Kodo Millet,45.07,36.36,63.97,43.7,6.852,0.82,0.4418,1
seed_00218.png,Foxtail Millet,63.9,24.75,64.18,24.2,7.955,0.654,0.4607,1
seed_00219.png,Kodo Millet,88.49,25.82,98.0,48.38,6.859,0.515,0.2335,0
seed_00220.png,Barnyard Millet,76.55,14.3,34.97,10.73,6.109,0.407,0.0386,0
seed_00221.png,Kodo Millet,57.87,20.75,81.88,14.55,4.766,0.389,0.1493,0
seed_00222.png,Little Millet,64.81,38.99,66.9,164.26,5.803,0.82,0.3558,0
seed_00223.png,Kodo Millet,68.31,29.19,46.57,45.22,6.615,0.541,0.6326,1
seed_00224.png,Pearl Millet,46.06,20.23,59.17,6.18,6.183,0.842,0.6248,1
seed_00225.png,Barnyard Millet,32.11,17.24,47.88,38.43,5.954,0.296,0.0446,0
seed_00226.png,Pearl Millet,56.37,22.96,56.83,63.26,4.733,0.43,0.2082,0
seed_00227.png,Foxtail Millet,92.34,24.87,63.96,31.81,5.545,0.526,0.1744,1
seed_00228.png,Foxtail Millet,61.02,21.26,71.83,142.4,7.733,0.678,0.5412,0
seed_00229.png,Kodo Millet,50.48,22.7,60.07,18.8,6.967,0.718,0.5846,1
seed_00230.png,Barnyard Millet,60.13,17.01,63.81,50.19,7.453,0.84,0.4018,0
seed_00231.png,Finger Millet,44.55,26.71,47.77,272.11,5.096,0.533,0.0922,0
seed_00232.png,Finger Millet,64.64,33.11,58.54,15.38,7.546,0.744,0.6161,0
seed_00233.png,Kodo Millet,72.98,26.87,38.6,161.84,6.889,0.743,0.7627,1
seed_00234.png,Proso Millet,55.47,28.09,78.79,124.94,5.198,0.757,0.71,1
seed_00235.png,Little Millet,48.47,41.42,42.07,7.1,5.166,0.675,0.0447,1
seed_00236.png,Proso Millet,46.03,25.77,63.31,50.74,6.84,0.461,0.5876,0
seed_00237.png,Little Millet,85.57,38.01,65.75,102.27,5.124,0.492,0.0394,0
seed_00238.png,Pearl Millet,65.95,21.67,57.14,15.84,6.807,0.76,0.7643,0
seed_00239.png,Little Millet,36.57,31.76,54.26,79.28,5.773,0.669,0.2292,0
seed_00240.png,Barnyard Millet,42.5,31.63,50.18,229.49,3.8,0.514,0.01,0
seed_00241.png,Little Millet,35.79,26.13,58.85,25.37,6.753,0.681,0.3774,0
seed_00242.png,Barnyard Millet,63.54,29.16,80.38,43.43,5.303,0.666,0.5334,1
seed_00243.png,Foxtail Millet,92.85,34.1,81.54,31.62,7.093,0.798,0.3535,0
seed_00244.png,Kodo Millet,48.74,25.48,83.51,26.94,5.821,0.623,0.6204,1
seed_00245.png,Proso Millet,76.19,36.46,50.17,21.51,7.128,0.665,0.3525,0
seed_00246.png,Foxtail Millet,69.28,34.44,97.05,3.78,6.178,0.749,0.5062,0
seed_00247.png,Proso Millet,62.05,25.74,66.89,79.77,6.122,0.893,0.8913,1
seed_00248.png,Little Millet,46.63,26.13,73.72,7.58,7.559,0.443,0.2074,0
seed_00249.png,Little Millet,61.17,32.7,95.61,138.41,5.293,0.389,0.163,0
seed_00250.png,Little Millet,81.48,25.87,64.11,13.4,5.694,0.658,0.4571,1
seed_00251.png,Kodo Millet,67.48,17.81,77.19,117.18,7.588,0.748,0.3553,1
seed_00252.png,Finger Millet,23.31,34.47,42.81,16.94,5.965,0.791,0.0758,0
seed_00253.png,Kodo Millet,74.19,27.51,55.41,66.04,8.186,0.39,0.1665,0
seed_00254.png,Little Millet,40.15,27.6,54.75,56.46,5.372,0.509,0.2068,1
seed_00255.png,Proso Millet,70.56,29.46,66.66,22.99,5.672,0.741,0.8033,1
seed_00256.png,Proso Millet,57.62,15.86,93.28,13.86,6.298,0.74,0.2497,0
seed_00257.png,Foxtail Millet,63.81,24.01,67.32,52.81,7.278,0.65,0.632,1
seed_00258.png,Proso Millet,74.69,22.61,53.11,29.02,7.466,0.572,0.4438,0
seed_00259.png,Finger Millet,35.57,31.43,53.33,78.12,7.001,0.536,0.2821,0
seed_00260.png,Proso Millet,81.11,23.38,62.71,78.3,6.674,0.782,0.7889,1
seed_00261.png,Kodo Millet,68.88,15.34,61.39,4.44,6.092,0.559,0.3797,1
seed_00262.png,Barnyard Millet,54.08,18.14,98.0,91.72,7.09,0.366,0.1801,0
seed_00263.png,Finger Millet,71.38,23.94,71.9,42.74,6.065,0.686,0.8425,0
seed_00264.png,Little Millet,56.77,34.15,62.88,94.81,5.809,0.461,0.2858,0
seed_00265.png,Pearl Millet,48.31,29.68,70.89,105.94,6.761,0.41,0.5181,0
seed_00266.png,Little Millet,36.85,28.72,58.53,15.01,6.549,0.776,0.5822,1
seed_00267.png,Barnyard Millet,75.29,31.21,65.08,0.47,7.413,0.542,0.4983,1
seed_00268.png,Pearl Millet,45.28,11.34,60.99,10.21,5.628,0.724,0.0829,0
seed_00269.png,Kodo Millet,49.14,33.27,90.84,12.45,4.655,0.653,0.1123,0
seed_00270.png,Finger Millet,38.83,26.41,58.52,13.44,4.588,0.65,0.173,1
seed_00271.png,Pearl Millet,86.06,34.54,92.06,50.25,5.548,0.609,0.3909,0
seed_00272.png,Proso Millet,73.14,14.88,63.83,42.25,6.863,0.728,0.3402,0
seed_00273.png,Little Millet,52.31,31.97,97.63,2.27,6.35,0.709,0.5102,1
seed_00274.png,Kodo Millet,49.29,34.6,54.23,215.96,6.605,0.818,0.4309,1
seed_00275.png,Proso Millet,66.53,34.6,79.91,31.84,7.422,0.744,0.5708,1
seed_00276.png,Finger Millet,46.25,28.61,56.44,134.35,5.129,0.524,0.3508,0
seed_00277.png,Finger Millet,64.89,23.79,73.93,33.69,5.219,0.691,0.5816,1
seed_00278.png,Little Millet,82.48,28.47,78.64,56.25,5.743,0.692,0.5455,0
seed_00279.png,Proso Millet,63.72,32.05,49.98,30.4,5.052,0.702,0.7031,0
seed_00280.png,Foxtail Millet,42.03,26.77,60.01,8.23,8.087,0.915,0.3924,0
seed_00281.png,Pearl Millet,62.76,27.62,89.23,38.2,7.676,0.966,0.8357,1
seed_00282.png,Kodo Millet,50.92,15.28,44.16,89.76,6.156,0.394,0.1763,0
seed_00283.png,Little Millet,61.8,26.94,75.3,53.38,7.802,0.613,0.4361,0
seed_00284.png,Kodo Millet,62.76,29.34,71.68,22.65,6.522,0.897,0.9095,1
seed_00285.png,Foxtail Millet,73.84,24.79,70.98,9.84,6.423,0.611,0.5722,0
seed_00286.png,Kodo Millet,80.21,38.86,63.03,12.62,6.468,0.671,0.2771,0
seed_00287.png,Kodo Millet,51.88,29.67,36.35,173.75,6.949,0.427,0.326,0
seed_00288.png,Finger Millet,68.49,33.9,87.53,1.76,7.029,0.672,0.5479,1
seed_00289.png,Pearl Millet,37.71,31.34,78.89,37.85,6.336,0.771,0.4684,1
seed_00290.png,Foxtail Millet,86.08,28.0,98.0,5.29,4.331,0.84,0.204,0
seed_00291.png,Foxtail Millet,61.18,21.49,53.85,16.71,7.318,0.888,0.7675,1
seed_00292.png,Pearl Millet,62.01,28.94,91.41,115.92,4.747,0.77,0.4905,1
seed_00293.png,Kodo Millet,42.02,18.06,90.86,27.01,7.887,0.266,0.0552,0
seed_00294.png,Barnyard Millet,53.07,18.76,52.97,65.09,6.583,0.8,0.7412,0
seed_00295.png,Pearl Millet,43.02,39.05,68.21,100.12,5.73,0.56,0.2002,0
seed_00296.png,Pearl Millet,61.33,24.08,72.71,135.03,6.513,0.852,0.8765,1
seed_00297.png,Finger Millet,84.27,19.54,52.4,22.87,4.687,0.432,0.0241,0
seed_00298.png,Finger Millet,47.75,25.99,53.76,81.17,7.6,0.625,0.5101,0
seed_00299.png,Little Millet,64.76,35.52,77.73,10.5,5.915,0.827,0.6227,1
seed_00300.png,Proso Millet,51.93,11.16,37.0,62.27,5.669,0.43,0.0245,0
seed_00301.png,Kodo Millet,57.24,19.79,82.32,64.61,6.365,0.832,0.6186,1
seed_00302.png,Foxtail Millet,47.96,15.98,55.23,93.82,5.676,0.752,0.3988,0
seed_00303.png,Little Millet,43.35,16.93,60.54,49.23,5.77,0.63,0.1427,0
seed_00304.png,Barnyard Millet,68.64,34.09,78.81,20.81,6.92,0.838,0.8177,1
seed_00305.png,Little Millet,76.6,35.05,55.58,14.18,6.718,0.425,0.3567,0
seed_00306.png,Barnyard Millet,61.9,30.08,60.69,15.82,5.786,0.136,0.508,1
seed_00307.png,Kodo Millet,82.3,30.72,61.17,8.03,5.617,0.752,0.5907,1
seed_00308.png,Proso Millet,55.58,32.56,69.62,3.4,6.238,0.62,0.7321,1
seed_00309.png,Little Millet,38.31,25.8,57.93,82.75,4.61,0.28,0.0366,0
seed_00310.png,Little Millet,51.46,17.83,34.81,81.41,5.927,0.445,0.222,0
seed_00311.png,Proso Millet,42.86,20.17,96.73,3.26,5.445,0.877,0.4352,1
seed_00312.png,Foxtail Millet,95.05,8.0,69.76,165.45,6.14,0.787,0.01,0
seed_00313.png,Barnyard Millet,48.67,37.59,67.16,22.95,6.539,0.503,0.206,1
seed_00314.png,Finger Millet,56.44,26.18,39.25,64.87,7.057,0.484,0.5379,1
seed_00315.png,Kodo Millet,63.36,23.91,44.57,12.95,7.269,0.661,0.6167,0
seed_00316.png,Kodo Millet,38.17,27.12,69.43,117.59,6.481,0.967,0.7446,1
seed_00317.png,Foxtail Millet,49.26,29.92,82.27,103.39,6.342,0.384,0.4264,1
seed_00318.png,Kodo Millet,39.73,33.43,71.84,113.77,5.772,0.793,0.5646,1
seed_00319.png,Proso Millet,42.13,20.53,87.96,7.03,4.674,0.276,0.0353,0
seed_00320.png,Foxtail Millet,69.19,17.02,77.86,33.53,6.798,0.921,0.6778,1
seed_00321.png,Little Millet,51.69,25.5,38.77,1.12,6.219,0.756,0.6424,0
seed_00322.png,Proso Millet,46.37,25.93,66.78,46.81,6.84,0.432,0.5098,1
seed_00323.png,Kodo Millet,33.08,27.61,98.0,12.84,7.08,0.651,0.211,1
seed_00324.png,Pearl Millet,54.52,27.78,60.75,1.67,6.43,0.763,0.8112,1
seed_00325.png,Barnyard Millet,57.9,23.9,56.71,125.16,6.207,0.574,0.5852,1
seed_00326.png,Proso Millet,77.57,18.09,73.71,12.4,6.575,0.68,0.3373,0
seed_00327.png,Finger Millet,75.02,21.79,72.57,38.4,5.016,0.582,0.3901,0
seed_00328.png,Finger Millet,70.47,25.5,55.78,9.33,6.495,0.636,0.8219,0
seed_00329.png,Foxtail Millet,44.75,32.39,57.97,2.07,6.899,0.563,0.3599,0
seed_00330.png,Kodo Millet,66.2,31.01,58.15,69.28,5.855,0.352,0.4566,1
seed_00331.png,Finger Millet,74.25,28.89,37.23,24.91,5.824,0.791,0.7124,1
seed_00332.png,Proso Millet,81.44,30.22,66.31,79.16,6.159,0.524,0.6385,1
seed_00333.png,Proso Millet,60.72,25.81,72.03,5.92,6.501,0.71,0.8921,1
seed_00334.png,Foxtail Millet,55.33,35.76,59.38,20.76,6.625,0.708,0.6749,0
seed_00335.png,Pearl Millet,75.97,17.29,57.93,8.44,5.825,0.834,0.323,1
seed_00336.png,Finger Millet,64.68,31.04,47.7,185.22,7.85,0.67,0.3403,0
seed_00337.png,Foxtail Millet,80.91,34.97,49.08,24.9,4.281,0.533,0.0543,0
seed_00338.png,Foxtail Millet,72.46,27.64,30.68,3.14,5.537,0.861,0.6491,1
seed_00339.png,Foxtail Millet,40.17,23.96,68.8,15.77,6.852,0.528,0.263,0
seed_00340.png,Finger Millet,40.38,37.82,70.13,81.35,6.337,0.953,0.3987,1
seed_00341.png,Foxtail Millet,74.01,28.07,33.49,112.38,6.099,0.679,0.7357,1
seed_00342.png,Kodo Millet,82.07,36.11,71.82,89.84,4.902,0.659,0.2046,1
seed_00343.png,Barnyard Millet,60.01,41.77,54.91,20.44,7.25,0.692,0.1229,0
seed_00344.png,Little Millet,77.01,15.88,75.36,58.34,5.416,0.846,0.1089,1
seed_00345.png,Foxtail Millet,47.31,25.15,80.54,82.48,7.346,0.415,0.3229,0
seed_00346.png,Pearl Millet,50.42,13.88,74.77,72.76,4.394,0.652,0.0345,0
seed_00347.png,Little Millet,51.94,25.0,60.38,22.74,6.933,0.511,0.4539,1
seed_00348.png,Foxtail Millet,62.82,28.4,55.59,3.22,7.648,0.259,0.2179,0
seed_00349.png,Pearl Millet,69.77,28.82,87.83,20.33,5.351,0.572,0.4567,1
seed_00350.png,Kodo Millet,61.71,31.6,63.51,16.01,6.422,0.958,0.8707,1
seed_00351.png,Kodo Millet,42.9,31.05,86.36,14.49,5.928,0.72,0.7561,1
seed_00352.png,Barnyard Millet,68.11,22.62,70.85,6.95,6.053,0.615,0.5223,0
seed_00353.png,Foxtail Millet,66.08,23.82,41.25,92.65,7.858,0.437,0.1346,0
seed_00354.png,Barnyard Millet,57.92,32.1,76.91,27.44,6.254,0.511,0.382,1
seed_00355.png,Kodo Millet,60.56,27.4,57.16,1.88,7.795,0.718,0.6312,1
seed_00356.png,Pearl Millet,58.55,31.99,85.17,109.83,5.417,0.821,0.6169,0
seed_00357.png,Proso Millet,73.49,11.59,58.65,176.2,6.289,0.819,0.3206,0
seed_00358.png,Barnyard Millet,69.52,23.13,56.06,10.65,6.42,0.63,0.7419,1
seed_00359.png,Barnyard Millet,68.35,23.6,54.23,35.9,6.328,0.914,0.8739,1
seed_00360.png,Barnyard Millet,70.6,25.44,65.82,100.1,5.997,0.859,0.8055,1
seed_00361.png,Kodo Millet,80.69,23.2,76.55,96.63,5.839,0.677,0.6156,0
seed_00362.png,Foxtail Millet,61.88,26.79,54.16,55.08,8.384,0.714,0.3493,1
seed_00363.png,Proso Millet,38.81,27.06,71.95,21.26,4.002,0.783,0.0421,0
seed_00364.png,Proso Millet,82.79,22.42,65.98,33.98,6.017,0.836,0.7983,1
seed_00365.png,Pearl Millet,48.77,20.45,55.08,86.55,6.512,0.466,0.7664,1
seed_00366.png,Barnyard Millet,35.52,23.94,72.71,20.93,6.181,0.578,0.3419,0
seed_00367.png,Barnyard Millet,66.71,27.41,69.31,15.66,5.67,0.184,0.2935,0
seed_00368.png,Pearl Millet,70.16,29.54,81.43,256.82,6.642,0.958,0.6455,1
seed_00369.png,Kodo Millet,75.06,23.58,75.32,9.26,5.143,0.468,0.2978,0
seed_00370.png,Finger Millet,75.69,28.74,72.35,79.66,6.338,0.574,0.61,0
seed_00371.png,Little Millet,50.11,25.82,46.59,25.77,5.941,0.72,0.6473,0
seed_00372.png,Foxtail Millet,56.91,33.82,80.54,212.19,6.482,0.662,0.3501,1
seed_00373.png,Barnyard Millet,52.57,15.4,68.67,17.93,6.504,0.733,0.2895,0
seed_00374.png,Little Millet,65.74,30.55,71.84,76.7,5.675,0.879,0.8464,1
seed_00375.png,Little Millet,59.53,36.18,68.01,98.45,6.583,0.87,0.616,1
seed_00376.png,Kodo Millet,48.22,14.43,86.16,30.4,5.982,0.484,0.099,0
seed_00377.png,Pearl Millet,66.64,32.9,58.5,189.97,7.437,0.78,0.5179,1
seed_00378.png,Foxtail Millet,64.22,27.24,72.84,26.89,6.408,0.957,0.9093,1
seed_00379.png,Pearl Millet,37.71,27.36,67.11,9.72,7.275,0.52,0.3045,1
seed_00380.png,Barnyard Millet,68.56,11.75,72.03,47.97,6.243,0.713,0.1436,0
seed_00381.png,Little Millet,39.89,29.11,62.19,7.48,5.906,0.493,0.3784,1
seed_00382.png,Little Millet,69.92,26.3,60.9,106.25,6.697,0.295,0.4969,1
seed_00383.png,Little Millet,78.28,29.25,50.35,13.62,6.876,0.509,0.397,1
seed_00384.png,Pearl Millet,28.4,22.98,58.29,78.41,5.024,0.866,0.2142,0
seed_00385.png,Pearl Millet,83.55,22.38,74.62,20.32,7.726,0.798,0.5494,1
seed_00386.png,Little Millet,55.81,27.9,68.63,61.78,6.975,0.451,0.5262,1
seed_00387.png,Finger Millet,74.36,33.41,41.71,23.39,7.219,0.694,0.3325,0
seed_00388.png,Pearl Millet,53.44,28.46,76.7,70.44,6.113,0.765,0.8284,1
seed_00389.png,Pearl Millet,48.14,18.33,71.63,35.15,5.395,0.651,0.2426,1
seed_00390.png,Little Millet,33.27,11.12,61.24,77.01,8.797,0.494,0.01,0
seed_00391.png,Finger Millet,46.12,35.14,27.71,54.63,6.935,0.715,0.2909,0
seed_00392.png,Foxtail Millet,58.35,29.04,53.39,14.02,6.753,0.76,0.7826,1
seed_00393.png,Barnyard Millet,82.33,28.72,48.72,47.45,7.631,0.769,0.5214,0
seed_00394.png,Proso Millet,57.35,17.69,94.94,29.97,6.955,0.677,0.5443,0
seed_00395.png,Proso Millet,50.99,31.58,67.91,4.62,7.969,0.662,0.2972,0
seed_00396.png,Barnyard Millet,63.17,33.85,40.86,6.44,6.236,0.897,0.7602,1
seed_00397.png,Foxtail Millet,67.35,27.79,78.92,19.1,6.896,0.683,0.745,1
seed_00398.png,Proso Millet,69.74,23.87,38.5,1.57,5.604,0.731,0.7269,1
seed_00399.png,Kodo Millet,72.59,33.42,53.34,12.5,6.583,0.713,0.5681,0
seed_00400.png,Kodo Millet,76.71,32.1,98.0,44.01,6.216,0.799,0.6016,1
seed_00401.png,Finger Millet,69.37,9.21,82.34,126.4,7.241,0.408,0.0234,0
seed_00402.png,Foxtail Millet,55.14,21.75,47.58,43.44,7.061,0.739,0.7011,1
seed_00403.png,Pearl Millet,26.09,32.2,53.18,37.71,6.807,0.67,0.1818,1
seed_00404.png,Foxtail Millet,58.12,24.68,67.78,19.72,7.427,0.444,0.4987,1
seed_00405.png,Foxtail Millet,41.85,33.63,61.66,76.0,7.597,0.462,0.2227,1
seed_00406.png,Proso Millet,58.93,23.58,66.96,40.03,5.511,0.738,0.7455,1
seed_00407.png,Proso Millet,63.31,28.96,58.75,102.2,6.897,0.756,0.7865,1
seed_00408.png,Foxtail Millet,45.72,27.89,73.85,32.48,6.552,0.556,0.4734,1
seed_00409.png,Pearl Millet,51.0,18.46,88.26,146.68,8.247,0.297,0.0499,0
seed_00410.png,Foxtail Millet,52.7,29.47,50.56,40.12,7.026,0.798,0.7416,1
seed_00411.png,Barnyard Millet,43.46,21.61,78.69,86.58,6.137,0.677,0.3599,1
seed_00412.png,Kodo Millet,57.26,16.9,85.59,72.01,6.548,0.485,0.3273,1
seed_00413.png,Kodo Millet,35.07,26.25,44.61,13.87,6.783,0.422,0.2566,1
seed_00414.png,Pearl Millet,63.18,31.69,74.67,2.53,6.575,0.724,0.8406,1
seed_00415.png,Foxtail Millet,77.61,30.62,56.67,71.9,5.417,0.775,0.7959,1
seed_00416.png,Finger Millet,83.06,30.66,77.97,67.28,4.97,0.58,0.2654,0
seed_00417.png,Finger Millet,71.44,31.33,93.07,31.73,5.878,0.692,0.5794,0
seed_00418.png,Little Millet,78.83,19.86,75.85,25.44,5.609,0.319,0.126,0
seed_00419.png,Pearl Millet,58.96,30.7,60.58,55.29,7.138,0.846,0.8923,1
seed_00420.png,Kodo Millet,52.08,34.16,23.5,22.69,5.408,0.524,0.2616,0
seed_00421.png,Kodo Millet,69.49,31.19,86.19,17.53,5.547,0.322,0.4125,0
seed_00422.png,Pearl Millet,53.68,25.2,59.03,51.7,5.979,0.935,0.9117,1
seed_00423.png,Proso Millet,71.73,35.17,89.79,38.67,6.022,0.337,0.2637,0
seed_00424.png,Proso Millet,53.74,30.77,78.37,108.75,7.808,0.874,0.5218,1
seed_00425.png,Foxtail Millet,36.3,27.6,65.59,38.89,5.98,0.835,0.564,0
seed_00426.png,Proso Millet,62.24,16.64,65.42,62.21,5.36,0.524,0.3752,0
seed_00427.png,Kodo Millet,70.0,17.2,69.02,0.93,6.539,0.834,0.4356,0
seed_00428.png,Finger Millet,57.37,13.33,42.37,26.47,6.182,0.382,0.0854,0
seed_00429.png,Kodo Millet,20.95,20.85,60.94,48.47,5.743,0.876,0.1787,1
seed_00430.png,Proso Millet,65.18,30.54,65.07,194.93,7.097,0.8,0.7462,0
seed_00431.png,Kodo Millet,71.81,21.29,86.2,49.03,6.596,0.534,0.6508,0
seed_00432.png,Finger Millet,46.93,25.68,92.04,57.98,7.251,0.776,0.7439,1
seed_00433.png,Barnyard Millet,71.09,21.38,98.0,18.99,6.781,0.289,0.2152,0
seed_00434.png,Barnyard Millet,77.23,31.79,54.72,0.9,6.245,0.698,0.6394,0
seed_00435.png,Pearl Millet,59.83,31.59,83.7,49.91,5.92,0.363,0.6505,1
seed_00436.png,Proso Millet,37.76,30.8,53.02,24.76,5.268,0.897,0.5898,0
seed_00437.png,Finger Millet,57.66,24.97,71.11,12.57,6.713,0.514,0.7798,0
seed_00438.png,Pearl Millet,57.72,23.18,60.36,20.6,5.413,0.958,0.8217,1
seed_00439.png,Pearl Millet,60.21,25.02,68.64,109.36,5.303,0.318,0.5613,1
seed_00440.png,Barnyard Millet,56.31,25.23,91.04,24.41,7.506,0.59,0.2717,0
seed_00441.png,Proso Millet,60.99,24.27,57.57,135.01,7.001,0.892,0.8155,0
seed_00442.png,Little Millet,46.7,39.04,91.16,89.91,6.693,0.776,0.162,0
seed_00443.png,Pearl Millet,40.8,18.29,74.48,6.54,6.44,0.337,0.2157,0
seed_00444.png,Kodo Millet,59.17,29.99,81.35,320.0,5.611,0.944,0.3391,1
seed_00445.png,Pearl Millet,56.7,20.26,74.21,50.08,6.764,0.538,0.6025,0
seed_00446.png,Kodo Millet,64.25,25.15,51.82,32.86,5.375,0.652,0.8012,1
seed_00447.png,Barnyard Millet,44.16,27.63,54.05,89.77,7.057,0.56,0.3821,1
seed_00448.png,Finger Millet,74.94,30.7,53.95,32.66,6.994,0.439,0.6072,0
seed_00449.png,Little Millet,41.03,26.42,21.77,36.06,7.652,0.614,0.1409,0
seed_00450.png,Foxtail Millet,53.14,24.71,69.74,26.46,6.426,0.725,0.7164,0
seed_00451.png,Finger Millet,50.03,18.15,77.03,8.91,5.81,0.706,0.6425,0
seed_00452.png,Finger Millet,48.52,32.53,54.29,81.12,6.883,0.492,0.4577,0
seed_00453.png,Finger Millet,54.58,37.29,67.32,25.04,7.331,0.826,0.5832,0
seed_00454.png,Barnyard Millet,75.64,18.35,59.02,18.87,6.534,0.93,0.5236,1
seed_00455.png,Kodo Millet,43.0,27.85,69.56,118.34,6.368,0.676,0.5579,1
seed_00456.png,Proso Millet,55.85,30.8,67.82,27.2,6.836,0.521,0.5718,1
seed_00457.png,Foxtail Millet,78.85,30.14,72.65,97.92,6.777,0.494,0.6321,1
seed_00458.png,Pearl Millet,89.17,27.98,82.58,121.2,6.063,0.571,0.7025,1
seed_00459.png,Little Millet,47.39,32.87,60.57,25.96,6.524,0.512,0.3297,1
seed_00460.png,Finger Millet,44.35,28.16,92.76,47.28,5.306,0.336,0.2026,0
seed_00461.png,Barnyard Millet,45.33,22.71,93.64,102.3,5.266,0.972,0.4271,1
seed_00462.png,Barnyard Millet,76.17,34.43,35.7,96.57,7.696,0.667,0.1952,0
seed_00463.png,Pearl Millet,42.97,27.45,65.52,199.69,5.924,0.429,0.3492,0
seed_00464.png,Barnyard Millet,71.22,25.69,65.15,51.11,5.32,0.38,0.3661,0
seed_00465.png,Little Millet,66.68,26.49,60.71,6.87,6.991,0.677,0.6945,1
seed_00466.png,Barnyard Millet,48.25,25.06,81.57,89.0,5.948,0.446,0.3692,1
seed_00467.png,Proso Millet,66.46,27.68,55.42,16.94,6.215,0.802,0.9027,1
seed_00468.png,Little Millet,61.61,23.9,81.45,6.45,6.453,0.731,0.8233,1
seed_00469.png,Foxtail Millet,81.49,38.63,52.79,26.68,5.714,0.788,0.3002,1
seed_00470.png,Pearl Millet,80.16,25.06,78.43,178.46,5.825,0.814,0.7792,1
seed_00471.png,Kodo Millet,51.62,12.98,91.5,44.25,7.092,0.515,0.0481,0
seed_00472.png,Proso Millet,43.08,30.8,69.6,112.25,6.053,0.914,0.7136,1
seed_00473.png,Kodo Millet,73.19,22.18,52.29,3.34,7.199,0.649,0.5033,0
seed_00474.png,Pearl Millet,64.46,13.92,60.09,37.85,6.411,0.905,0.5116,1
seed_00475.png,Pearl Millet,29.41,18.77,51.91,105.17,6.823,0.657,0.1427,1
seed_00476.png,Barnyard Millet,73.93,25.74,78.27,114.71,6.721,0.892,0.8385,1
seed_00477.png,Little Millet,50.35,27.9,75.57,77.01,6.431,0.559,0.6554,1
seed_00478.png,Little Millet,45.64,27.68,72.68,18.96,6.472,0.651,0.647,0
seed_00479.png,Finger Millet,76.35,22.35,63.56,49.0,7.208,0.542,0.5326,1
seed_00480.png,Little Millet,56.75,22.17,72.99,30.51,8.047,0.607,0.2812,0
seed_00481.png,Pearl Millet,91.1,23.78,73.07,6.5,6.401,0.876,0.7511,0
seed_00482.png,Foxtail Millet,42.32,28.91,78.37,52.79,5.703,0.324,0.287,0
seed_00483.png,Pearl Millet,73.88,26.49,51.36,144.11,7.023,0.627,0.7164,1
seed_00484.png,Little Millet,72.48,30.99,72.48,56.34,6.331,0.337,0.5015,1
seed_00485.png,Barnyard Millet,35.5,35.03,45.74,21.32,6.455,0.722,0.2065,0
seed_00486.png,Kodo Millet,60.08,22.03,26.3,48.5,5.668,0.626,0.4546,0
seed_00487.png,Barnyard Millet,45.12,37.11,79.11,41.49,5.141,0.351,0.0469,0
seed_00488.png,Finger Millet,77.05,26.93,60.63,38.2,6.334,0.587,0.7009,1
seed_00489.png,Finger Millet,64.31,22.29,78.87,18.15,6.779,0.883,0.8494,1
seed_00490.png,Kodo Millet,41.35,30.37,95.63,19.27,5.821,0.273,0.2534,0
seed_00491.png,Pearl Millet,33.23,29.59,48.64,50.96,6.17,0.313,0.2436,0
seed_00492.png,Pearl Millet,41.14,26.26,63.5,46.61,6.986,0.739,0.7603,1
seed_00493.png,Barnyard Millet,65.49,22.58,73.69,31.82,4.717,0.737,0.3552,0
seed_00494.png,Proso Millet,35.9,28.7,68.95,25.94,6.149,0.285,0.2118,1
seed_00495.png,Little Millet,67.73,22.61,56.01,4.25,5.787,0.675,0.7051,1
seed_00496.png,Pearl Millet,66.47,26.27,81.87,141.23,5.011,0.794,0.7603,1
seed_00497.png,Finger Millet,59.61,20.31,56.98,43.45,6.202,0.372,0.6197,1
seed_00498.png,Little Millet,47.19,25.43,61.85,96.84,7.876,0.375,0.1864,0
seed_00499.png,Kodo Millet,85.01,32.69,77.74,55.05,6.472,0.931,0.7785,1
seed_00500.png,Finger Millet,52.88,26.18,51.16,18.41,7.389,0.353,0.421,1
seed_00501.png,Kodo Millet,65.16,25.48,37.13,76.04,6.768,0.419,0.4363,1
seed_00502.png,Foxtail Millet,49.43,29.23,57.59,87.15,7.006,0.385,0.3252,0
seed_00503.png,Finger Millet,79.33,27.37,76.54,88.86,5.048,0.621,0.4795,0
seed_00504.png,Pearl Millet,56.8,23.86,98.0,143.75,6.708,0.637,0.6093,0
seed_00505.png,Foxtail Millet,75.6,28.83,52.49,9.2,6.264,0.672,0.5184,0
seed_00506.png,Little Millet,80.29,15.97,46.63,2.68,6.096,0.612,0.1132,1
seed_00507.png,Pearl Millet,85.32,29.6,67.78,4.24,7.215,0.813,0.7459,1
seed_00508.png,Foxtail Millet,55.82,19.54,66.55,51.78,6.593,0.424,0.4415,1
seed_00509.png,Kodo Millet,43.48,30.6,69.36,3.48,7.086,0.508,0.4394,0
seed_00510.png,Kodo Millet,69.78,26.35,83.69,6.56,6.378,0.431,0.4643,0
seed_00511.png,Kodo Millet,73.43,17.85,54.69,29.62,8.571,0.375,0.0568,0
seed_00512.png,Little Millet,45.14,33.84,72.63,162.8,4.849,0.679,0.1511,1
seed_00513.png,Finger Millet,78.18,36.38,69.72,124.49,6.253,0.371,0.4194,1
seed_00514.png,Pearl Millet,41.17,8.0,65.46,185.02,4.152,0.179,0.01,0
seed_00515.png,Finger Millet,53.43,23.22,72.92,53.36,7.09,0.254,0.4172,1
seed_00516.png,Foxtail Millet,52.94,20.86,79.78,58.76,6.569,0.483,0.4979,1
seed_00517.png,Barnyard Millet,59.99,17.29,73.21,32.86,6.037,0.811,0.4791,1
seed_00518.png,Foxtail Millet,73.95,31.77,49.63,76.63,5.889,0.833,0.8633,1
seed_00519.png,Finger Millet,69.62,32.08,73.03,42.73,6.883,0.935,0.9128,1
seed_00520.png,Proso Millet,65.27,27.08,73.45,21.51,6.343,0.359,0.417,0
seed_00521.png,Proso Millet,54.26,26.08,53.39,42.91,5.688,0.315,0.3916,0
seed_00522.png,Proso Millet,65.28,25.33,62.72,15.05,6.168,0.312,0.5719,1
seed_00523.png,Proso Millet,55.96,24.18,56.13,77.16,5.569,0.605,0.4197,0
seed_00524.png,Pearl Millet,58.45,29.54,42.48,6.12,6.881,0.814,0.876,1
seed_00525.png,Kodo Millet,60.83,23.96,59.75,39.32,6.339,0.359,0.767,1
seed_00526.png,Little Millet,44.05,31.78,73.09,61.83,7.012,0.703,0.5147,1
seed_00527.png,Little Millet,43.85,30.92,79.48,29.24,6.699,0.878,0.6133,0
seed_00528.png,Little Millet,83.43,28.48,61.66,35.82,5.882,0.396,0.3037,0
seed_00529.png,Pearl Millet,43.44,26.54,64.21,32.54,5.317,0.307,0.2555,0
seed_00530.png,Proso Millet,57.47,10.17,41.6,6.16,6.863,0.979,0.152,0
seed_00531.png,Barnyard Millet,80.0,24.5,52.86,28.41,6.617,0.225,0.4821,1
seed_00532.png,Barnyard Millet,45.66,20.05,61.56,58.41,5.548,0.639,0.3717,1
seed_00533.png,Kodo Millet,66.5,27.43,62.51,94.51,7.367,0.74,0.6089,0
seed_00534.png,Barnyard Millet,76.64,22.43,54.86,21.18,5.656,0.928,0.7371,1
seed_00535.png,Foxtail Millet,61.02,29.35,74.68,27.55,6.834,0.816,0.7653,1
seed_00536.png,Little Millet,37.33,26.09,44.84,91.93,5.371,0.828,0.2754,0
seed_00537.png,Pearl Millet,80.64,24.32,61.31,8.57,6.694,0.183,0.3894,0
seed_00538.png,Finger Millet,55.1,27.45,64.71,27.09,7.099,0.596,0.7539,1
seed_00539.png,Pearl Millet,67.51,17.24,83.65,5.16,5.689,0.821,0.5652,0
seed_00540.png,Proso Millet,69.48,31.3,76.83,25.98,8.107,0.64,0.5395,0
seed_00541.png,Finger Millet,50.21,30.47,64.65,2.93,7.192,0.883,0.7572,1
seed_00542.png,Proso Millet,68.97,28.9,42.31,10.71,7.141,0.837,0.7691,1
seed_00543.png,Barnyard Millet,26.71,28.3,47.57,6.43,5.4,0.662,0.0855,0
seed_00544.png,Kodo Millet,55.23,31.18,98.0,118.43,6.453,0.833,0.5923,1
seed_00545.png,Pearl Millet,53.08,27.87,86.88,99.96,6.585,0.884,0.827,1
seed_00546.png,Barnyard Millet,65.92,15.45,49.96,22.03,5.985,0.375,0.1712,1
seed_00547.png,Proso Millet,78.43,31.34,82.71,78.01,5.15,0.922,0.6483,1
seed_00548.png,Proso Millet,87.95,26.08,83.68,0.73,5.675,0.55,0.3312,0
seed_00549.png,Pearl Millet,53.19,24.08,42.34,11.87,5.147,0.812,0.5813,1
seed_00550.png,Finger Millet,50.53,18.82,74.39,9.54,5.624,0.794,0.5587,0
seed_00551.png,Proso Millet,62.95,19.71,70.88,8.28,6.199,0.673,0.7019,1
seed_00552.png,Proso Millet,67.55,14.57,42.55,37.68,5.735,0.76,0.2773,0
seed_00553.png,Kodo Millet,75.17,29.76,46.42,6.9,5.52,0.877,0.732,1
seed_00554.png,Foxtail Millet,77.36,23.46,64.91,9.74,6.129,0.279,0.2677,1
seed_00555.png,Kodo Millet,43.88,29.37,65.6,28.35,6.906,0.74,0.7014,1
seed_00556.png,Pearl Millet,77.09,33.37,76.94,7.76,6.509,0.599,0.6503,1
seed_00557.png,Kodo Millet,69.59,15.12,74.08,30.46,7.154,0.801,0.5645,1
seed_00558.png,Finger Millet,59.27,32.84,60.16,23.25,5.572,0.88,0.7826,1
seed_00559.png,Barnyard Millet,80.89,32.6,62.92,48.3,7.061,0.773,0.6286,0
seed_00560.png,Little Millet,64.54,21.98,57.25,125.81,5.214,0.675,0.6681,1
seed_00561.png,Foxtail Millet,98.0,16.99,81.79,15.91,5.734,0.491,0.0144,0
seed_00562.png,Proso Millet,70.39,42.14,87.85,65.03,5.946,0.627,0.0789,0
seed_00563.png,Little Millet,49.65,14.59,83.76,11.4,5.376,0.441,0.0777,0
seed_00564.png,Foxtail Millet,34.74,31.72,82.65,15.94,5.087,0.722,0.1333,0
seed_00565.png,Proso Millet,34.86,28.22,67.54,102.41,7.614,0.727,0.3774,0
seed_00566.png,Barnyard Millet,55.79,29.27,50.89,30.09,7.239,0.407,0.5287,1
seed_00567.png,Kodo Millet,66.37,38.42,18.8,15.79,6.641,0.885,0.2868,0
seed_00568.png,Proso Millet,61.22,36.44,86.49,15.75,6.011,0.479,0.3704,0
seed_00569.png,Kodo Millet,94.15,16.46,68.66,2.46,6.261,0.57,0.0597,0
seed_00570.png,Foxtail Millet,60.85,31.11,65.02,99.5,5.106,0.672,0.5613,0
seed_00571.png,Proso Millet,72.02,35.85,68.65,78.31,6.21,0.662,0.5657,1
seed_00572.png,Pearl Millet,66.95,32.49,61.59,70.71,5.946,0.799,0.8053,0
seed_00573.png,Proso Millet,91.82,30.85,44.23,40.05,7.465,0.766,0.5127,0
seed_00574.png,Foxtail Millet,64.74,27.03,78.59,134.17,7.277,0.525,0.5215,1
seed_00575.png,Proso Millet,61.9,15.58,80.8,58.37,5.466,0.249,0.1222,0
seed_00576.png,Finger Millet,69.37,27.98,45.24,1.15,5.442,0.351,0.3719,1
seed_00577.png,Little Millet,78.93,20.15,52.63,60.82,8.188,0.508,0.144,0
seed_00578.png,Barnyard Millet,51.34,46.0,66.25,21.07,6.552,0.494,0.0214,0
seed_00579.png,Proso Millet,61.77,20.91,69.16,63.07,5.492,0.671,0.4813,1
seed_00580.png,Little Millet,22.71,27.97,74.69,76.0,6.603,0.163,0.022,0
seed_00581.png,Finger Millet,46.29,26.47,47.15,102.25,6.334,0.654,0.6616,0
seed_00582.png,Kodo Millet,44.62,41.29,48.43,226.4,7.375,0.836,0.1005,0
seed_00583.png,Foxtail Millet,67.73,35.69,39.05,104.98,6.644,0.596,0.3984,0
seed_00584.png,Foxtail Millet,61.37,32.09,51.36,102.25,5.825,0.664,0.7259,1
seed_00585.png,Kodo Millet,53.37,23.89,72.33,20.1,7.528,0.739,0.6898,1
seed_00586.png,Finger Millet,69.12,19.15,64.29,21.29,5.728,0.425,0.3803,0
seed_00587.png,Pearl Millet,48.23,27.92,65.4,135.1,6.535,0.529,0.7417,0
seed_00588.png,Barnyard Millet,35.5,32.83,74.8,18.01,5.942,0.453,0.1463,0
seed_00589.png,Pearl Millet,76.6,19.27,60.82,134.97,6.557,0.707,0.3776,1
seed_00590.png,Proso Millet,34.26,25.54,94.3,26.79,5.374,0.834,0.2763,0
seed_00591.png,Foxtail Millet,82.27,31.83,73.61,69.19,6.917,0.383,0.2557,1
seed_00592.png,Kodo Millet,63.21,30.84,78.86,9.85,6.377,0.893,0.8599,1
seed_00593.png,Proso Millet,70.34,33.31,31.93,90.61,5.948,0.736,0.5873,1
seed_00594.png,Finger Millet,85.32,36.12,69.16,17.13,6.794,0.583,0.4757,0
seed_00595.png,Proso Millet,71.29,28.53,72.54,3.54,7.611,0.405,0.3792,0
seed_00596.png,Finger Millet,44.02,26.23,88.11,35.73,4.577,0.585,0.2043,0
seed_00597.png,Kodo Millet,57.79,21.53,69.44,85.79,6.575,0.723,0.6833,0
seed_00598.png,Proso Millet,64.52,24.61,57.02,11.6,6.216,0.587,0.5656,1
seed_00599.png,Finger Millet,39.39,18.88,72.68,48.93,6.378,0.865,0.5672,1
seed_00600.png,Proso Millet,53.57,14.42,46.28,25.05,6.682,0.214,0.0914,0
seed_00601.png,Pearl Millet,63.52,17.29,67.88,221.16,5.573,0.468,0.1838,0
seed_00602.png,Foxtail Millet,83.13,22.16,66.51,18.76,6.99,0.863,0.557,1
seed_00603.png,Proso Millet,52.77,28.03,66.7,40.62,7.24,0.135,0.3931,0
seed_00604.png,Barnyard Millet,69.12,10.62,70.26,65.2,7.286,0.466,0.0253,0
seed_00605.png,Pearl Millet,49.74,21.86,73.65,106.93,7.3,0.481,0.5616,1
seed_00606.png,Foxtail Millet,64.09,30.74,72.1,29.44,6.688,0.708,0.6907,1
seed_00607.png,Finger Millet,51.75,23.78,43.75,29.27,7.448,0.182,0.2548,0
seed_00608.png,Finger Millet,67.44,22.58,73.51,82.59,6.847,0.741,0.7054,1
seed_00609.png,Proso Millet,55.65,33.36,61.7,158.29,6.348,0.458,0.3821,0
seed_00610.png,Little Millet,60.67,30.15,75.56,47.49,7.862,0.728,0.485,1
seed_00611.png,Finger Millet,52.92,38.37,78.68,17.53,7.311,0.472,0.2492,1
seed_00612.png,Little Millet,51.65,31.57,75.58,33.09,6.792,0.582,0.5097,1
seed_00613.png,Proso Millet,65.15,32.79,48.99,62.23,6.82,0.954,0.8679,1
seed_00614.png,Pearl Millet,51.01,32.34,65.08,123.94,7.11,0.66,0.6455,0
seed_00615.png,Kodo Millet,55.41,28.3,40.11,21.22,5.803,0.717,0.6582,1
seed_00616.png,Kodo Millet,64.85,19.92,49.39,99.61,7.459,0.626,0.5663,0
seed_00617.png,Foxtail Millet,76.95,31.71,58.04,94.26,5.842,0.783,0.7047,0
seed_00618.png,Little Millet,74.51,40.61,76.18,26.74,5.163,0.652,0.055,0
seed_00619.png,Kodo Millet,39.39,42.3,58.36,0.23,8.07,0.322,0.01,0
seed_00620.png,Proso Millet,59.17,27.21,70.77,61.79,4.621,0.581,0.3358,0
seed_00621.png,Finger Millet,33.62,19.35,44.96,20.93,7.73,0.751,0.0866,0
seed_00622.png,Foxtail Millet,39.87,29.68,63.8,32.45,7.09,0.854,0.5712,1
seed_00623.png,Little Millet,49.72,32.25,61.79,27.89,7.725,0.369,0.1285,0
seed_00624.png,Pearl Millet,49.95,22.75,60.57,150.99,6.413,0.212,0.408,0
seed_00625.png,Pearl Millet,62.85,31.15,56.78,11.88,6.083,0.691,0.773,0
seed_00626.png,Barnyard Millet,71.65,10.05,51.17,142.27,6.026,0.672,0.0587,0
seed_00627.png,Foxtail Millet,46.59,20.76,64.07,0.25,8.096,0.847,0.325,0
seed_00628.png,Little Millet,69.87,26.33,81.17,25.86,5.268,0.671,0.463,0
seed_00629.png,Little Millet,84.15,17.69,74.26,82.12,5.155,0.937,0.1533,0
seed_00630.png,Pearl Millet,66.94,27.43,67.22,13.93,6.697,0.239,0.518,1
seed_00631.png,Foxtail Millet,49.5,29.14,89.74,37.53,6.442,0.94,0.8372,1
seed_00632.png,Little Millet,53.8,27.93,32.61,42.96,8.539,0.759,0.1719,0
seed_00633.png,Kodo Millet,77.22,24.22,78.84,20.46,5.374,0.457,0.4685,1
seed_00634.png,Foxtail Millet,57.52,31.21,53.53,25.22,6.232,0.847,0.8384,1
seed_00635.png,Foxtail Millet,62.81,34.37,74.38,6.63,6.262,0.938,0.694,1
seed_00636.png,Barnyard Millet,44.98,29.8,71.24,83.6,5.935,0.62,0.5048,1
seed_00637.png,Proso Millet,59.64,38.0,59.84,97.41,7.504,0.653,0.2976,1
seed_00638.png,Proso Millet,67.07,18.51,44.38,102.24,7.237,0.538,0.3623,0
seed_00639.png,Barnyard Millet,67.46,40.02,62.61,38.13,6.211,0.633,0.1838,0
seed_00640.png,Foxtail Millet,77.68,25.22,49.78,6.7,8.006,0.644,0.3713,0
seed_00641.png,Barnyard Millet,46.81,35.67,95.76,7.14,7.125,0.574,0.1834,0
seed_00642.png,Little Millet,55.62,30.65,85.33,197.42,4.757,0.73,0.1184,0
seed_00643.png,Foxtail Millet,81.79,24.69,67.45,22.41,5.67,0.643,0.5874,1
seed_00644.png,Proso Millet,56.36,27.07,62.94,11.12,7.684,0.438,0.3987,0
seed_00645.png,Barnyard Millet,96.24,27.1,36.72,26.15,6.612,0.546,0.3224,1
seed_00646.png,Finger Millet,76.61,24.03,79.23,20.06,6.368,0.857,0.8373,0
seed_00647.png,Foxtail Millet,40.05,17.35,57.23,18.73,5.406,0.311,0.0465,0
seed_00648.png,Foxtail Millet,78.56,23.85,27.03,74.28,5.777,0.6,0.5461,0
seed_00649.png,Finger Millet,59.98,16.12,62.22,49.39,5.663,0.593,0.3743,0
seed_00650.png,Finger Millet,59.57,29.2,76.76,5.17,5.649,0.145,0.2075,0
seed_00651.png,Kodo Millet,68.82,29.05,49.19,81.6,7.087,0.49,0.5622,0
seed_00652.png,Kodo Millet,83.43,28.3,23.79,7.87,6.637,0.562,0.4315,1
seed_00653.png,Kodo Millet,36.39,19.45,61.13,30.79,7.549,0.773,0.1886,0
seed_00654.png,Barnyard Millet,32.5,23.36,62.22,31.95,5.064,0.219,0.0528,0
seed_00655.png,Proso Millet,47.2,32.79,44.22,102.29,6.311,0.889,0.7763,1
seed_00656.png,Kodo Millet,53.63,24.14,85.08,59.44,5.76,0.473,0.5771,1
seed_00657.png,Finger Millet,56.63,26.79,53.4,53.64,6.186,0.864,0.9355,1
seed_00658.png,Proso Millet,46.04,28.22,71.55,1.61,5.91,0.39,0.5485,1
seed_00659.png,Foxtail Millet,66.38,23.55,66.72,24.7,8.043,0.42,0.2195,0
seed_00660.png,Finger Millet,43.29,41.11,75.81,29.11,6.633,0.471,0.0821,0
seed_00661.png,Foxtail Millet,57.08,25.26,56.39,155.06,8.041,0.763,0.4059,0
seed_00662.png,Barnyard Millet,46.17,29.11,60.11,132.67,6.443,0.892,0.7632,1
seed_00663.png,Kodo Millet,71.42,25.02,58.32,33.18,5.092,0.462,0.363,0
seed_00664.png,Finger Millet,84.69,39.37,88.26,279.68,6.733,0.903,0.0639,0
seed_00665.png,Kodo Millet,34.66,30.04,48.46,29.78,5.536,0.705,0.4443,0
seed_00666.png,Pearl Millet,80.31,30.1,44.95,60.09,5.874,0.658,0.6796,1
seed_00667.png,Foxtail Millet,79.35,13.13,49.7,223.38,6.146,0.825,0.0458,0
seed_00668.png,Proso Millet,83.61,32.4,47.17,32.19,4.609,0.664,0.1855,0
seed_00669.png,Foxtail Millet,57.71,26.78,70.99,10.53,5.344,0.4,0.2711,0
seed_00670.png,Pearl Millet,57.25,25.49,67.99,18.95,5.935,0.519,0.6977,0
seed_00671.png,Proso Millet,54.57,28.41,77.7,54.22,5.179,0.777,0.6365,1
seed_00672.png,Proso Millet,53.22,33.27,71.04,82.51,6.377,0.522,0.5037,1
seed_00673.png,Foxtail Millet,81.3,23.72,44.57,49.07,5.699,0.533,0.4429,1
seed_00674.png,Little Millet,42.77,15.88,82.92,44.89,7.668,0.264,0.0234,0
seed_00675.png,Little Millet,47.82,27.41,62.53,186.26,7.053,0.83,0.7112,0
seed_00676.png,Barnyard Millet,66.02,32.45,73.31,56.67,5.302,0.347,0.2942,0
seed_00677.png,Pearl Millet,68.25,32.04,80.25,11.51,5.479,0.679,0.636,1
seed_00678.png,Barnyard Millet,32.93,12.28,98.0,14.34,7.294,0.858,0.0232,0
seed_00679.png,Proso Millet,65.97,23.98,54.34,24.33,5.437,0.457,0.5684,1
seed_00680.png,Little Millet,67.97,15.29,67.05,38.95,6.051,0.261,0.0905,0
seed_00681.png,Kodo Millet,50.43,22.02,36.91,22.32,5.274,0.563,0.3018,1
seed_00682.png,Foxtail Millet,69.05,33.57,86.32,86.58,6.507,0.903,0.7772,0
seed_00683.png,Proso Millet,74.87,17.35,68.93,14.93,6.827,0.408,0.4118,1
seed_00684.png,Finger Millet,84.06,30.64,89.57,30.66,5.893,0.637,0.4881,0
seed_00685.png,Foxtail Millet,40.69,18.1,81.55,83.02,6.892,0.148,0.0546,0
seed_00686.png,Barnyard Millet,48.25,28.96,52.87,115.56,7.852,0.179,0.1445,0
seed_00687.png,Barnyard Millet,85.14,29.53,83.25,31.34,7.498,0.768,0.535,1
seed_00688.png,Little Millet,53.86,20.92,63.7,43.54,6.704,0.448,0.3904,0
seed_00689.png,Kodo Millet,58.8,37.9,65.31,95.46,4.558,0.778,0.121,0
seed_00690.png,Foxtail Millet,37.82,19.51,74.68,320.0,6.136,0.402,0.0171,0
seed_00691.png,Little Millet,53.96,25.75,38.43,53.85,7.193,0.788,0.7377,0
seed_00692.png,Foxtail Millet,28.16,35.31,90.84,35.6,5.676,0.826,0.068,0
seed_00693.png,Kodo Millet,56.41,28.18,57.63,81.83,6.335,0.898,0.8931,1
seed_00694.png,Finger Millet,69.26,32.79,63.76,41.89,4.946,0.712,0.3506,0
seed_00695.png,Finger Millet,65.84,16.79,46.8,9.02,7.454,0.576,0.3119,1
seed_00696.png,Little Millet,73.93,21.0,64.24,20.08,5.491,0.34,0.2671,0
seed_00697.png,Pearl Millet,46.82,31.09,56.47,218.74,5.269,0.668,0.461,1
seed_00698.png,Kodo Millet,79.2,18.22,68.87,50.85,5.617,0.809,0.1899,0
seed_00699.png,Foxtail Millet,67.7,23.75,62.32,42.07,7.609,0.966,0.727,1
seed_00700.png,Pearl Millet,69.85,20.52,64.55,55.28,6.485,0.883,0.8975,1
seed_00701.png,Barnyard Millet,51.07,28.28,72.12,6.42,6.539,0.401,0.4771,0
seed_00702.png,Finger Millet,58.73,24.85,42.14,31.43,6.018,0.659,0.7979,1
seed_00703.png,Barnyard Millet,66.73,27.23,60.79,51.81,5.2,0.455,0.3635,0
seed_00704.png,Foxtail Millet,57.77,23.44,59.75,66.73,7.343,0.353,0.3523,1
seed_00705.png,Barnyard Millet,68.98,17.49,84.56,22.05,5.518,0.785,0.226,0
seed_00706.png,Kodo Millet,31.59,33.46,74.07,20.88,5.036,0.693,0.1375,0
seed_00707.png,Kodo Millet,41.19,31.45,55.16,11.89,7.594,0.711,0.3342,1
seed_00708.png,Foxtail Millet,98.0,16.99,38.41,56.9,6.506,0.492,0.0162,0
seed_00709.png,Finger Millet,75.08,28.5,82.33,8.54,7.107,0.481,0.3553,1
seed_00710.png,Barnyard Millet,48.1,37.67,63.64,36.95,5.84,0.567,0.2554,0
seed_00711.png,Barnyard Millet,38.45,30.38,85.3,132.52,5.82,0.32,0.1743,1
seed_00712.png,Foxtail Millet,38.76,25.28,76.25,104.41,6.484,0.687,0.447,0
seed_00713.png,Finger Millet,67.5,27.43,50.6,3.08,6.787,0.534,0.6006,1
seed_00714.png,Pearl Millet,60.73,19.7,73.18,45.98,5.679,0.785,0.7196,0
seed_00715.png,Finger Millet,61.7,34.39,69.39,91.83,6.095,0.903,0.722,1
seed_00716.png,Barnyard Millet,84.49,19.3,76.21,0.59,6.036,0.906,0.2271,0
seed_00717.png,Foxtail Millet,42.44,36.37,61.77,59.69,7.399,0.736,0.2627,0
seed_00718.png,Pearl Millet,46.44,15.82,80.26,163.77,7.193,0.695,0.3071,1
seed_00719.png,Barnyard Millet,44.65,29.12,33.88,26.83,6.824,0.796,0.4423,1
seed_00720.png,Proso Millet,54.72,19.06,71.28,2.93,6.874,0.814,0.7823,1
seed_00721.png,Foxtail Millet,68.38,21.45,50.62,18.74,8.057,0.744,0.3157,0
seed_00722.png,Foxtail Millet,75.51,31.42,47.75,125.76,7.115,0.662,0.6256,0
seed_00723.png,Proso Millet,66.88,22.7,73.87,6.27,5.95,0.605,0.7444,1
seed_00724.png,Foxtail Millet,30.99,23.26,74.86,187.46,5.885,0.258,0.0465,0
seed_00725.png,Pearl Millet,41.98,24.7,59.68,63.02,6.385,0.842,0.7986,1
seed_00726.png,Finger Millet,55.5,26.93,76.34,70.7,5.7,0.645,0.7359,1
seed_00727.png,Proso Millet,53.14,15.45,88.39,54.3,5.201,0.852,0.3694,1
seed_00728.png,Barnyard Millet,78.18,31.8,62.02,34.54,6.879,0.647,0.6084,1
seed_00729.png,Finger Millet,82.26,23.75,68.27,7.2,6.154,0.356,0.4789,1
seed_00730.png,Little Millet,42.46,19.01,57.13,22.16,6.968,0.782,0.459,0
seed_00731.png,Little Millet,64.68,27.54,67.05,75.81,7.077,0.941,0.8775,1
seed_00732.png,Pearl Millet,40.22,32.71,80.75,14.07,5.708,0.85,0.5633,1
seed_00733.png,Finger Millet,45.32,26.4,98.0,89.76,6.773,0.448,0.4916,0
seed_00734.png,Finger Millet,48.1,28.37,61.23,70.15,7.416,0.674,0.7232,1
seed_00735.png,Pearl Millet,47.43,26.41,78.21,151.59,6.612,0.615,0.5809,0
seed_00736.png,Barnyard Millet,85.46,14.76,72.0,157.61,7.757,0.764,0.0215,0
seed_00737.png,Little Millet,90.49,29.14,73.71,55.89,6.354,0.494,0.2945,0
seed_00738.png,Finger Millet,42.15,34.11,58.1,54.87,6.039,0.8,0.5785,1
seed_00739.png,Proso Millet,61.4,22.29,98.0,124.64,6.322,0.5,0.606,0
seed_00740.png,Barnyard Millet,48.19,31.89,61.11,68.67,5.206,0.828,0.4461,0
seed_00741.png,Pearl Millet,63.48,21.5,50.84,16.43,7.275,0.755,0.7978,1
seed_00742.png,Finger Millet,61.7,31.75,62.01,58.16,7.032,0.647,0.818,1
seed_00743.png,Kodo Millet,62.62,33.22,35.45,54.66,4.925,0.555,0.3497,1
seed_00744.png,Little Millet,61.5,20.07,40.8,61.76,6.663,0.78,0.4507,0
seed_00745.png,Barnyard Millet,81.42,35.03,64.67,247.86,5.195,0.435,0.09,0
seed_00746.png,Finger Millet,79.05,27.77,63.1,7.88,6.917,0.949,0.8466,1
seed_00747.png,Proso Millet,83.71,29.04,79.37,6.9,7.688,0.196,0.0726,0
seed_00748.png,Foxtail Millet,80.65,25.97,56.6,4.55,5.41,0.893,0.6576,1
seed_00749.png,Finger Millet,41.38,22.06,76.95,82.21,6.487,0.728,0.599,0
seed_00750.png,Proso Millet,78.81,25.09,47.71,58.57,7.788,0.549,0.5348,0
seed_00751.png,Kodo Millet,82.28,26.71,84.35,4.65,7.134,0.616,0.4703,1
seed_00752.png,Finger Millet,77.57,28.0,79.64,113.4,7.248,0.667,0.7298,1
seed_00753.png,Barnyard Millet,67.97,28.34,37.12,7.99,7.149,0.556,0.4641,1
seed_00754.png,Kodo Millet,22.13,27.92,63.69,2.66,5.959,0.422,0.0706,0
seed_00755.png,Foxtail Millet,67.78,21.07,65.96,4.86,6.704,0.373,0.2977,0
seed_00756.png,Proso Millet,60.25,19.62,72.59,0.99,7.628,0.864,0.5489,0
seed_00757.png,Barnyard Millet,67.16,21.69,71.75,38.85,6.859,0.548,0.7022,1
seed_00758.png,Foxtail Millet,44.57,28.11,14.64,17.33,4.568,0.769,0.0992,0
seed_00759.png,Proso Millet,68.57,25.84,66.91,40.87,5.336,0.776,0.7516,1
seed_00760.png,Barnyard Millet,59.61,30.55,74.4,77.75,6.808,0.733,0.7306,1
seed_00761.png,Barnyard Millet,57.13,37.76,85.58,40.78,6.996,0.352,0.1344,0
seed_00762.png,Barnyard Millet,38.5,25.21,52.76,0.43,7.691,0.69,0.2518,0
seed_00763.png,Kodo Millet,94.7,18.44,62.37,242.44,6.366,0.55,0.0354,0
seed_00764.png,Little Millet,23.34,16.68,92.4,111.28,7.04,0.688,0.0185,0
seed_00765.png,Foxtail Millet,36.8,14.37,66.69,31.01,8.704,0.892,0.0199,0
seed_00766.png,Kodo Millet,62.01,27.57,52.61,320.0,4.727,0.932,0.2372,0
seed_00767.png,Finger Millet,29.75,27.68,51.12,7.65,7.759,0.774,0.1937,0
seed_00768.png,Pearl Millet,50.57,31.71,78.2,35.77,6.581,0.767,0.8242,1
seed_00769.png,Pearl Millet,71.49,20.91,56.09,62.3,5.423,0.594,0.6572,1
seed_00770.png,Kodo Millet,85.43,32.76,45.72,10.37,6.273,0.663,0.523,1
seed_00771.png,Finger Millet,53.37,25.05,74.51,71.55,6.047,0.782,0.7567,1
seed_00772.png,Foxtail Millet,34.14,33.62,72.0,182.77,7.039,0.673,0.196,1
seed_00773.png,Finger Millet,42.51,29.66,42.99,59.96,7.639,0.811,0.5376,1
seed_00774.png,Pearl Millet,35.81,32.5,72.29,9.27,7.831,0.775,0.4187,0
seed_00775.png,Barnyard Millet,77.48,35.54,86.98,39.68,5.972,0.368,0.1743,0
seed_00776.png,Little Millet,52.19,33.04,66.01,33.97,6.857,0.678,0.5402,0
seed_00777.png,Pearl Millet,72.66,37.84,37.92,5.52,6.827,0.809,0.5702,0
seed_00778.png,Finger Millet,58.84,25.77,60.87,65.09,8.072,0.459,0.2076,0
seed_00779.png,Barnyard Millet,86.9,20.52,70.28,19.74,6.829,0.463,0.2494,0
seed_00780.png,Proso Millet,40.96,14.27,46.39,8.44,6.546,0.503,0.1082,0
seed_00781.png,Proso Millet,73.82,24.18,64.41,9.89,5.575,0.545,0.6438,0
seed_00782.png,Kodo Millet,56.27,35.77,69.49,61.41,7.042,0.533,0.3917,0
seed_00783.png,Pearl Millet,80.06,26.26,69.2,12.19,4.726,0.793,0.5381,0
seed_00784.png,Finger Millet,35.23,17.36,43.61,40.08,7.535,0.524,0.0698,0
seed_00785.png,Kodo Millet,35.25,26.62,53.45,62.49,4.352,0.716,0.0768,0
seed_00786.png,Finger Millet,67.72,26.13,83.3,13.3,6.809,0.742,0.8376,0
seed_00787.png,Foxtail Millet,54.25,19.17,98.0,53.91,5.785,0.876,0.5935,1
seed_00788.png,Foxtail Millet,50.11,36.23,52.6,31.03,5.75,0.767,0.5481,0
seed_00789.png,Foxtail Millet,60.27,27.21,48.51,130.52,7.242,0.225,0.3532,1
seed_00790.png,Kodo Millet,61.49,22.81,64.68,5.21,5.112,0.256,0.2825,0
seed_00791.png,Finger Millet,66.93,8.0,46.41,13.93,6.281,0.959,0.046,0
seed_00792.png,Proso Millet,53.82,28.79,70.61,134.78,5.643,0.772,0.6883,1
seed_00793.png,Barnyard Millet,61.97,21.1,20.95,24.63,6.214,0.656,0.3737,0
seed_00794.png,Kodo Millet,61.36,27.09,54.24,16.5,6.521,0.963,0.936,1
seed_00795.png,Kodo Millet,57.34,21.72,64.63,13.99,4.888,0.897,0.6525,0
seed_00796.png,Proso Millet,49.01,21.93,55.47,118.45,5.531,0.467,0.4891,0
seed_00797.png,Finger Millet,53.13,35.91,73.08,1.86,6.041,0.203,0.1983,0
seed_00798.png,Proso Millet,57.44,24.9,72.78,62.96,5.881,0.665,0.7646,1
seed_00799.png,Proso Millet,88.45,33.03,91.64,47.16,6.816,0.853,0.539,0
seed_00800.png,Finger Millet,49.75,28.34,75.09,1.62,5.406,0.578,0.4269,0
seed_00801.png,Kodo Millet,60.97,26.66,67.02,221.38,5.156,0.668,0.4126,0
seed_00802.png,Barnyard Millet,49.55,40.25,66.13,11.18,6.332,0.805,0.2738,0
seed_00803.png,Pearl Millet,80.71,21.02,52.7,30.81,6.722,0.324,0.4837,0
seed_00804.png,Pearl Millet,64.43,27.29,53.44,26.63,7.149,0.602,0.8091,1
seed_00805.png,Pearl Millet,87.59,26.42,56.76,4.26,5.702,0.576,0.5601,1
seed_00806.png,Proso Millet,52.21,26.08,60.67,35.16,4.35,0.545,0.2156,1
seed_00807.png,Proso Millet,63.86,26.04,74.35,129.64,6.63,0.729,0.7641,1
seed_00808.png,Little Millet,74.96,31.46,51.41,129.44,7.676,0.831,0.5875,1
seed_00809.png,Little Millet,54.08,31.41,67.97,48.07,7.833,0.413,0.1898,0
seed_00810.png,Pearl Millet,54.69,21.74,45.27,57.75,6.217,0.724,0.8105,1
seed_00811.png,Pearl Millet,53.93,24.96,60.19,38.1,5.998,0.92,0.8304,1
seed_00812.png,Proso Millet,67.1,26.53,31.55,15.97,4.493,0.564,0.2717,0
seed_00813.png,Foxtail Millet,56.74,27.38,86.3,30.63,8.136,0.412,0.1911,0
seed_00814.png,Pearl Millet,59.55,32.37,69.97,4.34,6.462,0.48,0.6622,0
seed_00815.png,Proso Millet,77.09,13.78,59.71,2.35,6.892,0.583,0.0731,1
seed_00816.png,Pearl Millet,58.06,23.31,85.5,68.71,6.969,0.835,0.8382,1
seed_00817.png,Finger Millet,48.74,36.49,71.6,10.39,5.721,0.349,0.1701,0
seed_00818.png,Proso Millet,55.68,30.23,89.71,68.56,6.836,0.687,0.7248,1
seed_00819.png,Foxtail Millet,75.34,19.09,52.17,60.67,6.578,0.875,0.4636,1
seed_00820.png,Proso Millet,64.32,32.38,68.04,101.04,6.384,0.838,0.8822,1
seed_00821.png,Proso Millet,32.72,22.08,61.88,25.31,5.306,0.584,0.217,0
seed_00822.png,Kodo Millet,75.57,27.99,84.88,27.06,6.31,0.664,0.6535,0
seed_00823.png,Foxtail Millet,54.65,28.29,68.21,39.13,7.016,0.671,0.6284,0
seed_00824.png,Proso Millet,44.06,12.92,37.35,27.45,6.405,0.377,0.0831,0
seed_00825.png,Pearl Millet,74.26,21.16,89.79,21.38,5.285,0.938,0.6933,1
seed_00826.png,Proso Millet,27.45,24.86,65.78,7.68,6.015,0.702,0.3471,0
seed_00827.png,Kodo Millet,59.1,24.29,62.02,227.08,6.589,0.96,0.7833,1
seed_00828.png,Pearl Millet,74.94,25.95,64.9,320.0,6.635,0.335,0.2165,0
seed_00829.png,Barnyard Millet,29.92,25.7,86.62,35.23,5.463,0.555,0.1064,0
seed_00830.png,Barnyard Millet,65.73,33.35,76.69,92.58,6.208,0.604,0.5624,0
seed_00831.png,Proso Millet,46.07,32.18,55.68,25.74,6.03,0.974,0.8312,1
seed_00832.png,Little Millet,58.93,39.11,70.59,81.73,7.399,0.385,0.085,0
seed_00833.png,Kodo Millet,54.19,28.71,74.95,274.87,6.155,0.535,0.3104,0
seed_00834.png,Proso Millet,30.24,12.52,74.02,98.39,5.955,0.376,0.01,0
seed_00835.png,Finger Millet,62.45,12.14,73.49,9.62,6.038,0.683,0.118,0
seed_00836.png,Pearl Millet,26.42,39.41,70.7,71.83,6.493,0.613,0.0292,0
seed_00837.png,Proso Millet,72.04,31.64,60.16,20.4,6.013,0.622,0.7305,1
seed_00838.png,Finger Millet,67.49,15.36,66.11,45.58,6.325,0.5,0.2029,1
seed_00839.png,Pearl Millet,64.75,22.66,88.16,142.54,6.435,0.306,0.5349,0
seed_00840.png,Foxtail Millet,59.46,33.99,46.85,64.7,5.465,0.602,0.4249,0
seed_00841.png,Pearl Millet,69.85,15.24,35.4,155.6,8.43,0.587,0.0361,0
seed_00842.png,Barnyard Millet,49.68,24.92,41.7,161.97,5.184,0.619,0.3262,1
seed_00843.png,Barnyard Millet,46.54,28.07,57.68,29.04,7.352,0.79,0.653,0
seed_00844.png,Foxtail Millet,46.9,18.34,58.55,102.4,5.955,0.512,0.2383,0
seed_00845.png,Foxtail Millet,35.46,21.39,62.72,12.82,5.869,0.715,0.2489,0
seed_00846.png,Proso Millet,70.98,22.03,35.21,0.43,5.397,0.657,0.5292,0
seed_00847.png,Barnyard Millet,35.72,23.92,76.8,10.36,7.209,0.572,0.2237,0
seed_00848.png,Finger Millet,41.95,30.21,60.41,21.6,5.981,0.611,0.5058,0
seed_00849.png,Barnyard Millet,60.75,22.23,89.54,199.75,6.434,0.718,0.5146,0
seed_00850.png,Finger Millet,81.28,26.25,63.95,254.8,6.238,0.808,0.4574,0
seed_00851.png,Foxtail Millet,71.21,21.59,88.69,45.78,5.364,0.69,0.4623,1
seed_00852.png,Proso Millet,68.44,27.49,62.14,0.5,7.173,0.65,0.6398,1
seed_00853.png,Proso Millet,77.23,22.72,45.94,223.45,6.954,0.813,0.6479,0
seed_00854.png,Foxtail Millet,60.59,28.13,59.35,67.73,5.911,0.623,0.7471,1
seed_00855.png,Proso Millet,62.73,30.55,48.84,75.45,6.032,0.497,0.6289,0
seed_00856.png,Barnyard Millet,80.28,24.64,97.56,27.53,4.11,0.511,0.0771,0
seed_00857.png,Foxtail Millet,63.3,26.61,57.08,21.59,5.656,0.397,0.4689,1
seed_00858.png,Kodo Millet,62.18,22.82,68.66,46.97,5.234,0.676,0.6976,1
seed_00859.png,Barnyard Millet,49.14,26.04,76.35,177.02,4.943,0.625,0.1784,0
seed_00860.png,Little Millet,56.18,19.97,77.6,20.61,6.371,0.722,0.5485,0
seed_00861.png,Pearl Millet,71.93,28.56,78.85,97.09,5.97,0.679,0.7284,1
seed_00862.png,Barnyard Millet,46.32,21.37,57.94,50.63,8.152,0.424,0.1038,0
seed_00863.png,Barnyard Millet,50.69,29.73,78.52,170.47,6.759,0.607,0.5223,0
seed_00864.png,Foxtail Millet,64.84,31.4,98.0,23.46,5.433,0.6,0.374,0
seed_00865.png,Proso Millet,79.87,33.74,45.95,44.49,7.175,0.488,0.469,1
seed_00866.png,Little Millet,82.87,30.34,45.05,115.78,4.469,0.72,0.1131,0
seed_00867.png,Foxtail Millet,75.76,35.26,56.57,77.3,5.383,0.671,0.436,0
seed_00868.png,Proso Millet,82.19,31.82,55.11,38.76,3.8,0.259,0.0205,0
seed_00869.png,Kodo Millet,58.17,19.74,72.48,2.05,8.198,0.914,0.4804,0
seed_00870.png,Barnyard Millet,42.53,23.72,48.19,48.37,6.623,0.479,0.3926,0
seed_00871.png,Foxtail Millet,52.62,29.73,52.35,63.93,7.347,0.498,0.3655,1
seed_00872.png,Little Millet,64.85,32.54,53.09,3.77,5.518,0.556,0.4784,0
seed_00873.png,Kodo Millet,37.85,33.63,79.65,73.97,6.597,0.797,0.4446,1
seed_00874.png,Foxtail Millet,71.74,17.47,69.5,91.1,5.851,0.555,0.3776,0
seed_00875.png,Foxtail Millet,95.49,29.53,47.82,44.64,5.971,0.605,0.2209,1
seed_00876.png,Proso Millet,58.93,16.22,62.41,109.64,7.735,0.839,0.5001,1
seed_00877.png,Proso Millet,53.26,31.87,57.87,8.53,5.976,0.477,0.6799,1
seed_00878.png,Pearl Millet,84.87,10.67,48.01,111.58,6.029,0.443,0.01,0
seed_00879.png,Proso Millet,72.76,22.0,92.08,94.44,6.505,0.797,0.8377,1
seed_00880.png,Little Millet,47.59,21.56,46.66,7.27,5.608,0.705,0.3921,0
seed_00881.png,Little Millet,52.9,17.08,67.67,75.5,6.375,0.662,0.4184,0
seed_00882.png,Proso Millet,56.06,29.77,59.21,79.01,4.171,0.731,0.3049,0
seed_00883.png,Little Millet,55.5,30.41,61.94,31.72,5.92,0.698,0.6541,1
seed_00884.png,Proso Millet,48.36,28.51,41.05,39.95,4.259,0.689,0.109,0
seed_00885.png,Little Millet,41.44,35.01,35.42,69.8,6.967,0.283,0.1018,0
seed_00886.png,Barnyard Millet,45.08,33.66,42.39,49.71,5.609,0.373,0.2061,0
seed_00887.png,Little Millet,73.27,17.16,76.14,31.31,6.815,0.654,0.357,1
seed_00888.png,Pearl Millet,50.61,29.58,74.04,7.61,6.774,0.78,0.8047,1
seed_00889.png,Pearl Millet,56.21,23.23,48.59,29.94,6.049,0.875,0.9072,1
seed_00890.png,Proso Millet,52.65,23.26,83.94,6.28,5.965,0.901,0.7203,1
seed_00891.png,Little Millet,48.74,40.12,85.36,24.31,6.881,0.118,0.0178,0
seed_00892.png,Finger Millet,79.07,22.07,54.38,98.82,5.097,0.732,0.6048,1
seed_00893.png,Kodo Millet,47.66,26.74,56.41,20.6,8.046,0.674,0.3275,1
seed_00894.png,Proso Millet,74.84,21.99,93.08,5.57,5.563,0.426,0.4037,0
seed_00895.png,Pearl Millet,60.24,19.86,62.83,21.26,6.34,0.865,0.8306,1
seed_00896.png,Little Millet,87.18,21.09,53.21,8.06,7.316,0.612,0.3986,0
seed_00897.png,Little Millet,24.73,21.1,81.36,64.05,6.935,0.718,0.111,0
seed_00898.png,Proso Millet,59.25,36.42,42.51,13.8,6.543,0.85,0.7371,0
seed_00899.png,Pearl Millet,65.49,15.75,48.73,14.61,7.334,0.585,0.2925,0
seed_00900.png,Finger Millet,79.0,29.17,77.65,57.29,7.828,0.772,0.4624,0
seed_00901.png,Barnyard Millet,74.67,19.17,35.1,19.79,5.356,0.262,0.1394,0
seed_00902.png,Kodo Millet,47.97,28.04,79.97,32.59,6.118,0.903,0.8088,1
seed_00903.png,Proso Millet,37.17,27.71,75.36,5.5,7.266,0.477,0.2737,0
seed_00904.png,Finger Millet,41.25,26.26,27.22,65.27,4.93,0.703,0.2359,0
seed_00905.png,Proso Millet,61.96,27.92,89.44,120.49,6.844,0.646,0.755,1
seed_00906.png,Finger Millet,19.76,31.26,68.24,168.61,6.737,0.595,0.0331,0
seed_00907.png,Pearl Millet,23.95,27.42,91.86,120.77,5.396,0.579,0.0975,0
seed_00908.png,Barnyard Millet,44.87,25.37,90.89,72.44,7.206,0.745,0.6487,1
seed_00909.png,Pearl Millet,53.09,28.27,73.0,56.15,5.157,0.561,0.4647,1
seed_00910.png,Foxtail Millet,45.82,27.57,73.89,53.44,5.754,0.85,0.694,1
seed_00911.png,Barnyard Millet,79.85,30.84,60.03,67.7,8.162,0.486,0.2317,0
seed_00912.png,Kodo Millet,68.04,20.27,63.73,49.51,7.646,0.798,0.5692,1
seed_00913.png,Kodo Millet,72.23,32.94,33.28,0.1,6.955,0.662,0.6234,1
seed_00914.png,Little Millet,49.18,26.36,60.29,52.84,6.248,0.73,0.7221,0
seed_00915.png,Kodo Millet,64.4,25.48,60.15,75.0,6.336,0.43,0.7761,1
seed_00916.png,Foxtail Millet,53.97,15.64,93.07,11.13,5.682,0.897,0.215,0
seed_00917.png,Kodo Millet,55.42,20.86,90.13,7.86,8.416,0.518,0.0645,0
seed_00918.png,Kodo Millet,66.86,19.82,71.82,5.75,5.557,0.71,0.4344,1
seed_00919.png,Barnyard Millet,69.02,29.42,77.95,156.09,6.013,0.421,0.4168,0
seed_00920.png,Barnyard Millet,42.36,18.71,49.65,89.58,6.354,0.805,0.5174,1
seed_00921.png,Foxtail Millet,65.57,30.31,54.64,58.57,5.882,0.766,0.6913,1
seed_00922.png,Foxtail Millet,32.83,34.09,77.55,69.24,5.382,0.684,0.0761,0
seed_00923.png,Finger Millet,44.59,27.57,27.02,38.08,6.716,0.416,0.4387,1
seed_00924.png,Barnyard Millet,57.8,20.89,44.04,188.0,4.006,0.718,0.0321,0
seed_00925.png,Pearl Millet,52.23,23.68,81.41,199.52,5.357,0.255,0.2004,0
seed_00926.png,Kodo Millet,53.12,25.25,82.41,68.1,5.169,0.516,0.2982,1
seed_00927.png,Little Millet,75.88,34.05,70.42,21.11,8.152,0.342,0.0967,0
seed_00928.png,Foxtail Millet,51.56,29.04,63.24,62.06,5.711,0.603,0.6807,1
seed_00929.png,Kodo Millet,59.98,26.85,98.0,21.93,7.308,0.365,0.3089,0
seed_00930.png,Little Millet,43.05,17.09,44.63,89.04,5.996,0.333,0.1057,0
seed_00931.png,Pearl Millet,61.15,39.46,76.27,25.66,6.409,0.937,0.7267,1
seed_00932.png,Pearl Millet,55.61,28.72,55.77,39.71,5.937,0.318,0.5772,1
seed_00933.png,Barnyard Millet,23.14,17.01,62.44,102.85,6.28,0.854,0.057,0
seed_00934.png,Barnyard Millet,82.01,28.87,56.96,157.94,5.344,0.757,0.4645,0
seed_00935.png,Pearl Millet,71.81,18.0,42.33,4.26,6.835,0.884,0.6924,1
seed_00936.png,Barnyard Millet,72.85,35.37,70.73,8.86,6.669,0.582,0.373,1
seed_00937.png,Barnyard Millet,57.62,21.0,84.15,59.18,5.605,0.77,0.5179,0
seed_00938.png,Barnyard Millet,44.64,23.15,58.14,87.79,6.38,0.763,0.5724,1
seed_00939.png,Pearl Millet,60.42,29.01,49.95,106.99,5.565,0.487,0.7575,1
seed_00940.png,Kodo Millet,83.75,22.76,89.82,24.3,5.334,0.338,0.1021,0
seed_00941.png,Kodo Millet,92.6,25.11,84.37,96.68,5.838,0.658,0.3644,1
seed_00942.png,Kodo Millet,87.69,34.65,48.58,76.68,6.561,0.759,0.4011,0
seed_00943.png,Barnyard Millet,87.66,25.8,67.84,5.08,7.243,0.895,0.6136,1
seed_00944.png,Proso Millet,62.51,24.39,63.99,180.65,6.306,0.818,0.8358,1
seed_00945.png,Proso Millet,73.53,16.96,67.94,29.8,6.574,0.775,0.6217,0
seed_00946.png,Pearl Millet,73.58,22.88,81.33,1.75,5.599,0.487,0.4989,0
seed_00947.png,Little Millet,59.26,22.06,67.19,61.3,6.04,0.703,0.6521,0
seed_00948.png,Foxtail Millet,75.92,32.25,89.41,89.56,6.758,0.634,0.621,1
seed_00949.png,Foxtail Millet,63.66,28.79,59.16,42.73,6.92,0.291,0.4534,1
seed_00950.png,Barnyard Millet,39.91,18.66,54.17,11.24,7.564,0.473,0.1313,0
seed_00951.png,Kodo Millet,24.16,27.17,86.28,129.73,5.529,0.941,0.1299,1
seed_00952.png,Foxtail Millet,64.98,21.23,53.7,223.03,6.595,0.989,0.5368,0
seed_00953.png,Barnyard Millet,46.93,17.96,58.05,22.79,6.91,0.25,0.0932,1
seed_00954.png,Pearl Millet,78.32,21.84,51.13,24.81,5.853,0.818,0.7752,1
seed_00955.png,Foxtail Millet,47.97,17.71,70.2,112.07,5.834,0.792,0.5849,0
seed_00956.png,Little Millet,54.36,27.27,72.17,62.29,7.767,0.609,0.6018,1
seed_00957.png,Proso Millet,38.53,33.84,71.46,99.62,6.723,0.345,0.3075,0
seed_00958.png,Pearl Millet,61.92,19.08,65.25,33.22,6.002,0.814,0.7826,1
seed_00959.png,Little Millet,76.29,28.04,74.81,37.12,5.248,0.883,0.4981,1
seed_00960.png,Pearl Millet,69.49,23.81,69.1,21.79,6.69,0.696,0.8647,1
seed_00961.png,Foxtail Millet,72.59,28.45,51.97,37.94,6.074,0.358,0.4119,0
seed_00962.png,Foxtail Millet,69.67,23.59,98.0,12.92,6.297,0.498,0.4171,0
seed_00963.png,Kodo Millet,65.63,34.65,49.83,32.99,5.168,0.802,0.4853,0
seed_00964.png,Pearl Millet,63.89,24.93,67.95,0.0,7.395,0.71,0.7948,1
seed_00965.png,Kodo Millet,70.68,25.1,49.28,2.74,6.879,0.838,0.8086,0
seed_00966.png,Proso Millet,76.18,27.36,65.27,78.99,6.509,0.582,0.6919,0
seed_00967.png,Finger Millet,44.85,26.5,64.5,16.11,6.622,0.783,0.6325,0
seed_00968.png,Finger Millet,53.32,23.23,66.29,0.41,6.574,0.83,0.731,0
seed_00969.png,Foxtail Millet,62.49,24.47,51.78,320.0,7.573,0.908,0.2207,0
seed_00970.png,Finger Millet,58.71,19.51,60.52,151.39,7.593,0.688,0.4734,0
seed_00971.png,Pearl Millet,63.56,31.47,41.57,61.24,8.339,0.71,0.354,1
seed_00972.png,Pearl Millet,80.55,24.97,58.56,37.22,5.977,0.928,0.8954,1
seed_00973.png,Finger Millet,45.37,26.31,79.37,92.53,7.485,0.411,0.4266,1
seed_00974.png,Little Millet,45.85,29.27,35.28,28.37,5.158,0.902,0.413,1
seed_00975.png,Pearl Millet,78.72,21.36,49.57,119.63,7.636,0.68,0.501,0
seed_00976.png,Barnyard Millet,75.99,28.58,68.8,29.08,6.546,0.373,0.4237,0
seed_00977.png,Finger Millet,51.61,21.72,66.23,38.01,6.619,0.586,0.7389,1
seed_00978.png,Barnyard Millet,39.7,25.57,84.01,12.06,5.369,0.603,0.2821,0
seed_00979.png,Barnyard Millet,65.96,17.08,67.46,30.65,7.521,0.687,0.2323,1
seed_00980.png,Barnyard Millet,78.09,24.2,63.62,24.95,7.102,0.242,0.2102,0
seed_00981.png,Foxtail Millet,67.48,18.03,46.62,14.5,7.939,0.484,0.1122,0
seed_00982.png,Little Millet,56.45,27.91,67.18,113.8,6.31,0.256,0.4209,0
seed_00983.png,Kodo Millet,37.95,31.54,70.13,70.44,7.273,0.868,0.5594,0
seed_00984.png,Finger Millet,76.51,18.16,86.41,20.35,7.039,0.615,0.1299,0
seed_00985.png,Foxtail Millet,71.99,17.58,58.03,22.43,6.442,0.914,0.8093,1
seed_00986.png,Little Millet,64.08,23.06,71.8,25.77,6.655,0.41,0.4181,1
seed_00987.png,Little Millet,66.29,33.92,61.02,120.9,6.227,0.783,0.692,1
seed_00988.png,Pearl Millet,48.32,39.73,76.34,72.82,7.025,0.383,0.0643,0
seed_00989.png,Barnyard Millet,47.6,30.12,57.56,316.2,7.559,0.526,0.0683,0
seed_00990.png,Foxtail Millet,53.06,20.29,40.71,11.87,5.822,0.944,0.6782,1
seed_00991.png,Little Millet,62.22,23.37,40.5,30.23,6.518,0.498,0.3759,0
seed_00992.png,Little Millet,79.79,30.87,42.24,1.16,6.889,0.689,0.4198,0
seed_00993.png,Finger Millet,42.81,37.48,94.73,2.6,5.706,0.369,0.0758,0
seed_00994.png,Kodo Millet,58.61,29.62,35.39,73.25,7.831,0.607,0.2574,0
seed_00995.png,Foxtail Millet,78.77,10.43,51.23,13.28,6.043,0.516,0.0184,1
seed_00996.png,Pearl Millet,62.76,24.28,51.39,30.49,6.32,0.698,0.8312,1
seed_00997.png,Finger Millet,59.15,32.76,56.15,12.14,5.317,0.486,0.3551,1
seed_00998.png,Kodo Millet,65.59,22.87,89.07,4.54,5.764,0.728,0.7053,1
seed_00999.png,Finger Millet,60.91,34.11,70.99,1.29,6.596,0.412,0.4496,0
seed_01000.png,Pearl Millet,64.73,31.15,52.01,21.06,6.124,0.647,0.7019,1
seed_01001.png,Pearl Millet,61.86,33.91,38.93,25.19,6.937,0.649,0.6575,1
seed_01002.png,Proso Millet,75.48,31.49,42.59,108.45,6.884,0.579,0.6841,1
seed_01003.png,Foxtail Millet,78.77,19.4,46.27,129.7,7.129,0.212,0.0538,0
seed_01004.png,Barnyard Millet,76.95,37.56,68.67,26.4,6.56,0.576,0.4362,0
seed_01005.png,Barnyard Millet,49.76,32.03,70.81,28.95,5.287,0.765,0.3915,0
seed_01006.png,Proso Millet,46.21,22.87,72.38,95.52,6.34,0.359,0.35,0
seed_01007.png,Little Millet,58.73,29.96,65.99,1.59,5.57,0.881,0.8218,1
seed_01008.png,Barnyard Millet,50.89,23.55,57.02,149.39,5.774,0.773,0.5374,1
seed_01009.png,Pearl Millet,78.03,29.01,71.81,96.28,6.705,0.926,0.909,1
seed_01010.png,Proso Millet,86.67,41.68,55.23,13.36,7.515,0.246,0.0123,0
seed_01011.png,Barnyard Millet,93.87,23.73,78.29,24.49,8.184,0.672,0.1613,0
seed_01012.png,Foxtail Millet,59.51,31.63,80.31,91.78,5.675,0.576,0.5298,0
seed_01013.png,Finger Millet,73.81,28.47,49.59,6.47,7.475,0.745,0.6458,0
seed_01014.png,Finger Millet,56.62,36.0,51.27,146.17,6.239,0.547,0.2968,0
seed_01015.png,Little Millet,52.71,20.19,51.72,25.11,6.52,0.806,0.4491,1
seed_01016.png,Pearl Millet,58.72,15.65,53.01,39.73,6.955,0.702,0.4727,1
seed_01017.png,Finger Millet,66.79,21.14,45.49,113.39,6.346,0.243,0.2774,0
seed_01018.png,Kodo Millet,69.83,25.53,16.97,6.56,6.321,0.921,0.5649,0
seed_01019.png,Barnyard Millet,54.45,19.62,76.94,46.35,6.308,0.832,0.6282,1
seed_01020.png,Finger Millet,46.98,15.42,72.58,183.38,5.347,0.527,0.1288,0
seed_01021.png,Proso Millet,63.16,27.46,81.96,72.99,8.061,0.648,0.4535,1
seed_01022.png,Little Millet,52.86,35.87,85.88,39.28,7.1,0.777,0.311,0
seed_01023.png,Foxtail Millet,63.8,24.29,68.05,165.36,5.334,0.645,0.4576,1
seed_01024.png,Pearl Millet,77.95,26.7,93.32,25.7,7.488,0.717,0.6283,0
seed_01025.png,Little Millet,51.62,23.38,68.93,14.4,7.04,0.312,0.2602,0
seed_01026.png,Foxtail Millet,43.69,17.65,75.17,23.24,6.231,0.497,0.2967,1
seed_01027.png,Barnyard Millet,61.49,28.17,38.82,8.71,7.551,0.584,0.4551,1
seed_01028.png,Finger Millet,61.68,11.55,71.79,0.09,4.355,0.537,0.012,0
seed_01029.png,Foxtail Millet,44.39,23.88,62.88,124.24,4.972,0.672,0.2934,1
seed_01030.png,Kodo Millet,67.7,29.84,22.02,7.86,6.443,0.925,0.6532,0
seed_01031.png,Barnyard Millet,50.88,30.85,75.71,60.27,6.76,0.557,0.6322,1
seed_01032.png,Barnyard Millet,51.64,29.71,74.45,10.56,7.01,0.644,0.5542,0
seed_01033.png,Barnyard Millet,70.89,15.48,31.05,59.32,6.432,0.636,0.1542,1
seed_01034.png,Pearl Millet,56.59,32.5,72.99,22.55,6.36,0.607,0.786,1
seed_01035.png,Kodo Millet,95.37,28.68,75.36,58.62,7.007,0.297,0.2449,0
seed_01036.png,Barnyard Millet,49.81,8.0,78.77,16.76,6.669,0.564,0.0183,0
seed_01037.png,Barnyard Millet,37.74,32.07,86.26,17.11,6.977,0.428,0.1079,0
seed_01038.png,Kodo Millet,83.43,42.96,53.22,20.12,7.069,0.848,0.1256,0
seed_01039.png,Proso Millet,47.61,34.64,66.44,4.56,5.225,0.555,0.2525,0
seed_01040.png,Kodo Millet,82.67,29.81,39.11,66.02,7.241,0.905,0.6589,1
seed_01041.png,Finger Millet,66.28,21.83,64.23,33.17,6.462,0.724,0.7622,0
seed_01042.png,Proso Millet,63.53,33.08,64.6,83.17,6.379,0.657,0.7325,1
seed_01043.png,Finger Millet,47.52,22.75,40.8,91.91,6.736,0.84,0.7679,1
seed_01044.png,Proso Millet,63.12,28.3,98.0,120.08,6.733,0.722,0.7201,1
seed_01045.png,Finger Millet,54.29,27.33,63.12,64.65,6.052,0.942,0.906,1
seed_01046.png,Little Millet,80.37,21.52,86.88,79.21,6.474,0.954,0.7253,1
seed_01047.png,Foxtail Millet,47.4,19.99,67.86,184.82,7.421,0.491,0.1318,0
seed_01048.png,Foxtail Millet,76.68,23.21,75.8,157.74,6.138,0.542,0.6529,1
seed_01049.png,Little Millet,98.0,23.21,73.45,14.29,5.024,0.883,0.1947,0
seed_01050.png,Little Millet,64.48,26.76,47.24,36.95,7.076,0.731,0.7346,1
seed_01051.png,Barnyard Millet,88.11,29.04,74.25,59.22,5.54,0.837,0.5397,1
seed_01052.png,Barnyard Millet,53.86,23.85,57.72,47.45,6.278,0.865,0.6746,0
seed_01053.png,Foxtail Millet,71.1,28.48,72.73,34.64,5.581,0.861,0.8225,1
seed_01054.png,Pearl Millet,48.37,27.06,98.0,18.81,6.222,0.864,0.7448,0
seed_01055.png,Barnyard Millet,47.73,15.09,78.97,71.25,6.008,0.634,0.1564,0
seed_01056.png,Proso Millet,85.38,26.14,72.27,34.72,7.181,0.78,0.6047,0
seed_01057.png,Foxtail Millet,28.78,24.35,76.17,90.93,5.513,0.591,0.1175,0
seed_01058.png,Little Millet,43.74,31.25,63.64,38.86,5.505,0.5,0.2581,0
seed_01059.png,Little Millet,69.07,21.24,71.08,5.13,7.857,0.84,0.4374,1
seed_01060.png,Barnyard Millet,66.34,21.33,35.41,64.94,7.467,0.474,0.3114,0
seed_01061.png,Proso Millet,39.51,23.65,69.03,35.01,6.903,0.392,0.3125,0
seed_01062.png,Finger Millet,56.53,27.17,51.63,32.83,6.825,0.41,0.5739,1
seed_01063.png,Little Millet,32.24,28.58,42.32,36.05,5.123,0.846,0.1616,1
seed_01064.png,Foxtail Millet,62.81,20.71,85.67,85.69,6.081,0.351,0.3386,0
seed_01065.png,Kodo Millet,77.46,28.99,86.64,56.16,4.404,0.453,0.1078,0
seed_01066.png,Foxtail Millet,42.95,17.91,70.06,19.88,5.361,0.277,0.1271,0
seed_01067.png,Foxtail Millet,72.68,22.06,47.94,6.97,5.663,0.861,0.7837,0
seed_01068.png,Little Millet,56.3,25.69,58.04,70.24,5.292,0.699,0.5962,1
seed_01069.png,Pearl Millet,80.59,14.46,56.97,7.46,6.678,0.712,0.1193,0
seed_01070.png,Proso Millet,64.78,28.1,52.98,13.58,6.341,0.664,0.8014,1
seed_01071.png,Barnyard Millet,32.72,20.95,60.45,86.83,5.505,0.401,0.0975,0
seed_01072.png,Proso Millet,51.99,35.53,73.36,134.3,3.8,0.7,0.0322,0
seed_01073.png,Pearl Millet,29.13,28.85,98.0,9.39,5.662,0.948,0.3128,1
seed_01074.png,Foxtail Millet,70.88,21.93,42.3,31.64,6.566,0.825,0.6207,1
seed_01075.png,Little Millet,50.73,21.08,58.11,30.65,5.531,0.374,0.4993,1
seed_01076.png,Little Millet,64.28,15.86,78.53,28.23,5.833,0.449,0.1551,0
seed_01077.png,Proso Millet,52.35,13.31,40.99,113.36,5.865,0.746,0.2333,0
seed_01078.png,Pearl Millet,88.69,24.94,65.74,13.2,5.271,0.818,0.573,1
seed_01079.png,Little Millet,70.1,25.95,61.26,44.96,6.18,0.523,0.5956,1
seed_01080.png,Kodo Millet,76.13,31.79,65.09,21.42,6.576,0.475,0.5744,1
seed_01081.png,Foxtail Millet,39.32,36.48,51.94,83.5,6.674,0.686,0.2542,1
seed_01082.png,Barnyard Millet,98.0,27.73,98.0,6.21,6.586,0.64,0.1203,0
seed_01083.png,Barnyard Millet,38.36,27.31,74.74,262.41,6.264,0.845,0.2863,0
seed_01084.png,Proso Millet,43.21,28.76,54.69,3.01,4.896,0.906,0.6465,0
seed_01085.png,Kodo Millet,57.32,23.99,47.83,6.35,5.704,0.506,0.4823,0
seed_01086.png,Foxtail Millet,81.29,26.86,86.91,99.55,7.293,0.58,0.5723,1
seed_01087.png,Pearl Millet,17.29,21.11,76.03,10.47,6.198,0.73,0.0847,0
seed_01088.png,Finger Millet,56.28,32.88,73.2,108.7,7.203,0.379,0.556,0
seed_01089.png,Foxtail Millet,80.1,29.95,64.95,20.24,6.233,0.735,0.6446,1
seed_01090.png,Pearl Millet,56.55,15.81,65.54,86.39,7.24,0.503,0.3432,1
seed_01091.png,Foxtail Millet,26.94,20.48,43.36,17.6,5.16,0.788,0.1033,0
seed_01092.png,Little Millet,71.67,30.03,77.96,3.48,7.38,0.23,0.5091,1
seed_01093.png,Barnyard Millet,49.27,27.7,86.52,5.58,7.503,0.582,0.2656,0
seed_01094.png,Finger Millet,83.06,31.1,67.17,14.93,5.919,0.769,0.7333,0
seed_01095.png,Little Millet,76.2,35.44,29.48,1.25,6.229,0.914,0.506,1
seed_01096.png,Kodo Millet,48.88,28.65,79.33,146.35,6.306,0.914,0.7839,0
seed_01097.png,Pearl Millet,41.42,26.9,66.94,18.92,7.537,0.863,0.7752,1
seed_01098.png,Pearl Millet,68.01,30.17,51.65,103.29,7.047,0.316,0.5244,1
seed_01099.png,Kodo Millet,84.47,24.27,62.13,114.38,6.566,0.32,0.2973,0
seed_01100.png,Foxtail Millet,61.65,11.93,66.76,28.33,6.935,0.856,0.324,0
seed_01101.png,Barnyard Millet,73.65,26.58,69.01,35.6,7.286,0.639,0.5525,0
seed_01102.png,Little Millet,67.79,25.7,66.48,142.32,6.176,0.906,0.8461,1
seed_01103.png,Pearl Millet,45.13,30.49,64.06,37.9,6.187,0.609,0.6963,1
seed_01104.png,Foxtail Millet,73.04,43.67,58.62,2.57,7.339,0.327,0.0112,0
seed_01105.png,Pearl Millet,47.71,25.59,71.68,54.35,6.335,0.79,0.7834,0
seed_01106.png,Foxtail Millet,40.19,20.19,75.09,2.26,6.889,0.707,0.3122,0
seed_01107.png,Kodo Millet,57.59,34.49,89.81,30.47,7.678,0.791,0.3998,0
seed_01108.png,Foxtail Millet,71.27,31.31,48.11,8.28,5.347,0.794,0.637,1
seed_01109.png,Proso Millet,91.87,28.75,43.78,9.25,7.258,0.511,0.3685,1
seed_01110.png,Foxtail Millet,51.45,30.34,89.79,2.17,5.645,0.28,0.2213,0
seed_01111.png,Little Millet,80.68,29.44,62.05,47.31,5.838,0.453,0.6135,1
seed_01112.png,Proso Millet,82.65,24.9,23.43,45.51,5.762,0.436,0.3139,1
seed_01113.png,Barnyard Millet,68.41,23.94,63.21,123.23,6.169,0.408,0.4467,0
seed_01114.png,Little Millet,53.46,24.4,70.62,92.61,7.085,0.683,0.631,1
seed_01115.png,Foxtail Millet,66.39,17.01,78.4,50.31,6.301,0.918,0.748,0
seed_01116.png,Proso Millet,59.74,15.8,47.03,6.86,5.198,0.049,0.0539,0
seed_01117.png,Finger Millet,75.34,34.05,57.51,6.52,5.579,0.6,0.481,0
seed_01118.png,Foxtail Millet,45.15,24.78,74.33,61.17,6.628,0.632,0.6252,1
seed_01119.png,Little Millet,53.65,25.68,60.84,0.87,5.621,0.442,0.4663,0
seed_01120.png,Pearl Millet,64.64,32.31,55.68,42.22,6.211,0.774,0.8246,1
seed_01121.png,Pearl Millet,51.33,40.55,53.99,210.25,6.025,0.805,0.2914,0
seed_01122.png,Proso Millet,81.56,28.1,48.76,13.5,6.877,0.181,0.322,0
seed_01123.png,Finger Millet,31.72,29.58,85.69,91.46,6.314,0.705,0.298,0
seed_01124.png,Kodo Millet,55.46,30.62,75.1,10.62,6.315,0.336,0.471,0
seed_01125.png,Little Millet,71.67,29.8,63.9,111.05,6.967,0.391,0.4532,0
seed_01126.png,Finger Millet,65.57,29.41,98.0,2.7,5.825,0.654,0.7334,1
seed_01127.png,Foxtail Millet,52.55,33.22,65.79,24.88,7.059,0.686,0.3594,1
seed_01128.png,Kodo Millet,65.83,16.5,81.12,27.11,5.527,0.365,0.1722,0
seed_01129.png,Pearl Millet,58.24,32.49,67.02,5.62,7.114,0.77,0.7377,1
seed_01130.png,Finger Millet,64.19,28.7,58.04,52.32,5.398,0.569,0.634,1
seed_01131.png,Finger Millet,38.49,21.33,81.39,97.81,6.338,0.893,0.5388,1
seed_01132.png,Kodo Millet,48.77,15.52,67.48,1.55,6.899,0.321,0.1197,0
seed_01133.png,Foxtail Millet,60.07,28.77,74.1,10.77,7.561,0.855,0.8168,1
seed_01134.png,Foxtail Millet,36.38,24.14,98.0,7.34,7.181,0.852,0.3171,1
seed_01135.png,Kodo Millet,47.36,31.81,84.94,91.47,6.349,0.628,0.6155,0
seed_01136.png,Little Millet,53.76,25.95,89.13,108.53,6.48,0.908,0.6939,0
seed_01137.png,Little Millet,74.07,40.67,61.24,22.04,6.624,0.51,0.1309,0
seed_01138.png,Little Millet,46.54,24.65,70.93,1.79,6.564,0.73,0.4808,0
seed_01139.png,Proso Millet,45.03,21.93,55.1,111.69,6.288,0.949,0.8076,1
seed_01140.png,Little Millet,40.54,34.64,61.79,36.75,7.22,0.574,0.1849,0
seed_01141.png,Little Millet,75.27,21.99,65.89,25.89,6.517,0.452,0.5398,0
seed_01142.png,Foxtail Millet,89.45,16.0,86.01,5.04,6.14,0.78,0.0943,0
seed_01143.png,Pearl Millet,84.23,35.54,85.36,0.83,5.316,0.308,0.1092,0
seed_01144.png,Kodo Millet,63.32,37.5,61.36,0.98,7.045,0.518,0.2056,0
seed_01145.png,Barnyard Millet,73.38,22.87,65.08,19.86,5.682,0.617,0.5982,1
seed_01146.png,Proso Millet,51.62,28.19,78.12,33.03,5.771,0.563,0.7706,1
seed_01147.png,Pearl Millet,77.99,44.7,86.55,32.29,6.841,0.67,0.0699,0
seed_01148.png,Kodo Millet,70.49,30.27,80.09,106.78,6.582,0.302,0.3757,0
seed_01149.png,Pearl Millet,63.07,30.66,68.19,22.85,8.421,0.274,0.1148,0
seed_01150.png,Little Millet,27.04,25.81,98.0,65.52,7.798,0.375,0.0213,0
seed_01151.png,Foxtail Millet,68.15,35.21,43.25,123.24,6.436,0.328,0.233,0
seed_01152.png,Foxtail Millet,58.62,32.46,86.98,82.75,7.526,0.634,0.4531,1
seed_01153.png,Finger Millet,62.7,28.62,71.84,14.96,6.228,0.492,0.6816,1
seed_01154.png,Foxtail Millet,84.76,34.78,72.61,5.81,5.782,0.605,0.4443,0
seed_01155.png,Barnyard Millet,52.79,31.92,75.84,15.53,7.202,0.075,0.1251,0
seed_01156.png,Barnyard Millet,63.84,33.28,77.21,149.34,6.316,0.72,0.7927,0
seed_01157.png,Finger Millet,51.04,31.48,60.68,30.54,4.913,0.93,0.6043,1
seed_01158.png,Finger Millet,70.36,33.22,47.36,48.56,6.149,0.419,0.52,1
seed_01159.png,Little Millet,48.93,30.44,39.06,60.83,5.338,0.51,0.2368,0
seed_01160.png,Foxtail Millet,55.9,33.56,58.83,20.71,5.044,0.417,0.1903,0
seed_01161.png,Foxtail Millet,53.22,24.41,79.47,57.03,5.706,0.932,0.7938,1
seed_01162.png,Kodo Millet,51.61,25.98,75.16,4.55,5.765,0.626,0.5642,0
seed_01163.png,Foxtail Millet,51.99,29.59,61.12,7.29,7.233,0.209,0.2498,0
seed_01164.png,Proso Millet,54.58,20.77,51.84,25.43,4.666,0.949,0.4688,0
seed_01165.png,Pearl Millet,52.35,29.31,63.21,60.94,7.067,0.7,0.7999,1
seed_01166.png,Foxtail Millet,46.92,29.49,77.07,66.01,7.751,0.719,0.4206,1
seed_01167.png,Little Millet,43.12,19.44,46.93,97.19,8.319,0.517,0.0666,0
seed_01168.png,Barnyard Millet,63.76,24.87,56.75,1.87,5.824,0.937,0.8229,1
seed_01169.png,Foxtail Millet,58.09,24.64,56.68,107.05,7.135,0.488,0.5901,0
seed_01170.png,Kodo Millet,66.84,31.1,43.94,11.69,5.698,0.297,0.3756,1
seed_01171.png,Proso Millet,84.39,34.26,83.27,47.93,6.812,0.77,0.4739,1
seed_01172.png,Barnyard Millet,40.23,25.14,81.0,3.23,6.149,0.819,0.5702,0
seed_01173.png,Foxtail Millet,65.12,30.49,48.46,15.46,6.586,0.876,0.8163,1
seed_01174.png,Proso Millet,73.72,36.32,66.19,39.06,6.815,0.814,0.5287,0
seed_01175.png,Little Millet,50.93,26.88,83.1,155.38,7.016,0.798,0.5116,0
seed_01176.png,Kodo Millet,61.85,23.12,89.47,71.4,8.134,0.771,0.2483,0
seed_01177.png,Barnyard Millet,49.14,26.31,81.09,14.05,7.604,0.428,0.2554,1
seed_01178.png,Barnyard Millet,41.3,30.93,70.28,1.24,7.076,0.676,0.3609,0
seed_01179.png,Kodo Millet,69.77,27.35,51.35,317.43,6.553,0.791,0.257,0
seed_01180.png,Foxtail Millet,32.26,35.87,54.69,45.12,5.311,0.347,0.0374,0
seed_01181.png,Pearl Millet,66.79,37.21,44.66,4.94,7.142,0.872,0.5643,0
seed_01182.png,Pearl Millet,87.73,28.98,57.57,108.8,6.263,0.559,0.6702,1
seed_01183.png,Foxtail Millet,66.67,22.63,61.73,109.63,5.937,0.541,0.6123,1
seed_01184.png,Foxtail Millet,61.32,12.49,40.79,12.14,4.48,0.688,0.0221,0
seed_01185.png,Kodo Millet,69.84,15.97,38.81,58.91,6.911,0.792,0.5181,1
seed_01186.png,Foxtail Millet,58.87,33.14,52.49,70.64,5.05,0.936,0.6638,0
seed_01187.png,Foxtail Millet,55.97,25.58,51.97,27.03,6.571,0.58,0.6154,1
seed_01188.png,Finger Millet,58.05,24.91,55.26,58.29,4.931,0.215,0.2761,0
seed_01189.png,Foxtail Millet,55.62,32.12,71.17,12.03,5.761,0.147,0.1893,0
seed_01190.png,Finger Millet,40.49,20.92,91.51,159.34,6.238,0.716,0.4309,0
seed_01191.png,Pearl Millet,70.66,23.68,35.01,17.74,6.61,0.823,0.8003,1
seed_01192.png,Proso Millet,54.42,23.26,74.53,55.12,6.995,0.428,0.5565,0
seed_01193.png,Finger Millet,82.68,21.84,67.87,97.08,8.079,0.762,0.4325,1
seed_01194.png,Barnyard Millet,59.03,20.56,64.5,89.74,5.998,0.744,0.6933,1
seed_01195.png,Foxtail Millet,45.58,20.63,83.9,218.74,6.454,0.927,0.5968,0
seed_01196.png,Kodo Millet,54.02,26.98,60.47,13.27,5.206,0.468,0.3156,0
seed_01197.png,Proso Millet,72.39,46.0,56.08,194.1,5.868,0.523,0.0168,0
seed_01198.png,Kodo Millet,52.62,23.39,73.29,52.5,6.833,0.353,0.4228,0
seed_01199.png,Proso Millet,39.45,27.93,73.84,89.63,6.56,0.628,0.7057,1
seed_01200.png,Pearl Millet,44.77,31.82,57.53,115.73,6.232,0.502,0.6362,1
seed_01201.png,Finger Millet,46.72,12.76,55.41,10.48,6.355,0.535,0.0967,0
seed_01202.png,Barnyard Millet,46.4,18.64,50.49,201.77,7.435,0.489,0.1133,0
seed_01203.png,Finger Millet,63.0,25.39,57.5,272.18,5.388,0.481,0.2709,1
seed_01204.png,Proso Millet,42.67,20.62,77.03,7.55,6.839,0.54,0.4305,0
seed_01205.png,Proso Millet,46.68,31.55,53.26,30.64,6.885,0.461,0.4134,0
seed_01206.png,Kodo Millet,55.8,34.79,67.09,140.4,4.971,0.87,0.5097,1
seed_01207.png,Proso Millet,55.89,24.28,54.69,15.75,4.54,0.743,0.3196,1
seed_01208.png,Finger Millet,81.51,24.66,60.07,3.85,8.738,0.853,0.2074,0
seed_01209.png,Finger Millet,71.52,34.31,29.06,12.32,5.647,0.707,0.4115,1
seed_01210.png,Finger Millet,64.84,23.72,58.91,148.9,6.486,0.837,0.8346,1
seed_01211.png,Finger Millet,78.73,26.08,58.53,28.04,7.478,0.74,0.8061,1
seed_01212.png,Pearl Millet,69.46,21.11,73.36,12.54,6.466,0.959,0.9356,1
seed_01213.png,Finger Millet,38.98,25.44,64.67,2.05,6.742,0.949,0.7655,1
seed_01214.png,Finger Millet,86.99,26.06,50.22,75.52,6.233,0.524,0.5192,0
seed_01215.png,Little Millet,63.24,33.54,53.53,82.54,6.826,0.748,0.6407,0
seed_01216.png,Foxtail Millet,56.23,21.56,62.48,7.88,7.275,0.705,0.3109,0
seed_01217.png,Barnyard Millet,58.42,18.66,33.95,50.62,6.442,0.287,0.1581,1
seed_01218.png,Pearl Millet,67.85,28.22,51.16,65.76,6.628,0.862,0.8945,1
seed_01219.png,Pearl Millet,68.85,22.22,72.91,0.15,6.3,0.474,0.6525,0
seed_01220.png,Proso Millet,56.85,22.26,79.74,77.08,4.161,0.911,0.2721,0
seed_01221.png,Finger Millet,68.88,16.7,62.98,35.55,6.587,0.423,0.3501,0
seed_01222.png,Little Millet,85.8,21.16,74.1,2.64,5.609,0.753,0.2535,0
seed_01223.png,Proso Millet,40.68,24.85,34.2,44.19,6.992,0.723,0.5671,1
seed_01224.png,Foxtail Millet,56.31,25.98,49.95,174.89,8.413,0.976,0.2657,0
seed_01225.png,Foxtail Millet,48.54,28.89,39.37,50.4,5.859,0.546,0.5354,0
seed_01226.png,Finger Millet,49.37,26.14,51.67,9.24,6.159,0.757,0.8153,0
seed_01227.png,Finger Millet,69.17,19.45,70.9,67.03,6.002,0.631,0.6195,1
seed_01228.png,Foxtail Millet,72.12,29.66,57.27,60.14,6.377,0.867,0.7974,1
seed_01229.png,Barnyard Millet,39.99,29.77,43.06,5.95,6.1,0.463,0.2317,0
seed_01230.png,Kodo Millet,98.0,29.96,63.28,100.96,6.094,0.813,0.3693,0
seed_01231.png,Barnyard Millet,50.4,22.79,58.61,63.1,5.795,0.56,0.4952,1
seed_01232.png,Finger Millet,57.6,15.09,86.61,76.32,6.348,0.622,0.2882,0
seed_01233.png,Finger Millet,43.54,11.14,72.94,9.29,6.799,0.722,0.0872,0
seed_01234.png,Finger Millet,75.05,13.63,38.09,25.08,6.588,0.887,0.1454,0
seed_01235.png,Foxtail Millet,59.97,29.3,54.04,19.01,4.989,0.761,0.6375,1
seed_01236.png,Little Millet,79.13,28.03,77.19,25.49,4.744,0.705,0.3472,0
seed_01237.png,Foxtail Millet,49.34,19.98,69.41,48.36,6.973,0.635,0.5754,1
seed_01238.png,Proso Millet,59.7,26.34,70.16,11.56,6.813,0.801,0.8852,1
seed_01239.png,Pearl Millet,51.62,25.79,63.31,9.38,8.469,0.826,0.3502,1
seed_01240.png,Foxtail Millet,76.57,16.22,84.51,51.78,5.839,0.607,0.1246,0
seed_01241.png,Finger Millet,56.7,32.4,46.83,27.74,4.914,0.132,0.0881,0
seed_01242.png,Pearl Millet,75.97,30.56,36.84,5.71,5.217,0.364,0.2189,0
seed_01243.png,Kodo Millet,85.13,24.84,72.37,4.48,5.189,0.713,0.4494,0
seed_01244.png,Kodo Millet,64.74,22.93,74.49,13.96,5.257,0.7,0.6513,1
seed_01245.png,Little Millet,35.6,18.08,45.1,60.44,5.904,0.953,0.4712,0
seed_01246.png,Barnyard Millet,46.27,18.11,75.16,6.37,6.413,0.814,0.5617,1
seed_01247.png,Barnyard Millet,55.7,22.62,75.91,64.6,6.115,0.427,0.4887,1
seed_01248.png,Pearl Millet,53.87,25.21,75.43,166.92,7.092,0.085,0.2743,1
seed_01249.png,Little Millet,66.46,32.04,52.14,42.24,7.831,0.935,0.6909,1
seed_01250.png,Barnyard Millet,77.65,29.34,77.72,49.05,5.486,0.652,0.6008,1
seed_01251.png,Barnyard Millet,42.54,24.7,43.98,3.64,6.298,0.381,0.1723,0
seed_01252.png,Little Millet,92.49,20.8,54.11,60.7,6.78,0.61,0.4129,1
seed_01253.png,Proso Millet,71.9,22.61,63.23,43.65,6.729,0.587,0.7065,0
seed_01254.png,Foxtail Millet,44.52,37.66,72.54,77.18,7.369,0.473,0.1755,0
seed_01255.png,Proso Millet,40.17,30.43,66.64,81.58,6.425,0.858,0.7813,1
seed_01256.png,Foxtail Millet,39.72,13.95,45.4,238.88,5.233,0.652,0.0193,0
seed_01257.png,Finger Millet,45.92,14.84,92.97,149.76,6.858,0.828,0.1724,0
seed_01258.png,Foxtail Millet,73.56,27.96,61.41,55.61,7.346,0.879,0.6934,1
seed_01259.png,Foxtail Millet,88.84,27.61,65.17,39.82,5.904,0.588,0.4043,0
seed_01260.png,Little Millet,58.41,24.13,75.1,151.5,8.317,0.852,0.3561,0
seed_01261.png,Little Millet,74.37,29.45,83.91,5.38,5.762,0.875,0.79,1
seed_01262.png,Proso Millet,62.05,30.96,67.21,134.61,8.352,0.541,0.1597,1
seed_01263.png,Pearl Millet,55.03,34.32,87.01,18.09,6.704,0.381,0.3633,0
seed_01264.png,Foxtail Millet,55.47,24.86,25.35,50.92,5.459,0.414,0.2133,0
seed_01265.png,Little Millet,84.77,36.36,60.15,76.51,6.045,0.901,0.5671,0
seed_01266.png,Pearl Millet,67.5,25.72,98.0,12.31,6.104,0.371,0.575,1
seed_01267.png,Foxtail Millet,55.88,24.96,59.76,26.74,7.472,0.673,0.5349,0
seed_01268.png,Barnyard Millet,59.86,25.82,74.58,29.98,8.349,0.743,0.2878,0
seed_01269.png,Foxtail Millet,47.56,20.09,37.66,0.78,5.909,0.584,0.3789,1
seed_01270.png,Barnyard Millet,72.32,22.58,41.09,58.26,7.466,0.582,0.4901,0
seed_01271.png,Barnyard Millet,58.32,25.08,55.28,22.8,5.092,0.629,0.4761,1
seed_01272.png,Little Millet,57.0,19.18,52.8,84.77,5.605,0.805,0.5627,1
seed_01273.png,Kodo Millet,56.97,33.48,52.54,50.05,6.816,0.946,0.7087,1
seed_01274.png,Foxtail Millet,50.79,19.41,71.88,122.92,6.17,0.303,0.176,0
seed_01275.png,Finger Millet,66.73,25.18,78.89,52.29,6.167,0.309,0.6828,1
seed_01276.png,Little Millet,55.36,34.43,91.6,34.23,7.214,0.712,0.4532,1
seed_01277.png,Barnyard Millet,39.94,34.29,50.94,41.7,6.799,0.308,0.0999,0
seed_01278.png,Foxtail Millet,53.01,40.34,52.6,3.59,7.027,0.956,0.3925,1
seed_01279.png,Pearl Millet,85.9,28.86,55.18,80.84,6.758,0.638,0.713,1
seed_01280.png,Barnyard Millet,67.69,27.56,35.63,30.98,6.348,0.629,0.5534,1
seed_01281.png,Pearl Millet,64.73,21.88,65.98,17.08,5.942,0.496,0.5187,0
seed_01282.png,Pearl Millet,70.48,25.23,36.69,77.71,7.534,0.921,0.8577,1
seed_01283.png,Barnyard Millet,81.99,14.23,44.67,75.73,8.157,0.473,0.0104,0
seed_01284.png,Barnyard Millet,71.22,30.03,35.93,21.72,6.516,0.655,0.531,1
seed_01285.png,Pearl Millet,50.52,29.36,56.69,13.45,6.835,0.714,0.7245,0
seed_01286.png,Barnyard Millet,39.59,34.15,71.3,206.17,5.062,0.813,0.1397,0
seed_01287.png,Kodo Millet,71.99,29.54,48.65,111.41,7.076,0.977,0.8844,0
seed_01288.png,Kodo Millet,45.64,26.74,57.53,72.29,6.284,0.804,0.7142,1
seed_01289.png,Little Millet,81.54,27.95,56.14,70.3,5.696,0.741,0.6463,1
seed_01290.png,Barnyard Millet,66.24,21.08,95.65,23.66,6.546,0.755,0.7386,1
seed_01291.png,Pearl Millet,59.0,30.87,88.49,56.48,6.872,0.85,0.8411,0
seed_01292.png,Barnyard Millet,62.83,27.34,85.18,15.3,5.696,0.822,0.7687,1
seed_01293.png,Pearl Millet,50.73,32.88,41.46,46.83,6.973,0.512,0.528,0
seed_01294.png,Foxtail Millet,93.51,26.03,54.24,38.76,5.676,0.424,0.2271,1
seed_01295.png,Pearl Millet,65.03,29.18,68.66,4.73,4.784,0.538,0.2556,0
seed_01296.png,Foxtail Millet,59.83,13.13,40.9,6.16,7.141,0.418,0.0637,0
seed_01297.png,Pearl Millet,35.58,21.18,86.4,124.86,5.697,0.82,0.3524,0
seed_01298.png,Proso Millet,72.64,23.28,76.88,114.18,7.808,0.655,0.4977,1
seed_01299.png,Little Millet,66.27,19.51,55.93,1.12,6.796,0.544,0.4225,1
seed_01300.png,Proso Millet,41.37,36.08,72.29,9.81,6.512,0.387,0.1759,0
seed_01301.png,Little Millet,68.77,32.23,83.51,19.31,6.18,0.79,0.5463,0
seed_01302.png,Kodo Millet,60.55,28.96,55.79,0.48,6.893,0.776,0.77,1
seed_01303.png,Finger Millet,43.23,37.66,74.37,173.6,6.394,0.808,0.2567,1
seed_01304.png,Finger Millet,60.96,19.34,60.64,41.54,5.879,0.552,0.7653,1
seed_01305.png,Proso Millet,45.01,32.75,57.49,163.45,6.435,0.805,0.6385,1
seed_01306.png,Foxtail Millet,47.58,39.98,42.09,66.41,7.397,0.248,0.036,0
seed_01307.png,Foxtail Millet,52.92,31.39,55.98,14.44,7.054,0.555,0.462,0
seed_01308.png,Foxtail Millet,48.02,26.21,73.95,29.85,7.136,0.781,0.6724,1
seed_01309.png,Kodo Millet,35.18,31.16,80.96,110.28,5.527,0.831,0.3865,0
seed_01310.png,Finger Millet,81.83,19.62,86.85,158.5,6.279,0.865,0.3591,0
seed_01311.png,Kodo Millet,63.41,24.95,41.1,185.14,7.871,0.588,0.4166,0
seed_01312.png,Finger Millet,61.39,30.09,77.63,50.43,6.113,0.472,0.629,1
seed_01313.png,Finger Millet,58.64,40.89,43.74,89.55,5.704,0.642,0.1753,0
seed_01314.png,Pearl Millet,67.9,24.81,67.16,53.68,6.518,0.82,0.9319,1
seed_01315.png,Finger Millet,61.13,27.77,90.2,57.77,5.874,0.288,0.4447,0
seed_01316.png,Little Millet,47.81,27.88,82.95,73.36,6.63,0.511,0.3716,1
seed_01317.png,Proso Millet,43.9,23.18,59.04,6.59,8.011,0.42,0.1296,0
seed_01318.png,Barnyard Millet,73.48,28.9,77.98,26.33,5.41,0.713,0.5508,1
seed_01319.png,Barnyard Millet,72.09,29.45,62.52,51.72,5.511,0.673,0.6855,1
seed_01320.png,Finger Millet,53.34,21.6,66.28,26.25,5.865,0.66,0.6444,1
seed_01321.png,Barnyard Millet,44.66,29.08,69.07,62.56,8.388,0.861,0.2466,0
seed_01322.png,Little Millet,98.0,16.76,27.12,15.08,5.907,0.897,0.0224,0
seed_01323.png,Pearl Millet,55.5,25.3,76.01,32.41,7.55,0.836,0.8193,0
seed_01324.png,Pearl Millet,36.77,25.38,90.0,12.4,6.225,0.619,0.3288,1
seed_01325.png,Foxtail Millet,71.33,19.53,86.51,43.68,6.657,0.612,0.4645,1
seed_01326.png,Kodo Millet,64.0,17.36,80.99,51.38,7.32,0.809,0.4629,0
seed_01327.png,Pearl Millet,71.01,30.78,36.71,73.07,4.754,0.511,0.3388,0
seed_01328.png,Little Millet,68.59,28.88,54.65,46.67,4.646,0.857,0.5548,1
seed_01329.png,Finger Millet,70.63,19.32,69.42,133.47,5.021,0.458,0.2321,0
seed_01330.png,Barnyard Millet,80.89,31.27,74.97,235.17,6.489,0.424,0.1682,0
seed_01331.png,Foxtail Millet,23.21,28.56,47.13,104.47,5.676,0.686,0.073,0
seed_01332.png,Kodo Millet,48.74,33.95,85.94,140.74,6.224,0.846,0.5825,1
seed_01333.png,Proso Millet,66.92,28.21,93.12,24.82,5.474,0.53,0.6262,1
seed_01334.png,Finger Millet,87.74,30.12,40.75,0.97,4.619,0.455,0.0833,0
seed_01335.png,Little Millet,73.89,41.25,60.21,13.01,5.823,0.97,0.3867,0
seed_01336.png,Kodo Millet,66.42,32.03,77.9,37.16,7.541,0.576,0.5413,0
seed_01337.png,Finger Millet,57.18,27.4,72.17,1.11,6.882,0.875,0.8623,1
seed_01338.png,Little Millet,61.44,27.31,64.71,10.0,6.26,0.941,0.8516,1
seed_01339.png,Kodo Millet,60.05,37.52,44.91,9.06,7.493,0.782,0.4395,0
seed_01340.png,Pearl Millet,19.16,38.77,23.81,49.6,7.005,0.693,0.0107,0
seed_01341.png,Kodo Millet,78.59,31.86,61.74,7.99,6.72,0.842,0.7756,0
seed_01342.png,Foxtail Millet,64.88,32.82,50.82,42.32,4.501,0.646,0.2228,0
seed_01343.png,Pearl Millet,59.89,19.97,50.58,34.06,5.604,0.421,0.5376,1
seed_01344.png,Little Millet,66.98,34.7,60.95,9.14,6.678,0.873,0.701,1
seed_01345.png,Kodo Millet,57.83,21.27,88.07,20.32,5.577,0.557,0.394,0
seed_01346.png,Little Millet,66.03,24.42,62.78,41.65,6.537,0.73,0.8528,1
seed_01347.png,Barnyard Millet,72.96,17.14,66.58,78.21,4.982,0.851,0.2149,0
seed_01348.png,Barnyard Millet,75.55,39.98,66.05,120.2,7.645,0.583,0.0957,0
seed_01349.png,Kodo Millet,44.37,29.44,59.92,31.43,6.652,0.897,0.7777,1
seed_01350.png,Barnyard Millet,75.69,28.58,66.96,34.17,5.618,0.884,0.8481,1
seed_01351.png,Barnyard Millet,59.27,28.59,65.83,98.95,6.304,0.825,0.8567,1
seed_01352.png,Kodo Millet,67.27,18.72,76.61,18.22,6.454,0.762,0.5345,0
seed_01353.png,Finger Millet,73.96,17.05,98.0,211.84,6.981,0.823,0.3215,0
seed_01354.png,Kodo Millet,69.88,22.68,74.84,46.8,6.594,0.692,0.7553,0
seed_01355.png,Foxtail Millet,69.96,11.23,78.67,26.77,5.046,0.343,0.0181,0
seed_01356.png,Little Millet,48.67,23.65,86.51,5.9,8.042,0.402,0.0709,0
seed_01357.png,Finger Millet,26.45,19.2,65.16,20.46,6.649,0.363,0.0562,0
seed_01358.png,Proso Millet,86.73,26.13,49.4,6.18,4.855,0.29,0.0985,0
seed_01359.png,Little Millet,82.91,24.15,67.16,17.29,5.403,0.777,0.445,0
seed_01360.png,Barnyard Millet,64.93,15.07,69.42,21.53,6.502,0.536,0.2792,0
seed_01361.png,Foxtail Millet,44.23,29.54,58.97,17.52,7.317,0.843,0.668,1
seed_01362.png,Pearl Millet,56.21,22.85,48.42,5.95,5.898,0.825,0.7862,1
seed_01363.png,Proso Millet,64.68,13.61,37.38,111.9,7.123,0.568,0.1355,0
seed_01364.png,Little Millet,39.91,27.16,38.76,38.76,7.1,0.403,0.1865,0
seed_01365.png,Foxtail Millet,75.43,19.57,64.53,0.61,6.819,0.775,0.3593,0
seed_01366.png,Finger Millet,49.98,24.72,58.32,84.51,7.807,0.395,0.3613,0
seed_01367.png,Little Millet,76.39,29.22,60.92,31.69,6.625,0.641,0.7453,1
seed_01368.png,Finger Millet,58.04,31.12,49.98,31.53,6.381,0.652,0.67,1
seed_01369.png,Kodo Millet,40.5,36.35,98.0,104.42,7.209,0.151,0.0316,0
seed_01370.png,Proso Millet,25.28,18.5,68.4,153.13,6.312,0.4,0.0348,0
seed_01371.png,Kodo Millet,49.15,31.67,57.89,20.01,6.129,0.665,0.5541,1
seed_01372.png,Little Millet,84.46,27.38,69.69,27.94,6.734,0.465,0.4386,1
seed_01373.png,Little Millet,37.78,28.4,54.36,30.77,5.883,0.838,0.5257,0
seed_01374.png,Pearl Millet,43.9,23.1,79.06,119.88,7.654,0.784,0.4931,1
seed_01375.png,Barnyard Millet,64.87,28.48,72.74,31.96,7.054,0.772,0.6697,1
seed_01376.png,Proso Millet,56.03,18.23,51.29,13.24,7.25,0.331,0.2403,0
seed_01377.png,Proso Millet,88.0,15.32,68.92,119.88,5.286,0.671,0.0617,0
seed_01378.png,Pearl Millet,42.95,31.18,66.05,55.8,6.527,0.412,0.6573,0
seed_01379.png,Foxtail Millet,48.23,18.38,62.04,13.15,6.533,0.694,0.3996,1
seed_01380.png,Foxtail Millet,67.06,8.0,92.17,20.62,7.488,0.409,0.01,0
seed_01381.png,Barnyard Millet,58.35,17.99,75.22,68.46,6.607,0.912,0.706,1
seed_01382.png,Finger Millet,78.36,33.37,74.38,87.7,7.548,0.917,0.7596,1
seed_01383.png,Proso Millet,76.49,27.53,78.07,21.46,6.725,0.495,0.4758,0
seed_01384.png,Kodo Millet,56.62,33.87,65.75,26.28,8.629,0.714,0.1256,0
seed_01385.png,Pearl Millet,81.06,34.12,42.64,94.47,8.378,0.407,0.0606,0
seed_01386.png,Proso Millet,65.6,26.72,39.52,23.17,6.851,0.71,0.523,0
seed_01387.png,Kodo Millet,86.04,30.08,63.53,85.86,6.7,0.845,0.7402,1
seed_01388.png,Proso Millet,60.73,41.13,40.92,28.13,5.26,0.497,0.0904,0
seed_01389.png,Finger Millet,78.33,32.52,95.19,92.76,6.418,0.519,0.3797,0
seed_01390.png,Foxtail Millet,60.58,19.95,33.32,41.02,7.467,0.713,0.5412,0
seed_01391.png,Proso Millet,59.07,29.08,37.27,6.33,5.852,0.775,0.6637,1
seed_01392.png,Pearl Millet,42.04,26.08,53.36,10.33,6.677,0.427,0.4435,0
seed_01393.png,Kodo Millet,62.63,14.88,70.84,69.09,7.149,0.898,0.4769,1
seed_01394.png,Foxtail Millet,31.61,32.77,36.07,20.0,6.267,0.259,0.0306,0
seed_01395.png,Finger Millet,65.88,38.41,48.36,78.88,6.384,0.419,0.1631,0
seed_01396.png,Barnyard Millet,44.58,34.78,71.94,71.1,7.27,0.764,0.3928,1
seed_01397.png,Foxtail Millet,44.44,20.47,65.89,48.13,5.629,0.325,0.2383,1
seed_01398.png,Foxtail Millet,57.49,25.55,31.37,253.46,4.796,0.161,0.0223,0
seed_01399.png,Little Millet,54.25,26.45,60.37,18.03,5.344,0.925,0.6558,0
seed_01400.png,Pearl Millet,60.27,35.56,58.32,48.06,5.276,0.367,0.3361,0
seed_01401.png,Foxtail Millet,35.38,33.46,58.92,34.57,6.514,0.446,0.1889,0
seed_01402.png,Barnyard Millet,53.1,27.55,45.76,47.96,5.759,0.693,0.6817,0
seed_01403.png,Proso Millet,79.3,33.85,52.52,150.51,8.539,0.484,0.0956,0
seed_01404.png,Kodo Millet,77.86,25.93,63.33,108.72,8.197,0.861,0.5373,0
seed_01405.png,Proso Millet,68.14,31.0,78.06,131.05,6.195,0.455,0.6901,0
seed_01406.png,Foxtail Millet,59.99,24.35,65.99,3.94,7.467,0.67,0.6132,1
seed_01407.png,Pearl Millet,71.22,35.92,59.83,8.53,5.685,0.891,0.7251,1
seed_01408.png,Barnyard Millet,72.98,33.87,86.39,2.89,7.86,0.322,0.0769,0
seed_01409.png,Foxtail Millet,46.7,21.98,79.32,25.39,6.249,0.568,0.4019,0
seed_01410.png,Barnyard Millet,41.29,29.46,52.84,40.51,5.22,0.683,0.4523,1
seed_01411.png,Foxtail Millet,58.64,34.84,67.5,76.3,6.576,0.602,0.5949,1
seed_01412.png,Kodo Millet,35.91,26.53,62.89,30.3,7.074,0.753,0.4645,0
seed_01413.png,Pearl Millet,70.72,27.09,61.92,15.86,5.068,0.359,0.6436,0
seed_01414.png,Proso Millet,73.13,28.64,61.37,82.19,6.004,0.163,0.4275,0
seed_01415.png,Proso Millet,62.03,33.08,69.54,30.21,5.25,0.88,0.751,1
seed_01416.png,Proso Millet,64.82,26.0,66.89,62.98,5.926,0.27,0.5237,1
seed_01417.png,Proso Millet,64.2,36.3,96.06,63.71,6.229,0.75,0.4854,1
seed_01418.png,Barnyard Millet,55.18,20.27,81.63,134.94,5.899,0.697,0.5887,0
seed_01419.png,Pearl Millet,74.57,36.93,59.7,61.83,6.598,0.6,0.5936,0
seed_01420.png,Little Millet,58.02,24.79,64.83,24.45,6.248,0.736,0.7538,1
seed_01421.png,Barnyard Millet,78.01,21.82,53.58,32.68,5.89,0.581,0.3439,0
seed_01422.png,Finger Millet,55.27,29.15,79.98,63.07,5.783,0.652,0.7647,0
seed_01423.png,Barnyard Millet,52.97,33.44,58.07,59.2,8.221,0.725,0.1584,0
seed_01424.png,Barnyard Millet,37.93,42.87,72.94,89.61,6.317,0.569,0.0202,0
seed_01425.png,Proso Millet,48.21,26.09,58.63,55.94,6.787,0.76,0.7594,0
seed_01426.png,Finger Millet,67.92,29.73,58.4,85.27,6.461,0.731,0.8141,1
seed_01427.png,Foxtail Millet,71.12,26.86,61.93,173.34,5.17,0.78,0.5845,0
seed_01428.png,Little Millet,80.0,20.62,85.2,242.74,6.934,0.797,0.2913,0
seed_01429.png,Finger Millet,53.85,27.63,61.41,4.07,6.043,0.41,0.591,0
seed_01430.png,Foxtail Millet,49.73,23.52,84.53,39.43,5.149,0.438,0.1951,0
seed_01431.png,Barnyard Millet,73.3,22.19,82.47,130.52,5.717,0.49,0.2839,0
seed_01432.png,Little Millet,17.82,34.15,83.35,37.61,5.916,0.457,0.0133,0
seed_01433.png,Finger Millet,53.06,33.18,45.54,24.85,6.99,0.807,0.6436,0
seed_01434.png,Foxtail Millet,61.42,18.54,77.52,95.08,5.986,0.163,0.1371,1
seed_01435.png,Finger Millet,31.49,32.3,85.06,23.54,7.086,0.931,0.4977,1
seed_01436.png,Barnyard Millet,60.34,37.22,80.86,14.73,7.029,0.872,0.6359,1
seed_01437.png,Kodo Millet,56.14,20.54,49.53,59.38,6.265,0.599,0.6956,0
seed_01438.png,Little Millet,53.67,33.42,87.44,234.08,5.731,0.896,0.452,0
seed_01439.png,Foxtail Millet,39.1,28.91,30.04,8.33,5.443,0.62,0.1683,0
seed_01440.png,Finger Millet,74.24,27.72,39.22,52.68,5.422,0.436,0.3864,1
seed_01441.png,Pearl Millet,23.25,29.88,51.86,48.1,5.156,0.624,0.1111,0
seed_01442.png,Little Millet,53.75,17.52,55.75,58.26,7.152,0.948,0.5586,1
seed_01443.png,Foxtail Millet,59.58,38.25,65.17,19.33,5.74,0.219,0.1259,0
seed_01444.png,Foxtail Millet,49.54,27.52,65.3,11.18,4.631,0.844,0.3532,0
seed_01445.png,Finger Millet,56.31,36.0,98.0,63.18,7.252,0.799,0.3019,0
seed_01446.png,Kodo Millet,68.6,30.55,83.92,50.99,7.337,0.896,0.8128,1
seed_01447.png,Barnyard Millet,63.37,33.51,60.24,28.59,6.884,0.487,0.4168,0
seed_01448.png,Little Millet,61.75,36.78,52.97,284.86,6.688,0.418,0.0639,0
seed_01449.png,Barnyard Millet,68.03,25.66,65.05,61.18,5.504,0.623,0.6849,1
seed_01450.png,Foxtail Millet,50.89,22.48,59.08,18.4,6.438,0.354,0.3433,0
seed_01451.png,Proso Millet,68.78,30.45,92.16,79.77,5.739,0.898,0.7761,1
seed_01452.png,Foxtail Millet,66.1,31.75,54.71,7.5,6.843,0.671,0.6998,0
seed_01453.png,Finger Millet,80.43,25.15,53.22,79.36,6.131,0.946,0.7772,1
seed_01454.png,Little Millet,65.46,24.37,62.69,42.63,5.273,0.707,0.6609,0
seed_01455.png,Foxtail Millet,29.16,25.33,52.02,4.58,6.22,0.9,0.5285,1
seed_01456.png,Proso Millet,44.53,20.17,75.13,0.66,5.53,0.813,0.6267,0
seed_01457.png,Little Millet,76.04,31.02,12.0,30.11,6.26,0.837,0.3082,0
seed_01458.png,Proso Millet,44.69,30.62,75.95,21.85,6.567,0.744,0.5426,0
seed_01459.png,Finger Millet,58.86,30.25,74.52,320.0,6.18,0.499,0.1266,0
seed_01460.png,Foxtail Millet,88.86,31.83,47.15,44.95,6.855,0.654,0.4182,1
seed_01461.png,Pearl Millet,44.97,21.27,77.91,197.99,5.74,0.164,0.162,0
seed_01462.png,Pearl Millet,81.26,22.95,42.62,35.64,6.108,0.865,0.8508,1
seed_01463.png,Little Millet,44.43,17.33,79.47,45.42,6.805,0.807,0.3902,1
seed_01464.png,Little Millet,52.24,29.73,40.65,31.56,7.164,0.274,0.2951,1
seed_01465.png,Foxtail Millet,65.41,18.68,93.73,2.28,6.351,0.467,0.3553,0
seed_01466.png,Finger Millet,61.04,24.83,96.78,175.99,7.569,0.658,0.5042,1
seed_01467.png,Foxtail Millet,9.62,27.3,66.27,0.24,7.066,0.845,0.029,0
seed_01468.png,Pearl Millet,86.34,21.02,91.69,17.23,6.119,0.591,0.4257,1
seed_01469.png,Finger Millet,73.47,29.55,50.62,39.32,5.22,0.296,0.2376,0
seed_01470.png,Kodo Millet,63.79,32.09,65.57,81.2,6.516,0.465,0.6553,1
seed_01471.png,Little Millet,58.6,25.31,55.54,32.95,5.813,0.404,0.5846,0
seed_01472.png,Finger Millet,69.66,22.54,88.66,196.21,7.071,0.601,0.6771,0
seed_01473.png,Proso Millet,78.9,25.84,57.74,9.88,6.888,0.665,0.7639,0
seed_01474.png,Finger Millet,80.88,29.86,66.27,53.53,7.19,0.465,0.4641,1
seed_01475.png,Little Millet,33.93,28.27,85.02,154.53,4.774,0.398,0.0466,0
seed_01476.png,Finger Millet,57.61,19.34,77.34,219.71,6.193,0.289,0.1804,0
seed_01477.png,Foxtail Millet,57.61,28.09,63.36,17.71,5.467,0.395,0.4933,1
seed_01478.png,Pearl Millet,98.0,27.67,68.09,39.68,4.864,0.635,0.2633,0
seed_01479.png,Finger Millet,76.04,17.0,57.65,12.39,6.114,0.715,0.2682,0
seed_01480.png,Little Millet,72.23,30.69,72.38,1.54,5.23,0.851,0.618,1
seed_01481.png,Foxtail Millet,65.85,19.55,67.41,10.01,5.439,0.219,0.1557,0
seed_01482.png,Pearl Millet,61.75,32.28,45.9,75.39,4.195,0.866,0.372,1
seed_01483.png,Little Millet,69.09,20.07,72.57,175.3,5.748,0.773,0.2886,1
seed_01484.png,Barnyard Millet,96.29,30.53,55.36,34.35,5.986,0.79,0.4093,0
seed_01485.png,Little Millet,66.34,32.04,57.21,63.46,7.054,0.578,0.6134,0
seed_01486.png,Little Millet,58.82,30.27,36.99,63.62,6.503,0.728,0.7681,1
seed_01487.png,Barnyard Millet,76.56,23.27,58.92,4.6,5.273,0.703,0.5343,0
seed_01488.png,Foxtail Millet,82.03,25.02,79.71,161.81,6.407,0.983,0.7377,0
seed_01489.png,Proso Millet,45.33,24.11,68.74,163.14,5.379,0.522,0.455,0
seed_01490.png,Finger Millet,63.33,27.09,66.6,19.64,5.074,0.502,0.5295,1
seed_01491.png,Kodo Millet,41.82,21.24,85.55,55.01,7.166,0.769,0.4554,1
seed_01492.png,Barnyard Millet,45.62,21.31,71.23,79.55,7.228,0.541,0.2159,0
seed_01493.png,Kodo Millet,59.46,39.91,63.36,249.22,6.021,0.654,0.1265,1
seed_01494.png,Pearl Millet,35.34,24.0,67.39,41.35,5.57,0.678,0.5889,1
seed_01495.png,Pearl Millet,68.47,38.35,74.91,68.62,8.557,0.395,0.0278,0
seed_01496.png,Kodo Millet,54.61,14.13,75.39,148.96,7.301,0.394,0.0456,0
seed_01497.png,Barnyard Millet,53.21,21.4,45.74,17.11,6.296,0.574,0.4708,0
seed_01498.png,Proso Millet,58.78,27.42,64.87,25.51,7.966,0.702,0.5233,0
seed_01499.png,Foxtail Millet,54.6,18.83,46.11,8.26,7.593,0.516,0.2229,0
seed_01500.png,Finger Millet,51.41,29.25,62.39,111.56,5.903,0.476,0.6293,1
seed_01501.png,Barnyard Millet,68.71,16.25,71.92,89.93,5.485,0.465,0.194,0
seed_01502.png,Kodo Millet,71.4,8.84,81.19,40.68,4.512,0.846,0.01,0
seed_01503.png,Pearl Millet,61.74,31.42,51.43,12.28,4.874,0.38,0.2395,0
seed_01504.png,Pearl Millet,74.26,30.16,79.97,25.97,7.142,0.426,0.5892,1
seed_01505.png,Foxtail Millet,24.79,39.76,68.06,46.39,7.365,0.676,0.0131,0
seed_01506.png,Foxtail Millet,67.1,23.73,79.95,81.98,6.925,0.826,0.8848,0
seed_01507.png,Foxtail Millet,71.42,34.89,43.85,39.43,5.378,0.925,0.7022,1
seed_01508.png,Little Millet,46.57,33.08,76.11,25.1,6.882,0.617,0.3456,0
seed_01509.png,Proso Millet,49.37,21.27,58.51,27.4,6.088,0.475,0.5309,1
seed_01510.png,Finger Millet,58.3,11.82,74.27,82.13,4.928,0.42,0.0487,0
seed_01511.png,Kodo Millet,69.09,12.31,56.42,89.91,5.152,0.898,0.1552,0
seed_01512.png,Little Millet,69.29,26.0,62.45,73.67,6.776,0.95,0.8404,1
seed_01513.png,Little Millet,37.19,23.5,63.62,32.01,7.007,0.517,0.2078,0
seed_01514.png,Kodo Millet,66.97,28.99,69.44,67.0,5.33,0.627,0.5895,0
seed_01515.png,Finger Millet,46.77,31.75,72.28,3.05,6.709,0.645,0.4232,0
seed_01516.png,Finger Millet,38.28,36.22,34.55,92.82,6.063,0.49,0.1574,0
seed_01517.png,Barnyard Millet,54.62,31.81,98.0,61.1,7.283,0.38,0.1733,0
seed_01518.png,Kodo Millet,49.82,29.57,98.0,92.21,5.484,0.514,0.2466,0
seed_01519.png,Barnyard Millet,55.06,20.93,40.74,17.68,7.481,0.911,0.6915,1
seed_01520.png,Pearl Millet,62.96,28.82,61.14,27.32,4.617,0.651,0.3864,1
seed_01521.png,Kodo Millet,63.68,26.42,81.64,97.88,4.702,0.832,0.4029,0
seed_01522.png,Barnyard Millet,57.37,37.3,98.0,18.13,6.526,0.681,0.3173,0
seed_01523.png,Finger Millet,48.86,27.87,83.64,88.78,6.597,0.744,0.7799,1
seed_01524.png,Kodo Millet,65.12,33.24,49.82,3.28,6.908,0.864,0.7709,1
seed_01525.png,Foxtail Millet,57.95,26.58,70.5,32.94,6.092,0.664,0.7738,1
seed_01526.png,Kodo Millet,74.74,26.86,71.44,67.8,5.987,0.652,0.7139,1
seed_01527.png,Kodo Millet,50.29,32.47,71.0,11.9,6.848,0.81,0.6139,1
seed_01528.png,Finger Millet,93.62,23.62,62.32,9.29,5.237,0.803,0.3273,1
seed_01529.png,Pearl Millet,57.03,27.59,71.28,58.68,6.499,0.538,0.6287,0
seed_01530.png,Little Millet,47.6,20.11,59.76,63.58,6.219,0.631,0.4777,1
seed_01531.png,Kodo Millet,46.37,16.69,56.73,11.36,4.702,0.34,0.0226,0
seed_01532.png,Finger Millet,44.24,24.31,98.0,4.93,5.292,0.84,0.3903,0
seed_01533.png,Little Millet,63.13,31.4,45.24,84.43,7.441,0.458,0.5049,1
seed_01534.png,Little Millet,56.27,26.14,71.68,111.15,5.661,0.553,0.5821,0
seed_01535.png,Foxtail Millet,72.59,23.87,76.18,52.53,6.374,0.231,0.3892,1
seed_01536.png,Foxtail Millet,93.73,24.16,69.38,41.84,8.36,0.899,0.1841,0
seed_01537.png,Kodo Millet,37.44,15.63,63.3,88.33,5.684,0.763,0.175,0
seed_01538.png,Little Millet,83.24,33.52,50.68,74.39,7.076,0.777,0.5616,1
seed_01539.png,Proso Millet,63.22,16.25,72.57,53.54,7.233,0.844,0.624,1
seed_01540.png,Little Millet,55.0,16.82,84.18,74.25,7.245,0.488,0.204,0
seed_01541.png,Finger Millet,70.68,22.92,71.48,124.78,6.488,0.613,0.7292,1
seed_01542.png,Little Millet,48.81,25.01,81.12,178.6,6.284,0.957,0.71,1
seed_01543.png,Pearl Millet,49.9,30.02,47.16,44.13,6.41,0.613,0.7931,1
seed_01544.png,Finger Millet,52.14,22.63,34.01,27.33,5.074,0.518,0.2461,0
seed_01545.png,Barnyard Millet,61.5,31.77,57.76,81.07,7.53,0.542,0.5994,1
seed_01546.png,Pearl Millet,53.11,35.55,92.29,126.26,7.039,0.658,0.3974,0
seed_01547.png,Barnyard Millet,60.95,37.48,91.04,80.23,5.207,0.262,0.0642,1
seed_01548.png,Proso Millet,63.82,25.85,56.0,35.35,4.953,0.429,0.2871,0
seed_01549.png,Kodo Millet,49.52,29.14,78.37,121.37,7.263,0.669,0.622,1
seed_01550.png,Proso Millet,46.41,21.74,59.72,320.0,5.072,0.676,0.0705,0
seed_01551.png,Foxtail Millet,56.64,32.67,72.27,31.35,6.75,0.505,0.6443,1
seed_01552.png,Foxtail Millet,77.3,22.45,51.49,4.65,5.551,0.464,0.3149,1
seed_01553.png,Finger Millet,69.92,20.22,53.21,64.39,6.954,0.716,0.6256,0
seed_01554.png,Pearl Millet,83.77,22.01,72.52,163.87,7.448,0.494,0.3977,0
seed_01555.png,Finger Millet,44.26,11.15,70.93,10.91,7.007,0.419,0.0404,0
seed_01556.png,Proso Millet,66.5,33.89,73.91,62.96,6.194,0.146,0.3447,0
seed_01557.png,Little Millet,65.39,33.32,83.34,18.22,7.82,0.791,0.3712,1
seed_01558.png,Finger Millet,40.37,28.43,62.91,9.98,6.111,0.333,0.2412,0
seed_01559.png,Barnyard Millet,65.18,32.97,38.15,38.32,6.775,0.664,0.6235,0
seed_01560.png,Finger Millet,68.25,28.56,55.59,13.62,6.429,0.842,0.8833,1
seed_01561.png,Foxtail Millet,57.82,14.66,93.24,26.0,6.768,0.75,0.1744,0
seed_01562.png,Proso Millet,73.85,27.92,60.4,109.43,6.536,0.761,0.8675,0
seed_01563.png,Foxtail Millet,26.66,28.92,52.98,9.06,5.86,0.882,0.2577,1
seed_01564.png,Barnyard Millet,53.47,33.45,66.25,63.92,6.599,0.675,0.7004,1
seed_01565.png,Little Millet,42.89,30.97,55.97,38.01,7.442,0.39,0.298,0
seed_01566.png,Finger Millet,68.39,31.63,37.19,214.11,6.56,0.886,0.7248,0
seed_01567.png,Foxtail Millet,62.63,26.58,72.22,54.72,7.582,0.471,0.3776,0
seed_01568.png,Barnyard Millet,69.69,31.9,84.16,38.62,6.637,0.727,0.364,0
seed_01569.png,Proso Millet,60.57,23.79,65.37,26.26,6.989,0.749,0.8265,1
seed_01570.png,Pearl Millet,73.31,17.1,55.44,69.04,5.272,0.642,0.486,1
seed_01571.png,Barnyard Millet,65.64,31.87,77.96,33.51,6.72,0.681,0.5967,0
seed_01572.png,Pearl Millet,76.67,31.78,48.61,36.47,5.227,0.676,0.635,1
seed_01573.png,Finger Millet,53.24,14.84,54.87,320.0,6.278,0.403,0.0314,0
seed_01574.png,Proso Millet,56.3,32.67,69.73,132.77,6.234,0.575,0.7616,0
seed_01575.png,Pearl Millet,78.06,29.29,76.88,20.97,5.914,0.809,0.8508,0
seed_01576.png,Pearl Millet,59.12,23.56,42.86,147.46,5.365,0.736,0.8204,1
seed_01577.png,Little Millet,43.55,30.27,29.64,32.11,7.309,0.627,0.3248,1
seed_01578.png,Foxtail Millet,56.2,32.33,78.44,130.16,5.62,0.639,0.6232,0
seed_01579.png,Proso Millet,46.36,46.0,76.58,131.9,8.005,0.617,0.01,0
seed_01580.png,Little Millet,61.05,19.41,25.82,69.13,7.498,0.694,0.4301,0
seed_01581.png,Pearl Millet,55.02,37.89,53.08,5.71,5.849,0.305,0.2648,0
seed_01582.png,Proso Millet,70.21,30.19,70.39,24.87,7.384,0.73,0.7086,1
seed_01583.png,Pearl Millet,65.54,29.43,71.19,75.58,7.412,0.477,0.5264,0
seed_01584.png,Proso Millet,30.33,16.94,77.79,3.5,4.413,0.812,0.0184,1
seed_01585.png,Barnyard Millet,66.26,21.5,57.69,8.34,7.158,0.961,0.8296,1
seed_01586.png,Little Millet,74.48,22.44,68.04,53.44,6.856,0.505,0.4557,0
seed_01587.png,Pearl Millet,61.33,19.5,84.53,49.51,5.185,0.781,0.4776,1
seed_01588.png,Pearl Millet,66.81,21.2,73.26,6.03,6.601,0.367,0.4474,0
seed_01589.png,Proso Millet,61.53,15.65,61.94,169.51,6.22,0.73,0.4308,0
seed_01590.png,Proso Millet,47.31,19.19,68.91,144.02,5.823,0.918,0.5981,0
seed_01591.png,Foxtail Millet,64.19,20.22,81.37,55.39,6.187,0.806,0.8131,1
seed_01592.png,Little Millet,40.43,28.32,93.49,71.06,6.893,0.609,0.3707,0
seed_01593.png,Foxtail Millet,66.61,34.9,82.43,173.07,7.303,0.538,0.3456,0
seed_01594.png,Kodo Millet,47.56,29.16,42.12,23.13,6.715,0.3,0.3761,1
seed_01595.png,Little Millet,40.78,17.79,18.99,83.32,6.463,0.416,0.0614,0
seed_01596.png,Little Millet,55.67,21.03,76.36,320.0,6.074,0.766,0.2824,0
seed_01597.png,Barnyard Millet,69.08,29.76,49.25,0.96,6.416,0.566,0.6166,1
seed_01598.png,Little Millet,62.29,29.33,88.76,52.49,6.065,0.664,0.5943,1
seed_01599.png,Finger Millet,33.17,30.97,65.73,124.79,6.648,0.253,0.1477,0
seed_01600.png,Finger Millet,59.16,23.94,55.63,38.48,6.984,0.868,0.8753,0
seed_01601.png,Kodo Millet,48.15,26.88,56.26,11.84,7.254,0.617,0.3508,1
seed_01602.png,Pearl Millet,45.71,30.92,63.85,40.24,7.028,0.901,0.8547,1
seed_01603.png,Little Millet,63.18,26.65,83.92,12.94,7.125,0.631,0.6728,1
seed_01604.png,Foxtail Millet,40.4,34.31,74.63,103.16,6.329,0.804,0.349,0
seed_01605.png,Finger Millet,67.62,30.17,47.52,8.89,6.005,0.652,0.785,1
seed_01606.png,Pearl Millet,88.25,40.34,69.17,31.72,6.883,0.617,0.2522,1
seed_01607.png,Pearl Millet,30.48,27.58,82.07,3.77,6.412,0.521,0.2269,0
seed_01608.png,Proso Millet,61.92,9.42,60.66,35.24,6.839,0.503,0.0444,0
seed_01609.png,Kodo Millet,62.47,41.27,74.8,94.83,5.187,0.742,0.1268,0
seed_01610.png,Little Millet,57.49,18.78,49.39,162.93,5.849,0.748,0.491,1
seed_01611.png,Pearl Millet,98.0,22.35,88.39,15.57,5.934,0.824,0.4666,0
seed_01612.png,Little Millet,28.83,22.61,29.8,60.49,5.864,0.697,0.2024,1
seed_01613.png,Proso Millet,67.27,21.3,70.52,19.71,6.11,0.503,0.6729,1
seed_01614.png,Pearl Millet,55.02,34.95,66.86,173.45,5.84,0.796,0.6473,1
seed_01615.png,Finger Millet,78.77,31.05,76.05,91.67,6.757,0.966,0.7869,1
seed_01616.png,Finger Millet,35.75,33.98,61.12,0.4,8.613,0.449,0.0243,0
seed_01617.png,Finger Millet,85.79,27.06,80.66,8.77,6.407,0.402,0.2904,1
seed_01618.png,Finger Millet,86.39,36.42,54.33,2.8,5.278,0.677,0.1914,0
seed_01619.png,Barnyard Millet,45.19,23.35,80.76,57.54,6.634,0.714,0.5388,0
seed_01620.png,Finger Millet,65.12,17.87,78.28,68.93,6.028,0.702,0.6831,1
seed_01621.png,Finger Millet,86.28,21.4,54.31,9.71,4.81,0.572,0.2377,0
seed_01622.png,Proso Millet,81.87,17.19,84.12,79.5,6.397,0.732,0.281,1
seed_01623.png,Finger Millet,88.05,30.38,80.7,86.03,6.892,0.768,0.5742,1
seed_01624.png,Barnyard Millet,81.3,31.77,64.29,6.96,6.529,0.712,0.5084,0
seed_01625.png,Little Millet,40.84,23.46,47.16,10.07,6.124,0.972,0.601,1
seed_01626.png,Pearl Millet,75.61,28.26,83.31,37.8,5.505,0.828,0.8306,1
seed_01627.png,Foxtail Millet,45.68,29.35,51.12,56.2,8.07,0.793,0.2012,0
seed_01628.png,Pearl Millet,44.5,27.93,74.49,266.86,5.876,0.893,0.6222,1
seed_01629.png,Pearl Millet,90.8,31.68,59.9,27.05,6.447,0.934,0.7351,1
seed_01630.png,Kodo Millet,62.77,33.74,85.33,199.47,7.471,0.758,0.3205,1
seed_01631.png,Proso Millet,79.59,11.8,60.04,124.68,5.977,0.768,0.0867,0
seed_01632.png,Barnyard Millet,48.61,25.76,78.89,0.82,6.701,0.377,0.3413,0
seed_01633.png,Little Millet,98.0,24.81,70.65,138.84,5.499,0.325,0.0542,0
seed_01634.png,Proso Millet,89.45,16.23,57.56,31.34,6.679,0.247,0.0272,0
seed_01635.png,Foxtail Millet,70.01,23.4,55.43,89.38,6.701,0.827,0.9182,1
seed_01636.png,Pearl Millet,75.82,32.11,40.09,17.51,7.542,0.562,0.2423,1
seed_01637.png,Barnyard Millet,36.69,15.25,59.47,14.23,4.908,0.695,0.0501,0
seed_01638.png,Barnyard Millet,84.13,27.87,49.03,27.92,7.731,0.736,0.3,1
seed_01639.png,Finger Millet,73.31,29.4,68.84,65.66,4.769,0.277,0.2206,0
seed_01640.png,Kodo Millet,58.59,27.65,64.86,43.09,6.636,0.554,0.7966,0
seed_01641.png,Kodo Millet,42.35,21.27,80.23,74.07,6.968,0.523,0.3608,1
seed_01642.png,Pearl Millet,60.08,27.85,98.0,48.67,6.339,0.596,0.7386,1
seed_01643.png,Barnyard Millet,51.77,25.48,66.79,71.68,6.251,0.583,0.7344,1
seed_01644.png,Finger Millet,89.53,28.07,51.06,20.34,5.594,0.781,0.5595,1
seed_01645.png,Kodo Millet,51.68,27.78,35.38,1.06,5.939,0.68,0.6401,1
seed_01646.png,Proso Millet,64.28,23.88,48.22,130.76,5.455,0.904,0.8287,1
seed_01647.png,Kodo Millet,68.12,24.68,70.43,107.26,5.545,0.395,0.4024,1
seed_01648.png,Barnyard Millet,43.25,18.15,53.43,182.37,7.169,0.841,0.3323,0
seed_01649.png,Barnyard Millet,64.81,34.29,80.1,28.81,6.466,0.819,0.6141,0
seed_01650.png,Proso Millet,57.07,30.61,81.72,69.01,5.644,0.559,0.6393,1
seed_01651.png,Proso Millet,66.99,39.35,66.18,4.87,5.486,0.825,0.5689,0
seed_01652.png,Kodo Millet,68.5,34.25,50.85,62.46,5.521,0.668,0.5377,0
seed_01653.png,Foxtail Millet,58.83,24.98,98.0,70.62,6.722,0.917,0.7858,1
seed_01654.png,Pearl Millet,59.32,27.75,73.12,25.9,7.159,0.7,0.7954,1
seed_01655.png,Kodo Millet,64.84,36.6,59.01,6.39,5.223,0.673,0.2807,0
seed_01656.png,Barnyard Millet,74.29,19.62,85.39,14.62,5.726,0.546,0.3317,0
seed_01657.png,Kodo Millet,53.48,33.45,86.06,8.16,4.908,0.865,0.3269,1
seed_01658.png,Proso Millet,74.52,27.22,62.42,95.31,5.911,0.702,0.726,0
seed_01659.png,Foxtail Millet,82.77,35.23,43.44,26.55,4.804,0.481,0.0509,0
seed_01660.png,Kodo Millet,78.36,23.13,27.09,70.89,5.474,0.687,0.3883,0
seed_01661.png,Finger Millet,66.71,17.23,52.31,5.51,6.673,0.479,0.4174,0
seed_01662.png,Pearl Millet,56.06,30.19,77.69,85.67,4.521,0.623,0.399,0
seed_01663.png,Little Millet,73.48,22.63,56.48,4.63,7.93,0.616,0.3711,0
seed_01664.png,Finger Millet,42.1,31.45,78.95,2.31,4.988,0.705,0.1573,0
seed_01665.png,Little Millet,60.73,30.53,75.28,133.13,4.953,0.696,0.5267,0
seed_01666.png,Finger Millet,46.13,22.08,89.0,181.96,6.045,0.266,0.1357,0
seed_01667.png,Little Millet,42.11,21.43,50.57,211.02,5.861,0.605,0.2244,0
seed_01668.png,Proso Millet,48.9,19.11,78.18,169.68,5.124,0.459,0.1771,0
seed_01669.png,Proso Millet,75.16,29.82,52.85,11.02,7.321,0.38,0.4151,0
seed_01670.png,Finger Millet,87.65,39.07,50.39,96.4,5.903,0.635,0.2978,0
seed_01671.png,Pearl Millet,38.19,21.86,57.14,5.67,8.369,0.593,0.1339,0
seed_01672.png,Pearl Millet,79.1,32.2,49.36,78.15,5.236,0.629,0.5671,0
seed_01673.png,Foxtail Millet,51.91,36.58,71.47,107.05,6.843,0.815,0.5128,0
seed_01674.png,Pearl Millet,53.52,34.87,65.83,21.23,6.45,0.813,0.7035,0
seed_01675.png,Little Millet,48.63,21.0,92.1,150.35,6.929,0.324,0.1347,0
seed_01676.png,Barnyard Millet,65.05,31.74,18.88,67.57,5.665,0.828,0.4431,1
seed_01677.png,Pearl Millet,55.73,26.28,98.0,25.95,6.626,0.45,0.5695,0
seed_01678.png,Finger Millet,72.79,11.21,62.62,80.31,6.297,0.451,0.0566,0
seed_01679.png,Kodo Millet,90.18,30.05,81.34,134.08,5.975,0.536,0.3055,0
seed_01680.png,Barnyard Millet,76.07,29.71,53.75,104.85,7.04,0.798,0.7953,1
seed_01681.png,Foxtail Millet,55.7,34.18,93.24,116.03,6.175,0.834,0.5035,1
seed_01682.png,Finger Millet,55.97,21.6,59.78,6.37,7.699,0.826,0.6564,0
seed_01683.png,Little Millet,56.28,29.09,64.37,1.13,7.24,0.599,0.5884,1
seed_01684.png,Proso Millet,46.63,26.9,51.98,39.86,6.074,0.87,0.7072,0
seed_01685.png,Pearl Millet,76.97,20.55,72.26,4.42,5.642,0.685,0.5824,0
seed_01686.png,Proso Millet,58.43,26.49,41.95,91.65,6.05,0.435,0.7058,1
seed_01687.png,Pearl Millet,77.53,26.17,80.55,20.32,5.729,0.589,0.5521,1
seed_01688.png,Proso Millet,53.92,27.66,52.53,29.76,5.819,0.477,0.6953,1
seed_01689.png,Finger Millet,62.27,31.62,77.55,37.13,6.449,0.628,0.6229,1
seed_01690.png,Foxtail Millet,67.76,17.41,49.41,7.23,5.268,0.565,0.2537,0
seed_01691.png,Finger Millet,77.19,21.31,58.01,24.13,7.977,0.975,0.5568,0
seed_01692.png,Finger Millet,47.31,33.37,45.91,90.73,6.864,0.491,0.4924,0
seed_01693.png,Barnyard Millet,54.84,23.69,44.45,15.47,7.632,0.546,0.2281,0
seed_01694.png,Barnyard Millet,39.06,27.74,97.49,35.27,4.159,0.674,0.0229,0
seed_01695.png,Finger Millet,57.86,31.13,56.26,22.2,5.253,0.8,0.6357,1
seed_01696.png,Proso Millet,54.29,30.96,55.69,54.33,6.079,0.713,0.7166,1
seed_01697.png,Finger Millet,47.01,36.74,51.35,47.25,5.046,0.465,0.093,1
seed_01698.png,Finger Millet,49.14,20.64,56.72,2.38,7.706,0.905,0.5714,1
seed_01699.png,Proso Millet,63.07,24.18,53.16,58.41,6.685,0.409,0.5466,1
seed_01700.png,Barnyard Millet,42.82,30.76,76.11,11.68,7.278,0.681,0.4496,0
seed_01701.png,Little Millet,22.78,33.63,77.03,14.24,6.515,0.256,0.0477,0
seed_01702.png,Proso Millet,51.67,32.28,42.43,6.25,5.659,0.716,0.4131,1
seed_01703.png,Finger Millet,58.06,27.44,49.86,6.03,5.45,0.88,0.8485,1
seed_01704.png,Little Millet,98.0,40.07,53.26,4.85,6.138,0.502,0.0314,0
seed_01705.png,Proso Millet,93.77,18.01,98.0,20.5,6.59,0.595,0.0647,0
seed_01706.png,Little Millet,85.88,39.87,53.11,19.04,5.712,0.293,0.021,0
seed_01707.png,Little Millet,59.5,27.31,69.98,85.29,6.974,0.923,0.7643,0
seed_01708.png,Proso Millet,57.66,28.52,86.77,320.0,7.397,0.767,0.2024,1
seed_01709.png,Little Millet,67.8,27.6,61.14,73.24,5.791,0.691,0.8182,1
seed_01710.png,Kodo Millet,74.95,26.55,88.23,37.62,6.438,0.747,0.7959,1
seed_01711.png,Little Millet,38.27,27.64,52.02,22.94,5.642,0.88,0.6331,1
seed_01712.png,Little Millet,65.76,21.59,98.0,74.71,6.103,0.537,0.2628,1
seed_01713.png,Finger Millet,82.07,20.12,68.12,37.42,5.134,0.861,0.5291,0
seed_01714.png,Kodo Millet,54.09,19.2,81.45,75.13,6.657,0.26,0.2886,0
seed_01715.png,Pearl Millet,59.45,20.43,90.0,4.63,7.123,0.481,0.4476,1
seed_01716.png,Barnyard Millet,83.61,35.68,55.87,152.14,5.746,0.712,0.2177,1
seed_01717.png,Proso Millet,52.55,29.5,44.89,85.45,6.699,0.592,0.5929,1
seed_01718.png,Kodo Millet,45.1,32.04,97.36,74.21,5.717,0.51,0.2526,0
seed_01719.png,Barnyard Millet,71.16,31.07,72.06,12.97,5.268,0.575,0.4425,1
seed_01720.png,Foxtail Millet,34.46,23.84,69.2,100.35,5.638,0.444,0.1455,0
seed_01721.png,Foxtail Millet,48.22,38.94,73.11,2.41,5.563,0.597,0.098,0
seed_01722.png,Barnyard Millet,58.87,28.14,48.61,185.8,5.657,0.916,0.7665,1
seed_01723.png,Finger Millet,78.11,38.19,72.37,44.58,6.63,0.591,0.3837,1
seed_01724.png,Barnyard Millet,35.55,27.78,53.32,30.35,5.447,0.837,0.3491,0
seed_01725.png,Finger Millet,71.73,26.31,65.27,53.52,6.814,0.625,0.8474,1
seed_01726.png,Barnyard Millet,50.61,28.4,59.12,2.99,6.217,0.772,0.7035,1
seed_01727.png,Proso Millet,66.87,16.13,58.57,33.47,6.347,0.447,0.2117,0
seed_01728.png,Finger Millet,84.4,21.23,78.11,103.4,6.346,0.159,0.1668,0
seed_01729.png,Foxtail Millet,48.98,22.65,84.2,15.41,8.252,0.452,0.0627,0
seed_01730.png,Proso Millet,45.66,29.84,65.92,65.94,6.093,0.819,0.8211,0
seed_01731.png,Foxtail Millet,49.14,23.53,82.67,320.0,6.489,0.562,0.077,0
seed_01732.png,Foxtail Millet,76.42,27.62,85.06,126.01,7.122,0.962,0.8007,1
seed_01733.png,Pearl Millet,60.18,23.11,71.4,19.06,4.963,0.851,0.5941,1
seed_01734.png,Kodo Millet,49.72,17.65,51.56,118.98,5.509,0.788,0.4174,1
seed_01735.png,Finger Millet,28.13,19.21,35.51,12.78,5.857,0.865,0.1893,0
seed_01736.png,Foxtail Millet,44.64,31.22,36.48,95.39,5.737,0.64,0.373,0
seed_01737.png,Kodo Millet,66.85,36.44,44.2,0.27,7.664,0.794,0.3068,1
seed_01738.png,Little Millet,57.44,31.37,69.25,193.9,6.064,0.85,0.6871,1
seed_01739.png,Pearl Millet,68.55,28.83,72.41,71.31,6.479,0.806,0.9048,1
seed_01740.png,Little Millet,57.64,24.29,80.48,11.36,6.696,0.767,0.7654,0
seed_01741.png,Barnyard Millet,16.41,23.17,48.98,14.97,5.781,0.875,0.0522,0
seed_01742.png,Kodo Millet,52.59,21.15,63.18,58.41,7.604,0.628,0.4673,0
seed_01743.png,Finger Millet,64.24,36.13,56.06,22.58,6.709,0.662,0.6007,1
seed_01744.png,Finger Millet,62.55,38.87,55.32,39.3,5.963,0.434,0.1773,0
seed_01745.png,Little Millet,55.44,30.49,98.0,11.98,5.711,0.863,0.6139,1
seed_01746.png,Little Millet,75.42,27.92,67.06,137.53,5.748,0.776,0.7384,0
seed_01747.png,Little Millet,49.09,26.74,59.77,24.5,7.357,0.485,0.3154,0
seed_01748.png,Barnyard Millet,63.88,24.68,42.19,166.75,7.318,0.85,0.5908,0
seed_01749.png,Finger Millet,63.88,26.6,75.03,77.22,5.359,0.44,0.5437,1
seed_01750.png,Foxtail Millet,35.89,22.58,64.48,10.49,6.346,0.542,0.4307,0
seed_01751.png,Pearl Millet,68.87,16.33,90.39,37.47,7.374,0.578,0.3062,0
seed_01752.png,Pearl Millet,80.59,15.89,80.58,43.93,5.637,0.665,0.1304,1
seed_01753.png,Barnyard Millet,50.55,28.93,76.13,50.66,6.479,0.696,0.6749,1
seed_01754.png,Proso Millet,69.87,34.0,71.18,23.53,6.022,0.671,0.6949,1
seed_01755.png,Proso Millet,66.69,37.15,77.9,55.19,6.028,0.85,0.6992,0
seed_01756.png,Finger Millet,63.73,26.11,51.67,115.16,7.971,0.89,0.59,1
seed_01757.png,Kodo Millet,49.41,10.62,61.67,16.88,5.626,0.214,0.0109,0
seed_01758.png,Finger Millet,8.0,31.06,62.9,68.38,7.226,0.542,0.01,0
seed_01759.png,Pearl Millet,50.81,36.99,60.72,8.01,6.851,0.688,0.507,0
seed_01760.png,Pearl Millet,48.56,32.11,41.86,2.49,6.459,0.67,0.5937,0
seed_01761.png,Little Millet,60.43,17.12,59.37,23.82,6.324,0.859,0.4543,0
seed_01762.png,Foxtail Millet,87.76,29.57,66.26,39.67,5.318,0.394,0.1676,0
seed_01763.png,Proso Millet,46.4,31.55,52.28,67.11,7.834,0.629,0.3909,0
seed_01764.png,Kodo Millet,79.05,27.99,70.0,101.56,4.674,0.38,0.0979,1
seed_01765.png,Foxtail Millet,60.87,19.71,78.69,14.88,5.955,0.724,0.5959,1
seed_01766.png,Proso Millet,58.25,24.8,66.56,98.59,6.533,0.98,0.9007,1
seed_01767.png,Proso Millet,40.14,16.6,27.5,62.44,5.587,0.736,0.1905,0
seed_01768.png,Barnyard Millet,57.99,25.31,62.9,7.48,6.54,0.687,0.8127,1
seed_01769.png,Pearl Millet,49.82,30.86,57.59,112.22,7.334,0.749,0.7132,0
seed_01770.png,Little Millet,41.88,21.65,95.75,70.4,7.831,0.072,0.0263,0
seed_01771.png,Foxtail Millet,82.36,27.16,68.41,74.49,5.274,0.281,0.3516,0
seed_01772.png,Finger Millet,61.15,27.51,79.03,90.37,6.25,0.197,0.352,0
seed_01773.png,Little Millet,51.69,28.55,50.34,30.1,5.89,0.442,0.4202,1
seed_01774.png,Barnyard Millet,61.64,25.31,56.03,18.61,7.373,0.565,0.5902,0
seed_01775.png,Pearl Millet,61.77,27.07,79.1,26.88,4.15,0.409,0.0912,0
seed_01776.png,Finger Millet,61.07,29.17,62.93,8.37,7.145,0.416,0.6303,0
seed_01777.png,Pearl Millet,62.41,27.08,77.8,5.43,5.171,0.693,0.6502,1
seed_01778.png,Barnyard Millet,82.18,40.83,45.76,194.02,6.585,0.308,0.038,0
seed_01779.png,Little Millet,74.71,27.48,59.18,106.2,5.797,0.805,0.7523,1
seed_01780.png,Foxtail Millet,67.86,8.9,73.25,24.84,7.621,0.489,0.01,0
seed_01781.png,Barnyard Millet,74.18,11.94,73.1,52.11,4.861,0.347,0.0157,0
seed_01782.png,Barnyard Millet,78.55,31.1,72.32,12.96,4.485,0.954,0.4725,1
seed_01783.png,Little Millet,53.16,27.12,40.1,21.06,6.826,0.586,0.3746,0
seed_01784.png,Little Millet,51.3,28.52,46.79,186.21,6.79,0.27,0.2507,0
seed_01785.png,Finger Millet,65.05,23.44,43.27,43.61,5.31,0.56,0.5519,1
seed_01786.png,Pearl Millet,78.15,22.72,98.0,18.2,8.744,0.675,0.0628,0
seed_01787.png,Finger Millet,53.36,18.89,82.55,16.65,6.605,0.797,0.506,1
seed_01788.png,Foxtail Millet,68.22,32.39,87.28,64.61,6.415,0.729,0.6444,1
seed_01789.png,Barnyard Millet,8.0,20.24,42.35,18.89,5.554,0.765,0.01,0
seed_01790.png,Proso Millet,41.33,24.5,41.61,161.73,6.959,0.6,0.3193,1
seed_01791.png,Finger Millet,67.42,32.3,74.0,78.05,6.179,0.638,0.7388,1
seed_01792.png,Foxtail Millet,56.16,22.35,70.01,74.01,5.419,0.812,0.7665,0
seed_01793.png,Foxtail Millet,82.35,28.16,57.57,95.28,5.768,0.774,0.651,0
seed_01794.png,Little Millet,68.82,31.24,66.08,165.72,3.817,0.924,0.1238,0
seed_01795.png,Foxtail Millet,60.39,31.07,62.85,18.38,5.945,0.692,0.6454,0
seed_01796.png,Finger Millet,98.0,32.1,44.63,265.49,5.722,0.852,0.1169,0
seed_01797.png,Foxtail Millet,59.37,36.69,66.56,71.31,7.091,0.801,0.4411,1
seed_01798.png,Kodo Millet,79.59,27.17,66.4,161.51,4.943,0.722,0.4609,1
seed_01799.png,Little Millet,72.7,26.43,60.35,191.07,6.67,0.888,0.8288,1
seed_01800.png,Foxtail Millet,44.72,30.04,67.67,0.63,5.94,0.414,0.3245,0
seed_01801.png,Foxtail Millet,60.53,24.61,81.49,163.72,5.451,0.676,0.4357,0
seed_01802.png,Little Millet,73.62,16.5,65.49,49.27,6.345,0.564,0.3534,1
seed_01803.png,Little Millet,57.29,35.38,52.86,71.2,6.563,0.245,0.2179,0
seed_01804.png,Kodo Millet,72.56,22.7,87.37,38.31,5.39,0.654,0.6758,1
seed_01805.png,Foxtail Millet,97.86,25.51,49.22,48.77,6.415,0.066,0.0738,0
seed_01806.png,Kodo Millet,39.59,27.59,96.51,245.22,5.446,0.897,0.1374,0
seed_01807.png,Pearl Millet,69.1,16.69,52.07,125.78,5.253,0.473,0.1951,0
seed_01808.png,Proso Millet,64.78,34.89,64.51,9.71,7.939,0.756,0.3667,0
seed_01809.png,Proso Millet,37.85,30.06,45.89,32.71,6.979,0.63,0.3841,0
seed_01810.png,Foxtail Millet,45.12,33.71,76.11,154.23,5.55,0.791,0.449,1
seed_01811.png,Finger Millet,61.35,22.71,48.13,14.26,7.369,0.463,0.411,0
seed_01812.png,Kodo Millet,56.96,34.29,57.67,74.37,6.978,0.784,0.691,0
seed_01813.png,Foxtail Millet,84.64,41.26,72.37,14.08,5.763,0.573,0.0569,0
seed_01814.png,Proso Millet,43.59,27.47,54.29,76.79,5.963,0.705,0.6772,0
seed_01815.png,Finger Millet,45.48,28.64,64.82,28.19,6.074,0.777,0.6566,1
seed_01816.png,Proso Millet,63.08,25.93,55.59,40.37,6.756,0.936,0.8997,1
seed_01817.png,Little Millet,50.38,28.2,74.73,0.69,5.852,0.478,0.3383,0
seed_01818.png,Little Millet,48.8,30.36,57.47,170.47,6.101,0.518,0.2976,0
seed_01819.png,Foxtail Millet,10.55,28.19,45.05,52.55,4.931,0.72,0.01,0
seed_01820.png,Little Millet,62.22,29.68,83.61,144.87,6.654,0.597,0.5986,1
seed_01821.png,Foxtail Millet,43.19,33.29,64.31,27.76,7.358,0.933,0.6504,0
seed_01822.png,Kodo Millet,48.17,30.01,50.8,32.99,5.393,0.626,0.5231,1
seed_01823.png,Little Millet,61.38,22.83,25.03,14.87,6.651,0.839,0.5725,0
seed_01824.png,Pearl Millet,77.78,30.03,49.64,43.62,6.434,0.249,0.6027,0
seed_01825.png,Finger Millet,26.22,25.6,52.47,69.0,6.781,0.357,0.0693,0
seed_01826.png,Pearl Millet,40.78,25.57,72.23,16.4,6.701,0.751,0.7574,1
seed_01827.png,Foxtail Millet,62.29,29.82,40.27,84.71,7.191,0.724,0.7324,0
seed_01828.png,Proso Millet,71.19,34.33,78.57,91.31,5.649,0.699,0.5787,1
seed_01829.png,Kodo Millet,64.93,20.29,36.62,6.96,6.827,0.912,0.6159,0
seed_01830.png,Barnyard Millet,76.69,33.68,69.15,11.6,7.217,0.583,0.324,0
seed_01831.png,Proso Millet,47.31,18.26,92.74,31.2,6.419,0.312,0.1111,0
seed_01832.png,Pearl Millet,45.25,31.39,66.21,34.22,5.533,0.682,0.5099,1
seed_01833.png,Proso Millet,46.25,16.88,86.1,89.44,6.606,0.597,0.2251,0
seed_01834.png,Barnyard Millet,57.77,17.24,49.64,13.51,6.269,0.657,0.3805,1
seed_01835.png,Finger Millet,52.01,27.91,86.59,11.74,7.278,0.95,0.8337,1
seed_01836.png,Barnyard Millet,50.76,26.72,83.82,15.93,6.038,0.858,0.7213,1
seed_01837.png,Barnyard Millet,58.24,34.06,45.67,29.91,7.244,0.534,0.3869,0
seed_01838.png,Barnyard Millet,61.1,31.77,65.61,68.02,6.902,0.559,0.5489,1
seed_01839.png,Kodo Millet,52.71,25.88,38.47,38.27,6.794,0.707,0.7378,1
seed_01840.png,Barnyard Millet,79.32,13.22,57.45,45.71,7.052,0.419,0.0175,0
seed_01841.png,Little Millet,91.22,19.67,56.24,34.59,6.361,0.815,0.1814,0
seed_01842.png,Pearl Millet,80.53,32.5,75.64,59.94,7.214,0.6,0.4686,0
seed_01843.png,Barnyard Millet,42.42,15.08,63.18,45.3,5.217,0.665,0.1236,0
seed_01844.png,Proso Millet,74.03,28.77,79.96,49.06,7.102,0.608,0.6173,0
seed_01845.png,Little Millet,65.04,29.13,80.81,32.01,4.845,0.448,0.1296,0
seed_01846.png,Proso Millet,70.42,26.95,71.12,22.38,6.405,0.496,0.686,1
seed_01847.png,Proso Millet,56.85,21.94,75.64,47.09,7.729,0.477,0.5287,1
seed_01848.png,Foxtail Millet,65.22,31.19,69.18,60.45,5.244,0.704,0.5761,1
seed_01849.png,Pearl Millet,52.23,25.0,57.05,14.99,6.016,0.726,0.8449,1
seed_01850.png,Foxtail Millet,43.8,30.1,61.83,169.03,5.599,0.747,0.5895,0
seed_01851.png,Kodo Millet,76.91,19.24,73.9,33.14,6.621,0.756,0.2663,0
seed_01852.png,Finger Millet,68.72,27.51,64.2,1.81,6.478,0.928,0.9071,1
seed_01853.png,Foxtail Millet,50.38,18.93,72.86,40.22,6.434,0.581,0.5329,1
seed_01854.png,Pearl Millet,54.05,23.74,56.0,31.85,6.877,0.776,0.888,1
seed_01855.png,Finger Millet,44.95,26.39,65.65,257.7,5.623,0.527,0.2748,1
seed_01856.png,Pearl Millet,49.24,23.0,67.62,158.52,6.405,0.952,0.8278,1
seed_01857.png,Pearl Millet,54.12,23.24,44.37,115.21,5.23,0.603,0.4219,0
seed_01858.png,Barnyard Millet,41.22,40.12,67.59,84.55,4.336,0.586,0.01,0
seed_01859.png,Little Millet,76.42,21.84,67.38,55.97,5.847,0.677,0.6083,1
seed_01860.png,Barnyard Millet,49.45,35.32,78.05,147.18,3.878,0.729,0.0303,0
seed_01861.png,Barnyard Millet,77.6,23.08,69.82,77.09,5.967,0.586,0.712,1
seed_01862.png,Little Millet,53.01,21.23,58.68,11.0,4.226,0.482,0.0385,0
seed_01863.png,Proso Millet,84.31,27.73,90.56,64.27,6.379,0.529,0.4824,1
seed_01864.png,Little Millet,75.64,21.88,49.6,109.41,5.798,0.537,0.5734,1
seed_01865.png,Foxtail Millet,84.02,37.23,47.15,86.46,5.695,0.86,0.4624,0
seed_01866.png,Barnyard Millet,63.05,20.88,50.17,3.65,6.411,0.945,0.7859,0
seed_01867.png,Pearl Millet,59.79,27.6,29.43,166.63,6.005,0.471,0.4957,1
seed_01868.png,Proso Millet,46.7,14.83,61.06,13.51,6.07,0.63,0.1973,0
seed_01869.png,Kodo Millet,75.3,21.51,50.23,65.29,5.441,0.769,0.5466,0
seed_01870.png,Finger Millet,68.95,27.08,55.95,22.9,4.665,0.913,0.4895,1
seed_01871.png,Finger Millet,61.91,27.87,62.7,33.57,5.88,0.78,0.8462,0
seed_01872.png,Finger Millet,81.19,37.06,60.96,168.31,7.341,0.859,0.3959,0
seed_01873.png,Little Millet,74.86,38.9,69.74,50.66,5.96,0.592,0.2224,0
seed_01874.png,Foxtail Millet,97.2,29.24,56.96,4.63,6.167,0.825,0.3439,0
seed_01875.png,Kodo Millet,63.86,27.63,41.82,45.59,6.884,0.95,0.8902,1
seed_01876.png,Foxtail Millet,63.76,27.07,50.37,54.28,4.87,0.629,0.4987,0
seed_01877.png,Barnyard Millet,78.61,27.21,74.96,23.91,4.392,0.814,0.2608,0
seed_01878.png,Barnyard Millet,40.39,27.24,61.56,96.21,6.781,0.758,0.5496,1
seed_01879.png,Finger Millet,52.75,23.24,73.2,173.91,4.352,0.582,0.0733,0
seed_01880.png,Little Millet,83.1,13.16,75.15,44.47,6.141,0.916,0.1102,0
seed_01881.png,Pearl Millet,61.23,32.77,61.77,166.29,6.269,0.351,0.499,0
seed_01882.png,Foxtail Millet,63.59,21.13,86.25,35.22,7.192,0.545,0.4182,0
seed_01883.png,Barnyard Millet,69.04,14.61,71.94,24.73,5.838,0.153,0.0928,0
seed_01884.png,Proso Millet,50.42,22.14,49.09,57.24,7.976,0.655,0.4996,0
seed_01885.png,Proso Millet,84.4,17.52,50.73,14.62,6.042,0.609,0.1945,0
seed_01886.png,Foxtail Millet,63.66,24.99,48.5,15.07,5.683,0.46,0.4948,1
seed_01887.png,Proso Millet,60.49,28.05,97.34,76.18,6.774,0.699,0.7301,0
seed_01888.png,Proso Millet,80.75,35.34,49.74,2.8,6.51,0.46,0.4654,1
seed_01889.png,Little Millet,68.0,27.6,66.32,5.83,6.747,0.449,0.6366,1
seed_01890.png,Foxtail Millet,68.91,26.01,68.49,196.54,7.321,0.824,0.6303,0
seed_01891.png,Pearl Millet,72.29,32.15,59.8,3.76,6.67,0.641,0.8451,1
seed_01892.png,Proso Millet,70.32,29.36,72.76,58.45,6.635,0.808,0.8431,0
seed_01893.png,Proso Millet,75.24,22.49,64.52,32.72,6.14,0.55,0.7484,1
seed_01894.png,Pearl Millet,56.42,28.12,67.29,59.11,6.171,0.978,0.9387,1
seed_01895.png,Barnyard Millet,63.16,12.76,72.5,60.27,6.555,0.375,0.0501,0
seed_01896.png,Little Millet,31.73,13.8,38.8,66.68,7.873,0.408,0.01,0
seed_01897.png,Proso Millet,61.68,29.18,97.73,6.44,6.454,0.648,0.702,1
seed_01898.png,Foxtail Millet,52.96,28.59,31.91,194.99,4.158,0.579,0.0603,0
seed_01899.png,Pearl Millet,59.11,23.24,70.32,111.06,7.689,0.562,0.2953,1
seed_01900.png,Foxtail Millet,59.16,21.95,62.27,109.55,5.576,0.773,0.6789,0
seed_01901.png,Kodo Millet,71.32,25.31,48.84,109.23,6.288,0.26,0.584,0
seed_01902.png,Barnyard Millet,66.76,25.21,47.37,7.03,5.931,0.375,0.4556,0
seed_01903.png,Kodo Millet,68.83,18.58,45.5,66.22,7.387,0.112,0.1331,0
seed_01904.png,Little Millet,61.38,24.18,55.34,65.64,6.395,0.972,0.9234,1
seed_01905.png,Foxtail Millet,18.38,36.91,63.96,33.6,7.097,0.312,0.01,0
seed_01906.png,Pearl Millet,66.21,26.12,53.73,109.42,6.618,0.468,0.5302,1
seed_01907.png,Proso Millet,48.14,28.14,62.14,2.59,6.481,0.703,0.7348,0
seed_01908.png,Kodo Millet,41.51,33.23,61.35,81.66,6.845,0.353,0.1966,0
seed_01909.png,Barnyard Millet,54.6,17.02,69.38,106.04,4.741,0.493,0.1617,0
seed_01910.png,Pearl Millet,73.29,28.59,77.47,66.74,5.645,0.499,0.4614,1
seed_01911.png,Kodo Millet,36.0,36.03,37.9,57.78,6.411,0.643,0.1816,0
seed_01912.png,Little Millet,34.66,14.23,56.35,45.59,6.373,0.853,0.1518,0
seed_01913.png,Pearl Millet,74.77,14.73,52.1,44.98,6.317,0.818,0.3489,0
seed_01914.png,Kodo Millet,51.07,33.43,75.66,54.42,6.52,0.415,0.4317,1
seed_01915.png,Proso Millet,73.16,28.06,69.69,119.57,5.254,0.681,0.6309,1
seed_01916.png,Foxtail Millet,64.89,30.46,65.12,71.81,5.926,0.787,0.8868,1
seed_01917.png,Foxtail Millet,66.89,31.16,62.16,145.35,7.132,0.813,0.7201,1
seed_01918.png,Kodo Millet,33.88,30.88,63.24,34.39,5.791,0.607,0.3447,0
seed_01919.png,Finger Millet,47.98,21.36,98.0,32.37,5.388,0.592,0.3425,0
seed_01920.png,Foxtail Millet,56.74,31.18,70.4,51.94,7.82,0.907,0.5703,1
seed_01921.png,Pearl Millet,76.16,34.16,57.07,57.44,5.319,0.219,0.2462,1
seed_01922.png,Pearl Millet,58.75,27.16,63.83,48.1,5.538,0.952,0.865,1
seed_01923.png,Barnyard Millet,71.33,21.66,78.72,23.39,5.071,0.74,0.4502,1
seed_01924.png,Kodo Millet,41.97,32.36,87.13,17.73,8.153,0.676,0.1373,0
seed_01925.png,Pearl Millet,57.91,16.27,42.42,19.77,6.307,0.891,0.5659,1
seed_01926.png,Finger Millet,41.71,28.1,67.05,19.74,7.063,0.714,0.6612,0
seed_01927.png,Finger Millet,61.76,37.62,78.28,25.06,7.58,0.829,0.3452,1
seed_01928.png,Pearl Millet,76.99,34.5,50.3,43.4,7.359,0.702,0.6042,1
seed_01929.png,Pearl Millet,37.56,29.21,63.35,1.18,6.858,0.778,0.641,0
seed_01930.png,Foxtail Millet,70.43,30.8,56.09,156.19,6.187,0.699,0.6382,0
seed_01931.png,Pearl Millet,74.34,26.12,58.72,49.02,5.535,0.659,0.7224,0
seed_01932.png,Little Millet,64.84,21.71,53.91,3.71,6.889,0.832,0.73,0
seed_01933.png,Little Millet,59.2,22.99,42.32,93.66,5.677,0.867,0.7789,1
seed_01934.png,Proso Millet,74.77,18.43,67.22,65.51,6.207,0.838,0.7997,1
seed_01935.png,Foxtail Millet,63.98,24.79,72.69,17.56,6.855,0.453,0.4789,0
seed_01936.png,Finger Millet,75.06,43.58,60.14,29.98,5.106,0.501,0.0406,0
seed_01937.png,Proso Millet,98.0,29.59,69.49,34.68,6.169,0.847,0.4629,1
seed_01938.png,Little Millet,44.98,30.75,55.99,26.46,5.934,0.838,0.7461,1
seed_01939.png,Barnyard Millet,49.82,23.72,86.66,89.95,5.973,0.688,0.7557,1
seed_01940.png,Kodo Millet,65.14,32.93,62.85,26.45,6.088,0.484,0.4924,1
seed_01941.png,Kodo Millet,54.25,31.53,98.0,19.48,6.712,0.782,0.6557,0
seed_01942.png,Kodo Millet,61.33,21.8,60.13,74.66,6.675,0.654,0.812,1
seed_01943.png,Proso Millet,49.35,30.28,39.04,199.06,6.986,0.493,0.4863,1
seed_01944.png,Finger Millet,47.48,30.83,59.21,320.0,5.306,0.778,0.1876,1
seed_01945.png,Kodo Millet,63.82,30.12,53.29,62.6,6.721,0.617,0.725,1
seed_01946.png,Pearl Millet,80.29,32.54,69.94,11.62,7.193,0.216,0.4017,0
seed_01947.png,Proso Millet,77.94,33.12,31.36,198.48,5.482,0.733,0.2852,0
seed_01948.png,Finger Millet,59.5,34.45,56.45,92.44,5.691,0.959,0.7125,1
seed_01949.png,Barnyard Millet,34.71,19.27,73.52,152.27,6.594,0.668,0.0892,0
seed_01950.png,Finger Millet,57.12,32.09,55.1,7.0,7.707,0.276,0.1821,0
seed_01951.png,Finger Millet,49.76,33.54,78.24,3.19,6.101,0.394,0.3672,1
seed_01952.png,Pearl Millet,67.52,26.65,91.44,6.66,6.663,0.7,0.8135,0
seed_01953.png,Kodo Millet,26.54,22.05,92.38,13.89,6.278,0.776,0.2353,0
seed_01954.png,Barnyard Millet,54.55,28.2,80.68,14.98,5.887,0.676,0.6692,1
seed_01955.png,Foxtail Millet,39.33,15.07,50.55,3.4,6.254,0.841,0.2184,0
seed_01956.png,Pearl Millet,67.13,16.24,46.31,0.85,5.879,0.501,0.432,0
seed_01957.png,Foxtail Millet,18.97,26.14,67.84,12.33,5.294,0.88,0.1576,1
seed_01958.png,Little Millet,75.66,30.25,72.66,102.71,5.77,0.905,0.7583,0
seed_01959.png,Little Millet,81.72,27.37,71.01,214.97,7.007,0.772,0.5434,1
seed_01960.png,Proso Millet,54.46,19.6,45.66,16.28,5.671,0.762,0.4942,0
seed_01961.png,Finger Millet,98.0,31.15,34.58,84.16,4.99,0.495,0.1528,0
seed_01962.png,Barnyard Millet,57.85,23.77,65.15,53.03,4.96,0.657,0.5809,0
seed_01963.png,Finger Millet,67.12,21.24,67.2,106.98,6.548,0.453,0.4616,1
seed_01964.png,Pearl Millet,48.3,39.21,12.0,48.29,6.183,0.78,0.1767,0
seed_01965.png,Proso Millet,71.77,22.43,49.83,77.0,7.94,0.481,0.3278,0
seed_01966.png,Foxtail Millet,36.29,25.37,62.99,70.75,8.2,0.819,0.251,0
seed_01967.png,Finger Millet,55.97,33.89,58.13,23.71,6.757,0.614,0.7209,0
seed_01968.png,Proso Millet,68.96,20.85,32.99,77.7,6.674,0.693,0.7854,0
seed_01969.png,Finger Millet,48.83,22.8,57.24,31.42,6.804,0.799,0.7145,1
seed_01970.png,Foxtail Millet,84.0,20.77,65.56,99.78,5.238,0.691,0.3759,0
seed_01971.png,Foxtail Millet,49.33,27.05,65.82,182.69,7.755,0.782,0.4721,0
seed_01972.png,Pearl Millet,47.96,36.08,34.28,16.12,7.224,0.862,0.4444,0
seed_01973.png,Kodo Millet,44.79,29.06,42.43,9.89,6.595,0.825,0.6727,1
seed_01974.png,Foxtail Millet,57.59,26.91,83.21,59.85,7.196,0.19,0.3389,0
seed_01975.png,Proso Millet,41.01,23.89,18.95,307.38,6.14,0.928,0.173,1
seed_01976.png,Little Millet,55.49,23.48,66.91,70.88,5.231,0.63,0.5279,0
seed_01977.png,Finger Millet,82.8,34.56,68.71,11.33,7.053,0.812,0.5877,1
seed_01978.png,Finger Millet,57.59,29.28,84.25,44.56,7.586,0.666,0.5514,0
seed_01979.png,Finger Millet,85.71,33.35,68.07,155.53,6.554,0.443,0.2872,1
seed_01980.png,Barnyard Millet,54.58,35.19,59.26,152.31,5.929,0.889,0.5432,1
seed_01981.png,Foxtail Millet,36.72,28.94,70.07,20.88,7.1,0.838,0.4822,1
seed_01982.png,Foxtail Millet,79.47,32.17,57.95,38.66,4.883,0.497,0.2402,0
seed_01983.png,Pearl Millet,32.95,20.29,20.83,144.74,7.119,0.668,0.1613,0
seed_01984.png,Pearl Millet,68.7,22.56,42.8,258.01,5.287,0.39,0.1011,0
seed_01985.png,Little Millet,54.72,21.73,72.02,21.35,8.093,0.546,0.1674,0
seed_01986.png,Finger Millet,65.98,22.85,61.58,46.74,6.59,0.235,0.5388,1
seed_01987.png,Proso Millet,58.51,38.31,42.22,50.62,7.361,0.795,0.2691,0
seed_01988.png,Foxtail Millet,35.51,22.5,46.28,9.24,6.404,0.634,0.3092,1
seed_01989.png,Barnyard Millet,49.44,27.71,68.57,32.99,6.468,0.825,0.8288,1
seed_01990.png,Finger Millet,45.08,27.47,53.85,91.31,6.66,0.905,0.8674,1
seed_01991.png,Finger Millet,56.97,26.45,76.97,35.22,6.679,0.631,0.6333,1
seed_01992.png,Proso Millet,57.78,31.07,86.46,76.29,6.818,0.582,0.6545,1
seed_01993.png,Finger Millet,59.81,36.63,60.09,110.34,6.165,0.714,0.4696,0
seed_01994.png,Pearl Millet,85.34,33.76,93.52,15.32,7.532,0.823,0.3688,0
seed_01995.png,Pearl Millet,68.23,28.88,61.38,7.73,6.072,0.635,0.8319,0
seed_01996.png,Little Millet,60.97,17.48,38.8,56.22,6.973,0.354,0.1987,0
seed_01997.png,Proso Millet,67.26,29.27,33.71,12.72,6.573,0.597,0.6555,0
seed_01998.png,Foxtail Millet,35.82,17.7,74.08,19.18,7.067,0.813,0.3092,0
seed_01999.png,Kodo Millet,38.7,22.06,72.91,29.73,6.235,0.506,0.3079,0
seed_02000.png,Little Millet,18.69,26.96,50.86,2.12,6.239,0.738,0.0439,0
seed_02001.png,Foxtail Millet,73.09,26.07,56.34,63.66,6.963,0.743,0.7099,0
seed_02002.png,Kodo Millet,68.11,28.62,79.33,61.3,5.069,0.676,0.4698,1
seed_02003.png,Foxtail Millet,81.12,28.23,36.92,140.98,7.806,0.253,0.1211,0
seed_02004.png,Finger Millet,60.66,37.03,55.35,7.91,6.718,0.552,0.3278,0
seed_02005.png,Foxtail Millet,70.8,26.03,62.82,52.57,6.99,0.784,0.8189,1
seed_02006.png,Barnyard Millet,69.77,33.05,60.82,9.01,7.506,0.734,0.4793,0
seed_02007.png,Little Millet,76.74,36.66,89.11,58.85,6.001,0.181,0.0515,0
seed_02008.png,Finger Millet,56.24,28.83,45.85,9.57,7.081,0.263,0.2487,0
seed_02009.png,Finger Millet,44.82,32.1,47.48,1.71,7.419,0.801,0.5027,0
seed_02010.png,Barnyard Millet,66.54,35.43,50.39,210.0,5.879,0.653,0.3995,0
seed_02011.png,Barnyard Millet,53.71,20.41,53.07,23.25,7.862,0.483,0.2424,0
seed_02012.png,Foxtail Millet,54.46,34.28,89.48,227.85,8.609,0.789,0.0336,0
seed_02013.png,Pearl Millet,83.6,9.67,73.4,54.53,5.262,0.346,0.01,0
seed_02014.png,Proso Millet,56.66,35.11,38.65,99.58,5.215,0.846,0.3889,0
seed_02015.png,Proso Millet,39.42,22.93,74.94,63.13,5.252,0.603,0.4028,0
seed_02016.png,Proso Millet,64.53,28.5,55.1,30.86,7.198,0.83,0.7594,1
seed_02017.png,Foxtail Millet,34.69,35.88,22.92,2.41,7.299,0.577,0.0515,0
seed_02018.png,Proso Millet,69.06,29.07,57.65,146.87,4.765,0.316,0.3694,0
seed_02019.png,Proso Millet,81.86,30.18,43.54,200.66,5.975,0.863,0.7064,1
seed_02020.png,Kodo Millet,61.26,17.0,45.35,60.06,6.021,0.258,0.1994,0
seed_02021.png,Finger Millet,59.0,20.72,81.24,214.59,7.599,0.643,0.4234,1
seed_02022.png,Foxtail Millet,66.59,26.67,44.68,88.75,5.745,0.866,0.8391,0
seed_02023.png,Little Millet,63.16,21.06,52.38,11.64,8.027,0.571,0.2981,1
seed_02024.png,Pearl Millet,69.46,30.74,74.65,0.18,5.66,0.604,0.6792,1
seed_02025.png,Kodo Millet,49.67,29.94,82.6,5.55,7.394,0.644,0.4683,0
seed_02026.png,Little Millet,69.74,22.01,61.92,156.34,6.922,0.912,0.6326,0
seed_02027.png,Kodo Millet,78.57,22.3,60.02,126.4,7.696,0.677,0.4017,0
seed_02028.png,Kodo Millet,84.36,35.75,24.09,26.18,7.82,0.88,0.1466,0
seed_02029.png,Proso Millet,82.82,31.3,70.16,14.51,6.449,0.6,0.6412,0
seed_02030.png,Barnyard Millet,58.58,24.95,55.94,57.05,5.889,0.668,0.7557,1
seed_02031.png,Barnyard Millet,42.2,32.61,86.08,19.66,5.532,0.738,0.4658,0
seed_02032.png,Foxtail Millet,47.4,31.41,77.2,0.51,6.249,0.33,0.325,1
seed_02033.png,Little Millet,37.99,25.46,49.87,13.0,7.416,0.663,0.274,1
seed_02034.png,Barnyard Millet,52.26,19.97,45.05,10.51,7.238,0.748,0.489,0
seed_02035.png,Kodo Millet,56.45,11.12,69.28,30.2,5.756,0.422,0.0437,0
seed_02036.png,Finger Millet,58.59,29.59,49.72,51.79,5.939,0.546,0.7529,0
seed_02037.png,Proso Millet,36.43,25.32,69.4,104.69,4.186,0.694,0.1004,0
seed_02038.png,Foxtail Millet,51.9,31.38,33.04,40.25,5.563,0.621,0.3223,0
seed_02039.png,Proso Millet,45.71,19.01,52.3,50.55,6.961,0.776,0.7483,1
seed_02040.png,Finger Millet,41.33,28.85,58.08,67.77,6.14,0.69,0.7414,1
seed_02041.png,Kodo Millet,69.39,33.24,49.48,52.34,5.504,0.325,0.4436,0
seed_02042.png,Proso Millet,77.28,15.49,81.73,54.96,7.143,0.976,0.2709,0
seed_02043.png,Proso Millet,37.82,21.05,42.27,75.06,6.093,0.462,0.298,0
seed_02044.png,Proso Millet,66.4,20.72,94.32,235.54,6.499,0.931,0.5181,1
seed_02045.png,Pearl Millet,67.82,24.47,49.33,64.54,4.95,0.522,0.5426,1
seed_02046.png,Proso Millet,82.6,35.43,71.23,7.26,6.261,0.669,0.4705,1
seed_02047.png,Little Millet,49.23,33.87,66.27,52.31,6.971,0.958,0.7524,1
seed_02048.png,Barnyard Millet,74.62,25.6,76.37,42.23,5.335,0.589,0.5088,1
seed_02049.png,Foxtail Millet,48.89,20.97,34.92,38.94,6.713,0.609,0.3627,0
seed_02050.png,Pearl Millet,70.89,23.6,69.37,12.71,5.67,0.502,0.6912,1
seed_02051.png,Proso Millet,54.15,26.89,34.92,3.62,6.257,0.695,0.6256,0
seed_02052.png,Little Millet,70.19,28.63,58.03,50.99,6.416,0.163,0.3132,1
seed_02053.png,Barnyard Millet,73.18,18.22,82.57,56.08,6.244,0.746,0.4956,0
seed_02054.png,Little Millet,42.46,29.24,55.35,130.91,7.488,0.558,0.3013,0
seed_02055.png,Little Millet,65.41,24.29,76.73,1.64,7.145,0.527,0.483,1
seed_02056.png,Kodo Millet,54.82,22.7,54.64,72.84,6.093,0.861,0.7473,1
seed_02057.png,Pearl Millet,67.08,29.0,43.73,110.14,6.533,0.358,0.5154,0
seed_02058.png,Barnyard Millet,98.0,18.07,65.16,94.28,7.901,0.49,0.0116,0
seed_02059.png,Little Millet,25.39,29.18,51.54,31.18,6.423,0.863,0.2277,0
seed_02060.png,Proso Millet,69.11,30.71,62.06,76.84,5.891,0.602,0.8503,1
seed_02061.png,Proso Millet,69.69,27.31,58.51,74.75,6.707,0.63,0.896,1
seed_02062.png,Kodo Millet,52.39,26.17,72.51,37.7,6.566,0.709,0.7242,1
seed_02063.png,Pearl Millet,58.23,31.72,65.85,0.51,6.293,0.367,0.7243,1
seed_02064.png,Finger Millet,60.88,25.5,83.16,16.38,4.478,0.757,0.2821,0
seed_02065.png,Proso Millet,57.46,33.87,57.8,22.51,6.281,0.761,0.7178,1
seed_02066.png,Barnyard Millet,60.81,27.5,57.49,129.06,5.583,0.226,0.2927,0
seed_02067.png,Finger Millet,35.4,35.98,79.87,108.25,6.77,0.475,0.1427,0
seed_02068.png,Barnyard Millet,41.1,9.84,71.73,130.7,7.106,0.131,0.01,0
seed_02069.png,Finger Millet,43.19,29.23,70.53,66.66,7.042,0.651,0.685,1
seed_02070.png,Foxtail Millet,60.55,26.21,75.94,11.13,6.625,0.713,0.7962,1
seed_02071.png,Proso Millet,68.55,23.51,55.49,223.8,6.008,0.768,0.6352,1
seed_02072.png,Foxtail Millet,42.4,19.58,65.55,23.56,5.863,0.667,0.4227,0
seed_02073.png,Pearl Millet,49.81,31.44,71.41,166.75,6.067,0.482,0.4806,0
seed_02074.png,Proso Millet,66.36,27.91,63.16,43.28,4.89,0.234,0.1851,0
seed_02075.png,Barnyard Millet,58.73,40.65,58.81,79.51,6.932,0.493,0.0768,0
seed_02076.png,Pearl Millet,69.54,25.89,45.45,110.26,5.867,0.815,0.8485,1
seed_02077.png,Proso Millet,38.74,19.7,59.0,59.05,7.993,0.75,0.2465,0
seed_02078.png,Pearl Millet,64.79,21.38,60.14,175.79,8.228,0.721,0.3507,0
seed_02079.png,Finger Millet,77.99,23.66,59.76,79.3,6.132,0.362,0.4324,0
seed_02080.png,Little Millet,65.9,28.86,29.26,6.91,6.131,0.694,0.6563,1
seed_02081.png,Foxtail Millet,75.26,31.38,57.74,2.52,5.749,0.748,0.5871,1
seed_02082.png,Finger Millet,66.78,25.96,83.88,62.89,6.839,0.821,0.7607,1
seed_02083.png,Finger Millet,58.7,30.55,76.65,298.0,5.912,0.444,0.2008,0
seed_02084.png,Proso Millet,37.29,23.94,43.28,128.16,8.827,0.714,0.041,0
seed_02085.png,Barnyard Millet,72.94,36.51,45.99,43.96,4.575,0.908,0.248,0
seed_02086.png,Barnyard Millet,75.82,16.05,40.13,6.82,5.651,0.838,0.2764,0
seed_02087.png,Foxtail Millet,55.1,30.76,77.11,35.72,5.797,0.513,0.5301,0
seed_02088.png,Proso Millet,23.21,27.57,90.79,5.85,6.949,0.696,0.2032,0
seed_02089.png,Barnyard Millet,53.13,19.3,79.35,90.52,7.15,0.601,0.521,0
seed_02090.png,Barnyard Millet,45.07,31.53,47.86,40.53,7.08,0.67,0.504,1
seed_02091.png,Proso Millet,49.85,27.81,66.66,1.83,6.19,0.304,0.4011,1
seed_02092.png,Pearl Millet,48.53,32.78,74.62,18.77,7.231,0.831,0.7159,0
seed_02093.png,Proso Millet,53.73,24.68,58.37,35.0,7.989,0.714,0.5172,1
seed_02094.png,Finger Millet,37.87,37.85,66.31,81.04,7.347,0.928,0.2904,0
seed_02095.png,Barnyard Millet,57.77,32.95,60.06,205.2,6.752,0.799,0.6687,1
seed_02096.png,Foxtail Millet,67.59,36.01,32.08,30.49,4.794,0.967,0.2679,0
seed_02097.png,Pearl Millet,78.12,38.97,60.19,160.93,7.069,0.922,0.5191,0
seed_02098.png,Barnyard Millet,94.44,30.82,90.8,28.66,5.674,0.184,0.0458,0
seed_02099.png,Foxtail Millet,90.27,21.24,67.04,57.63,6.201,0.552,0.2367,1
seed_02100.png,Kodo Millet,69.55,33.43,68.24,0.77,5.436,0.957,0.6976,1
seed_02101.png,Barnyard Millet,75.57,25.92,61.11,43.51,6.321,0.764,0.7814,1
seed_02102.png,Barnyard Millet,43.64,28.46,50.22,171.52,6.245,0.882,0.63,1
seed_02103.png,Pearl Millet,37.88,29.24,54.81,94.38,6.766,0.432,0.3217,0
seed_02104.png,Foxtail Millet,68.07,31.76,56.21,51.63,5.082,0.356,0.2934,0
seed_02105.png,Foxtail Millet,74.02,32.56,63.2,37.71,6.773,0.883,0.7419,1
seed_02106.png,Foxtail Millet,60.7,33.28,47.67,35.82,4.711,0.344,0.1527,0
seed_02107.png,Barnyard Millet,48.56,29.94,51.62,17.15,4.964,0.367,0.123,0
seed_02108.png,Proso Millet,76.21,32.22,19.69,7.32,4.147,0.607,0.0386,1
seed_02109.png,Barnyard Millet,68.83,25.64,75.75,141.4,6.802,0.574,0.5496,1
seed_02110.png,Kodo Millet,60.85,29.86,38.86,39.06,5.895,0.816,0.7382,1
seed_02111.png,Foxtail Millet,71.01,19.04,47.91,79.19,6.825,0.574,0.5273,0
seed_02112.png,Barnyard Millet,93.17,21.32,74.14,51.79,8.093,0.76,0.1571,0
seed_02113.png,Barnyard Millet,71.02,28.09,44.74,105.79,7.07,0.816,0.5877,1
seed_02114.png,Pearl Millet,55.34,32.16,42.76,213.51,5.537,0.324,0.1815,0
seed_02115.png,Pearl Millet,48.4,25.57,43.46,12.28,4.778,0.417,0.3192,1
seed_02116.png,Kodo Millet,56.95,38.12,71.95,29.4,6.561,0.473,0.3739,0
seed_02117.png,Little Millet,63.64,29.18,51.21,20.37,5.652,0.39,0.4539,1
seed_02118.png,Foxtail Millet,69.62,30.12,71.1,21.37,6.317,0.447,0.5853,0
seed_02119.png,Finger Millet,58.4,23.79,66.87,54.49,5.0,0.787,0.7767,1
seed_02120.png,Foxtail Millet,57.89,27.49,86.92,41.61,4.94,0.23,0.2286,0
seed_02121.png,Kodo Millet,60.63,25.96,33.08,196.45,6.299,0.912,0.6012,0
seed_02122.png,Pearl Millet,54.89,36.31,53.87,194.08,5.845,0.717,0.4982,1
seed_02123.png,Proso Millet,86.02,30.68,59.97,169.09,6.588,0.93,0.8251,1
seed_02124.png,Barnyard Millet,67.23,30.99,78.74,232.13,5.48,0.916,0.5017,1
seed_02125.png,Barnyard Millet,68.39,32.16,65.28,14.14,4.436,0.741,0.3213,1
seed_02126.png,Pearl Millet,41.86,29.65,44.08,14.02,6.94,0.948,0.8707,1
seed_02127.png,Pearl Millet,64.68,22.71,61.98,159.94,4.591,0.435,0.1524,0
seed_02128.png,Barnyard Millet,81.56,28.74,34.55,91.47,6.208,0.795,0.796,1
seed_02129.png,Barnyard Millet,76.66,16.74,57.79,50.28,6.792,0.528,0.1379,0
seed_02130.png,Foxtail Millet,79.93,33.86,67.86,56.61,8.021,0.416,0.098,0
seed_02131.png,Pearl Millet,85.67,27.18,57.01,1.23,5.915,0.724,0.7181,1
seed_02132.png,Little Millet,40.79,29.14,49.83,37.59,5.968,0.725,0.4635,0
seed_02133.png,Foxtail Millet,55.94,25.97,73.06,79.49,5.711,0.558,0.5321,1
seed_02134.png,Pearl Millet,41.59,23.14,58.93,32.71,5.238,0.807,0.7795,1
seed_02135.png,Finger Millet,43.73,30.83,45.1,40.49,5.616,0.632,0.4818,1
seed_02136.png,Finger Millet,46.48,20.49,67.56,4.96,5.758,0.413,0.3868,1
seed_02137.png,Kodo Millet,80.76,31.25,55.62,18.23,5.737,0.369,0.43,1
seed_02138.png,Barnyard Millet,57.24,20.09,86.3,23.49,6.17,0.751,0.5804,1
seed_02139.png,Proso Millet,62.88,33.28,77.52,22.71,5.913,0.625,0.6987,1
seed_02140.png,Finger Millet,54.27,39.6,62.37,100.69,4.767,0.464,0.0626,0
seed_02141.png,Kodo Millet,45.38,18.32,75.42,39.93,6.273,0.799,0.5133,1
seed_02142.png,Proso Millet,73.17,24.05,68.82,107.15,6.839,0.261,0.604,0
seed_02143.png,Barnyard Millet,58.91,27.72,61.02,2.57,4.673,0.6,0.3019,0
seed_02144.png,Proso Millet,56.77,20.49,57.05,55.88,5.425,0.559,0.5816,1
seed_02145.png,Kodo Millet,65.35,24.51,65.51,36.97,7.36,0.576,0.5803,0
seed_02146.png,Foxtail Millet,71.67,30.06,86.95,138.12,7.63,0.841,0.4366,0
seed_02147.png,Proso Millet,81.47,35.69,69.78,269.31,5.974,0.605,0.1105,0
seed_02148.png,Proso Millet,72.43,33.66,46.54,26.06,6.775,0.74,0.7526,1
seed_02149.png,Pearl Millet,52.82,16.16,67.48,56.32,5.017,0.477,0.2614,1
seed_02150.png,Finger Millet,58.03,24.34,71.91,55.4,6.76,0.928,0.897,1
seed_02151.png,Pearl Millet,63.09,28.51,53.55,289.55,6.002,0.711,0.482,1
seed_02152.png,Barnyard Millet,37.63,25.96,72.59,75.97,6.28,0.241,0.3058,0
seed_02153.png,Finger Millet,69.01,26.57,61.17,32.49,5.912,0.582,0.7591,1
seed_02154.png,Foxtail Millet,53.92,14.93,26.33,71.51,5.659,0.749,0.1312,0
seed_02155.png,Finger Millet,49.7,20.44,84.59,1.54,8.058,0.886,0.3843,1
seed_02156.png,Kodo Millet,47.31,30.32,41.49,28.92,6.829,0.624,0.5902,0
seed_02157.png,Finger Millet,54.84,38.09,58.05,180.22,6.928,0.449,0.1012,0
seed_02158.png,Little Millet,56.72,24.71,37.03,21.89,5.038,0.341,0.1263,0
seed_02159.png,Little Millet,50.71,27.4,73.86,38.71,6.33,0.213,0.3045,0
seed_02160.png,Proso Millet,46.96,16.73,77.97,57.72,6.864,0.246,0.0956,0
seed_02161.png,Pearl Millet,90.2,31.08,53.1,50.21,5.957,0.693,0.7252,1
seed_02162.png,Pearl Millet,48.32,32.43,84.42,4.35,5.988,0.483,0.4778,1
seed_02163.png,Pearl Millet,63.37,25.51,53.29,168.7,7.424,0.522,0.5832,1
seed_02164.png,Pearl Millet,44.47,19.15,37.37,11.56,6.554,0.595,0.3886,0
seed_02165.png,Kodo Millet,43.34,37.16,74.32,11.68,6.85,0.688,0.2073,0
seed_02166.png,Little Millet,73.29,22.09,39.23,57.99,6.434,0.663,0.7492,0
seed_02167.png,Little Millet,19.03,24.01,61.32,24.43,9.072,0.44,0.01,0
seed_02168.png,Finger Millet,50.85,24.13,72.95,33.2,5.613,0.611,0.5381,1
seed_02169.png,Finger Millet,41.4,24.05,55.81,113.5,6.928,0.557,0.498,1
seed_02170.png,Barnyard Millet,36.8,31.54,67.05,72.37,6.078,0.871,0.5111,1
seed_02171.png,Kodo Millet,63.28,28.46,74.87,194.06,6.055,0.829,0.7067,0
seed_02172.png,Pearl Millet,54.65,26.7,62.39,122.34,6.384,0.752,0.8547,1
seed_02173.png,Foxtail Millet,60.51,31.52,76.15,106.17,6.704,0.333,0.3333,0
seed_02174.png,Kodo Millet,62.16,22.99,50.61,56.12,6.108,0.853,0.8803,1
seed_02175.png,Little Millet,53.52,22.07,55.4,28.13,5.759,0.39,0.4392,0
seed_02176.png,Kodo Millet,57.89,30.36,51.26,212.9,7.863,0.416,0.2404,0
seed_02177.png,Barnyard Millet,98.0,32.73,54.04,18.59,5.496,0.842,0.3191,0
seed_02178.png,Pearl Millet,55.5,21.38,92.0,52.41,7.783,0.77,0.5254,0
seed_02179.png,Kodo Millet,24.2,27.53,51.77,10.13,7.743,0.811,0.0705,0
seed_02180.png,Foxtail Millet,39.03,21.77,75.17,38.01,6.877,0.564,0.2707,0
seed_02181.png,Foxtail Millet,58.18,30.82,48.95,23.24,5.418,0.495,0.4116,0
seed_02182.png,Barnyard Millet,67.1,26.08,71.0,82.28,8.587,0.796,0.2881,0
seed_02183.png,Kodo Millet,58.03,29.31,66.37,16.88,5.232,0.72,0.6041,1
seed_02184.png,Foxtail Millet,69.33,16.98,69.46,81.4,4.273,0.354,0.0195,0
seed_02185.png,Finger Millet,43.78,25.52,64.7,62.97,6.911,0.322,0.3128,0
seed_02186.png,Finger Millet,67.41,27.65,37.17,24.99,7.79,0.443,0.4063,0
seed_02187.png,Finger Millet,52.32,19.3,64.8,43.28,6.234,0.89,0.7924,1
seed_02188.png,Kodo Millet,54.47,19.93,90.05,11.21,6.674,0.926,0.7059,0
seed_02189.png,Pearl Millet,34.1,8.68,61.05,10.82,7.616,0.411,0.01,0
seed_02190.png,Barnyard Millet,44.16,32.04,38.9,76.31,6.081,0.634,0.5048,0
seed_02191.png,Finger Millet,51.68,17.87,36.34,8.78,6.401,0.464,0.2659,0
seed_02192.png,Little Millet,34.19,33.0,68.95,107.37,5.584,0.888,0.4328,0
seed_02193.png,Foxtail Millet,59.74,20.03,63.3,46.81,5.95,0.783,0.6362,1
seed_02194.png,Pearl Millet,33.18,20.0,76.84,17.39,5.801,0.631,0.3362,0
seed_02195.png,Foxtail Millet,50.58,28.75,68.84,40.23,5.613,0.32,0.3188,0
seed_02196.png,Kodo Millet,58.98,38.12,98.0,7.59,6.504,0.166,0.0714,1
seed_02197.png,Foxtail Millet,73.06,26.18,88.66,1.52,5.992,0.374,0.3157,1
seed_02198.png,Finger Millet,46.68,17.71,98.0,7.03,4.779,0.631,0.0721,0
seed_02199.png,Finger Millet,60.95,28.56,93.33,17.11,7.867,0.54,0.3345,0
seed_02200.png,Little Millet,79.72,22.25,49.49,45.46,6.328,0.427,0.3357,1
seed_02201.png,Kodo Millet,51.52,26.21,68.35,13.42,6.918,0.518,0.5087,1
seed_02202.png,Little Millet,75.17,39.52,59.83,48.05,6.559,0.3,0.0943,0
seed_02203.png,Barnyard Millet,60.65,40.53,68.4,46.02,6.545,0.772,0.3574,0
seed_02204.png,Finger Millet,66.04,29.85,87.71,141.85,6.877,0.619,0.5932,1
seed_02205.png,Finger Millet,25.92,30.96,75.27,100.57,7.166,0.848,0.2296,0
seed_02206.png,Finger Millet,63.25,28.0,59.17,24.79,7.524,0.442,0.4469,0
seed_02207.png,Kodo Millet,69.62,33.65,57.14,59.66,5.292,0.745,0.6507,1
seed_02208.png,Proso Millet,43.49,24.56,69.66,65.52,6.272,0.702,0.7104,1
seed_02209.png,Little Millet,70.46,28.4,73.64,60.19,6.01,0.57,0.5528,1
seed_02210.png,Barnyard Millet,73.83,17.76,44.85,15.32,7.025,0.876,0.6609,1
seed_02211.png,Barnyard Millet,66.83,22.96,39.47,39.05,6.223,0.941,0.8241,1
seed_02212.png,Barnyard Millet,50.1,28.13,70.72,42.17,6.913,0.491,0.553,1
seed_02213.png,Proso Millet,45.53,40.61,81.94,8.9,5.342,0.332,0.0233,0
seed_02214.png,Little Millet,74.8,15.9,55.89,27.45,6.806,0.948,0.4974,0
seed_02215.png,Finger Millet,80.98,29.64,98.0,42.32,6.821,0.927,0.7483,1
seed_02216.png,Foxtail Millet,89.26,21.65,58.0,12.76,7.246,0.735,0.3925,0
seed_02217.png,Finger Millet,33.59,20.83,51.88,142.91,7.708,0.498,0.1036,0
seed_02218.png,Foxtail Millet,58.5,19.69,31.28,27.7,6.746,0.605,0.4959,0
seed_02219.png,Little Millet,52.78,29.81,35.66,64.94,6.61,0.68,0.7424,0
seed_02220.png,Little Millet,70.52,22.09,46.86,9.54,6.206,0.921,0.8049,1
seed_02221.png,Proso Millet,53.32,26.02,65.97,65.94,6.08,0.412,0.6784,1
seed_02222.png,Foxtail Millet,60.74,19.39,45.74,6.32,8.262,0.767,0.1283,0
seed_02223.png,Barnyard Millet,84.76,30.01,58.92,9.16,5.975,0.513,0.5771,0
seed_02224.png,Pearl Millet,66.36,21.47,53.54,133.5,7.181,0.919,0.8589,1
seed_02225.png,Barnyard Millet,17.26,26.2,68.19,106.74,5.416,0.626,0.0338,0
seed_02226.png,Kodo Millet,52.18,29.9,71.14,165.38,6.341,0.745,0.7107,1
seed_02227.png,Finger Millet,48.2,34.47,65.45,135.05,5.825,0.753,0.5134,1
seed_02228.png,Proso Millet,53.34,23.72,65.65,22.94,6.258,0.319,0.4785,1
seed_02229.png,Proso Millet,57.9,30.05,51.78,43.53,6.813,0.757,0.7908,0
seed_02230.png,Kodo Millet,74.23,25.59,77.49,2.69,7.984,0.526,0.1933,0
seed_02231.png,Kodo Millet,47.66,27.53,84.47,219.5,6.055,0.919,0.7512,1
seed_02232.png,Proso Millet,57.08,29.0,63.58,42.13,5.393,0.292,0.4902,1
seed_02233.png,Finger Millet,49.2,21.67,64.79,159.22,5.885,0.794,0.7044,0
seed_02234.png,Little Millet,62.82,27.97,83.08,36.9,5.347,0.894,0.7115,0
seed_02235.png,Proso Millet,48.02,18.51,40.71,19.86,6.183,0.701,0.3823,0
seed_02236.png,Finger Millet,65.05,27.23,65.02,76.22,5.21,0.625,0.6901,1
seed_02237.png,Pearl Millet,24.89,27.97,51.29,116.84,5.959,0.345,0.0816,0
seed_02238.png,Foxtail Millet,60.71,27.81,70.66,65.34,4.647,0.718,0.3834,1
seed_02239.png,Pearl Millet,53.53,34.21,43.64,5.43,6.748,0.608,0.6374,1
seed_02240.png,Proso Millet,23.65,34.69,63.09,121.02,6.551,0.637,0.0932,0
seed_02241.png,Foxtail Millet,53.32,13.2,65.02,5.88,6.277,0.825,0.2506,0
seed_02242.png,Finger Millet,55.84,21.54,42.41,72.64,6.138,0.808,0.7846,1
seed_02243.png,Kodo Millet,76.93,33.45,72.39,14.0,6.338,0.839,0.648,1
seed_02244.png,Foxtail Millet,98.0,20.37,91.1,33.46,5.643,0.831,0.1264,0
seed_02245.png,Kodo Millet,69.57,34.39,43.27,61.56,5.002,0.358,0.1515,0
seed_02246.png,Pearl Millet,60.74,30.7,62.76,145.26,5.961,0.372,0.4034,1
seed_02247.png,Kodo Millet,47.93,19.41,52.17,33.05,7.029,0.727,0.4698,1
seed_02248.png,Proso Millet,53.86,16.98,47.69,113.19,5.752,0.743,0.4181,1
seed_02249.png,Little Millet,54.22,30.48,85.56,17.27,6.003,0.38,0.3848,0
seed_02250.png,Finger Millet,42.89,18.57,54.53,82.8,5.28,0.789,0.5046,1
seed_02251.png,Barnyard Millet,63.6,29.51,26.81,15.37,6.813,0.155,0.1775,0
seed_02252.png,Little Millet,57.68,25.27,46.04,42.67,7.22,0.873,0.7386,1
seed_02253.png,Kodo Millet,44.91,32.14,44.54,7.64,6.065,0.635,0.4051,1
seed_02254.png,Proso Millet,43.78,14.35,49.17,8.38,5.199,0.849,0.2127,0
seed_02255.png,Kodo Millet,47.75,15.52,87.82,21.48,5.532,0.686,0.1255,0
seed_02256.png,Finger Millet,48.33,26.84,59.69,26.54,5.118,0.78,0.6994,1
seed_02257.png,Proso Millet,75.75,27.76,68.34,47.67,6.048,0.836,0.8679,1
seed_02258.png,Foxtail Millet,51.15,8.28,43.74,90.45,8.041,0.383,0.01,0
seed_02259.png,Little Millet,35.73,23.17,45.83,22.93,6.887,0.394,0.1548,0
seed_02260.png,Barnyard Millet,94.25,22.07,52.98,101.97,5.635,0.756,0.3767,0
seed_02261.png,Barnyard Millet,51.21,29.98,51.55,27.37,5.536,0.839,0.6588,0
seed_02262.png,Finger Millet,51.9,17.5,82.6,53.19,5.07,0.797,0.3349,1
seed_02263.png,Finger Millet,27.16,30.1,65.87,96.89,7.715,0.764,0.1309,1
seed_02264.png,Pearl Millet,44.4,24.51,85.47,83.63,5.672,0.912,0.814,1
seed_02265.png,Proso Millet,62.9,30.14,67.5,77.6,5.691,0.81,0.8372,1
seed_02266.png,Pearl Millet,83.79,26.55,69.91,37.43,6.491,0.409,0.6263,0
seed_02267.png,Pearl Millet,61.31,22.1,66.76,43.37,5.91,0.488,0.7199,1
seed_02268.png,Finger Millet,76.42,25.44,54.06,18.96,6.711,0.438,0.5632,1
seed_02269.png,Pearl Millet,22.89,19.59,66.56,5.12,7.499,0.78,0.0775,0
seed_02270.png,Finger Millet,59.32,27.44,56.99,61.64,7.28,0.801,0.8811,1
seed_02271.png,Kodo Millet,72.81,35.12,51.79,17.12,5.471,0.29,0.1555,0
seed_02272.png,Kodo Millet,38.4,24.47,44.76,110.5,5.914,0.705,0.4001,1
seed_02273.png,Pearl Millet,58.99,24.7,56.69,28.17,5.663,0.475,0.5604,1
seed_02274.png,Proso Millet,42.01,24.68,38.32,67.53,7.945,0.555,0.154,1
seed_02275.png,Pearl Millet,78.95,37.49,80.95,0.65,7.588,0.068,0.0434,0
seed_02276.png,Kodo Millet,54.68,27.85,75.82,102.05,6.001,0.736,0.8062,1
seed_02277.png,Little Millet,29.09,21.98,58.8,16.68,7.339,0.529,0.0919,0
seed_02278.png,Foxtail Millet,86.94,23.59,51.2,25.6,5.392,0.471,0.2362,1
seed_02279.png,Pearl Millet,47.17,20.84,72.41,0.08,5.998,0.581,0.5843,0
seed_02280.png,Proso Millet,56.54,23.29,53.37,89.76,7.711,0.191,0.268,1
seed_02281.png,Proso Millet,75.25,25.35,65.48,45.75,4.731,0.809,0.5119,0
seed_02282.png,Little Millet,54.02,29.6,76.35,15.78,5.707,0.78,0.5602,1
seed_02283.png,Little Millet,71.42,22.86,52.37,34.47,5.855,0.498,0.6422,0
seed_02284.png,Proso Millet,34.07,25.22,55.9,26.04,6.096,0.236,0.1628,0
seed_02285.png,Barnyard Millet,47.39,18.57,58.62,37.4,5.851,0.599,0.3096,0
seed_02286.png,Foxtail Millet,41.5,22.18,41.1,127.15,6.833,0.909,0.7147,0
seed_02287.png,Little Millet,72.03,24.63,68.29,14.28,5.71,0.516,0.4639,0
seed_02288.png,Foxtail Millet,63.23,27.13,68.54,4.98,7.315,0.597,0.5898,1
seed_02289.png,Finger Millet,75.5,27.31,74.01,33.17,6.761,0.796,0.723,1
seed_02290.png,Proso Millet,60.93,36.36,71.09,0.56,5.43,0.677,0.5007,1
seed_02291.png,Finger Millet,33.67,33.37,68.69,8.46,6.487,0.562,0.1945,0
seed_02292.png,Proso Millet,58.6,21.34,88.15,18.03,6.914,0.766,0.6164,1
seed_02293.png,Foxtail Millet,63.22,23.67,64.69,10.52,6.372,0.416,0.5126,0
seed_02294.png,Kodo Millet,59.3,31.37,74.44,20.12,6.852,0.784,0.7936,1
seed_02295.png,Pearl Millet,41.2,22.54,57.36,27.94,6.747,0.664,0.4776,0
seed_02296.png,Little Millet,80.43,34.61,57.8,12.58,5.983,0.444,0.3243,0
seed_02297.png,Barnyard Millet,24.56,26.02,58.4,79.98,4.942,0.592,0.0711,0
seed_02298.png,Proso Millet,37.48,33.85,54.41,7.43,6.121,0.472,0.3423,0
seed_02299.png,Proso Millet,74.92,17.21,98.0,55.03,6.612,0.51,0.212,0
seed_02300.png,Pearl Millet,52.71,29.4,64.63,279.98,5.644,0.37,0.2969,0
seed_02301.png,Proso Millet,47.84,31.66,78.71,52.27,4.894,0.87,0.5683,0
seed_02302.png,Foxtail Millet,57.5,19.71,41.76,13.92,6.752,0.635,0.4661,1
seed_02303.png,Foxtail Millet,38.49,34.49,86.18,201.22,7.819,0.808,0.1221,0
seed_02304.png,Little Millet,34.28,33.33,67.34,27.05,6.121,0.825,0.369,0
seed_02305.png,Pearl Millet,83.53,29.86,51.74,210.31,6.599,0.834,0.8292,1
seed_02306.png,Kodo Millet,55.32,22.93,71.43,16.08,7.149,0.498,0.5092,1
seed_02307.png,Foxtail Millet,88.41,20.43,74.19,35.13,6.677,0.561,0.4319,0
seed_02308.png,Finger Millet,42.53,24.82,55.92,183.09,6.782,0.261,0.3008,0
seed_02309.png,Kodo Millet,64.71,35.84,64.44,6.74,4.879,0.348,0.1361,0
seed_02310.png,Little Millet,69.48,39.56,84.09,41.79,7.078,0.836,0.33,0
seed_02311.png,Foxtail Millet,63.56,26.51,97.78,23.47,6.986,0.714,0.7174,0
seed_02312.png,Proso Millet,36.54,32.94,53.64,23.21,6.307,0.68,0.3683,0
seed_02313.png,Pearl Millet,70.28,36.19,73.82,26.81,4.52,0.755,0.1735,0
seed_02314.png,Proso Millet,54.28,30.38,63.57,53.49,6.115,0.67,0.7663,1
seed_02315.png,Pearl Millet,43.56,24.82,77.74,39.25,6.939,0.762,0.6393,1
seed_02316.png,Barnyard Millet,71.83,26.11,73.39,12.3,7.743,0.693,0.3727,1
seed_02317.png,Finger Millet,64.61,19.37,82.49,42.3,5.461,0.547,0.5357,0
seed_02318.png,Proso Millet,78.18,37.31,61.2,32.63,8.249,0.632,0.1527,1
seed_02319.png,Pearl Millet,45.12,25.49,47.55,15.11,7.837,0.911,0.7323,1
seed_02320.png,Kodo Millet,66.58,20.59,74.38,46.42,6.729,0.721,0.6579,0
seed_02321.png,Proso Millet,70.12,19.93,75.66,51.21,5.094,0.339,0.4683,0
seed_02322.png,Little Millet,46.87,19.69,75.89,59.02,5.015,0.595,0.2151,0
seed_02323.png,Little Millet,72.54,34.6,63.91,41.45,7.362,0.763,0.5652,0
seed_02324.png,Kodo Millet,69.8,25.99,41.96,14.42,7.075,0.322,0.3127,1
seed_02325.png,Pearl Millet,63.18,35.63,54.32,33.08,7.09,0.664,0.6147,1
seed_02326.png,Finger Millet,53.59,27.71,50.49,19.19,5.683,0.976,0.8284,0
seed_02327.png,Foxtail Millet,46.78,27.23,15.33,82.76,6.656,0.698,0.2944,0
seed_02328.png,Barnyard Millet,82.84,16.87,51.74,89.23,6.366,0.903,0.2738,0
seed_02329.png,Kodo Millet,60.3,24.08,51.07,15.45,6.531,0.455,0.5186,1
seed_02330.png,Little Millet,41.95,18.3,54.61,17.09,6.623,0.581,0.1795,1
seed_02331.png,Pearl Millet,76.9,23.42,22.16,112.0,7.08,0.429,0.4864,0
seed_02332.png,Finger Millet,36.11,21.62,73.75,122.4,5.689,0.469,0.3116,0
seed_02333.png,Finger Millet,45.37,25.27,65.96,9.7,6.774,0.493,0.5822,1
seed_02334.png,Proso Millet,32.91,17.74,37.14,41.03,6.927,0.673,0.2069,0
seed_02335.png,Little Millet,48.12,31.08,98.0,36.43,5.834,0.345,0.1412,0
seed_02336.png,Foxtail Millet,38.37,22.79,92.34,24.16,5.629,0.712,0.215,0
seed_02337.png,Pearl Millet,59.4,24.48,58.58,178.51,7.787,0.855,0.63,1
seed_02338.png,Foxtail Millet,54.4,43.0,75.88,45.45,5.695,0.698,0.0682,0
seed_02339.png,Foxtail Millet,80.08,24.49,67.76,15.31,4.998,0.659,0.3464,0
seed_02340.png,Finger Millet,87.72,31.44,47.21,3.81,7.855,0.718,0.1745,0
seed_02341.png,Pearl Millet,59.52,33.51,35.45,27.85,6.582,0.594,0.553,1
seed_02342.png,Kodo Millet,64.52,23.93,56.97,3.55,6.469,0.41,0.4876,1
seed_02343.png,Kodo Millet,71.05,34.12,38.88,53.2,7.516,0.94,0.6059,1
seed_02344.png,Kodo Millet,63.81,24.58,53.2,107.31,5.715,0.692,0.7038,1
seed_02345.png,Foxtail Millet,68.66,27.44,38.9,1.7,6.329,0.507,0.5181,1
seed_02346.png,Proso Millet,63.69,21.86,92.1,6.97,5.977,0.858,0.7049,1
seed_02347.png,Pearl Millet,74.4,30.73,50.65,88.14,6.397,0.619,0.7757,1
seed_02348.png,Kodo Millet,70.0,24.99,60.84,4.8,6.82,0.56,0.7445,1
seed_02349.png,Pearl Millet,79.42,37.91,42.46,22.21,5.384,0.531,0.1674,0
seed_02350.png,Pearl Millet,68.28,21.37,48.21,18.42,6.246,0.727,0.7657,0
seed_02351.png,Kodo Millet,98.0,25.57,64.27,72.38,7.052,0.458,0.2275,0
seed_02352.png,Kodo Millet,74.61,23.1,70.65,2.6,6.449,0.93,0.8761,1
seed_02353.png,Finger Millet,62.01,27.28,73.74,23.22,6.874,0.889,0.8208,0
seed_02354.png,Pearl Millet,67.35,21.98,78.01,132.89,6.832,0.486,0.6285,0
seed_02355.png,Foxtail Millet,73.31,32.13,83.15,92.61,5.311,0.529,0.4886,1
seed_02356.png,Finger Millet,58.47,23.66,63.12,119.13,6.341,0.7,0.7535,0
seed_02357.png,Barnyard Millet,73.92,28.09,71.05,20.01,5.84,0.774,0.7851,1
seed_02358.png,Pearl Millet,40.39,25.69,65.37,48.87,5.299,0.556,0.4917,1
seed_02359.png,Proso Millet,38.41,24.52,60.96,109.64,5.9,0.224,0.1513,1
seed_02360.png,Kodo Millet,56.55,32.1,56.77,3.9,8.186,0.499,0.1519,0
seed_02361.png,Barnyard Millet,32.85,36.45,51.05,60.77,5.929,0.778,0.0836,0
seed_02362.png,Little Millet,47.78,19.01,95.38,50.55,6.023,0.701,0.4277,0
seed_02363.png,Pearl Millet,56.6,40.78,41.52,320.0,5.859,0.679,0.0435,0
seed_02364.png,Little Millet,66.33,28.46,32.2,9.43,5.81,0.379,0.3702,0
seed_02365.png,Little Millet,48.61,31.89,39.68,6.11,6.815,0.147,0.1605,0
seed_02366.png,Finger Millet,98.0,29.35,64.46,0.74,6.168,0.884,0.4655,0
seed_02367.png,Proso Millet,45.57,16.4,70.16,45.77,5.246,0.407,0.107,0
seed_02368.png,Proso Millet,78.72,30.43,51.53,101.86,7.138,0.853,0.7889,1
seed_02369.png,Finger Millet,35.34,21.73,73.36,2.72,6.547,0.899,0.569,0
seed_02370.png,Pearl Millet,61.9,18.69,52.23,21.61,5.707,0.64,0.6366,1
seed_02371.png,Pearl Millet,32.6,9.9,81.63,74.3,5.7,0.849,0.0239,0
seed_02372.png,Proso Millet,75.8,23.77,62.78,103.66,7.299,0.513,0.5104,1
seed_02373.png,Little Millet,64.29,28.77,63.31,51.47,7.31,0.876,0.8403,1
seed_02374.png,Little Millet,65.75,26.8,58.83,33.41,6.787,0.351,0.5605,0
seed_02375.png,Barnyard Millet,31.13,34.73,75.81,9.94,6.398,0.911,0.3294,0
seed_02376.png,Proso Millet,55.61,22.7,52.67,58.58,4.965,0.972,0.6205,1
seed_02377.png,Kodo Millet,47.69,24.23,61.91,19.2,5.758,0.735,0.6039,0
seed_02378.png,Kodo Millet,48.54,27.36,63.6,58.79,6.941,0.607,0.678,1
seed_02379.png,Pearl Millet,59.69,22.4,60.38,7.4,5.406,0.701,0.7743,0
seed_02380.png,Finger Millet,76.25,30.18,62.02,115.82,5.706,0.607,0.712,1
seed_02381.png,Foxtail Millet,37.15,34.85,58.09,96.97,6.14,0.969,0.53,0
seed_02382.png,Barnyard Millet,98.0,27.45,60.45,118.62,6.729,0.493,0.2256,0
seed_02383.png,Proso Millet,84.72,25.94,63.1,13.25,6.85,0.684,0.6082,1
seed_02384.png,Barnyard Millet,34.68,27.29,39.5,47.43,6.808,0.489,0.2111,0
seed_02385.png,Finger Millet,45.46,44.28,49.35,51.3,6.305,0.937,0.0719,0
seed_02386.png,Pearl Millet,69.86,31.51,65.13,60.78,5.874,0.498,0.5111,0
seed_02387.png,Kodo Millet,25.22,24.34,65.15,20.36,6.128,0.622,0.1858,1
seed_02388.png,Foxtail Millet,28.0,34.04,42.44,81.86,6.34,0.763,0.2184,0
seed_02389.png,Kodo Millet,72.17,25.22,73.56,15.21,6.717,0.417,0.651,1
seed_02390.png,Kodo Millet,53.26,30.95,77.04,198.24,7.05,0.601,0.4469,0
seed_02391.png,Barnyard Millet,73.22,30.99,49.74,67.49,7.971,0.945,0.6472,0
seed_02392.png,Little Millet,76.75,34.68,45.62,65.75,6.823,0.687,0.5018,0
seed_02393.png,Little Millet,98.0,16.22,60.2,53.75,5.875,0.641,0.0214,0
seed_02394.png,Little Millet,57.39,16.1,37.16,1.05,7.03,0.828,0.3053,0
seed_02395.png,Foxtail Millet,74.77,35.98,45.04,122.66,5.733,0.698,0.4552,0
seed_02396.png,Proso Millet,65.46,20.73,64.23,58.61,6.039,0.588,0.6776,0
seed_02397.png,Pearl Millet,55.96,34.65,56.45,257.82,5.741,0.445,0.214,0
seed_02398.png,Little Millet,45.04,26.48,55.8,16.49,6.385,0.652,0.6382,0
seed_02399.png,Barnyard Millet,67.3,25.86,60.73,68.3,7.365,0.525,0.6534,1
seed_02400.png,Kodo Millet,93.78,28.14,49.42,248.1,6.932,0.66,0.1496,0
seed_02401.png,Barnyard Millet,38.99,22.76,45.25,21.1,6.518,0.578,0.4906,1
seed_02402.png,Foxtail Millet,27.2,30.66,41.05,32.02,4.436,0.848,0.0297,0
seed_02403.png,Little Millet,62.46,35.77,55.98,32.44,6.866,0.438,0.2609,0
seed_02404.png,Finger Millet,93.84,19.9,37.37,33.99,5.5,0.688,0.0882,0
seed_02405.png,Barnyard Millet,29.98,33.92,49.41,87.59,5.528,0.702,0.1246,0
seed_02406.png,Proso Millet,66.5,28.89,73.59,18.23,7.432,0.678,0.71,1
seed_02407.png,Finger Millet,67.51,30.85,69.3,88.32,7.463,0.452,0.3632,0
seed_02408.png,Proso Millet,36.96,17.9,72.53,5.16,6.3,0.739,0.3238,0
seed_02409.png,Pearl Millet,57.02,30.58,74.37,76.31,6.74,0.446,0.7862,1
seed_02410.png,Pearl Millet,69.96,15.76,79.11,43.56,5.29,0.532,0.3828,0
seed_02411.png,Kodo Millet,57.67,33.68,77.03,40.62,8.693,0.841,0.0927,0
seed_02412.png,Finger Millet,98.0,26.82,89.19,39.29,7.577,0.662,0.1084,1
seed_02413.png,Kodo Millet,61.31,23.49,50.5,34.31,7.762,0.572,0.4475,1
seed_02414.png,Kodo Millet,40.95,20.35,86.85,24.13,7.477,0.772,0.2911,1
seed_02415.png,Little Millet,67.83,28.05,38.93,11.7,6.025,0.822,0.6953,1
seed_02416.png,Pearl Millet,64.11,29.79,98.0,36.33,5.713,0.213,0.3359,1
seed_02417.png,Proso Millet,35.32,22.09,74.77,141.78,6.329,0.866,0.4211,1
seed_02418.png,Kodo Millet,54.45,23.17,45.82,62.05,6.961,0.79,0.8031,1
seed_02419.png,Pearl Millet,52.59,26.87,66.54,75.35,6.784,0.839,0.8612,1
seed_02420.png,Foxtail Millet,27.52,23.08,51.98,16.48,6.673,0.232,0.0663,0
seed_02421.png,Barnyard Millet,82.35,35.53,84.2,86.14,6.089,0.848,0.5495,1
seed_02422.png,Foxtail Millet,51.78,38.39,39.43,20.54,6.198,0.32,0.0763,0
seed_02423.png,Kodo Millet,49.12,39.81,65.56,198.76,5.933,0.862,0.1539,1
seed_02424.png,Little Millet,52.58,30.9,84.67,65.78,6.792,0.781,0.6335,1
seed_02425.png,Little Millet,38.18,36.14,48.07,26.33,7.98,0.819,0.1056,0
seed_02426.png,Proso Millet,31.03,28.15,58.41,108.88,7.446,0.646,0.239,0
seed_02427.png,Foxtail Millet,45.57,34.62,74.83,127.91,4.966,0.877,0.2401,0
seed_02428.png,Proso Millet,51.44,25.49,57.21,272.81,6.873,0.347,0.2189,0
seed_02429.png,Little Millet,91.93,22.17,46.45,98.27,6.825,0.958,0.6821,1
seed_02430.png,Kodo Millet,66.61,12.69,65.31,157.03,5.975,0.563,0.0871,0
seed_02431.png,Finger Millet,76.64,33.26,38.65,193.31,5.141,0.353,0.216,0
seed_02432.png,Pearl Millet,61.36,23.0,71.9,14.73,6.527,0.89,0.9194,1
seed_02433.png,Kodo Millet,65.8,25.88,40.18,13.31,5.953,0.626,0.6621,0
seed_02434.png,Foxtail Millet,64.27,25.14,50.94,43.73,6.838,0.64,0.7888,0
seed_02435.png,Kodo Millet,45.23,24.93,40.1,27.75,5.658,0.768,0.5445,0
seed_02436.png,Finger Millet,67.7,26.37,78.48,19.04,6.564,0.586,0.7491,1
seed_02437.png,Foxtail Millet,34.72,29.49,94.06,25.48,6.925,0.709,0.2208,0
seed_02438.png,Kodo Millet,71.41,28.79,37.62,60.48,6.782,0.64,0.7307,1
seed_02439.png,Finger Millet,69.61,16.67,77.91,114.91,7.548,0.318,0.1001,0
seed_02440.png,Proso Millet,65.81,19.44,62.5,55.51,6.278,0.569,0.7031,0
seed_02441.png,Kodo Millet,65.97,30.82,90.3,174.26,6.478,0.493,0.6236,1
seed_02442.png,Kodo Millet,52.86,23.04,47.55,47.58,5.878,0.898,0.8951,1
seed_02443.png,Barnyard Millet,62.73,30.58,48.68,2.88,6.475,0.727,0.6111,0
seed_02444.png,Proso Millet,73.9,17.84,64.28,34.98,4.67,0.716,0.2262,0
seed_02445.png,Little Millet,83.91,16.82,59.88,239.92,7.349,0.25,0.01,0
seed_02446.png,Finger Millet,66.43,20.2,73.54,116.08,6.363,0.873,0.7526,0
seed_02447.png,Little Millet,65.13,29.08,84.2,33.51,5.476,0.413,0.4264,0
seed_02448.png,Foxtail Millet,57.21,25.83,56.55,49.62,6.536,0.514,0.5697,1
seed_02449.png,Pearl Millet,44.7,36.43,51.63,71.02,6.036,0.435,0.3149,0
seed_02450.png,Foxtail Millet,45.26,35.16,60.76,43.79,4.661,0.478,0.0727,0
seed_02451.png,Kodo Millet,43.34,40.63,26.65,33.04,6.948,0.741,0.0716,0
seed_02452.png,Kodo Millet,50.72,38.45,45.86,204.64,7.96,0.657,0.0463,0
seed_02453.png,Foxtail Millet,65.99,19.1,75.97,6.3,6.48,0.803,0.5216,1
seed_02454.png,Finger Millet,38.13,26.31,80.59,49.43,7.032,0.365,0.2814,0
seed_02455.png,Finger Millet,79.76,31.88,91.42,12.91,5.653,0.751,0.472,0
seed_02456.png,Kodo Millet,74.61,28.6,46.99,8.74,5.757,0.626,0.5765,1
seed_02457.png,Pearl Millet,66.1,18.93,54.42,30.37,7.316,0.879,0.8342,1
seed_02458.png,Finger Millet,48.95,27.91,33.64,32.83,7.82,0.339,0.265,1
seed_02459.png,Little Millet,67.46,20.66,89.86,98.11,4.831,0.89,0.4296,0
seed_02460.png,Kodo Millet,65.61,26.83,27.22,21.19,5.222,0.523,0.287,1
seed_02461.png,Kodo Millet,62.81,17.45,65.91,21.53,6.173,0.792,0.6289,1
seed_02462.png,Kodo Millet,86.7,34.83,65.92,110.07,5.733,0.592,0.3331,0
seed_02463.png,Barnyard Millet,47.88,39.4,61.23,112.6,4.246,0.458,0.01,0
seed_02464.png,Little Millet,69.8,28.78,29.83,62.1,8.288,0.874,0.3795,1
seed_02465.png,Barnyard Millet,81.24,29.38,67.05,100.22,6.32,0.743,0.6875,1
seed_02466.png,Kodo Millet,62.67,22.06,64.48,197.12,6.03,0.525,0.4971,0
seed_02467.png,Barnyard Millet,48.08,32.23,69.49,132.92,7.291,0.831,0.6436,0
seed_02468.png,Barnyard Millet,61.8,14.85,46.04,11.27,7.078,0.912,0.4144,0
seed_02469.png,Little Millet,47.95,31.94,74.77,33.79,7.271,0.95,0.7197,0
seed_02470.png,Barnyard Millet,37.1,14.86,92.21,67.29,5.434,0.842,0.1136,0
seed_02471.png,Finger Millet,67.02,24.27,64.04,83.75,4.286,0.464,0.1332,1
seed_02472.png,Barnyard Millet,91.0,33.46,81.96,5.48,6.429,0.611,0.2551,1
seed_02473.png,Foxtail Millet,48.84,33.18,82.48,130.99,6.108,0.607,0.4064,0
seed_02474.png,Little Millet,69.26,32.41,60.5,2.41,5.486,0.51,0.3796,0
seed_02475.png,Barnyard Millet,50.4,22.92,64.31,43.54,6.143,0.284,0.362,0
seed_02476.png,Proso Millet,61.77,19.37,40.39,144.0,7.302,0.274,0.1502,0
seed_02477.png,Foxtail Millet,87.21,38.24,76.97,7.2,5.969,0.965,0.311,0
seed_02478.png,Barnyard Millet,55.59,17.89,83.35,2.2,6.736,0.842,0.4099,1
seed_02479.png,Pearl Millet,43.87,29.01,64.37,23.2,6.623,0.629,0.711,1
seed_02480.png,Foxtail Millet,71.19,27.52,84.58,91.93,6.519,0.458,0.5502,1
seed_02481.png,Pearl Millet,55.31,28.89,52.12,60.07,5.331,0.499,0.6073,0
seed_02482.png,Little Millet,38.28,18.75,29.55,53.24,7.83,0.797,0.1049,0
seed_02483.png,Proso Millet,76.4,31.3,65.49,262.3,8.158,0.729,0.1993,0
seed_02484.png,Kodo Millet,54.25,29.34,75.69,14.37,5.042,0.281,0.2647,0
seed_02485.png,Little Millet,46.4,20.62,85.86,25.48,6.337,0.272,0.1626,0
seed_02486.png,Pearl Millet,49.13,43.2,59.09,100.44,5.361,0.713,0.1077,0
seed_02487.png,Barnyard Millet,71.75,14.95,85.48,18.08,6.587,0.927,0.2983,0
seed_02488.png,Pearl Millet,58.3,18.63,51.6,113.5,5.462,0.452,0.447,1
seed_02489.png,Proso Millet,60.24,28.33,56.08,7.45,5.711,0.813,0.7783,1
seed_02490.png,Little Millet,63.06,17.58,52.3,17.9,6.359,0.816,0.6429,1
seed_02491.png,Barnyard Millet,48.86,30.68,79.54,274.71,7.021,0.755,0.2405,1
seed_02492.png,Barnyard Millet,91.05,32.32,41.2,11.52,6.226,0.232,0.1203,0
seed_02493.png,Kodo Millet,35.45,12.05,63.25,137.62,5.866,0.66,0.0305,0
seed_02494.png,Pearl Millet,63.14,31.07,83.46,32.35,7.295,0.475,0.4343,1
seed_02495.png,Little Millet,54.86,19.13,67.04,76.23,6.424,0.508,0.4094,0
seed_02496.png,Little Millet,79.52,29.69,67.87,65.75,6.938,0.929,0.7718,0
seed_02497.png,Kodo Millet,65.58,42.06,70.29,14.29,6.32,0.527,0.0783,0
seed_02498.png,Foxtail Millet,52.54,39.35,57.32,181.9,5.813,0.383,0.0822,0
seed_02499.png,Proso Millet,57.69,24.89,56.33,26.1,7.192,0.535,0.6824,1
seed_02500.png,Proso Millet,69.23,32.14,66.12,33.58,6.778,0.764,0.8502,1
seed_02501.png,Finger Millet,56.2,26.22,71.19,54.61,7.478,0.736,0.7303,1
seed_02502.png,Pearl Millet,66.69,24.8,73.08,41.12,7.58,0.6,0.6849,1
seed_02503.png,Finger Millet,67.75,14.83,79.51,10.62,6.849,0.897,0.5046,0
seed_02504.png,Finger Millet,57.06,25.28,67.2,20.76,7.21,0.73,0.8238,1
seed_02505.png,Proso Millet,93.13,23.55,49.28,29.76,6.45,0.736,0.4988,1
seed_02506.png,Foxtail Millet,68.34,30.98,71.33,45.6,5.575,0.834,0.7544,0
seed_02507.png,Barnyard Millet,58.79,26.79,43.88,63.91,6.959,0.768,0.8108,1
seed_02508.png,Foxtail Millet,70.2,30.29,73.79,31.47,5.787,0.52,0.6289,0
seed_02509.png,Finger Millet,59.24,22.51,38.04,63.84,4.632,0.689,0.3349,0
seed_02510.png,Little Millet,61.44,30.51,74.74,53.21,8.733,0.557,0.0847,0
seed_02511.png,Foxtail Millet,70.91,32.94,72.28,16.18,5.996,0.604,0.5644,1
seed_02512.png,Barnyard Millet,98.0,26.65,68.35,22.39,7.062,0.467,0.1875,0
seed_02513.png,Barnyard Millet,52.89,26.5,46.34,51.74,5.752,0.454,0.3085,0
seed_02514.png,Kodo Millet,53.67,26.87,66.08,88.39,5.43,0.295,0.4174,1
seed_02515.png,Pearl Millet,82.81,20.78,73.55,177.86,5.666,0.906,0.7414,1
seed_02516.png,Barnyard Millet,57.89,37.27,60.17,41.06,5.577,0.363,0.11,0
seed_02517.png,Foxtail Millet,68.68,31.37,62.93,7.18,6.017,0.784,0.8264,1
seed_02518.png,Proso Millet,29.69,22.0,56.73,13.32,6.041,0.575,0.4478,1
seed_02519.png,Foxtail Millet,58.98,26.53,73.48,31.54,6.827,0.481,0.6743,1
seed_02520.png,Proso Millet,80.87,32.64,57.36,146.02,5.905,0.93,0.8007,1
seed_02521.png,Proso Millet,61.47,23.04,40.42,76.54,7.06,0.705,0.81,0
seed_02522.png,Little Millet,56.89,33.64,53.91,8.14,6.203,0.552,0.5444,1
seed_02523.png,Finger Millet,70.39,23.28,63.85,47.82,6.126,0.535,0.7603,1
seed_02524.png,Foxtail Millet,44.82,33.12,52.94,96.25,6.68,0.55,0.3824,0
seed_02525.png,Finger Millet,76.76,18.31,67.57,1.49,5.195,0.137,0.0767,0
seed_02526.png,Pearl Millet,62.82,30.81,42.43,12.76,7.477,0.592,0.6543,1
seed_02527.png,Pearl Millet,15.98,21.91,55.76,16.31,6.406,0.72,0.0996,0
seed_02528.png,Proso Millet,58.78,23.53,56.41,23.87,5.504,0.755,0.8258,1
seed_02529.png,Barnyard Millet,69.07,24.1,67.71,16.48,7.674,0.393,0.2359,1
seed_02530.png,Finger Millet,65.4,15.98,70.01,46.28,6.403,0.392,0.245,0
seed_02531.png,Pearl Millet,61.16,30.16,65.98,33.33,6.156,0.359,0.6139,1
seed_02532.png,Little Millet,55.04,27.19,58.83,14.21,6.074,0.575,0.6118,1
seed_02533.png,Foxtail Millet,72.6,29.09,49.25,307.62,6.967,0.594,0.1152,0
seed_02534.png,Barnyard Millet,60.41,26.0,50.45,55.51,7.2,0.49,0.5818,1
seed_02535.png,Proso Millet,73.06,28.97,55.1,37.75,4.866,0.339,0.3178,0
seed_02536.png,Kodo Millet,64.88,30.13,52.56,75.75,4.253,0.516,0.1176,0
seed_02537.png,Little Millet,56.45,34.36,45.85,128.31,5.31,0.582,0.2781,0
seed_02538.png,Little Millet,71.47,23.68,60.97,71.74,6.682,0.819,0.8239,1
seed_02539.png,Finger Millet,33.4,32.55,51.22,103.43,7.217,0.827,0.3173,0
seed_02540.png,Finger Millet,52.9,35.85,58.94,96.58,6.183,0.476,0.3824,1
seed_02541.png,Foxtail Millet,63.0,10.6,33.67,60.6,7.402,0.908,0.1054,0
seed_02542.png,Little Millet,58.76,8.0,57.0,28.81,7.922,0.762,0.0171,0
seed_02543.png,Proso Millet,88.35,31.52,62.93,43.24,6.102,0.543,0.3305,1
seed_02544.png,Finger Millet,68.87,34.19,53.27,17.37,6.651,0.822,0.8014,1
seed_02545.png,Proso Millet,34.75,14.88,58.43,21.5,5.981,0.523,0.1159,0
seed_02546.png,Foxtail Millet,64.37,35.65,72.29,6.32,5.716,0.554,0.3639,0
seed_02547.png,Barnyard Millet,75.76,19.11,46.57,27.11,5.703,0.899,0.3662,0
seed_02548.png,Little Millet,85.39,33.07,51.38,133.84,6.406,0.771,0.469,1
seed_02549.png,Foxtail Millet,46.01,20.51,87.7,214.68,6.61,0.291,0.1373,0
seed_02550.png,Finger Millet,51.59,26.46,46.09,11.43,5.506,0.846,0.7409,0
seed_02551.png,Proso Millet,57.8,24.35,60.97,25.54,5.113,0.51,0.5526,1
seed_02552.png,Foxtail Millet,71.06,42.26,71.0,10.74,6.963,0.974,0.1471,0
seed_02553.png,Proso Millet,77.21,24.93,43.68,13.47,7.322,0.576,0.7083,1
seed_02554.png,Foxtail Millet,51.64,19.45,79.0,22.81,5.222,0.407,0.1519,0
seed_02555.png,Little Millet,54.18,34.77,32.84,17.28,5.578,0.473,0.2105,1
seed_02556.png,Barnyard Millet,61.72,18.83,68.65,50.24,5.69,0.475,0.3026,0
seed_02557.png,Barnyard Millet,29.5,18.65,69.03,30.99,5.743,0.801,0.1921,0
seed_02558.png,Little Millet,84.26,22.98,64.44,141.9,5.861,0.909,0.6182,0
seed_02559.png,Finger Millet,46.35,22.24,51.26,6.46,8.288,0.805,0.3185,1
seed_02560.png,Kodo Millet,48.35,27.14,43.51,23.65,8.214,0.789,0.3243,0
seed_02561.png,Pearl Millet,65.39,41.58,66.75,35.7,5.028,0.4,0.0614,0
seed_02562.png,Finger Millet,37.78,35.37,60.8,64.52,6.632,0.632,0.4111,0
seed_02563.png,Barnyard Millet,52.7,30.38,57.6,166.56,6.279,0.718,0.5994,0
seed_02564.png,Barnyard Millet,77.97,27.8,67.52,6.76,6.952,0.629,0.5283,0
seed_02565.png,Barnyard Millet,47.38,22.75,72.49,7.48,5.236,0.837,0.6266,1
seed_02566.png,Kodo Millet,68.93,21.31,74.84,46.11,6.687,0.403,0.4442,1
seed_02567.png,Foxtail Millet,36.73,17.01,34.35,6.1,5.659,0.489,0.0638,0
seed_02568.png,Finger Millet,69.58,24.65,76.73,11.73,5.594,0.9,0.8725,1
seed_02569.png,Proso Millet,51.02,15.73,58.39,320.0,5.803,0.72,0.042,0
seed_02570.png,Little Millet,79.93,35.52,57.48,41.62,6.26,0.808,0.6207,1
seed_02571.png,Little Millet,54.5,28.39,94.11,49.64,6.586,0.165,0.2179,0
seed_02572.png,Kodo Millet,67.79,21.06,45.63,115.19,6.537,0.592,0.6629,0
seed_02573.png,Little Millet,84.51,32.94,69.76,35.83,5.619,0.693,0.4818,0
seed_02574.png,Pearl Millet,52.16,25.43,50.65,4.1,7.037,0.642,0.6632,0
seed_02575.png,Pearl Millet,68.19,31.84,87.97,100.08,6.326,0.702,0.7999,1
seed_02576.png,Kodo Millet,65.09,26.84,50.12,14.93,5.512,0.667,0.6496,0
seed_02577.png,Kodo Millet,48.16,31.74,65.74,34.88,5.594,0.852,0.6871,0
seed_02578.png,Pearl Millet,59.21,23.1,69.81,35.16,5.803,0.513,0.7044,1
seed_02579.png,Foxtail Millet,62.47,34.46,67.39,83.43,6.757,0.212,0.2104,1
seed_02580.png,Kodo Millet,66.42,21.99,70.27,59.51,7.153,0.517,0.4646,0
seed_02581.png,Foxtail Millet,80.88,31.58,60.33,159.06,6.94,0.772,0.6758,1
seed_02582.png,Pearl Millet,66.94,23.42,60.4,11.27,7.373,0.935,0.8326,1
seed_02583.png,Barnyard Millet,62.51,26.3,48.41,90.22,4.314,0.475,0.0875,0
seed_02584.png,Little Millet,79.24,19.98,43.72,9.16,5.507,0.215,0.052,0
seed_02585.png,Pearl Millet,49.68,32.66,62.42,130.14,5.511,0.716,0.6378,0
seed_02586.png,Barnyard Millet,41.25,20.75,92.05,30.88,6.314,0.451,0.1501,0
seed_02587.png,Barnyard Millet,47.08,32.17,61.63,73.6,5.953,0.631,0.5828,1
seed_02588.png,Proso Millet,45.95,34.7,77.28,29.86,5.706,0.631,0.3984,0
seed_02589.png,Little Millet,24.76,35.43,66.17,6.13,5.38,0.593,0.0339,0
seed_02590.png,Little Millet,67.34,30.99,75.41,50.36,6.581,0.58,0.6856,1
seed_02591.png,Little Millet,66.51,26.11,46.78,117.82,6.791,0.416,0.4473,0
seed_02592.png,Barnyard Millet,53.52,29.21,61.65,139.52,6.393,0.544,0.5502,0
seed_02593.png,Pearl Millet,55.97,20.27,44.41,91.44,7.006,0.885,0.822,1
seed_02594.png,Little Millet,77.33,24.0,51.06,19.33,4.449,0.55,0.1134,0
seed_02595.png,Barnyard Millet,61.12,39.44,77.91,83.43,6.108,0.792,0.3087,1
seed_02596.png,Kodo Millet,75.65,36.77,58.4,7.94,6.744,0.901,0.3442,0
seed_02597.png,Pearl Millet,71.85,24.58,39.36,167.33,6.696,0.773,0.8054,1
seed_02598.png,Finger Millet,64.29,31.39,73.46,124.99,6.477,0.91,0.8834,1
seed_02599.png,Foxtail Millet,69.89,37.99,59.79,36.23,6.821,0.52,0.201,0
seed_02600.png,Little Millet,60.61,20.25,67.84,8.4,6.11,0.688,0.6027,1
seed_02601.png,Foxtail Millet,36.94,35.9,62.42,73.46,6.302,0.856,0.3685,0
seed_02602.png,Barnyard Millet,59.44,28.72,62.08,67.81,6.305,0.884,0.8652,0
seed_02603.png,Finger Millet,61.29,31.41,47.3,43.79,5.345,0.482,0.4827,0
seed_02604.png,Little Millet,64.06,30.17,58.94,34.21,6.925,0.585,0.6373,1
seed_02605.png,Proso Millet,69.35,25.13,58.41,6.62,4.073,0.66,0.0903,0
seed_02606.png,Finger Millet,30.03,23.89,57.51,72.84,6.595,0.839,0.4472,0
seed_02607.png,Little Millet,46.1,28.96,77.98,124.42,5.816,0.796,0.5771,1
seed_02608.png,Foxtail Millet,80.76,24.88,81.45,22.37,6.039,0.668,0.576,1
seed_02609.png,Barnyard Millet,66.38,10.53,75.48,12.99,5.552,0.611,0.048,0
seed_02610.png,Little Millet,41.98,25.97,76.72,4.97,5.685,0.688,0.4123,0
seed_02611.png,Little Millet,31.68,24.85,93.81,320.0,5.971,0.615,0.0263,0
seed_02612.png,Pearl Millet,50.85,27.23,75.26,99.05,6.349,0.854,0.8609,1
seed_02613.png,Finger Millet,65.31,17.82,78.83,102.5,6.415,0.204,0.183,0
seed_02614.png,Little Millet,58.35,25.89,57.11,54.01,7.925,0.571,0.1963,0
seed_02615.png,Little Millet,55.04,32.27,79.79,73.84,5.732,0.881,0.656,0
seed_02616.png,Kodo Millet,54.86,19.85,25.18,205.41,7.021,0.407,0.1505,0
seed_02617.png,Pearl Millet,41.98,28.02,67.64,209.13,6.667,0.705,0.501,0
seed_02618.png,Kodo Millet,83.94,39.28,36.73,6.38,7.553,0.614,0.109,0
seed_02619.png,Little Millet,52.96,23.59,66.72,51.52,7.296,0.568,0.4125,0
seed_02620.png,Pearl Millet,58.06,30.84,77.26,160.82,6.492,0.782,0.8398,1
seed_02621.png,Proso Millet,59.81,22.61,62.45,71.46,7.487,0.434,0.5839,0
seed_02622.png,Foxtail Millet,56.88,21.12,35.51,13.15,4.045,0.473,0.0611,0
seed_02623.png,Foxtail Millet,59.41,30.11,45.6,49.11,6.215,0.459,0.4238,0
seed_02624.png,Proso Millet,78.38,29.79,67.57,10.97,6.52,0.903,0.8577,1
seed_02625.png,Barnyard Millet,71.68,21.13,71.5,264.12,6.494,0.71,0.4419,0
seed_02626.png,Pearl Millet,67.05,24.34,50.05,25.39,7.395,0.892,0.8313,1
seed_02627.png,Barnyard Millet,59.67,22.53,66.14,64.87,6.596,0.295,0.3731,1
seed_02628.png,Barnyard Millet,80.22,20.67,63.57,247.34,6.209,0.518,0.1635,0
seed_02629.png,Pearl Millet,62.83,21.96,50.62,5.52,7.146,0.573,0.6664,0
seed_02630.png,Barnyard Millet,58.67,20.74,76.5,35.81,6.681,0.833,0.7041,1
seed_02631.png,Barnyard Millet,62.07,34.7,41.15,53.09,4.666,0.752,0.2408,1
seed_02632.png,Pearl Millet,41.07,31.22,80.33,85.87,6.786,0.913,0.7829,1
seed_02633.png,Pearl Millet,65.54,28.86,60.28,4.54,7.21,0.949,0.9087,1
seed_02634.png,Kodo Millet,54.99,32.1,52.14,75.79,7.893,0.522,0.2624,0
seed_02635.png,Pearl Millet,84.98,24.88,55.4,17.06,6.842,0.758,0.8178,0
seed_02636.png,Foxtail Millet,61.06,21.81,97.04,12.64,5.641,0.434,0.2109,0
seed_02637.png,Finger Millet,40.48,27.7,87.72,203.22,7.813,0.692,0.1824,0
seed_02638.png,Pearl Millet,79.35,16.63,59.2,33.87,6.652,0.986,0.3506,1
seed_02639.png,Finger Millet,32.86,25.13,72.07,27.02,6.056,0.945,0.4768,1
seed_02640.png,Pearl Millet,55.77,36.81,48.68,24.13,6.49,0.862,0.7491,1
seed_02641.png,Finger Millet,63.11,24.99,71.58,73.49,6.212,0.483,0.6689,0
seed_02642.png,Finger Millet,64.9,24.16,47.01,46.82,5.063,0.765,0.4398,1
seed_02643.png,Kodo Millet,35.94,22.44,71.3,122.15,7.019,0.619,0.2635,1
seed_02644.png,Finger Millet,41.42,23.99,83.81,12.31,6.569,0.774,0.637,1
seed_02645.png,Proso Millet,71.67,18.36,86.83,53.33,7.832,0.579,0.2236,1
seed_02646.png,Kodo Millet,65.31,31.08,79.02,26.36,5.965,0.697,0.7954,1
seed_02647.png,Foxtail Millet,66.1,22.49,78.76,12.0,7.643,0.548,0.488,0
seed_02648.png,Kodo Millet,58.76,30.2,94.26,139.37,5.645,0.67,0.4867,0
seed_02649.png,Pearl Millet,57.09,36.73,64.94,21.31,6.568,0.227,0.1768,0
seed_02650.png,Barnyard Millet,75.17,21.93,64.06,163.5,6.188,0.708,0.531,1
seed_02651.png,Kodo Millet,60.67,25.33,67.61,68.93,8.185,0.969,0.7715,1
seed_02652.png,Barnyard Millet,84.77,24.47,41.75,44.67,6.7,0.546,0.4349,1
seed_02653.png,Finger Millet,64.44,21.76,57.09,83.45,7.062,0.41,0.3735,0
seed_02654.png,Proso Millet,32.48,30.09,76.85,18.76,6.007,0.66,0.3449,1
seed_02655.png,Little Millet,58.71,17.33,50.78,111.97,7.73,0.371,0.1691,0
seed_02656.png,Little Millet,71.11,38.97,80.87,15.89,5.423,0.588,0.1676,0
seed_02657.png,Proso Millet,63.57,24.03,56.69,6.71,6.51,0.486,0.6121,0
seed_02658.png,Little Millet,47.32,30.81,34.37,52.82,7.759,0.513,0.1869,0
seed_02659.png,Proso Millet,31.34,28.47,69.41,76.29,6.225,0.814,0.4079,0
seed_02660.png,Pearl Millet,35.83,31.29,54.34,22.71,6.633,0.465,0.2232,0
seed_02661.png,Pearl Millet,64.98,26.62,51.94,3.98,7.235,0.342,0.653,1
seed_02662.png,Finger Millet,49.14,15.98,76.84,192.85,5.858,0.508,0.1355,0
seed_02663.png,Pearl Millet,85.38,38.46,73.87,110.87,6.349,0.382,0.1629,0
seed_02664.png,Foxtail Millet,79.53,28.57,79.56,59.89,7.087,0.774,0.6913,1
seed_02665.png,Proso Millet,65.61,23.19,70.52,60.98,5.307,0.805,0.7689,0
seed_02666.png,Proso Millet,56.61,46.0,60.52,27.94,5.877,0.846,0.0845,0
seed_02667.png,Finger Millet,48.37,23.91,76.82,22.86,5.464,0.696,0.5513,1
seed_02668.png,Kodo Millet,55.65,28.82,34.04,23.85,5.643,0.818,0.7225,0
seed_02669.png,Barnyard Millet,41.2,26.64,51.15,43.11,7.601,0.823,0.6088,1
seed_02670.png,Kodo Millet,37.82,26.94,38.64,48.34,8.38,0.612,0.0733,0
seed_02671.png,Pearl Millet,55.69,27.05,82.61,102.35,7.044,0.519,0.723,1
seed_02672.png,Little Millet,55.78,29.61,68.15,26.69,9.061,0.226,0.0152,0
seed_02673.png,Foxtail Millet,54.46,18.15,51.49,25.06,5.89,0.506,0.4498,0
seed_02674.png,Finger Millet,48.59,32.54,77.65,66.26,6.411,0.695,0.5457,1
seed_02675.png,Foxtail Millet,79.58,21.56,50.46,99.44,7.234,0.864,0.7703,1
seed_02676.png,Barnyard Millet,72.61,28.23,50.33,46.1,5.806,0.674,0.6609,0
seed_02677.png,Finger Millet,59.62,26.02,63.43,6.54,5.879,0.433,0.556,0
seed_02678.png,Kodo Millet,81.18,8.0,74.38,50.76,6.213,0.75,0.0126,0
seed_02679.png,Proso Millet,51.91,35.82,98.0,54.38,6.812,0.741,0.2569,0
seed_02680.png,Foxtail Millet,50.77,28.86,48.31,175.82,5.764,0.579,0.5293,0
seed_02681.png,Pearl Millet,64.36,20.77,68.31,3.0,6.346,0.151,0.2331,0
seed_02682.png,Little Millet,52.02,26.54,83.99,45.87,6.39,0.703,0.5872,0
seed_02683.png,Kodo Millet,48.62,25.32,56.61,22.96,6.631,0.74,0.8266,1
seed_02684.png,Little Millet,54.0,31.7,94.76,12.67,6.446,0.618,0.3641,0
seed_02685.png,Foxtail Millet,55.32,36.18,51.28,31.11,4.73,0.361,0.0689,0
seed_02686.png,Kodo Millet,44.72,31.51,42.45,1.75,6.287,0.386,0.1818,0
seed_02687.png,Proso Millet,50.63,26.15,45.31,60.25,6.552,0.453,0.593,1
seed_02688.png,Barnyard Millet,63.32,32.97,64.21,32.02,6.625,0.758,0.7198,1
seed_02689.png,Kodo Millet,56.85,23.17,40.5,65.1,6.633,0.418,0.4968,0
seed_02690.png,Pearl Millet,51.76,29.45,98.0,59.17,6.272,0.85,0.8112,0
seed_02691.png,Foxtail Millet,52.34,26.47,81.13,91.78,8.823,0.418,0.0464,0
seed_02692.png,Little Millet,44.18,19.17,43.85,56.45,5.945,0.615,0.4911,1
seed_02693.png,Little Millet,59.37,34.19,69.31,9.43,7.555,0.383,0.2415,0
seed_02694.png,Finger Millet,64.52,30.77,59.05,15.75,6.561,0.472,0.7546,1
seed_02695.png,Kodo Millet,76.41,33.0,63.96,0.66,6.55,0.649,0.5828,1
seed_02696.png,Barnyard Millet,75.02,31.21,56.06,43.96,5.943,0.4,0.3756,0
seed_02697.png,Finger Millet,45.28,28.28,65.82,36.59,3.8,0.897,0.138,0
seed_02698.png,Foxtail Millet,51.29,24.55,89.0,41.58,6.069,0.486,0.576,1
seed_02699.png,Finger Millet,39.94,33.75,85.18,41.96,6.261,0.829,0.5907,1
seed_02700.png,Little Millet,34.88,33.12,65.4,56.43,4.939,0.56,0.0812,0
seed_02701.png,Kodo Millet,48.44,19.17,69.16,2.71,5.974,0.886,0.6528,1
seed_02702.png,Barnyard Millet,50.37,17.44,84.78,72.82,7.6,0.161,0.0332,0
seed_02703.png,Little Millet,84.73,16.92,61.09,4.43,6.506,0.977,0.1898,0
seed_02704.png,Barnyard Millet,51.95,35.12,89.24,48.87,6.601,0.588,0.4206,0
seed_02705.png,Little Millet,71.69,15.99,52.75,12.33,5.273,0.951,0.4745,1
seed_02706.png,Foxtail Millet,69.02,27.81,71.83,14.08,5.473,0.805,0.7352,1
seed_02707.png,Kodo Millet,61.51,24.16,52.54,122.73,5.854,0.906,0.8666,1
seed_02708.png,Little Millet,78.34,27.48,71.45,56.81,6.126,0.171,0.34,0
seed_02709.png,Foxtail Millet,31.87,24.0,76.69,47.53,6.165,0.668,0.4458,0
seed_02710.png,Foxtail Millet,71.45,26.67,80.24,58.15,5.769,0.798,0.7339,1
seed_02711.png,Pearl Millet,67.89,28.73,52.19,13.06,6.775,0.776,0.8299,1
seed_02712.png,Proso Millet,66.88,28.46,72.61,24.97,6.653,0.868,0.8824,1
seed_02713.png,Kodo Millet,29.36,21.85,69.29,37.32,7.474,0.736,0.1947,0
seed_02714.png,Little Millet,58.3,26.9,45.14,23.59,6.301,0.885,0.6974,1
seed_02715.png,Pearl Millet,40.32,28.01,69.39,11.79,6.448,0.705,0.7093,0
seed_02716.png,Foxtail Millet,39.29,32.3,67.98,56.14,8.092,0.666,0.1365,0
seed_02717.png,Proso Millet,66.4,31.18,33.57,0.12,7.444,0.717,0.7263,0
seed_02718.png,Foxtail Millet,67.07,30.24,35.6,14.23,5.985,0.711,0.5156,0
seed_02719.png,Little Millet,68.82,36.63,61.18,139.48,6.96,0.519,0.3184,0
seed_02720.png,Barnyard Millet,47.28,16.21,70.31,14.6,6.066,0.661,0.2075,1
seed_02721.png,Little Millet,65.35,33.83,55.35,38.93,6.902,0.611,0.597,0
seed_02722.png,Pearl Millet,67.97,31.51,90.08,23.13,5.166,0.782,0.5522,0
seed_02723.png,Finger Millet,71.1,33.61,35.26,20.93,5.786,0.623,0.4253,0
seed_02724.png,Kodo Millet,33.8,24.44,61.94,8.76,4.909,0.599,0.1293,1
seed_02725.png,Proso Millet,50.29,22.89,55.91,14.19,8.299,0.678,0.3598,0
seed_02726.png,Kodo Millet,83.95,25.02,64.34,23.0,5.826,0.827,0.7574,1
seed_02727.png,Kodo Millet,75.09,24.07,76.28,171.8,5.046,0.859,0.5472,1
seed_02728.png,Pearl Millet,85.1,19.65,61.26,5.76,5.662,0.412,0.1452,0
seed_02729.png,Barnyard Millet,57.94,18.05,54.56,68.55,5.215,0.543,0.2733,1
seed_02730.png,Little Millet,88.2,18.55,36.71,71.88,6.524,0.625,0.147,0
seed_02731.png,Pearl Millet,60.7,30.24,36.3,32.39,7.232,0.466,0.5399,0
seed_02732.png,Barnyard Millet,39.74,19.75,66.33,101.26,7.42,0.305,0.1622,0
seed_02733.png,Proso Millet,73.08,30.47,43.01,4.89,6.834,0.778,0.801,1
seed_02734.png,Finger Millet,89.99,27.5,46.37,47.19,5.296,0.877,0.5146,1
seed_02735.png,Finger Millet,61.08,30.21,48.81,30.96,6.638,0.498,0.6304,1
seed_02736.png,Little Millet,67.55,12.37,52.68,51.37,6.996,0.413,0.0781,0
seed_02737.png,Foxtail Millet,49.1,20.43,87.6,27.6,7.1,0.57,0.2965,1
seed_02738.png,Little Millet,59.09,30.88,40.47,26.17,6.412,0.158,0.2681,1
seed_02739.png,Kodo Millet,63.23,40.53,81.3,6.36,6.706,0.586,0.1789,0
seed_02740.png,Finger Millet,53.36,19.47,94.98,1.2,6.146,0.34,0.1696,0
seed_02741.png,Foxtail Millet,81.61,25.64,66.68,9.7,7.261,0.358,0.437,0
seed_02742.png,Barnyard Millet,73.61,37.8,57.79,5.57,6.942,0.449,0.2496,1
seed_02743.png,Finger Millet,71.05,25.66,74.3,72.61,6.475,0.407,0.6035,1
seed_02744.png,Kodo Millet,62.6,25.03,35.47,91.67,6.633,0.835,0.868,1
seed_02745.png,Proso Millet,78.31,34.39,39.36,61.68,7.119,0.313,0.2567,0
seed_02746.png,Kodo Millet,61.56,27.45,64.66,9.27,7.699,0.951,0.7516,1
seed_02747.png,Proso Millet,58.05,38.78,88.18,54.3,5.573,0.725,0.2052,0
seed_02748.png,Proso Millet,53.12,26.4,71.31,35.77,6.517,0.758,0.7931,1
seed_02749.png,Pearl Millet,71.73,18.57,30.06,65.91,5.942,0.763,0.6343,1
seed_02750.png,Kodo Millet,75.52,19.0,50.53,162.29,5.705,0.308,0.0649,0
seed_02751.png,Little Millet,55.83,27.57,32.72,13.23,5.838,0.609,0.5469,1
seed_02752.png,Proso Millet,52.85,26.17,63.78,107.65,5.444,0.864,0.839,0
seed_02753.png,Kodo Millet,62.14,24.14,66.29,16.58,8.508,0.488,0.0898,0
seed_02754.png,Little Millet,73.26,34.24,63.89,48.94,7.302,0.812,0.6896,1
seed_02755.png,Little Millet,65.52,31.33,41.05,188.63,5.781,0.788,0.5782,1
seed_02756.png,Little Millet,85.02,25.0,53.03,12.34,7.019,0.354,0.4173,0
seed_02757.png,Barnyard Millet,46.29,41.6,79.96,24.02,6.253,0.182,0.0173,0
seed_02758.png,Little Millet,63.23,32.85,49.9,7.45,7.343,0.923,0.6895,1
seed_02759.png,Finger Millet,54.83,19.19,75.09,0.76,7.189,0.804,0.5852,0
seed_02760.png,Barnyard Millet,50.52,19.69,79.3,29.7,6.964,0.556,0.2974,0
seed_02761.png,Little Millet,47.42,19.0,71.83,75.03,6.327,0.926,0.6073,1
seed_02762.png,Finger Millet,71.65,28.41,65.5,56.28,8.235,0.635,0.2687,1
seed_02763.png,Little Millet,34.78,32.61,62.26,146.42,6.144,0.789,0.3091,1
seed_02764.png,Proso Millet,87.34,29.82,73.27,12.39,6.959,0.889,0.6183,0
seed_02765.png,Finger Millet,60.94,30.73,79.41,39.66,6.183,0.972,0.9294,1
seed_02766.png,Proso Millet,36.63,29.72,63.85,26.56,5.309,0.489,0.2641,1
seed_02767.png,Kodo Millet,69.37,34.76,62.37,11.24,5.816,0.27,0.3048,1
seed_02768.png,Finger Millet,43.14,33.83,77.03,37.97,6.227,0.537,0.3112,0
seed_02769.png,Barnyard Millet,48.42,25.7,71.92,121.22,5.647,0.839,0.7695,1
seed_02770.png,Foxtail Millet,46.05,19.4,81.78,59.33,6.202,0.616,0.4229,0
seed_02771.png,Pearl Millet,61.76,27.14,69.61,81.64,6.58,0.382,0.7878,1
seed_02772.png,Little Millet,69.53,28.58,75.92,320.0,6.423,0.495,0.14,0
seed_02773.png,Kodo Millet,31.82,29.45,77.22,71.47,5.921,0.926,0.531,0
seed_02774.png,Pearl Millet,42.49,29.01,46.98,270.26,6.98,0.486,0.207,0
seed_02775.png,Kodo Millet,8.95,26.57,75.03,25.09,5.437,0.982,0.0249,0
seed_02776.png,Kodo Millet,63.59,31.82,98.0,0.42,5.498,0.598,0.4407,1
seed_02777.png,Finger Millet,76.14,20.75,67.61,187.98,6.315,0.325,0.2664,0
seed_02778.png,Kodo Millet,68.13,28.49,70.48,60.01,7.201,0.434,0.5776,0
seed_02779.png,Little Millet,80.01,15.26,62.99,57.41,6.756,0.736,0.1458,0
seed_02780.png,Pearl Millet,82.04,21.19,74.54,25.85,7.045,0.761,0.6879,1
seed_02781.png,Proso Millet,55.31,33.11,27.07,20.03,6.554,0.932,0.7279,1
seed_02782.png,Foxtail Millet,83.82,36.86,57.42,31.04,6.777,0.329,0.1703,0
seed_02783.png,Little Millet,49.96,26.81,75.5,1.39,5.713,0.784,0.7595,1
seed_02784.png,Little Millet,46.25,33.31,44.5,40.35,6.122,0.884,0.5208,1
seed_02785.png,Foxtail Millet,89.45,28.46,67.39,12.42,7.082,0.34,0.1841,0
seed_02786.png,Little Millet,53.81,19.99,75.49,19.13,6.916,0.316,0.1755,0
seed_02787.png,Little Millet,55.89,16.73,71.48,78.06,6.189,0.714,0.3535,1
seed_02788.png,Little Millet,42.92,25.81,48.33,68.85,7.419,0.537,0.2498,0
seed_02789.png,Pearl Millet,98.0,20.56,73.69,36.62,8.497,0.72,0.0505,0
seed_02790.png,Little Millet,57.99,21.69,53.91,3.36,8.505,0.96,0.2505,0
seed_02791.png,Pearl Millet,40.83,32.12,55.83,43.78,6.248,0.348,0.3646,1
seed_02792.png,Pearl Millet,44.13,32.0,49.59,207.9,5.317,0.522,0.2578,1
seed_02793.png,Pearl Millet,65.8,26.54,39.0,52.45,6.538,0.869,0.9169,1
seed_02794.png,Foxtail Millet,59.33,32.69,36.17,19.61,7.256,0.762,0.6829,1
seed_02795.png,Proso Millet,49.58,39.2,77.5,17.57,5.54,0.444,0.1333,1
seed_02796.png,Little Millet,50.12,35.99,76.18,8.2,5.401,0.128,0.0598,1
seed_02797.png,Pearl Millet,77.94,46.0,41.09,64.57,6.574,0.489,0.0463,0
seed_02798.png,Foxtail Millet,56.37,27.64,58.7,0.55,7.269,0.768,0.7182,1
seed_02799.png,Finger Millet,63.35,19.47,79.39,54.18,5.0,0.818,0.4295,0
seed_02800.png,Foxtail Millet,26.09,28.79,44.59,51.35,6.569,0.84,0.1751,0
seed_02801.png,Little Millet,82.54,20.73,48.1,74.2,7.399,0.413,0.2283,0
seed_02802.png,Kodo Millet,28.99,22.23,26.93,31.6,7.701,0.77,0.0814,0
seed_02803.png,Foxtail Millet,49.12,38.05,72.48,163.1,4.999,0.757,0.157,1
seed_02804.png,Barnyard Millet,65.42,27.41,73.33,2.42,5.183,0.713,0.5866,0
seed_02805.png,Finger Millet,76.5,31.37,62.13,59.36,7.809,0.233,0.1544,0
seed_02806.png,Finger Millet,70.0,20.87,42.77,6.37,7.88,0.948,0.4804,0
seed_02807.png,Proso Millet,55.49,28.99,44.75,78.28,6.9,0.566,0.7578,1
seed_02808.png,Little Millet,47.1,22.24,58.53,36.8,7.868,0.248,0.1102,0
seed_02809.png,Little Millet,69.58,21.49,47.35,33.28,7.431,0.833,0.606,1
seed_02810.png,Pearl Millet,51.83,27.37,52.44,71.18,6.313,0.539,0.7014,0
seed_02811.png,Finger Millet,43.26,37.82,62.69,69.67,5.117,0.214,0.0476,0
seed_02812.png,Pearl Millet,79.8,27.15,42.68,8.64,5.119,0.63,0.4777,0
seed_02813.png,Kodo Millet,57.3,22.89,74.14,52.99,7.389,0.719,0.5807,0
seed_02814.png,Kodo Millet,56.14,31.4,46.29,19.42,7.405,0.521,0.4999,1
seed_02815.png,Kodo Millet,72.32,31.22,77.72,80.63,6.164,0.668,0.7142,1
seed_02816.png,Proso Millet,59.15,24.74,79.3,304.26,5.345,0.653,0.2906,0
seed_02817.png,Little Millet,65.73,28.63,72.69,22.2,7.4,0.195,0.2498,0
seed_02818.png,Kodo Millet,80.14,24.26,71.04,16.9,7.702,0.225,0.1606,0
seed_02819.png,Barnyard Millet,69.88,23.7,78.29,51.14,4.888,0.608,0.3084,0
seed_02820.png,Finger Millet,69.04,33.1,29.86,23.73,6.337,0.527,0.5606,0
seed_02821.png,Kodo Millet,86.82,24.83,47.46,50.05,6.485,0.408,0.4634,0
seed_02822.png,Barnyard Millet,61.4,20.72,67.51,218.41,6.435,0.93,0.6177,1
seed_02823.png,Foxtail Millet,59.47,18.49,48.43,8.61,5.535,0.379,0.2436,0
seed_02824.png,Little Millet,37.26,33.55,62.52,207.71,6.691,0.567,0.1595,0
seed_02825.png,Barnyard Millet,40.27,18.58,46.7,38.96,7.872,0.883,0.1188,1
seed_02826.png,Foxtail Millet,44.25,24.76,73.24,11.9,5.64,0.799,0.6327,1
seed_02827.png,Kodo Millet,45.05,29.37,76.77,28.81,6.583,0.809,0.6678,1
seed_02828.png,Foxtail Millet,72.8,31.93,44.84,50.15,7.519,0.659,0.4908,0
seed_02829.png,Finger Millet,50.82,40.85,74.37,1.06,5.803,0.489,0.0695,0
seed_02830.png,Foxtail Millet,58.77,30.57,62.31,63.04,5.931,0.541,0.6509,1
seed_02831.png,Finger Millet,90.49,28.69,77.08,20.64,8.304,0.538,0.1163,0
seed_02832.png,Little Millet,76.72,25.38,50.58,128.27,5.972,0.806,0.6805,1
seed_02833.png,Proso Millet,67.73,27.84,66.69,53.8,8.33,0.666,0.3035,0
seed_02834.png,Proso Millet,11.71,33.6,42.0,21.52,7.168,0.971,0.0189,0
seed_02835.png,Pearl Millet,42.81,29.07,71.06,106.43,8.012,0.918,0.5523,0
seed_02836.png,Little Millet,60.42,28.21,64.27,72.83,6.505,0.731,0.7405,1
seed_02837.png,Foxtail Millet,47.51,24.37,43.76,4.07,5.472,0.681,0.5092,1
seed_02838.png,Pearl Millet,58.69,28.45,78.1,16.16,6.882,0.457,0.7256,0
seed_02839.png,Kodo Millet,87.28,33.44,50.34,98.69,5.215,0.766,0.435,0
seed_02840.png,Pearl Millet,54.31,26.99,70.15,2.25,5.854,0.497,0.6832,1
seed_02841.png,Proso Millet,67.69,28.44,57.11,70.88,8.074,0.543,0.425,1
seed_02842.png,Barnyard Millet,48.01,30.99,34.84,62.36,4.59,0.735,0.1522,0
seed_02843.png,Barnyard Millet,40.4,31.37,57.51,51.94,5.289,0.603,0.1784,0
seed_02844.png,Proso Millet,46.99,33.02,55.16,69.66,5.537,0.394,0.3892,1
seed_02845.png,Foxtail Millet,46.69,35.51,86.94,72.74,5.47,0.294,0.0872,0
seed_02846.png,Little Millet,83.32,19.73,61.24,148.13,7.182,0.864,0.1905,0
seed_02847.png,Finger Millet,45.74,31.81,72.48,26.96,6.347,0.674,0.5639,1
seed_02848.png,Pearl Millet,54.19,29.16,82.4,46.4,5.586,0.555,0.4943,0
seed_02849.png,Proso Millet,67.16,24.87,45.51,9.19,6.561,0.783,0.796,1
seed_02850.png,Foxtail Millet,34.78,32.6,90.67,189.33,6.235,0.748,0.2274,0
seed_02851.png,Little Millet,84.52,12.24,62.07,84.25,6.856,0.842,0.065,0
seed_02852.png,Kodo Millet,49.17,29.19,40.46,92.01,5.265,0.756,0.6533,1
seed_02853.png,Barnyard Millet,51.57,23.07,62.96,56.33,7.499,0.266,0.2474,0
seed_02854.png,Foxtail Millet,73.38,38.7,65.39,9.7,5.789,0.377,0.1005,0
seed_02855.png,Barnyard Millet,88.97,26.65,86.76,43.81,6.197,0.721,0.5632,1
seed_02856.png,Finger Millet,67.0,21.58,51.16,189.32,4.968,0.916,0.704,1
seed_02857.png,Little Millet,50.0,13.91,55.51,2.03,7.678,0.656,0.0504,0
seed_02858.png,Barnyard Millet,42.73,28.33,52.58,0.69,7.707,0.9,0.7119,1
seed_02859.png,Finger Millet,66.03,13.23,75.96,45.85,7.443,0.364,0.0778,0
seed_02860.png,Barnyard Millet,85.09,23.38,68.66,57.94,5.309,0.696,0.5059,0
seed_02861.png,Pearl Millet,85.16,36.05,49.03,9.12,5.81,0.74,0.4828,1
seed_02862.png,Barnyard Millet,60.36,27.61,60.03,109.46,7.654,0.261,0.3509,0
seed_02863.png,Proso Millet,42.44,28.7,44.12,201.41,6.589,0.692,0.6715,0
seed_02864.png,Proso Millet,42.01,16.31,75.55,71.45,5.42,0.177,0.0938,0
seed_02865.png,Little Millet,47.99,33.38,58.25,3.08,6.445,0.313,0.2566,0
seed_02866.png,Barnyard Millet,51.77,25.07,62.31,25.01,6.474,0.47,0.6478,1
seed_02867.png,Barnyard Millet,68.0,29.23,48.91,97.94,5.738,0.741,0.6817,1
seed_02868.png,Foxtail Millet,68.18,26.44,66.98,48.33,6.406,0.153,0.465,0
seed_02869.png,Kodo Millet,39.42,28.37,53.11,124.7,6.497,0.565,0.2162,0
seed_02870.png,Little Millet,46.39,20.0,61.26,7.87,4.91,0.787,0.3424,0
seed_02871.png,Barnyard Millet,56.02,28.98,67.99,24.34,7.058,0.334,0.4954,0
seed_02872.png,Barnyard Millet,59.42,30.81,67.26,99.43,7.978,0.572,0.4611,0
seed_02873.png,Barnyard Millet,64.72,27.84,72.44,10.02,4.615,0.698,0.3536,0
seed_02874.png,Foxtail Millet,31.14,29.79,62.04,59.08,5.054,0.569,0.083,0
seed_02875.png,Foxtail Millet,58.26,32.69,59.41,4.19,7.45,0.225,0.126,0
seed_02876.png,Pearl Millet,64.05,31.7,67.06,6.23,7.143,0.994,0.8773,0
seed_02877.png,Pearl Millet,58.46,26.75,55.94,63.34,6.842,0.628,0.8208,0
seed_02878.png,Pearl Millet,63.45,27.01,62.51,109.6,6.393,0.792,0.8786,1
seed_02879.png,Little Millet,51.22,28.67,50.67,71.5,6.42,0.46,0.5819,1
seed_02880.png,Foxtail Millet,69.18,37.44,67.2,3.93,6.735,0.61,0.5233,1
seed_02881.png,Pearl Millet,46.88,18.09,65.24,14.28,7.57,0.408,0.1703,0
seed_02882.png,Kodo Millet,63.58,27.1,43.7,96.44,4.963,0.492,0.4198,1
seed_02883.png,Pearl Millet,78.71,26.45,84.83,12.47,5.511,0.623,0.6858,1
seed_02884.png,Pearl Millet,61.13,19.01,70.99,59.31,5.884,0.686,0.7714,1
seed_02885.png,Kodo Millet,52.08,23.89,42.96,13.94,5.252,0.759,0.729,1
seed_02886.png,Little Millet,42.27,10.37,71.42,86.77,7.891,0.365,0.01,0
seed_02887.png,Proso Millet,85.71,32.65,78.65,137.22,6.405,0.479,0.537,0
seed_02888.png,Foxtail Millet,78.11,26.6,44.72,25.72,4.149,0.818,0.2481,0
seed_02889.png,Finger Millet,50.04,36.97,67.13,306.27,6.686,0.551,0.0568,0
seed_02890.png,Foxtail Millet,71.9,13.86,56.23,10.13,5.505,0.612,0.211,0
seed_02891.png,Barnyard Millet,71.72,12.57,48.87,158.08,6.785,0.798,0.2936,1
seed_02892.png,Kodo Millet,59.53,16.57,65.9,6.02,4.178,0.721,0.0641,0
seed_02893.png,Barnyard Millet,86.1,31.4,54.79,10.41,5.35,0.372,0.1861,1
seed_02894.png,Kodo Millet,72.91,26.53,50.98,9.36,7.126,0.792,0.7077,1
seed_02895.png,Foxtail Millet,41.33,24.61,67.7,23.26,7.007,0.996,0.7614,1
seed_02896.png,Kodo Millet,74.61,27.68,35.65,32.5,6.147,0.561,0.5085,0
seed_02897.png,Finger Millet,47.01,20.35,56.43,2.74,6.415,0.714,0.425,1
seed_02898.png,Barnyard Millet,51.14,21.81,54.5,45.82,5.959,0.745,0.7209,0
seed_02899.png,Proso Millet,62.49,36.14,66.23,106.11,7.354,0.705,0.7619,1
seed_02900.png,Kodo Millet,64.71,31.65,66.07,65.88,6.089,0.506,0.5721,1
seed_02901.png,Foxtail Millet,74.32,32.74,68.38,14.08,4.547,0.453,0.1488,0
seed_02902.png,Finger Millet,98.0,32.29,71.32,18.73,6.825,0.573,0.2383,0
seed_02903.png,Kodo Millet,54.82,32.19,71.18,40.28,6.004,0.454,0.3781,1
seed_02904.png,Little Millet,55.04,23.37,14.4,70.26,5.409,0.52,0.1935,1
seed_02905.png,Little Millet,83.65,30.74,62.5,12.48,7.433,0.566,0.3574,1
seed_02906.png,Finger Millet,50.51,15.1,90.57,120.53,6.806,0.836,0.2937,0
seed_02907.png,Little Millet,69.29,31.91,49.84,218.0,6.475,0.953,0.6456,1
seed_02908.png,Barnyard Millet,55.95,28.11,70.94,130.12,5.69,0.717,0.5059,1
seed_02909.png,Proso Millet,69.9,14.07,58.08,180.83,5.948,0.336,0.0853,0
seed_02910.png,Foxtail Millet,64.35,46.0,68.1,76.16,5.771,0.47,0.0384,0
seed_02911.png,Foxtail Millet,45.99,30.24,41.27,142.37,6.836,0.829,0.6988,1
seed_02912.png,Pearl Millet,78.16,25.67,85.77,55.84,6.955,0.366,0.5307,1
seed_02913.png,Barnyard Millet,46.29,23.11,65.47,28.65,5.878,0.281,0.281,0
seed_02914.png,Proso Millet,25.45,25.62,74.65,129.45,6.104,0.727,0.317,0
seed_02915.png,Barnyard Millet,57.27,24.47,87.58,4.63,6.486,0.796,0.6737,1
seed_02916.png,Kodo Millet,65.84,25.28,86.17,111.17,7.275,0.609,0.6065,1
seed_02917.png,Foxtail Millet,80.41,31.89,51.25,21.28,5.597,0.613,0.2651,0
seed_02918.png,Pearl Millet,80.71,31.67,98.0,69.55,7.374,0.678,0.398,0
seed_02919.png,Barnyard Millet,75.5,22.87,52.9,98.9,5.511,0.448,0.4026,0
seed_02920.png,Little Millet,48.62,25.45,76.59,14.01,6.016,0.407,0.4637,0
seed_02921.png,Kodo Millet,44.92,27.5,83.84,158.91,7.187,0.29,0.2445,0
seed_02922.png,Kodo Millet,55.79,34.6,89.88,67.86,6.443,0.859,0.6406,1
seed_02923.png,Foxtail Millet,53.58,30.77,51.08,37.79,7.979,0.753,0.4993,1
seed_02924.png,Finger Millet,55.33,30.5,68.25,11.16,8.221,0.833,0.2817,1
seed_02925.png,Finger Millet,60.63,27.1,72.33,50.41,7.145,0.664,0.7399,0
seed_02926.png,Little Millet,48.85,26.39,63.45,1.09,7.633,0.659,0.4466,1
seed_02927.png,Little Millet,50.93,15.96,57.84,13.24,6.064,0.821,0.3143,0
seed_02928.png,Finger Millet,40.99,16.17,46.52,222.45,6.001,0.466,0.0356,0
seed_02929.png,Barnyard Millet,66.82,26.37,65.07,14.66,6.6,0.615,0.597,1
seed_02930.png,Little Millet,70.64,19.69,89.53,18.61,6.247,0.746,0.4029,0
seed_02931.png,Finger Millet,49.25,30.13,84.07,1.38,4.724,0.447,0.3116,0
seed_02932.png,Little Millet,66.33,15.83,71.19,47.28,6.46,0.918,0.6075,1
seed_02933.png,Finger Millet,61.96,45.83,57.09,17.47,5.691,0.3,0.01,0
seed_02934.png,Foxtail Millet,82.48,41.28,89.27,28.96,5.276,0.44,0.0191,0
seed_02935.png,Kodo Millet,48.83,29.49,48.41,3.36,6.211,0.695,0.7477,1
seed_02936.png,Foxtail Millet,63.46,18.86,71.98,3.28,6.018,0.749,0.5911,1
seed_02937.png,Pearl Millet,50.91,27.0,54.74,22.5,5.591,0.402,0.6522,1
seed_02938.png,Pearl Millet,57.27,30.5,48.72,35.89,7.038,0.843,0.8785,1
seed_02939.png,Pearl Millet,64.08,31.18,74.27,36.67,7.756,0.724,0.7112,1
seed_02940.png,Little Millet,63.79,25.31,56.72,44.88,6.252,0.537,0.7108,1
seed_02941.png,Barnyard Millet,60.85,30.69,62.8,8.31,7.887,0.674,0.4452,1
seed_02942.png,Finger Millet,50.38,34.53,58.96,39.62,4.932,0.581,0.2239,1
seed_02943.png,Barnyard Millet,63.18,17.3,62.99,16.47,6.79,0.246,0.2104,0
seed_02944.png,Proso Millet,59.49,22.83,65.69,243.42,6.595,0.399,0.3746,1
seed_02945.png,Pearl Millet,74.46,10.87,80.13,5.79,7.12,0.874,0.1484,0
seed_02946.png,Foxtail Millet,71.74,20.1,40.67,69.15,5.424,0.515,0.3839,1
seed_02947.png,Proso Millet,60.99,25.18,80.37,120.02,6.904,0.432,0.4601,0
seed_02948.png,Kodo Millet,42.88,34.84,61.94,16.47,7.396,0.419,0.1175,0
seed_02949.png,Proso Millet,76.45,19.2,55.28,0.42,4.961,0.178,0.0304,0
seed_02950.png,Proso Millet,22.34,30.93,50.87,27.64,6.721,0.785,0.1652,0
seed_02951.png,Proso Millet,46.22,30.2,59.54,57.09,5.464,0.331,0.4345,0
seed_02952.png,Little Millet,76.28,31.56,66.61,19.33,8.081,0.712,0.3327,0
seed_02953.png,Finger Millet,52.85,24.66,62.48,97.87,6.016,0.948,0.8681,1
seed_02954.png,Kodo Millet,48.34,25.04,55.1,9.62,6.931,0.583,0.5794,1
seed_02955.png,Finger Millet,50.0,33.92,57.16,67.01,5.695,0.402,0.4138,1
seed_02956.png,Finger Millet,56.53,29.35,55.86,80.35,7.013,0.691,0.731,0
seed_02957.png,Finger Millet,66.49,24.95,73.93,15.77,5.997,0.41,0.5746,1
seed_02958.png,Little Millet,60.43,38.0,98.0,98.58,5.683,0.859,0.5188,0
seed_02959.png,Foxtail Millet,76.82,22.02,77.7,147.52,6.194,0.844,0.7572,0
seed_02960.png,Kodo Millet,57.7,20.91,92.69,171.04,5.969,0.677,0.5369,0
seed_02961.png,Pearl Millet,44.01,32.39,91.6,53.61,5.699,0.817,0.6755,1
seed_02962.png,Barnyard Millet,68.13,24.81,66.7,18.52,7.261,0.923,0.8202,1
seed_02963.png,Little Millet,50.87,25.32,62.24,26.01,5.684,0.821,0.6772,1
seed_02964.png,Foxtail Millet,42.41,27.29,44.04,87.88,7.29,0.809,0.5864,1
seed_02965.png,Proso Millet,31.86,33.45,62.95,58.24,6.579,0.593,0.4196,0
seed_02966.png,Kodo Millet,81.66,25.21,74.19,112.83,5.559,0.273,0.302,0
seed_02967.png,Pearl Millet,49.78,25.95,42.94,5.37,6.872,0.616,0.5283,0
seed_02968.png,Pearl Millet,57.89,25.73,70.41,66.2,6.874,0.718,0.8433,1
seed_02969.png,Barnyard Millet,94.02,34.96,51.76,67.38,7.213,0.637,0.1809,0
seed_02970.png,Foxtail Millet,33.5,26.11,47.14,29.02,5.225,0.769,0.2978,0
seed_02971.png,Little Millet,68.59,21.38,55.66,258.43,7.158,0.784,0.4985,1
seed_02972.png,Foxtail Millet,65.14,35.47,51.68,231.69,6.102,0.265,0.1156,0
seed_02973.png,Little Millet,72.94,29.74,53.77,71.49,6.509,0.592,0.7774,1
seed_02974.png,Barnyard Millet,53.59,29.29,72.23,7.62,6.476,0.563,0.6593,0
seed_02975.png,Pearl Millet,88.58,26.2,56.08,22.68,8.405,0.716,0.2055,0
seed_02976.png,Proso Millet,73.49,23.6,58.81,69.79,5.291,0.786,0.7893,1
seed_02977.png,Proso Millet,68.62,20.29,64.12,8.62,6.001,0.565,0.4582,0
seed_02978.png,Finger Millet,38.64,26.32,69.17,53.74,4.844,0.836,0.3725,0
seed_02979.png,Barnyard Millet,71.53,31.95,67.75,81.76,6.957,0.945,0.8156,1
seed_02980.png,Kodo Millet,49.35,18.23,42.89,116.88,7.031,0.192,0.0581,0
seed_02981.png,Finger Millet,53.21,22.51,65.72,10.71,5.432,0.47,0.416,1
seed_02982.png,Finger Millet,65.96,18.28,45.91,46.52,6.203,0.646,0.5246,0
seed_02983.png,Barnyard Millet,31.37,23.64,46.21,41.63,7.126,0.465,0.1442,0
seed_02984.png,Foxtail Millet,57.04,21.78,57.16,52.24,6.582,0.401,0.5859,1
seed_02985.png,Finger Millet,78.37,25.26,45.89,156.32,6.376,0.752,0.7407,1
seed_02986.png,Finger Millet,69.35,34.07,39.67,117.6,7.745,0.361,0.235,0
seed_02987.png,Barnyard Millet,58.0,21.37,66.69,170.37,7.144,0.741,0.5729,0
seed_02988.png,Little Millet,63.08,20.48,68.09,18.94,5.301,0.626,0.5699,0
seed_02989.png,Finger Millet,62.39,24.03,63.78,56.87,6.926,0.62,0.8227,1
seed_02990.png,Proso Millet,65.32,20.07,58.46,46.52,5.094,0.683,0.3189,0
seed_02991.png,Kodo Millet,64.54,30.18,72.51,180.92,6.583,0.432,0.6346,1
seed_02992.png,Little Millet,74.16,30.15,61.87,20.97,6.432,0.928,0.8258,0
seed_02993.png,Foxtail Millet,54.19,27.04,75.71,40.49,4.878,0.733,0.3743,0
seed_02994.png,Finger Millet,29.53,27.21,73.9,37.53,6.433,0.67,0.3734,0
seed_02995.png,Little Millet,81.7,30.91,89.84,31.51,6.896,0.618,0.5162,1
seed_02996.png,Barnyard Millet,61.8,35.74,57.33,33.57,6.864,0.909,0.6502,0
seed_02997.png,Barnyard Millet,56.58,24.2,89.25,13.8,5.028,0.303,0.1466,0
seed_02998.png,Barnyard Millet,53.26,30.47,69.32,11.98,4.499,0.667,0.2371,0
seed_02999.png,Finger Millet,68.88,29.33,51.9,98.77,6.698,0.435,0.5533,1
seed_03000.png,Barnyard Millet,66.94,21.87,52.46,39.52,6.135,0.577,0.5434,0
seed_03001.png,Barnyard Millet,58.91,9.98,74.47,18.99,7.119,0.116,0.0187,0
seed_03002.png,Little Millet,38.69,33.0,59.99,13.65,6.43,0.866,0.6699,1
seed_03003.png,Little Millet,28.17,14.98,78.73,35.91,4.4,0.902,0.01,0
seed_03004.png,Finger Millet,60.14,26.42,80.95,25.18,4.949,0.6,0.2298,0
seed_03005.png,Kodo Millet,46.74,23.97,65.72,67.85,5.74,0.588,0.4397,1
seed_03006.png,Proso Millet,55.86,34.63,47.02,53.7,8.132,0.798,0.3418,1
seed_03007.png,Proso Millet,73.91,20.16,85.73,10.68,6.419,0.705,0.5448,1
seed_03008.png,Kodo Millet,51.22,36.81,59.42,23.13,6.286,0.715,0.5019,0
seed_03009.png,Pearl Millet,43.47,32.17,77.72,171.82,7.527,0.782,0.4186,1
seed_03010.png,Little Millet,48.81,30.93,43.31,25.76,5.176,0.809,0.3802,0
seed_03011.png,Foxtail Millet,62.18,32.92,42.63,23.84,6.453,0.742,0.6657,0
seed_03012.png,Little Millet,53.45,27.05,59.07,23.05,6.759,0.372,0.3877,1
seed_03013.png,Foxtail Millet,53.15,23.22,67.85,55.44,5.479,0.48,0.5325,1
seed_03014.png,Pearl Millet,60.64,23.35,54.53,90.18,5.32,0.489,0.4954,0
seed_03015.png,Finger Millet,57.73,41.54,28.68,8.17,6.287,0.456,0.0483,0
seed_03016.png,Kodo Millet,41.4,24.86,50.01,9.77,6.839,0.362,0.2782,0
seed_03017.png,Little Millet,30.47,26.5,61.59,4.22,5.403,0.264,0.0522,0
seed_03018.png,Proso Millet,73.88,16.98,74.61,60.31,7.058,0.377,0.3131,0
seed_03019.png,Finger Millet,64.59,25.52,52.88,31.64,6.701,0.68,0.8029,1
seed_03020.png,Proso Millet,53.88,21.86,48.77,105.24,5.856,0.833,0.8093,0
seed_03021.png,Finger Millet,43.86,31.8,83.72,25.32,6.728,0.632,0.4978,1
seed_03022.png,Pearl Millet,76.92,23.33,35.99,109.19,6.099,0.706,0.7226,1
seed_03023.png,Barnyard Millet,44.16,24.34,93.57,7.32,7.129,0.531,0.2118,0
seed_03024.png,Barnyard Millet,63.14,36.31,75.03,106.33,8.044,0.754,0.2693,0
seed_03025.png,Proso Millet,69.31,31.63,63.36,32.82,6.644,0.395,0.711,1
seed_03026.png,Little Millet,43.19,32.16,66.79,167.87,5.424,0.92,0.4766,1
seed_03027.png,Little Millet,62.47,28.82,42.2,0.58,6.633,0.352,0.3604,0
seed_03028.png,Pearl Millet,43.96,32.34,89.25,230.06,6.67,0.718,0.4594,1
seed_03029.png,Proso Millet,37.87,23.28,56.26,19.64,7.539,0.383,0.2132,0
seed_03030.png,Proso Millet,80.89,25.61,37.4,32.45,6.717,0.607,0.6219,0
seed_03031.png,Kodo Millet,72.78,26.73,67.2,27.26,7.371,0.251,0.3561,0
seed_03032.png,Little Millet,74.48,21.69,68.84,51.9,6.678,0.715,0.6002,1
seed_03033.png,Little Millet,98.0,32.06,76.89,120.74,5.727,0.897,0.2812,0
seed_03034.png,Kodo Millet,64.0,32.17,65.39,24.15,5.529,0.442,0.6293,1
seed_03035.png,Finger Millet,35.86,20.79,58.85,136.9,5.438,0.894,0.4846,0
seed_03036.png,Finger Millet,93.54,27.17,68.08,6.68,5.143,0.629,0.2696,0
seed_03037.png,Proso Millet,84.29,29.36,48.98,25.14,5.748,0.842,0.8522,0
seed_03038.png,Pearl Millet,61.55,29.55,54.49,117.53,5.966,0.765,0.8119,0
seed_03039.png,Little Millet,60.52,27.03,72.95,168.07,6.447,0.659,0.7127,1
seed_03040.png,Kodo Millet,45.55,24.53,91.29,3.82,7.327,0.908,0.5612,1
seed_03041.png,Proso Millet,78.51,25.91,68.35,9.11,6.633,0.588,0.7259,1
seed_03042.png,Little Millet,74.63,30.52,52.53,16.17,5.617,0.994,0.8076,1
seed_03043.png,Proso Millet,80.88,32.89,43.98,66.65,5.993,0.438,0.4365,0
seed_03044.png,Proso Millet,56.54,25.35,55.55,97.73,5.887,0.786,0.8624,1
seed_03045.png,Kodo Millet,50.02,32.19,68.37,77.27,5.507,0.727,0.4899,1
seed_03046.png,Kodo Millet,28.71,25.42,53.54,14.22,5.373,0.777,0.2286,0
seed_03047.png,Foxtail Millet,64.16,29.1,64.47,32.58,6.483,0.597,0.5182,0
seed_03048.png,Foxtail Millet,46.4,25.64,37.93,116.22,7.125,0.437,0.2153,0
seed_03049.png,Barnyard Millet,70.77,22.46,62.29,128.04,8.704,0.43,0.0393,0
seed_03050.png,Foxtail Millet,51.51,31.43,54.66,43.18,7.025,0.625,0.5909,0
seed_03051.png,Pearl Millet,80.67,26.88,77.37,133.52,6.267,0.721,0.8328,1
seed_03052.png,Little Millet,69.3,18.28,83.27,107.78,7.352,0.629,0.252,1
seed_03053.png,Little Millet,33.67,40.94,35.48,0.02,6.944,0.657,0.01,0
seed_03054.png,Foxtail Millet,65.31,21.66,79.29,196.4,6.848,0.699,0.5835,1
seed_03055.png,Foxtail Millet,65.79,24.17,72.34,2.28,6.096,0.648,0.5615,1
seed_03056.png,Foxtail Millet,70.81,32.61,56.12,118.52,6.311,0.637,0.5028,1
seed_03057.png,Barnyard Millet,53.04,11.58,66.65,23.15,6.424,0.787,0.1567,0
seed_03058.png,Foxtail Millet,68.47,37.01,92.95,178.86,6.312,0.694,0.1552,0
seed_03059.png,Little Millet,65.09,24.25,79.06,143.61,5.7,0.509,0.6223,0
seed_03060.png,Barnyard Millet,35.83,37.18,65.76,17.41,6.895,0.401,0.0661,0
seed_03061.png,Barnyard Millet,69.07,38.96,68.81,125.74,6.112,0.732,0.4131,1
seed_03062.png,Pearl Millet,62.43,25.33,63.42,172.0,5.546,0.7,0.7718,1
seed_03063.png,Proso Millet,63.86,27.84,58.6,124.01,7.045,0.843,0.8839,1
seed_03064.png,Foxtail Millet,61.99,29.88,62.42,11.88,6.18,0.486,0.594,1
seed_03065.png,Proso Millet,67.21,29.45,63.21,31.04,6.922,0.973,0.9008,0
seed_03066.png,Finger Millet,51.21,31.76,56.23,63.65,5.824,0.906,0.6732,0
seed_03067.png,Barnyard Millet,25.28,27.34,42.04,45.9,5.484,0.633,0.085,0
seed_03068.png,Proso Millet,43.18,19.37,78.83,23.1,6.888,0.946,0.5068,0
seed_03069.png,Foxtail Millet,51.11,20.64,81.7,173.45,8.184,0.725,0.186,0
seed_03070.png,Barnyard Millet,51.58,42.21,67.69,101.81,7.386,0.572,0.059,0
seed_03071.png,Finger Millet,61.39,27.67,93.6,26.18,7.295,0.499,0.4821,1
seed_03072.png,Kodo Millet,34.94,31.11,51.84,70.55,6.651,0.565,0.2793,0
seed_03073.png,Barnyard Millet,77.66,33.01,65.46,0.94,4.26,0.5,0.0475,0
seed_03074.png,Proso Millet,60.24,29.66,80.06,17.3,5.291,0.373,0.4091,0
seed_03075.png,Finger Millet,72.09,31.4,80.05,108.14,5.623,0.741,0.4583,1
seed_03076.png,Barnyard Millet,55.59,15.01,71.0,48.12,5.887,0.835,0.335,1
seed_03077.png,Pearl Millet,32.7,33.99,76.03,60.41,7.227,0.508,0.1676,0
seed_03078.png,Barnyard Millet,71.7,24.39,67.84,144.58,6.43,0.63,0.6637,1
seed_03079.png,Pearl Millet,46.67,37.8,69.14,2.2,8.335,0.629,0.0671,0
seed_03080.png,Finger Millet,52.77,21.4,45.69,5.41,6.547,0.633,0.6895,1
seed_03081.png,Pearl Millet,31.46,24.76,78.64,54.06,5.486,0.43,0.1938,0
seed_03082.png,Foxtail Millet,73.45,24.6,73.5,1.31,3.94,0.447,0.0802,0
seed_03083.png,Little Millet,45.01,13.66,67.71,107.7,6.142,0.579,0.1094,0
seed_03084.png,Proso Millet,31.22,18.62,68.64,78.14,6.183,0.568,0.1048,0
seed_03085.png,Kodo Millet,50.04,20.06,47.99,22.57,8.037,0.861,0.2882,0
seed_03086.png,Finger Millet,71.1,36.02,84.82,40.44,7.221,0.669,0.4411,0
seed_03087.png,Foxtail Millet,75.27,28.86,88.16,10.92,6.42,0.339,0.35,0
seed_03088.png,Kodo Millet,74.68,27.71,90.38,31.57,6.225,0.419,0.3983,0
seed_03089.png,Little Millet,74.28,19.76,48.72,166.57,5.367,0.353,0.167,0
seed_03090.png,Finger Millet,48.09,27.16,53.24,9.81,7.149,0.608,0.7215,1
seed_03091.png,Proso Millet,34.0,28.62,62.05,29.72,6.111,0.438,0.2766,0
seed_03092.png,Finger Millet,70.09,28.01,71.8,85.23,6.331,0.479,0.7041,1
seed_03093.png,Barnyard Millet,53.47,18.97,66.54,1.33,6.677,0.825,0.4589,0
seed_03094.png,Foxtail Millet,83.77,30.95,91.29,69.81,7.214,0.557,0.3916,1
seed_03095.png,Pearl Millet,53.56,30.19,62.32,97.45,6.533,0.525,0.8039,1
seed_03096.png,Finger Millet,75.55,42.89,78.06,69.17,5.895,0.794,0.1511,1
seed_03097.png,Little Millet,68.69,32.98,60.9,0.25,6.841,0.813,0.7246,0
seed_03098.png,Little Millet,59.39,23.59,55.98,55.19,6.652,0.429,0.4629,0
seed_03099.png,Little Millet,84.78,24.99,40.79,196.5,5.085,0.431,0.0889,0
seed_03100.png,Proso Millet,31.58,27.98,33.73,66.12,7.735,0.535,0.1454,0
seed_03101.png,Little Millet,59.81,38.6,50.47,36.55,7.684,0.51,0.1458,0
seed_03102.png,Foxtail Millet,62.87,19.01,64.82,35.58,6.385,0.618,0.5176,0
seed_03103.png,Proso Millet,69.08,22.43,41.86,150.68,7.261,0.256,0.1904,0
seed_03104.png,Finger Millet,55.48,11.75,81.92,41.32,6.004,0.602,0.0983,0
seed_03105.png,Proso Millet,72.54,29.13,66.84,40.92,5.525,0.876,0.8441,1
seed_03106.png,Kodo Millet,58.21,34.41,83.1,77.38,7.522,0.539,0.3697,0
seed_03107.png,Foxtail Millet,66.88,16.67,70.74,91.25,6.093,0.499,0.3332,0
seed_03108.png,Little Millet,68.43,23.56,39.63,110.29,6.523,0.543,0.4917,1
seed_03109.png,Foxtail Millet,68.66,22.21,83.57,8.42,5.597,0.788,0.7408,0
seed_03110.png,Finger Millet,91.32,23.43,74.52,181.28,7.343,0.815,0.1986,0
seed_03111.png,Kodo Millet,54.06,36.06,56.16,57.38,6.518,0.439,0.3278,0
seed_03112.png,Foxtail Millet,69.78,18.83,51.35,14.98,7.131,0.947,0.644,1
seed_03113.png,Little Millet,47.12,27.82,57.07,64.54,6.34,0.573,0.571,0
seed_03114.png,Foxtail Millet,34.06,12.9,67.81,16.69,5.768,0.446,0.0199,0
seed_03115.png,Little Millet,46.08,20.4,66.7,43.68,5.419,0.263,0.1703,0
seed_03116.png,Kodo Millet,69.03,21.13,35.23,215.49,5.899,0.551,0.2437,1
seed_03117.png,Little Millet,71.7,16.96,95.67,4.83,5.497,0.892,0.393,0
seed_03118.png,Foxtail Millet,57.0,24.24,61.42,45.41,4.569,0.779,0.4021,1
seed_03119.png,Barnyard Millet,75.07,25.04,90.23,141.34,5.377,0.893,0.6505,0
seed_03120.png,Proso Millet,28.11,30.53,91.75,37.17,6.424,0.845,0.2006,0
seed_03121.png,Little Millet,46.67,24.43,56.32,32.65,5.589,0.924,0.7472,0
seed_03122.png,Finger Millet,41.41,22.73,79.38,29.12,7.219,0.844,0.4729,0
seed_03123.png,Kodo Millet,52.11,28.42,56.62,31.2,7.608,0.333,0.2869,0
seed_03124.png,Kodo Millet,52.77,36.93,59.98,13.75,6.1,0.762,0.435,1
seed_03125.png,Barnyard Millet,54.46,30.5,53.3,41.06,6.637,0.842,0.7681,0
seed_03126.png,Pearl Millet,58.85,24.59,54.81,37.97,5.784,0.677,0.7856,1
seed_03127.png,Kodo Millet,20.87,30.23,81.16,34.77,7.16,0.17,0.0105,0
seed_03128.png,Pearl Millet,63.22,25.37,58.71,210.87,6.327,0.156,0.4074,1
seed_03129.png,Kodo Millet,57.81,34.36,51.28,27.3,7.611,0.813,0.5639,1
seed_03130.png,Finger Millet,89.27,31.32,60.58,49.56,6.266,0.643,0.5741,1
seed_03131.png,Finger Millet,61.01,16.66,57.41,3.42,5.112,0.605,0.2337,0
seed_03132.png,Little Millet,23.19,27.55,67.81,31.82,7.241,0.839,0.3463,0
seed_03133.png,Little Millet,65.69,26.57,48.42,36.16,7.455,0.571,0.4882,0
seed_03134.png,Foxtail Millet,42.08,23.52,59.2,46.52,6.901,0.372,0.2006,0
seed_03135.png,Pearl Millet,46.17,32.61,61.92,20.76,5.373,0.876,0.571,1
seed_03136.png,Foxtail Millet,71.92,30.2,67.6,5.81,5.885,0.774,0.8017,1
seed_03137.png,Kodo Millet,54.77,26.56,69.46,19.53,5.721,0.214,0.4134,0
seed_03138.png,Foxtail Millet,68.03,18.97,60.28,10.13,6.33,0.993,0.8615,1
seed_03139.png,Foxtail Millet,38.34,17.82,30.35,25.45,6.301,0.406,0.0959,0
seed_03140.png,Proso Millet,47.81,43.24,36.32,24.0,5.374,0.811,0.0834,0
seed_03141.png,Foxtail Millet,57.35,18.67,80.91,10.99,7.207,0.781,0.4936,1
seed_03142.png,Proso Millet,51.15,34.17,85.92,44.11,5.807,0.712,0.5351,0
seed_03143.png,Pearl Millet,71.41,20.23,54.24,21.4,6.998,0.573,0.7511,1
seed_03144.png,Kodo Millet,60.65,23.78,63.57,51.08,5.689,0.412,0.5496,1
seed_03145.png,Proso Millet,66.59,23.16,81.84,12.1,6.759,0.236,0.4598,0
seed_03146.png,Pearl Millet,66.99,41.46,54.68,56.67,6.16,0.718,0.2959,1
seed_03147.png,Finger Millet,74.0,28.61,50.82,29.4,6.567,0.607,0.7229,1
seed_03148.png,Proso Millet,59.43,14.09,63.46,46.97,5.249,0.611,0.2003,0
seed_03149.png,Kodo Millet,70.26,29.41,35.97,23.65,4.111,0.884,0.2036,1
seed_03150.png,Little Millet,68.49,19.68,48.49,190.23,6.232,0.883,0.6668,0
seed_03151.png,Foxtail Millet,65.18,26.96,47.88,4.87,7.624,0.652,0.6341,1
seed_03152.png,Kodo Millet,55.21,24.9,49.59,87.15,6.7,0.898,0.8301,1
seed_03153.png,Kodo Millet,26.47,17.76,51.66,97.59,4.443,0.325,0.01,0
seed_03154.png,Proso Millet,70.18,30.13,61.22,19.76,7.747,0.869,0.6622,0
seed_03155.png,Barnyard Millet,65.35,32.33,65.77,34.08,7.722,0.657,0.3848,0
seed_03156.png,Barnyard Millet,73.57,16.94,67.32,44.03,5.629,0.44,0.103,1
seed_03157.png,Pearl Millet,33.3,34.9,74.17,80.62,6.591,0.945,0.5271,1
seed_03158.png,Pearl Millet,87.45,22.88,57.52,141.03,5.93,0.788,0.7514,1
seed_03159.png,Barnyard Millet,61.16,17.24,74.73,67.56,5.593,0.604,0.2214,1
seed_03160.png,Kodo Millet,50.25,16.46,64.38,116.22,6.342,0.584,0.2547,0
seed_03161.png,Little Millet,74.56,29.4,69.2,39.24,5.874,0.837,0.7816,1
seed_03162.png,Pearl Millet,36.96,36.4,79.11,59.31,7.013,0.716,0.2306,0
seed_03163.png,Proso Millet,81.73,25.95,52.76,26.48,6.161,0.5,0.5573,0
seed_03164.png,Proso Millet,59.79,22.56,27.28,300.72,6.637,0.634,0.1962,1
seed_03165.png,Finger Millet,66.79,26.49,44.28,140.78,6.438,0.691,0.7813,1
seed_03166.png,Little Millet,58.24,26.09,42.6,39.76,6.982,0.558,0.6349,1
seed_03167.png,Kodo Millet,71.1,24.5,83.92,50.6,4.22,0.827,0.1336,0
seed_03168.png,Kodo Millet,51.89,35.42,70.67,91.9,6.814,0.755,0.6409,0
seed_03169.png,Proso Millet,72.98,27.73,71.2,75.9,7.611,0.893,0.927,1
seed_03170.png,Kodo Millet,53.93,16.76,60.67,185.5,8.021,0.751,0.161,0
seed_03171.png,Foxtail Millet,39.42,35.1,78.85,68.73,5.511,0.692,0.1212,0
seed_03172.png,Pearl Millet,61.85,25.13,66.08,26.48,5.595,0.588,0.8532,1
seed_03173.png,Barnyard Millet,63.68,34.66,65.44,51.94,7.375,0.387,0.1848,0
seed_03174.png,Proso Millet,88.1,20.99,61.4,57.14,6.984,0.883,0.5637,1
seed_03175.png,Pearl Millet,62.55,26.82,51.84,16.77,7.096,0.848,0.8375,0
seed_03176.png,Little Millet,53.31,24.41,71.95,69.73,6.672,0.824,0.7602,1
seed_03177.png,Little Millet,46.08,18.14,80.02,13.15,6.897,0.146,0.1551,0
seed_03178.png,Finger Millet,62.06,31.88,73.53,60.27,5.645,0.796,0.5602,0
seed_03179.png,Little Millet,62.55,23.91,88.59,24.5,5.573,0.533,0.3735,0
seed_03180.png,Proso Millet,65.39,36.72,51.01,3.22,5.667,0.697,0.5328,1
seed_03181.png,Finger Millet,77.1,23.1,83.29,52.57,6.228,0.108,0.233,0
seed_03182.png,Little Millet,28.76,27.48,55.76,11.57,7.708,0.714,0.1505,1
seed_03183.png,Finger Millet,60.56,31.74,62.87,100.25,5.722,0.666,0.7746,0
seed_03184.png,Little Millet,47.98,35.71,98.0,65.46,5.434,0.504,0.1189,0
seed_03185.png,Proso Millet,44.88,18.58,62.09,2.81,5.433,0.445,0.2334,0
seed_03186.png,Finger Millet,51.08,15.31,50.65,118.57,6.345,0.58,0.1882,0
seed_03187.png,Kodo Millet,33.68,36.32,78.85,35.47,5.887,0.905,0.19,0
seed_03188.png,Little Millet,79.97,40.53,47.9,37.34,8.621,0.509,0.01,0
seed_03189.png,Barnyard Millet,54.05,30.13,59.17,107.63,6.473,0.735,0.7162,1
seed_03190.png,Pearl Millet,50.29,24.09,39.53,5.68,6.071,0.725,0.8038,0
seed_03191.png,Proso Millet,39.99,31.52,45.57,28.5,6.831,0.5,0.3251,0
seed_03192.png,Little Millet,55.53,33.59,50.61,10.44,5.558,0.332,0.356,1
seed_03193.png,Kodo Millet,53.63,25.75,58.15,128.2,6.816,0.432,0.4498,0
seed_03194.png,Finger Millet,92.82,29.12,37.07,30.52,7.026,0.915,0.6319,1
seed_03195.png,Foxtail Millet,52.06,24.11,43.34,7.84,7.666,0.961,0.5532,0
seed_03196.png,Proso Millet,55.96,19.61,75.74,22.97,6.143,0.82,0.6754,0
seed_03197.png,Foxtail Millet,26.87,32.2,63.51,6.45,8.081,0.437,0.0182,0
seed_03198.png,Kodo Millet,51.78,32.08,71.52,182.47,6.337,0.538,0.4265,0
seed_03199.png,Finger Millet,85.66,27.71,90.87,2.82,7.076,0.523,0.3417,0
